<?xml version="1.0" encoding="UTF-8"?>
<gpx creator="Garmin Connect" version="1.1"
  xsi:schemaLocation="http://www.topografix.com/GPX/1/1 http://www.topografix.com/GPX/11.xsd"
  xmlns:ns3="http://www.garmin.com/xmlschemas/TrackPointExtension/v1"
  xmlns="http://www.topografix.com/GPX/1/1"
  xmlns:xsi="http://www.w3.org/2001/XMLSchema-instance" xmlns:ns2="http://www.garmin.com/xmlschemas/GpxExtensions/v3">
  <metadata>
    <link href="connect.garmin.com">
      <text>Garmin Connect</text>
    </link>
    <time>2026-06-21T11:53:03.000Z</time>
  </metadata>
  <trk>
    <name>Cancale Cyclisme</name>
    <type>cycling</type>
    <trkseg>
      <trkpt lat="48.69835627265274524688720703125" lon="-1.8536714650690555572509765625">
        <ele>39.40000152587890625</ele>
        <time>2026-06-21T11:53:03.000Z</time>
        <extensions>
          <ns3:TrackPointExtension>
            <ns3:atemp>35.0</ns3:atemp>
            <ns3:hr>106</ns3:hr>
          </ns3:TrackPointExtension>
        </extensions>
      </trkpt>
      <trkpt lat="48.69835627265274524688720703125" lon="-1.8536714650690555572509765625">
        <ele>39.40000152587890625</ele>
        <time>2026-06-21T11:53:04.000Z</time>
        <extensions>
          <ns3:TrackPointExtension>
            <ns3:atemp>35.0</ns3:atemp>
            <ns3:hr>105</ns3:hr>
          </ns3:TrackPointExtension>
        </extensions>
      </trkpt>
      <trkpt lat="48.6983064003288745880126953125" lon="-1.85368068516254425048828125">
        <ele>39.59999847412109375</ele>
        <time>2026-06-21T11:53:09.000Z</time>
        <extensions>
          <ns3:TrackPointExtension>
            <ns3:atemp>35.0</ns3:atemp>
            <ns3:hr>104</ns3:hr>
          </ns3:TrackPointExtension>
        </extensions>
      </trkpt>
      <trkpt lat="48.69827480055391788482666015625" lon="-1.85367666184902191162109375">
        <ele>39.40000152587890625</ele>
        <time>2026-06-21T11:53:11.000Z</time>
        <extensions>
          <ns3:TrackPointExtension>
            <ns3:atemp>35.0</ns3:atemp>
            <ns3:hr>104</ns3:hr>
          </ns3:TrackPointExtension>
        </extensions>
      </trkpt>
      <trkpt lat="48.69817279279232025146484375" lon="-1.853704154491424560546875">
        <ele>39</ele>
        <time>2026-06-21T11:53:16.000Z</time>
        <extensions>
          <ns3:TrackPointExtension>
            <ns3:atemp>36.0</ns3:atemp>
            <ns3:hr>103</ns3:hr>
          </ns3:TrackPointExtension>
        </extensions>
      </trkpt>
      <trkpt lat="48.6980227567255496978759765625" lon="-1.8537526018917560577392578125">
        <ele>38</ele>
        <time>2026-06-21T11:53:20.000Z</time>
        <extensions>
          <ns3:TrackPointExtension>
            <ns3:atemp>36.0</ns3:atemp>
            <ns3:hr>103</ns3:hr>
          </ns3:TrackPointExtension>
        </extensions>
      </trkpt>
      <trkpt lat="48.69797422550618648529052734375" lon="-1.8537727184593677520751953125">
        <ele>37.799999237060546875</ele>
        <time>2026-06-21T11:53:21.000Z</time>
        <extensions>
          <ns3:TrackPointExtension>
            <ns3:atemp>36.0</ns3:atemp>
            <ns3:hr>103</ns3:hr>
          </ns3:TrackPointExtension>
        </extensions>
      </trkpt>
      <trkpt lat="48.69785721413791179656982421875" lon="-1.85381412506103515625">
        <ele>37</ele>
        <time>2026-06-21T11:53:23.000Z</time>
        <extensions>
          <ns3:TrackPointExtension>
            <ns3:atemp>35.0</ns3:atemp>
            <ns3:hr>104</ns3:hr>
          </ns3:TrackPointExtension>
        </extensions>
      </trkpt>
      <trkpt lat="48.69770214892923831939697265625" lon="-1.853874810039997100830078125">
        <ele>36</ele>
        <time>2026-06-21T11:53:25.000Z</time>
        <extensions>
          <ns3:TrackPointExtension>
            <ns3:atemp>35.0</ns3:atemp>
            <ns3:hr>105</ns3:hr>
          </ns3:TrackPointExtension>
        </extensions>
      </trkpt>
      <trkpt lat="48.69752445258200168609619140625" lon="-1.85394044034183025360107421875">
        <ele>34.59999847412109375</ele>
        <time>2026-06-21T11:53:27.000Z</time>
        <extensions>
          <ns3:TrackPointExtension>
            <ns3:atemp>36.0</ns3:atemp>
            <ns3:hr>106</ns3:hr>
          </ns3:TrackPointExtension>
        </extensions>
      </trkpt>
      <trkpt lat="48.69724097661674022674560546875" lon="-1.854047141969203948974609375">
        <ele>34</ele>
        <time>2026-06-21T11:53:30.000Z</time>
        <extensions>
          <ns3:TrackPointExtension>
            <ns3:atemp>35.0</ns3:atemp>
            <ns3:hr>107</ns3:hr>
          </ns3:TrackPointExtension>
        </extensions>
      </trkpt>
      <trkpt lat="48.6969683133065700531005859375" lon="-1.8541535921394824981689453125">
        <ele>35.59999847412109375</ele>
        <time>2026-06-21T11:53:33.000Z</time>
        <extensions>
          <ns3:TrackPointExtension>
            <ns3:atemp>35.0</ns3:atemp>
            <ns3:hr>110</ns3:hr>
          </ns3:TrackPointExtension>
        </extensions>
      </trkpt>
      <trkpt lat="48.69688089005649089813232421875" lon="-1.85419189743697643280029296875">
        <ele>36.200000762939453125</ele>
        <time>2026-06-21T11:53:34.000Z</time>
        <extensions>
          <ns3:TrackPointExtension>
            <ns3:atemp>35.0</ns3:atemp>
            <ns3:hr>111</ns3:hr>
          </ns3:TrackPointExtension>
        </extensions>
      </trkpt>
      <trkpt lat="48.69672515429556369781494140625" lon="-1.85428946278989315032958984375">
        <ele>36.59999847412109375</ele>
        <time>2026-06-21T11:53:36.000Z</time>
        <extensions>
          <ns3:TrackPointExtension>
            <ns3:atemp>35.0</ns3:atemp>
            <ns3:hr>112</ns3:hr>
          </ns3:TrackPointExtension>
        </extensions>
      </trkpt>
      <trkpt lat="48.69650957174599170684814453125" lon="-1.8544486351311206817626953125">
        <ele>37.200000762939453125</ele>
        <time>2026-06-21T11:53:39.000Z</time>
        <extensions>
          <ns3:TrackPointExtension>
            <ns3:atemp>35.0</ns3:atemp>
            <ns3:hr>118</ns3:hr>
          </ns3:TrackPointExtension>
        </extensions>
      </trkpt>
      <trkpt lat="48.696452490985393524169921875" lon="-1.85451761819422245025634765625">
        <ele>37.200000762939453125</ele>
        <time>2026-06-21T11:53:40.000Z</time>
        <extensions>
          <ns3:TrackPointExtension>
            <ns3:atemp>35.0</ns3:atemp>
            <ns3:hr>133</ns3:hr>
          </ns3:TrackPointExtension>
        </extensions>
      </trkpt>
      <trkpt lat="48.69641217403113842010498046875" lon="-1.85460596345365047454833984375">
        <ele>37.40000152587890625</ele>
        <time>2026-06-21T11:53:41.000Z</time>
        <extensions>
          <ns3:TrackPointExtension>
            <ns3:atemp>35.0</ns3:atemp>
            <ns3:hr>136</ns3:hr>
          </ns3:TrackPointExtension>
        </extensions>
      </trkpt>
      <trkpt lat="48.6963815800845623016357421875" lon="-1.8547057919204235076904296875">
        <ele>37.40000152587890625</ele>
        <time>2026-06-21T11:53:42.000Z</time>
        <extensions>
          <ns3:TrackPointExtension>
            <ns3:atemp>35.0</ns3:atemp>
            <ns3:hr>139</ns3:hr>
          </ns3:TrackPointExtension>
        </extensions>
      </trkpt>
      <trkpt lat="48.696353249251842498779296875" lon="-1.8547996692359447479248046875">
        <ele>37.59999847412109375</ele>
        <time>2026-06-21T11:53:43.000Z</time>
        <extensions>
          <ns3:TrackPointExtension>
            <ns3:atemp>35.0</ns3:atemp>
            <ns3:hr>142</ns3:hr>
          </ns3:TrackPointExtension>
        </extensions>
      </trkpt>
      <trkpt lat="48.6963182128965854644775390625" lon="-1.85489396564662456512451171875">
        <ele>37.59999847412109375</ele>
        <time>2026-06-21T11:53:44.000Z</time>
        <extensions>
          <ns3:TrackPointExtension>
            <ns3:atemp>35.0</ns3:atemp>
            <ns3:hr>142</ns3:hr>
          </ns3:TrackPointExtension>
        </extensions>
      </trkpt>
      <trkpt lat="48.69628074578940868377685546875" lon="-1.8549823947250843048095703125">
        <ele>37.59999847412109375</ele>
        <time>2026-06-21T11:53:45.000Z</time>
        <extensions>
          <ns3:TrackPointExtension>
            <ns3:atemp>35.0</ns3:atemp>
            <ns3:hr>144</ns3:hr>
          </ns3:TrackPointExtension>
        </extensions>
      </trkpt>
      <trkpt lat="48.696231208741664886474609375" lon="-1.855060346424579620361328125">
        <ele>37.59999847412109375</ele>
        <time>2026-06-21T11:53:46.000Z</time>
        <extensions>
          <ns3:TrackPointExtension>
            <ns3:atemp>35.0</ns3:atemp>
            <ns3:hr>144</ns3:hr>
          </ns3:TrackPointExtension>
        </extensions>
      </trkpt>
      <trkpt lat="48.69606315158307552337646484375" lon="-1.85525690205395221710205078125">
        <ele>38</ele>
        <time>2026-06-21T11:53:49.000Z</time>
        <extensions>
          <ns3:TrackPointExtension>
            <ns3:atemp>35.0</ns3:atemp>
            <ns3:hr>146</ns3:hr>
          </ns3:TrackPointExtension>
        </extensions>
      </trkpt>
      <trkpt lat="48.69593189097940921783447265625" lon="-1.85532747767865657806396484375">
        <ele>38.200000762939453125</ele>
        <time>2026-06-21T11:53:51.000Z</time>
        <extensions>
          <ns3:TrackPointExtension>
            <ns3:atemp>35.0</ns3:atemp>
            <ns3:hr>146</ns3:hr>
          </ns3:TrackPointExtension>
        </extensions>
      </trkpt>
      <trkpt lat="48.6958629079163074493408203125" lon="-1.85534088872373104095458984375">
        <ele>38.40000152587890625</ele>
        <time>2026-06-21T11:53:52.000Z</time>
        <extensions>
          <ns3:TrackPointExtension>
            <ns3:atemp>35.0</ns3:atemp>
            <ns3:hr>147</ns3:hr>
          </ns3:TrackPointExtension>
        </extensions>
      </trkpt>
      <trkpt lat="48.69579375721514225006103515625" lon="-1.855348013341426849365234375">
        <ele>38.40000152587890625</ele>
        <time>2026-06-21T11:53:53.000Z</time>
        <extensions>
          <ns3:TrackPointExtension>
            <ns3:atemp>35.0</ns3:atemp>
            <ns3:hr>147</ns3:hr>
          </ns3:TrackPointExtension>
        </extensions>
      </trkpt>
      <trkpt lat="48.6952869035303592681884765625" lon="-1.8554413877427577972412109375">
        <ele>39.200000762939453125</ele>
        <time>2026-06-21T11:54:01.000Z</time>
        <extensions>
          <ns3:TrackPointExtension>
            <ns3:atemp>35.0</ns3:atemp>
            <ns3:hr>149</ns3:hr>
          </ns3:TrackPointExtension>
        </extensions>
      </trkpt>
      <trkpt lat="48.69469908066093921661376953125" lon="-1.85554808937013149261474609375">
        <ele>38.59999847412109375</ele>
        <time>2026-06-21T11:54:10.000Z</time>
        <extensions>
          <ns3:TrackPointExtension>
            <ns3:atemp>35.0</ns3:atemp>
            <ns3:hr>146</ns3:hr>
          </ns3:TrackPointExtension>
        </extensions>
      </trkpt>
      <trkpt lat="48.69443706236779689788818359375" lon="-1.855655126273632049560546875">
        <ele>38.40000152587890625</ele>
        <time>2026-06-21T11:54:14.000Z</time>
        <extensions>
          <ns3:TrackPointExtension>
            <ns3:atemp>35.0</ns3:atemp>
            <ns3:hr>144</ns3:hr>
          </ns3:TrackPointExtension>
        </extensions>
      </trkpt>
      <trkpt lat="48.6943196319043636322021484375" lon="-1.855738945305347442626953125">
        <ele>38.59999847412109375</ele>
        <time>2026-06-21T11:54:16.000Z</time>
        <extensions>
          <ns3:TrackPointExtension>
            <ns3:atemp>35.0</ns3:atemp>
            <ns3:hr>143</ns3:hr>
          </ns3:TrackPointExtension>
        </extensions>
      </trkpt>
      <trkpt lat="48.69401444680988788604736328125" lon="-1.8560633249580860137939453125">
        <ele>39.40000152587890625</ele>
        <time>2026-06-21T11:54:22.000Z</time>
        <extensions>
          <ns3:TrackPointExtension>
            <ns3:atemp>35.0</ns3:atemp>
            <ns3:hr>143</ns3:hr>
          </ns3:TrackPointExtension>
        </extensions>
      </trkpt>
      <trkpt lat="48.69383473880589008331298828125" lon="-1.85626708902418613433837890625">
        <ele>39.799999237060546875</ele>
        <time>2026-06-21T11:54:26.000Z</time>
        <extensions>
          <ns3:TrackPointExtension>
            <ns3:atemp>35.0</ns3:atemp>
            <ns3:hr>143</ns3:hr>
          </ns3:TrackPointExtension>
        </extensions>
      </trkpt>
      <trkpt lat="48.69378327392041683197021484375" lon="-1.85629122890532016754150390625">
        <ele>39.799999237060546875</ele>
        <time>2026-06-21T11:54:27.000Z</time>
        <extensions>
          <ns3:TrackPointExtension>
            <ns3:atemp>35.0</ns3:atemp>
            <ns3:hr>143</ns3:hr>
          </ns3:TrackPointExtension>
        </extensions>
      </trkpt>
      <trkpt lat="48.693622089922428131103515625" lon="-1.85632961802184581756591796875">
        <ele>40.200000762939453125</ele>
        <time>2026-06-21T11:54:30.000Z</time>
        <extensions>
          <ns3:TrackPointExtension>
            <ns3:atemp>35.0</ns3:atemp>
            <ns3:hr>144</ns3:hr>
          </ns3:TrackPointExtension>
        </extensions>
      </trkpt>
      <trkpt lat="48.693569116294384002685546875" lon="-1.85633498243987560272216796875">
        <ele>40.40000152587890625</ele>
        <time>2026-06-21T11:54:31.000Z</time>
        <extensions>
          <ns3:TrackPointExtension>
            <ns3:atemp>35.0</ns3:atemp>
            <ns3:hr>145</ns3:hr>
          </ns3:TrackPointExtension>
        </extensions>
      </trkpt>
      <trkpt lat="48.6934675276279449462890625" lon="-1.8563432805240154266357421875">
        <ele>40.799999237060546875</ele>
        <time>2026-06-21T11:54:33.000Z</time>
        <extensions>
          <ns3:TrackPointExtension>
            <ns3:atemp>35.0</ns3:atemp>
            <ns3:hr>146</ns3:hr>
          </ns3:TrackPointExtension>
        </extensions>
      </trkpt>
      <trkpt lat="48.6932132206857204437255859375" lon="-1.85637488029897212982177734375">
        <ele>41.59999847412109375</ele>
        <time>2026-06-21T11:54:38.000Z</time>
        <extensions>
          <ns3:TrackPointExtension>
            <ns3:atemp>35.0</ns3:atemp>
            <ns3:hr>146</ns3:hr>
          </ns3:TrackPointExtension>
        </extensions>
      </trkpt>
      <trkpt lat="48.69306989014148712158203125" lon="-1.8564053066074848175048828125">
        <ele>42</ele>
        <time>2026-06-21T11:54:41.000Z</time>
        <extensions>
          <ns3:TrackPointExtension>
            <ns3:atemp>35.0</ns3:atemp>
            <ns3:hr>147</ns3:hr>
          </ns3:TrackPointExtension>
        </extensions>
      </trkpt>
      <trkpt lat="48.69277643971145153045654296875" lon="-1.85638963244855403900146484375">
        <ele>42.59999847412109375</ele>
        <time>2026-06-21T11:54:47.000Z</time>
        <extensions>
          <ns3:TrackPointExtension>
            <ns3:atemp>35.0</ns3:atemp>
            <ns3:hr>146</ns3:hr>
          </ns3:TrackPointExtension>
        </extensions>
      </trkpt>
      <trkpt lat="48.6927300877869129180908203125" lon="-1.85638695023953914642333984375">
        <ele>42.59999847412109375</ele>
        <time>2026-06-21T11:54:48.000Z</time>
        <extensions>
          <ns3:TrackPointExtension>
            <ns3:atemp>35.0</ns3:atemp>
            <ns3:hr>146</ns3:hr>
          </ns3:TrackPointExtension>
        </extensions>
      </trkpt>
      <trkpt lat="48.69241409003734588623046875" lon="-1.85635157860815525054931640625">
        <ele>43.59999847412109375</ele>
        <time>2026-06-21T11:54:54.000Z</time>
        <extensions>
          <ns3:TrackPointExtension>
            <ns3:atemp>35.0</ns3:atemp>
            <ns3:hr>146</ns3:hr>
          </ns3:TrackPointExtension>
        </extensions>
      </trkpt>
      <trkpt lat="48.69236455298960208892822265625" lon="-1.85634453780949115753173828125">
        <ele>43.799999237060546875</ele>
        <time>2026-06-21T11:54:55.000Z</time>
        <extensions>
          <ns3:TrackPointExtension>
            <ns3:atemp>35.0</ns3:atemp>
            <ns3:hr>148</ns3:hr>
          </ns3:TrackPointExtension>
        </extensions>
      </trkpt>
      <trkpt lat="48.69221669621765613555908203125" lon="-1.8563107587397098541259765625">
        <ele>44.200000762939453125</ele>
        <time>2026-06-21T11:54:58.000Z</time>
        <extensions>
          <ns3:TrackPointExtension>
            <ns3:atemp>35.0</ns3:atemp>
            <ns3:hr>151</ns3:hr>
          </ns3:TrackPointExtension>
        </extensions>
      </trkpt>
      <trkpt lat="48.69207051582634449005126953125" lon="-1.8562884628772735595703125">
        <ele>44.40000152587890625</ele>
        <time>2026-06-21T11:55:01.000Z</time>
        <extensions>
          <ns3:TrackPointExtension>
            <ns3:atemp>35.0</ns3:atemp>
            <ns3:hr>151</ns3:hr>
          </ns3:TrackPointExtension>
        </extensions>
      </trkpt>
      <trkpt lat="48.691918887197971343994140625" lon="-1.85629424639046192169189453125">
        <ele>44.799999237060546875</ele>
        <time>2026-06-21T11:55:04.000Z</time>
        <extensions>
          <ns3:TrackPointExtension>
            <ns3:atemp>35.0</ns3:atemp>
            <ns3:hr>152</ns3:hr>
          </ns3:TrackPointExtension>
        </extensions>
      </trkpt>
      <trkpt lat="48.691771030426025390625" lon="-1.85630799271166324615478515625">
        <ele>45.200000762939453125</ele>
        <time>2026-06-21T11:55:07.000Z</time>
        <extensions>
          <ns3:TrackPointExtension>
            <ns3:atemp>35.0</ns3:atemp>
            <ns3:hr>152</ns3:hr>
          </ns3:TrackPointExtension>
        </extensions>
      </trkpt>
      <trkpt lat="48.69162459857761859893798828125" lon="-1.8563275225460529327392578125">
        <ele>45.799999237060546875</ele>
        <time>2026-06-21T11:55:10.000Z</time>
        <extensions>
          <ns3:TrackPointExtension>
            <ns3:atemp>35.0</ns3:atemp>
            <ns3:hr>150</ns3:hr>
          </ns3:TrackPointExtension>
        </extensions>
      </trkpt>
      <trkpt lat="48.69140046648681163787841796875" lon="-1.8563758023083209991455078125">
        <ele>46.200000762939453125</ele>
        <time>2026-06-21T11:55:15.000Z</time>
        <extensions>
          <ns3:TrackPointExtension>
            <ns3:atemp>35.0</ns3:atemp>
            <ns3:hr>149</ns3:hr>
          </ns3:TrackPointExtension>
        </extensions>
      </trkpt>
      <trkpt lat="48.69108237326145172119140625" lon="-1.85645551420748233795166015625">
        <ele>46.799999237060546875</ele>
        <time>2026-06-21T11:55:22.000Z</time>
        <extensions>
          <ns3:TrackPointExtension>
            <ns3:atemp>35.0</ns3:atemp>
            <ns3:hr>149</ns3:hr>
          </ns3:TrackPointExtension>
        </extensions>
      </trkpt>
      <trkpt lat="48.69075908325612545013427734375" lon="-1.856506727635860443115234375">
        <ele>47.200000762939453125</ele>
        <time>2026-06-21T11:55:29.000Z</time>
        <extensions>
          <ns3:TrackPointExtension>
            <ns3:atemp>35.0</ns3:atemp>
            <ns3:hr>149</ns3:hr>
          </ns3:TrackPointExtension>
        </extensions>
      </trkpt>
      <trkpt lat="48.69066235609352588653564453125" lon="-1.85650530271232128143310546875">
        <ele>47.200000762939453125</ele>
        <time>2026-06-21T11:55:31.000Z</time>
        <extensions>
          <ns3:TrackPointExtension>
            <ns3:atemp>35.0</ns3:atemp>
            <ns3:hr>148</ns3:hr>
          </ns3:TrackPointExtension>
        </extensions>
      </trkpt>
      <trkpt lat="48.690563701093196868896484375" lon="-1.85650102794170379638671875">
        <ele>46.799999237060546875</ele>
        <time>2026-06-21T11:55:33.000Z</time>
        <extensions>
          <ns3:TrackPointExtension>
            <ns3:atemp>35.0</ns3:atemp>
            <ns3:hr>147</ns3:hr>
          </ns3:TrackPointExtension>
        </extensions>
      </trkpt>
      <trkpt lat="48.69051701389253139495849609375" lon="-1.85648895800113677978515625">
        <ele>46.799999237060546875</ele>
        <time>2026-06-21T11:55:34.000Z</time>
        <extensions>
          <ns3:TrackPointExtension>
            <ns3:atemp>35.0</ns3:atemp>
            <ns3:hr>146</ns3:hr>
          </ns3:TrackPointExtension>
        </extensions>
      </trkpt>
      <trkpt lat="48.6902436800301074981689453125" lon="-1.85645065270364284515380859375">
        <ele>46.200000762939453125</ele>
        <time>2026-06-21T11:55:39.000Z</time>
        <extensions>
          <ns3:TrackPointExtension>
            <ns3:atemp>35.0</ns3:atemp>
            <ns3:hr>145</ns3:hr>
          </ns3:TrackPointExtension>
        </extensions>
      </trkpt>
      <trkpt lat="48.69006313383579254150390625" lon="-1.8564428575336933135986328125">
        <ele>45.59999847412109375</ele>
        <time>2026-06-21T11:55:42.000Z</time>
        <extensions>
          <ns3:TrackPointExtension>
            <ns3:atemp>35.0</ns3:atemp>
            <ns3:hr>144</ns3:hr>
          </ns3:TrackPointExtension>
        </extensions>
      </trkpt>
      <trkpt lat="48.68993815965950489044189453125" lon="-1.856455765664577484130859375">
        <ele>45.59999847412109375</ele>
        <time>2026-06-21T11:55:44.000Z</time>
        <extensions>
          <ns3:TrackPointExtension>
            <ns3:atemp>35.0</ns3:atemp>
            <ns3:hr>143</ns3:hr>
          </ns3:TrackPointExtension>
        </extensions>
      </trkpt>
      <trkpt lat="48.68947413749992847442626953125" lon="-1.85649993829429149627685546875">
        <ele>45</ele>
        <time>2026-06-21T11:55:51.000Z</time>
        <extensions>
          <ns3:TrackPointExtension>
            <ns3:atemp>35.0</ns3:atemp>
            <ns3:hr>140</ns3:hr>
          </ns3:TrackPointExtension>
        </extensions>
      </trkpt>
      <trkpt lat="48.68940808810293674468994140625" lon="-1.8565057218074798583984375">
        <ele>44.799999237060546875</ele>
        <time>2026-06-21T11:55:52.000Z</time>
        <extensions>
          <ns3:TrackPointExtension>
            <ns3:atemp>35.0</ns3:atemp>
            <ns3:hr>138</ns3:hr>
          </ns3:TrackPointExtension>
        </extensions>
      </trkpt>
      <trkpt lat="48.68927230127155780792236328125" lon="-1.8565243296325206756591796875">
        <ele>44.799999237060546875</ele>
        <time>2026-06-21T11:55:54.000Z</time>
        <extensions>
          <ns3:TrackPointExtension>
            <ns3:atemp>35.0</ns3:atemp>
            <ns3:hr>135</ns3:hr>
          </ns3:TrackPointExtension>
        </extensions>
      </trkpt>
      <trkpt lat="48.68913534097373485565185546875" lon="-1.85654419474303722381591796875">
        <ele>44.59999847412109375</ele>
        <time>2026-06-21T11:55:56.000Z</time>
        <extensions>
          <ns3:TrackPointExtension>
            <ns3:atemp>35.0</ns3:atemp>
            <ns3:hr>135</ns3:hr>
          </ns3:TrackPointExtension>
        </extensions>
      </trkpt>
      <trkpt lat="48.68893501348793506622314453125" lon="-1.85658459551632404327392578125">
        <ele>44.200000762939453125</ele>
        <time>2026-06-21T11:55:59.000Z</time>
        <extensions>
          <ns3:TrackPointExtension>
            <ns3:atemp>35.0</ns3:atemp>
            <ns3:hr>134</ns3:hr>
          </ns3:TrackPointExtension>
        </extensions>
      </trkpt>
      <trkpt lat="48.68873887695372104644775390625" lon="-1.856612004339694976806640625">
        <ele>43.40000152587890625</ele>
        <time>2026-06-21T11:56:02.000Z</time>
        <extensions>
          <ns3:TrackPointExtension>
            <ns3:atemp>35.0</ns3:atemp>
            <ns3:hr>133</ns3:hr>
          </ns3:TrackPointExtension>
        </extensions>
      </trkpt>
      <trkpt lat="48.68854123167693614959716796875" lon="-1.85664209537208080291748046875">
        <ele>43.200000762939453125</ele>
        <time>2026-06-21T11:56:05.000Z</time>
        <extensions>
          <ns3:TrackPointExtension>
            <ns3:atemp>35.0</ns3:atemp>
            <ns3:hr>132</ns3:hr>
          </ns3:TrackPointExtension>
        </extensions>
      </trkpt>
      <trkpt lat="48.6881475336849689483642578125" lon="-1.8567766249179840087890625">
        <ele>43.799999237060546875</ele>
        <time>2026-06-21T11:56:11.000Z</time>
        <extensions>
          <ns3:TrackPointExtension>
            <ns3:atemp>35.0</ns3:atemp>
            <ns3:hr>133</ns3:hr>
          </ns3:TrackPointExtension>
        </extensions>
      </trkpt>
      <trkpt lat="48.6879658140242099761962890625" lon="-1.85686203651130199432373046875">
        <ele>44.59999847412109375</ele>
        <time>2026-06-21T11:56:14.000Z</time>
        <extensions>
          <ns3:TrackPointExtension>
            <ns3:atemp>35.0</ns3:atemp>
            <ns3:hr>133</ns3:hr>
          </ns3:TrackPointExtension>
        </extensions>
      </trkpt>
      <trkpt lat="48.68790353648364543914794921875" lon="-1.8568767048418521881103515625">
        <ele>44.799999237060546875</ele>
        <time>2026-06-21T11:56:15.000Z</time>
        <extensions>
          <ns3:TrackPointExtension>
            <ns3:atemp>35.0</ns3:atemp>
            <ns3:hr>133</ns3:hr>
          </ns3:TrackPointExtension>
        </extensions>
      </trkpt>
      <trkpt lat="48.687782920897006988525390625" lon="-1.8568927980959415435791015625">
        <ele>45.40000152587890625</ele>
        <time>2026-06-21T11:56:17.000Z</time>
        <extensions>
          <ns3:TrackPointExtension>
            <ns3:atemp>35.0</ns3:atemp>
            <ns3:hr>134</ns3:hr>
          </ns3:TrackPointExtension>
        </extensions>
      </trkpt>
      <trkpt lat="48.6876607127487659454345703125" lon="-1.8569000065326690673828125">
        <ele>45.59999847412109375</ele>
        <time>2026-06-21T11:56:19.000Z</time>
        <extensions>
          <ns3:TrackPointExtension>
            <ns3:atemp>35.0</ns3:atemp>
            <ns3:hr>136</ns3:hr>
          </ns3:TrackPointExtension>
        </extensions>
      </trkpt>
      <trkpt lat="48.6873086728155612945556640625" lon="-1.8569343723356723785400390625">
        <ele>46.200000762939453125</ele>
        <time>2026-06-21T11:56:25.000Z</time>
        <extensions>
          <ns3:TrackPointExtension>
            <ns3:atemp>35.0</ns3:atemp>
            <ns3:hr>137</ns3:hr>
          </ns3:TrackPointExtension>
        </extensions>
      </trkpt>
      <trkpt lat="48.6869497597217559814453125" lon="-1.856972761452198028564453125">
        <ele>46.40000152587890625</ele>
        <time>2026-06-21T11:56:31.000Z</time>
        <extensions>
          <ns3:TrackPointExtension>
            <ns3:atemp>35.0</ns3:atemp>
            <ns3:hr>139</ns3:hr>
          </ns3:TrackPointExtension>
        </extensions>
      </trkpt>
      <trkpt lat="48.68682595901191234588623046875" lon="-1.8570000864565372467041015625">
        <ele>46.40000152587890625</ele>
        <time>2026-06-21T11:56:33.000Z</time>
        <extensions>
          <ns3:TrackPointExtension>
            <ns3:atemp>35.0</ns3:atemp>
            <ns3:hr>140</ns3:hr>
          </ns3:TrackPointExtension>
        </extensions>
      </trkpt>
      <trkpt lat="48.68665345944464206695556640625" lon="-1.85708700679242610931396484375">
        <ele>46.40000152587890625</ele>
        <time>2026-06-21T11:56:36.000Z</time>
        <extensions>
          <ns3:TrackPointExtension>
            <ns3:atemp>35.0</ns3:atemp>
            <ns3:hr>141</ns3:hr>
          </ns3:TrackPointExtension>
        </extensions>
      </trkpt>
      <trkpt lat="48.686543069779872894287109375" lon="-1.85715389437973499298095703125">
        <ele>46.799999237060546875</ele>
        <time>2026-06-21T11:56:38.000Z</time>
        <extensions>
          <ns3:TrackPointExtension>
            <ns3:atemp>35.0</ns3:atemp>
            <ns3:hr>141</ns3:hr>
          </ns3:TrackPointExtension>
        </extensions>
      </trkpt>
      <trkpt lat="48.6862823925912380218505859375" lon="-1.8573527969419956207275390625">
        <ele>47</ele>
        <time>2026-06-21T11:56:43.000Z</time>
        <extensions>
          <ns3:TrackPointExtension>
            <ns3:atemp>35.0</ns3:atemp>
            <ns3:hr>141</ns3:hr>
          </ns3:TrackPointExtension>
        </extensions>
      </trkpt>
      <trkpt lat="48.685928173363208770751953125" lon="-1.85766644775867462158203125">
        <ele>47.799999237060546875</ele>
        <time>2026-06-21T11:56:50.000Z</time>
        <extensions>
          <ns3:TrackPointExtension>
            <ns3:atemp>35.0</ns3:atemp>
            <ns3:hr>142</ns3:hr>
          </ns3:TrackPointExtension>
        </extensions>
      </trkpt>
      <trkpt lat="48.68588349781930446624755859375" lon="-1.857714392244815826416015625">
        <ele>48</ele>
        <time>2026-06-21T11:56:51.000Z</time>
        <extensions>
          <ns3:TrackPointExtension>
            <ns3:atemp>35.0</ns3:atemp>
            <ns3:hr>143</ns3:hr>
          </ns3:TrackPointExtension>
        </extensions>
      </trkpt>
      <trkpt lat="48.68559180758893489837646484375" lon="-1.85796442441642284393310546875">
        <ele>48.40000152587890625</ele>
        <time>2026-06-21T11:56:57.000Z</time>
        <extensions>
          <ns3:TrackPointExtension>
            <ns3:atemp>35.0</ns3:atemp>
            <ns3:hr>146</ns3:hr>
          </ns3:TrackPointExtension>
        </extensions>
      </trkpt>
      <trkpt lat="48.68549373932182788848876953125" lon="-1.85805805027484893798828125">
        <ele>48.40000152587890625</ele>
        <time>2026-06-21T11:56:59.000Z</time>
        <extensions>
          <ns3:TrackPointExtension>
            <ns3:atemp>35.0</ns3:atemp>
            <ns3:hr>146</ns3:hr>
          </ns3:TrackPointExtension>
        </extensions>
      </trkpt>
      <trkpt lat="48.68534051813185214996337890625" lon="-1.85819123871624469757080078125">
        <ele>48.40000152587890625</ele>
        <time>2026-06-21T11:57:02.000Z</time>
        <extensions>
          <ns3:TrackPointExtension>
            <ns3:atemp>35.0</ns3:atemp>
            <ns3:hr>145</ns3:hr>
          </ns3:TrackPointExtension>
        </extensions>
      </trkpt>
      <trkpt lat="48.68523524142801761627197265625" lon="-1.85827262699604034423828125">
        <ele>48.40000152587890625</ele>
        <time>2026-06-21T11:57:04.000Z</time>
        <extensions>
          <ns3:TrackPointExtension>
            <ns3:atemp>35.0</ns3:atemp>
            <ns3:hr>145</ns3:hr>
          </ns3:TrackPointExtension>
        </extensions>
      </trkpt>
      <trkpt lat="48.6847877316176891326904296875" lon="-1.8586449511349201202392578125">
        <ele>48</ele>
        <time>2026-06-21T11:57:13.000Z</time>
        <extensions>
          <ns3:TrackPointExtension>
            <ns3:atemp>35.0</ns3:atemp>
            <ns3:hr>144</ns3:hr>
          </ns3:TrackPointExtension>
        </extensions>
      </trkpt>
      <trkpt lat="48.6846469156444072723388671875" lon="-1.85872633941471576690673828125">
        <ele>47.799999237060546875</ele>
        <time>2026-06-21T11:57:16.000Z</time>
        <extensions>
          <ns3:TrackPointExtension>
            <ns3:atemp>35.0</ns3:atemp>
            <ns3:hr>144</ns3:hr>
          </ns3:TrackPointExtension>
        </extensions>
      </trkpt>
      <trkpt lat="48.68456569500267505645751953125" lon="-1.85880345292389392852783203125">
        <ele>47.59999847412109375</ele>
        <time>2026-06-21T11:57:18.000Z</time>
        <extensions>
          <ns3:TrackPointExtension>
            <ns3:atemp>35.0</ns3:atemp>
            <ns3:hr>144</ns3:hr>
          </ns3:TrackPointExtension>
        </extensions>
      </trkpt>
      <trkpt lat="48.68433536030352115631103515625" lon="-1.8590301834046840667724609375">
        <ele>47.59999847412109375</ele>
        <time>2026-06-21T11:57:23.000Z</time>
        <extensions>
          <ns3:TrackPointExtension>
            <ns3:atemp>35.0</ns3:atemp>
            <ns3:hr>141</ns3:hr>
          </ns3:TrackPointExtension>
        </extensions>
      </trkpt>
      <trkpt lat="48.6839740164577960968017578125" lon="-1.85930687002837657928466796875">
        <ele>47</ele>
        <time>2026-06-21T11:57:31.000Z</time>
        <extensions>
          <ns3:TrackPointExtension>
            <ns3:atemp>35.0</ns3:atemp>
            <ns3:hr>137</ns3:hr>
          </ns3:TrackPointExtension>
        </extensions>
      </trkpt>
      <trkpt lat="48.68392313830554485321044921875" lon="-1.8593396432697772979736328125">
        <ele>47</ele>
        <time>2026-06-21T11:57:32.000Z</time>
        <extensions>
          <ns3:TrackPointExtension>
            <ns3:atemp>35.0</ns3:atemp>
            <ns3:hr>135</ns3:hr>
          </ns3:TrackPointExtension>
        </extensions>
      </trkpt>
      <trkpt lat="48.68382372893393039703369140625" lon="-1.85940627939999103546142578125">
        <ele>47</ele>
        <time>2026-06-21T11:57:34.000Z</time>
        <extensions>
          <ns3:TrackPointExtension>
            <ns3:atemp>35.0</ns3:atemp>
            <ns3:hr>131</ns3:hr>
          </ns3:TrackPointExtension>
        </extensions>
      </trkpt>
      <trkpt lat="48.6837795563042163848876953125" lon="-1.85944835655391216278076171875">
        <ele>47</ele>
        <time>2026-06-21T11:57:35.000Z</time>
        <extensions>
          <ns3:TrackPointExtension>
            <ns3:atemp>35.0</ns3:atemp>
            <ns3:hr>130</ns3:hr>
          </ns3:TrackPointExtension>
        </extensions>
      </trkpt>
      <trkpt lat="48.6837409995496273040771484375" lon="-1.85949194245040416717529296875">
        <ele>46.799999237060546875</ele>
        <time>2026-06-21T11:57:36.000Z</time>
        <extensions>
          <ns3:TrackPointExtension>
            <ns3:atemp>35.0</ns3:atemp>
            <ns3:hr>128</ns3:hr>
          </ns3:TrackPointExtension>
        </extensions>
      </trkpt>
      <trkpt lat="48.683705963194370269775390625" lon="-1.859522871673107147216796875">
        <ele>46.59999847412109375</ele>
        <time>2026-06-21T11:57:37.000Z</time>
        <extensions>
          <ns3:TrackPointExtension>
            <ns3:atemp>35.0</ns3:atemp>
            <ns3:hr>127</ns3:hr>
          </ns3:TrackPointExtension>
        </extensions>
      </trkpt>
      <trkpt lat="48.68365189991891384124755859375" lon="-1.85957618057727813720703125">
        <ele>46</ele>
        <time>2026-06-21T11:57:41.000Z</time>
        <extensions>
          <ns3:TrackPointExtension>
            <ns3:atemp>35.0</ns3:atemp>
            <ns3:hr>126</ns3:hr>
          </ns3:TrackPointExtension>
        </extensions>
      </trkpt>
      <trkpt lat="48.68364888243377208709716796875" lon="-1.85957794077694416046142578125">
        <ele>46</ele>
        <time>2026-06-21T11:57:42.000Z</time>
        <extensions>
          <ns3:TrackPointExtension>
            <ns3:atemp>35.0</ns3:atemp>
            <ns3:hr>126</ns3:hr>
          </ns3:TrackPointExtension>
        </extensions>
      </trkpt>
      <trkpt lat="48.68362583220005035400390625" lon="-1.85959629714488983154296875">
        <ele>46</ele>
        <time>2026-06-21T11:57:49.000Z</time>
        <extensions>
          <ns3:TrackPointExtension>
            <ns3:atemp>35.0</ns3:atemp>
            <ns3:hr>121</ns3:hr>
          </ns3:TrackPointExtension>
        </extensions>
      </trkpt>
      <trkpt lat="48.683601357042789459228515625" lon="-1.8596071936190128326416015625">
        <ele>45.799999237060546875</ele>
        <time>2026-06-21T11:57:50.000Z</time>
        <extensions>
          <ns3:TrackPointExtension>
            <ns3:atemp>35.0</ns3:atemp>
            <ns3:hr>121</ns3:hr>
          </ns3:TrackPointExtension>
        </extensions>
      </trkpt>
      <trkpt lat="48.68357059545814990997314453125" lon="-1.8596169166266918182373046875">
        <ele>45.799999237060546875</ele>
        <time>2026-06-21T11:57:51.000Z</time>
        <extensions>
          <ns3:TrackPointExtension>
            <ns3:atemp>35.0</ns3:atemp>
            <ns3:hr>120</ns3:hr>
          </ns3:TrackPointExtension>
        </extensions>
      </trkpt>
      <trkpt lat="48.6834757961332798004150390625" lon="-1.85966058634221553802490234375">
        <ele>45.799999237060546875</ele>
        <time>2026-06-21T11:57:54.000Z</time>
        <extensions>
          <ns3:TrackPointExtension>
            <ns3:atemp>35.0</ns3:atemp>
            <ns3:hr>123</ns3:hr>
          </ns3:TrackPointExtension>
        </extensions>
      </trkpt>
      <trkpt lat="48.68331980891525745391845703125" lon="-1.85972311533987522125244140625">
        <ele>45.799999237060546875</ele>
        <time>2026-06-21T11:57:58.000Z</time>
        <extensions>
          <ns3:TrackPointExtension>
            <ns3:atemp>35.0</ns3:atemp>
            <ns3:hr>124</ns3:hr>
          </ns3:TrackPointExtension>
        </extensions>
      </trkpt>
      <trkpt lat="48.6832766421139240264892578125" lon="-1.8597436510026454925537109375">
        <ele>45.799999237060546875</ele>
        <time>2026-06-21T11:57:59.000Z</time>
        <extensions>
          <ns3:TrackPointExtension>
            <ns3:atemp>35.0</ns3:atemp>
            <ns3:hr>121</ns3:hr>
          </ns3:TrackPointExtension>
        </extensions>
      </trkpt>
      <trkpt lat="48.68323020637035369873046875" lon="-1.8597627617418766021728515625">
        <ele>45.799999237060546875</ele>
        <time>2026-06-21T11:58:00.000Z</time>
        <extensions>
          <ns3:TrackPointExtension>
            <ns3:atemp>35.0</ns3:atemp>
            <ns3:hr>115</ns3:hr>
          </ns3:TrackPointExtension>
        </extensions>
      </trkpt>
      <trkpt lat="48.68303574621677398681640625" lon="-1.85983208008110523223876953125">
        <ele>45.59999847412109375</ele>
        <time>2026-06-21T11:58:04.000Z</time>
        <extensions>
          <ns3:TrackPointExtension>
            <ns3:atemp>35.0</ns3:atemp>
            <ns3:hr>112</ns3:hr>
          </ns3:TrackPointExtension>
        </extensions>
      </trkpt>
      <trkpt lat="48.68299040012061595916748046875" lon="-1.85985420830547809600830078125">
        <ele>45.59999847412109375</ele>
        <time>2026-06-21T11:58:05.000Z</time>
        <extensions>
          <ns3:TrackPointExtension>
            <ns3:atemp>35.0</ns3:atemp>
            <ns3:hr>112</ns3:hr>
          </ns3:TrackPointExtension>
        </extensions>
      </trkpt>
      <trkpt lat="48.68285872042179107666015625" lon="-1.85990902595221996307373046875">
        <ele>45.200000762939453125</ele>
        <time>2026-06-21T11:58:08.000Z</time>
        <extensions>
          <ns3:TrackPointExtension>
            <ns3:atemp>35.0</ns3:atemp>
            <ns3:hr>116</ns3:hr>
          </ns3:TrackPointExtension>
        </extensions>
      </trkpt>
      <trkpt lat="48.68277330882847309112548828125" lon="-1.85996116138994693756103515625">
        <ele>45</ele>
        <time>2026-06-21T11:58:10.000Z</time>
        <extensions>
          <ns3:TrackPointExtension>
            <ns3:atemp>35.0</ns3:atemp>
            <ns3:hr>119</ns3:hr>
          </ns3:TrackPointExtension>
        </extensions>
      </trkpt>
      <trkpt lat="48.6826852150261402130126953125" lon="-1.8600172363221645355224609375">
        <ele>44.799999237060546875</ele>
        <time>2026-06-21T11:58:12.000Z</time>
        <extensions>
          <ns3:TrackPointExtension>
            <ns3:atemp>35.0</ns3:atemp>
            <ns3:hr>119</ns3:hr>
          </ns3:TrackPointExtension>
        </extensions>
      </trkpt>
      <trkpt lat="48.68264146149158477783203125" lon="-1.86004950664937496185302734375">
        <ele>44.799999237060546875</ele>
        <time>2026-06-21T11:58:13.000Z</time>
        <extensions>
          <ns3:TrackPointExtension>
            <ns3:atemp>35.0</ns3:atemp>
            <ns3:hr>119</ns3:hr>
          </ns3:TrackPointExtension>
        </extensions>
      </trkpt>
      <trkpt lat="48.68232169188559055328369140625" lon="-1.86030951328575611114501953125">
        <ele>44.59999847412109375</ele>
        <time>2026-06-21T11:58:20.000Z</time>
        <extensions>
          <ns3:TrackPointExtension>
            <ns3:atemp>35.0</ns3:atemp>
            <ns3:hr>118</ns3:hr>
          </ns3:TrackPointExtension>
        </extensions>
      </trkpt>
      <trkpt lat="48.68188449181616306304931640625" lon="-1.8606556020677089691162109375">
        <ele>43.799999237060546875</ele>
        <time>2026-06-21T11:58:29.000Z</time>
        <extensions>
          <ns3:TrackPointExtension>
            <ns3:atemp>35.0</ns3:atemp>
            <ns3:hr>119</ns3:hr>
          </ns3:TrackPointExtension>
        </extensions>
      </trkpt>
      <trkpt lat="48.6817824840545654296875" lon="-1.860716454684734344482421875">
        <ele>43.59999847412109375</ele>
        <time>2026-06-21T11:58:31.000Z</time>
        <extensions>
          <ns3:TrackPointExtension>
            <ns3:atemp>35.0</ns3:atemp>
            <ns3:hr>120</ns3:hr>
          </ns3:TrackPointExtension>
        </extensions>
      </trkpt>
      <trkpt lat="48.68151552043855190277099609375" lon="-1.86087294481694698333740234375">
        <ele>43.200000762939453125</ele>
        <time>2026-06-21T11:58:36.000Z</time>
        <extensions>
          <ns3:TrackPointExtension>
            <ns3:atemp>35.0</ns3:atemp>
            <ns3:hr>118</ns3:hr>
          </ns3:TrackPointExtension>
        </extensions>
      </trkpt>
      <trkpt lat="48.68117487989366054534912109375" lon="-1.86103932559490203857421875">
        <ele>43.200000762939453125</ele>
        <time>2026-06-21T11:58:43.000Z</time>
        <extensions>
          <ns3:TrackPointExtension>
            <ns3:atemp>35.0</ns3:atemp>
            <ns3:hr>117</ns3:hr>
          </ns3:TrackPointExtension>
        </extensions>
      </trkpt>
      <trkpt lat="48.68099869228899478912353515625" lon="-1.86116497032344341278076171875">
        <ele>43.200000762939453125</ele>
        <time>2026-06-21T11:58:47.000Z</time>
        <extensions>
          <ns3:TrackPointExtension>
            <ns3:atemp>35.0</ns3:atemp>
            <ns3:hr>116</ns3:hr>
          </ns3:TrackPointExtension>
        </extensions>
      </trkpt>
      <trkpt lat="48.68093599565327167510986328125" lon="-1.8612800538539886474609375">
        <ele>43.200000762939453125</ele>
        <time>2026-06-21T11:58:49.000Z</time>
        <extensions>
          <ns3:TrackPointExtension>
            <ns3:atemp>35.0</ns3:atemp>
            <ns3:hr>116</ns3:hr>
          </ns3:TrackPointExtension>
        </extensions>
      </trkpt>
      <trkpt lat="48.68088738061487674713134765625" lon="-1.861310899257659912109375">
        <ele>43.200000762939453125</ele>
        <time>2026-06-21T11:58:50.000Z</time>
        <extensions>
          <ns3:TrackPointExtension>
            <ns3:atemp>35.0</ns3:atemp>
            <ns3:hr>115</ns3:hr>
          </ns3:TrackPointExtension>
        </extensions>
      </trkpt>
      <trkpt lat="48.68084781803190708160400390625" lon="-1.86130897141993045806884765625">
        <ele>43.200000762939453125</ele>
        <time>2026-06-21T11:58:51.000Z</time>
        <extensions>
          <ns3:TrackPointExtension>
            <ns3:atemp>35.0</ns3:atemp>
            <ns3:hr>115</ns3:hr>
          </ns3:TrackPointExtension>
        </extensions>
      </trkpt>
      <trkpt lat="48.68080272339284420013427734375" lon="-1.8612906150519847869873046875">
        <ele>43.200000762939453125</ele>
        <time>2026-06-21T11:58:52.000Z</time>
        <extensions>
          <ns3:TrackPointExtension>
            <ns3:atemp>35.0</ns3:atemp>
            <ns3:hr>114</ns3:hr>
          </ns3:TrackPointExtension>
        </extensions>
      </trkpt>
      <trkpt lat="48.680703230202198028564453125" lon="-1.8613043613731861114501953125">
        <ele>43.40000152587890625</ele>
        <time>2026-06-21T11:58:54.000Z</time>
        <extensions>
          <ns3:TrackPointExtension>
            <ns3:atemp>35.0</ns3:atemp>
            <ns3:hr>113</ns3:hr>
          </ns3:TrackPointExtension>
        </extensions>
      </trkpt>
      <trkpt lat="48.68065268732607364654541015625" lon="-1.8613288365304470062255859375">
        <ele>43.59999847412109375</ele>
        <time>2026-06-21T11:58:55.000Z</time>
        <extensions>
          <ns3:TrackPointExtension>
            <ns3:atemp>35.0</ns3:atemp>
            <ns3:hr>111</ns3:hr>
          </ns3:TrackPointExtension>
        </extensions>
      </trkpt>
      <trkpt lat="48.6803577281534671783447265625" lon="-1.86146655119955539703369140625">
        <ele>43.59999847412109375</ele>
        <time>2026-06-21T11:59:01.000Z</time>
        <extensions>
          <ns3:TrackPointExtension>
            <ns3:atemp>35.0</ns3:atemp>
            <ns3:hr>115</ns3:hr>
          </ns3:TrackPointExtension>
        </extensions>
      </trkpt>
      <trkpt lat="48.68016636930406093597412109375" lon="-1.861555986106395721435546875">
        <ele>43.799999237060546875</ele>
        <time>2026-06-21T11:59:05.000Z</time>
        <extensions>
          <ns3:TrackPointExtension>
            <ns3:atemp>35.0</ns3:atemp>
            <ns3:hr>117</ns3:hr>
          </ns3:TrackPointExtension>
        </extensions>
      </trkpt>
      <trkpt lat="48.67982556112110614776611328125" lon="-1.86169655062258243560791015625">
        <ele>43.40000152587890625</ele>
        <time>2026-06-21T11:59:12.000Z</time>
        <extensions>
          <ns3:TrackPointExtension>
            <ns3:atemp>35.0</ns3:atemp>
            <ns3:hr>116</ns3:hr>
          </ns3:TrackPointExtension>
        </extensions>
      </trkpt>
      <trkpt lat="48.6795342899858951568603515625" lon="-1.86183501966297626495361328125">
        <ele>43.200000762939453125</ele>
        <time>2026-06-21T11:59:18.000Z</time>
        <extensions>
          <ns3:TrackPointExtension>
            <ns3:atemp>35.0</ns3:atemp>
            <ns3:hr>119</ns3:hr>
          </ns3:TrackPointExtension>
        </extensions>
      </trkpt>
      <trkpt lat="48.67943798191845417022705078125" lon="-1.861878521740436553955078125">
        <ele>43.40000152587890625</ele>
        <time>2026-06-21T11:59:20.000Z</time>
        <extensions>
          <ns3:TrackPointExtension>
            <ns3:atemp>35.0</ns3:atemp>
            <ns3:hr>122</ns3:hr>
          </ns3:TrackPointExtension>
        </extensions>
      </trkpt>
      <trkpt lat="48.67938903160393238067626953125" lon="-1.8619068525731563568115234375">
        <ele>43.40000152587890625</ele>
        <time>2026-06-21T11:59:21.000Z</time>
        <extensions>
          <ns3:TrackPointExtension>
            <ns3:atemp>35.0</ns3:atemp>
            <ns3:hr>122</ns3:hr>
          </ns3:TrackPointExtension>
        </extensions>
      </trkpt>
      <trkpt lat="48.67904487065970897674560546875" lon="-1.8620302341878414154052734375">
        <ele>43.59999847412109375</ele>
        <time>2026-06-21T11:59:28.000Z</time>
        <extensions>
          <ns3:TrackPointExtension>
            <ns3:atemp>35.0</ns3:atemp>
            <ns3:hr>122</ns3:hr>
          </ns3:TrackPointExtension>
        </extensions>
      </trkpt>
      <trkpt lat="48.6788902245461940765380859375" lon="-1.86211313121020793914794921875">
        <ele>43.40000152587890625</ele>
        <time>2026-06-21T11:59:32.000Z</time>
        <extensions>
          <ns3:TrackPointExtension>
            <ns3:atemp>35.0</ns3:atemp>
            <ns3:hr>123</ns3:hr>
          </ns3:TrackPointExtension>
        </extensions>
      </trkpt>
      <trkpt lat="48.67885158397257328033447265625" lon="-1.86213098466396331787109375">
        <ele>43.40000152587890625</ele>
        <time>2026-06-21T11:59:33.000Z</time>
        <extensions>
          <ns3:TrackPointExtension>
            <ns3:atemp>35.0</ns3:atemp>
            <ns3:hr>124</ns3:hr>
          </ns3:TrackPointExtension>
        </extensions>
      </trkpt>
      <trkpt lat="48.67862845771014690399169921875" lon="-1.86221413314342498779296875">
        <ele>43.799999237060546875</ele>
        <time>2026-06-21T11:59:38.000Z</time>
        <extensions>
          <ns3:TrackPointExtension>
            <ns3:atemp>35.0</ns3:atemp>
            <ns3:hr>124</ns3:hr>
          </ns3:TrackPointExtension>
        </extensions>
      </trkpt>
      <trkpt lat="48.67858571000397205352783203125" lon="-1.862222515046596527099609375">
        <ele>43.799999237060546875</ele>
        <time>2026-06-21T11:59:39.000Z</time>
        <extensions>
          <ns3:TrackPointExtension>
            <ns3:atemp>35.0</ns3:atemp>
            <ns3:hr>123</ns3:hr>
          </ns3:TrackPointExtension>
        </extensions>
      </trkpt>
      <trkpt lat="48.67825630120933055877685546875" lon="-1.86227909289300441741943359375">
        <ele>44</ele>
        <time>2026-06-21T11:59:46.000Z</time>
        <extensions>
          <ns3:TrackPointExtension>
            <ns3:atemp>35.0</ns3:atemp>
            <ns3:hr>124</ns3:hr>
          </ns3:TrackPointExtension>
        </extensions>
      </trkpt>
      <trkpt lat="48.67806502617895603179931640625" lon="-1.862292252480983734130859375">
        <ele>44.200000762939453125</ele>
        <time>2026-06-21T11:59:50.000Z</time>
        <extensions>
          <ns3:TrackPointExtension>
            <ns3:atemp>35.0</ns3:atemp>
            <ns3:hr>124</ns3:hr>
          </ns3:TrackPointExtension>
        </extensions>
      </trkpt>
      <trkpt lat="48.6779415607452392578125" lon="-1.86231144703924655914306640625">
        <ele>44.59999847412109375</ele>
        <time>2026-06-21T11:59:53.000Z</time>
        <extensions>
          <ns3:TrackPointExtension>
            <ns3:atemp>35.0</ns3:atemp>
            <ns3:hr>125</ns3:hr>
          </ns3:TrackPointExtension>
        </extensions>
      </trkpt>
      <trkpt lat="48.67783972062170505523681640625" lon="-1.86231748200953006744384765625">
        <ele>44.59999847412109375</ele>
        <time>2026-06-21T11:59:57.000Z</time>
        <extensions>
          <ns3:TrackPointExtension>
            <ns3:atemp>35.0</ns3:atemp>
            <ns3:hr>125</ns3:hr>
          </ns3:TrackPointExtension>
        </extensions>
      </trkpt>
      <trkpt lat="48.6776523850858211517333984375" lon="-1.86233525164425373077392578125">
        <ele>45</ele>
        <time>2026-06-21T12:00:03.000Z</time>
        <extensions>
          <ns3:TrackPointExtension>
            <ns3:atemp>35.0</ns3:atemp>
            <ns3:hr>125</ns3:hr>
          </ns3:TrackPointExtension>
        </extensions>
      </trkpt>
      <trkpt lat="48.67745566181838512420654296875" lon="-1.86236592940986156463623046875">
        <ele>45</ele>
        <time>2026-06-21T12:00:08.000Z</time>
        <extensions>
          <ns3:TrackPointExtension>
            <ns3:atemp>35.0</ns3:atemp>
            <ns3:hr>121</ns3:hr>
          </ns3:TrackPointExtension>
        </extensions>
      </trkpt>
      <trkpt lat="48.6773767881095409393310546875" lon="-1.86237598769366741180419921875">
        <ele>45</ele>
        <time>2026-06-21T12:00:10.000Z</time>
        <extensions>
          <ns3:TrackPointExtension>
            <ns3:atemp>35.0</ns3:atemp>
            <ns3:hr>118</ns3:hr>
          </ns3:TrackPointExtension>
        </extensions>
      </trkpt>
      <trkpt lat="48.6773392371833324432373046875" lon="-1.86238135211169719696044921875">
        <ele>45</ele>
        <time>2026-06-21T12:00:11.000Z</time>
        <extensions>
          <ns3:TrackPointExtension>
            <ns3:atemp>35.0</ns3:atemp>
            <ns3:hr>119</ns3:hr>
          </ns3:TrackPointExtension>
        </extensions>
      </trkpt>
      <trkpt lat="48.67719548754394054412841796875" lon="-1.8624030612409114837646484375">
        <ele>45.200000762939453125</ele>
        <time>2026-06-21T12:00:15.000Z</time>
        <extensions>
          <ns3:TrackPointExtension>
            <ns3:atemp>35.0</ns3:atemp>
            <ns3:hr>122</ns3:hr>
          </ns3:TrackPointExtension>
        </extensions>
      </trkpt>
      <trkpt lat="48.677038662135601043701171875" lon="-1.86244547367095947265625">
        <ele>45.40000152587890625</ele>
        <time>2026-06-21T12:00:20.000Z</time>
        <extensions>
          <ns3:TrackPointExtension>
            <ns3:atemp>35.0</ns3:atemp>
            <ns3:hr>121</ns3:hr>
          </ns3:TrackPointExtension>
        </extensions>
      </trkpt>
      <trkpt lat="48.67698661051690578460693359375" lon="-1.86244723387062549591064453125">
        <ele>45.40000152587890625</ele>
        <time>2026-06-21T12:00:22.000Z</time>
        <extensions>
          <ns3:TrackPointExtension>
            <ns3:atemp>35.0</ns3:atemp>
            <ns3:hr>118</ns3:hr>
          </ns3:TrackPointExtension>
        </extensions>
      </trkpt>
      <trkpt lat="48.67685585282742977142333984375" lon="-1.8624226748943328857421875">
        <ele>45.40000152587890625</ele>
        <time>2026-06-21T12:00:27.000Z</time>
        <extensions>
          <ns3:TrackPointExtension>
            <ns3:atemp>35.0</ns3:atemp>
            <ns3:hr>116</ns3:hr>
          </ns3:TrackPointExtension>
        </extensions>
      </trkpt>
      <trkpt lat="48.676787875592708587646484375" lon="-1.8624329008162021636962890625">
        <ele>45.59999847412109375</ele>
        <time>2026-06-21T12:00:30.000Z</time>
        <extensions>
          <ns3:TrackPointExtension>
            <ns3:atemp>35.0</ns3:atemp>
            <ns3:hr>117</ns3:hr>
          </ns3:TrackPointExtension>
        </extensions>
      </trkpt>
      <trkpt lat="48.676688633859157562255859375" lon="-1.8624644167721271514892578125">
        <ele>45.799999237060546875</ele>
        <time>2026-06-21T12:00:34.000Z</time>
        <extensions>
          <ns3:TrackPointExtension>
            <ns3:atemp>35.0</ns3:atemp>
            <ns3:hr>116</ns3:hr>
          </ns3:TrackPointExtension>
        </extensions>
      </trkpt>
      <trkpt lat="48.67649157531559467315673828125" lon="-1.8625696934759616851806640625">
        <ele>46.40000152587890625</ele>
        <time>2026-06-21T12:00:41.000Z</time>
        <extensions>
          <ns3:TrackPointExtension>
            <ns3:atemp>35.0</ns3:atemp>
            <ns3:hr>119</ns3:hr>
          </ns3:TrackPointExtension>
        </extensions>
      </trkpt>
      <trkpt lat="48.6764256097376346588134765625" lon="-1.862616129219532012939453125">
        <ele>46.59999847412109375</ele>
        <time>2026-06-21T12:00:43.000Z</time>
        <extensions>
          <ns3:TrackPointExtension>
            <ns3:atemp>35.0</ns3:atemp>
            <ns3:hr>120</ns3:hr>
          </ns3:TrackPointExtension>
        </extensions>
      </trkpt>
      <trkpt lat="48.67625051178038120269775390625" lon="-1.86274261213839054107666015625">
        <ele>47</ele>
        <time>2026-06-21T12:00:48.000Z</time>
        <extensions>
          <ns3:TrackPointExtension>
            <ns3:atemp>35.0</ns3:atemp>
            <ns3:hr>123</ns3:hr>
          </ns3:TrackPointExtension>
        </extensions>
      </trkpt>
      <trkpt lat="48.6762127093970775604248046875" lon="-1.8627678416669368743896484375">
        <ele>47</ele>
        <time>2026-06-21T12:00:49.000Z</time>
        <extensions>
          <ns3:TrackPointExtension>
            <ns3:atemp>35.0</ns3:atemp>
            <ns3:hr>123</ns3:hr>
          </ns3:TrackPointExtension>
        </extensions>
      </trkpt>
      <trkpt lat="48.6758760921657085418701171875" lon="-1.86294562183320522308349609375">
        <ele>47.40000152587890625</ele>
        <time>2026-06-21T12:00:58.000Z</time>
        <extensions>
          <ns3:TrackPointExtension>
            <ns3:atemp>35.0</ns3:atemp>
            <ns3:hr>124</ns3:hr>
          </ns3:TrackPointExtension>
        </extensions>
      </trkpt>
      <trkpt lat="48.6755579151213169097900390625" lon="-1.86311845667660236358642578125">
        <ele>47.59999847412109375</ele>
        <time>2026-06-21T12:01:06.000Z</time>
        <extensions>
          <ns3:TrackPointExtension>
            <ns3:atemp>35.0</ns3:atemp>
            <ns3:hr>123</ns3:hr>
          </ns3:TrackPointExtension>
        </extensions>
      </trkpt>
      <trkpt lat="48.67551709525287151336669921875" lon="-1.86313874088227748870849609375">
        <ele>47.59999847412109375</ele>
        <time>2026-06-21T12:01:07.000Z</time>
        <extensions>
          <ns3:TrackPointExtension>
            <ns3:atemp>35.0</ns3:atemp>
            <ns3:hr>123</ns3:hr>
          </ns3:TrackPointExtension>
        </extensions>
      </trkpt>
      <trkpt lat="48.67516882717609405517578125" lon="-1.8633106537163257598876953125">
        <ele>48</ele>
        <time>2026-06-21T12:01:15.000Z</time>
        <extensions>
          <ns3:TrackPointExtension>
            <ns3:atemp>35.0</ns3:atemp>
            <ns3:hr>126</ns3:hr>
          </ns3:TrackPointExtension>
        </extensions>
      </trkpt>
      <trkpt lat="48.675079308450222015380859375" lon="-1.86335449106991291046142578125">
        <ele>48</ele>
        <time>2026-06-21T12:01:17.000Z</time>
        <extensions>
          <ns3:TrackPointExtension>
            <ns3:atemp>35.0</ns3:atemp>
            <ns3:hr>126</ns3:hr>
          </ns3:TrackPointExtension>
        </extensions>
      </trkpt>
      <trkpt lat="48.6749430187046527862548828125" lon="-1.8634286709129810333251953125">
        <ele>48.200000762939453125</ele>
        <time>2026-06-21T12:01:20.000Z</time>
        <extensions>
          <ns3:TrackPointExtension>
            <ns3:atemp>35.0</ns3:atemp>
            <ns3:hr>125</ns3:hr>
          </ns3:TrackPointExtension>
        </extensions>
      </trkpt>
      <trkpt lat="48.67464219219982624053955078125" lon="-1.8635771982371807098388671875">
        <ele>47.799999237060546875</ele>
        <time>2026-06-21T12:01:26.000Z</time>
        <extensions>
          <ns3:TrackPointExtension>
            <ns3:atemp>35.0</ns3:atemp>
            <ns3:hr>123</ns3:hr>
          </ns3:TrackPointExtension>
        </extensions>
      </trkpt>
      <trkpt lat="48.674240447580814361572265625" lon="-1.86376252211630344390869140625">
        <ele>47.200000762939453125</ele>
        <time>2026-06-21T12:01:33.000Z</time>
        <extensions>
          <ns3:TrackPointExtension>
            <ns3:atemp>35.0</ns3:atemp>
            <ns3:hr>121</ns3:hr>
          </ns3:TrackPointExtension>
        </extensions>
      </trkpt>
      <trkpt lat="48.6741802655160427093505859375" lon="-1.86379504390060901641845703125">
        <ele>47</ele>
        <time>2026-06-21T12:01:34.000Z</time>
        <extensions>
          <ns3:TrackPointExtension>
            <ns3:atemp>35.0</ns3:atemp>
            <ns3:hr>121</ns3:hr>
          </ns3:TrackPointExtension>
        </extensions>
      </trkpt>
      <trkpt lat="48.67409233935177326202392578125" lon="-1.86390660703182220458984375">
        <ele>46.200000762939453125</ele>
        <time>2026-06-21T12:01:36.000Z</time>
        <extensions>
          <ns3:TrackPointExtension>
            <ns3:atemp>35.0</ns3:atemp>
            <ns3:hr>120</ns3:hr>
          </ns3:TrackPointExtension>
        </extensions>
      </trkpt>
      <trkpt lat="48.67407314479351043701171875" lon="-1.86398564837872982025146484375">
        <ele>45.799999237060546875</ele>
        <time>2026-06-21T12:01:37.000Z</time>
        <extensions>
          <ns3:TrackPointExtension>
            <ns3:atemp>35.0</ns3:atemp>
            <ns3:hr>120</ns3:hr>
          </ns3:TrackPointExtension>
        </extensions>
      </trkpt>
      <trkpt lat="48.67406870238482952117919921875" lon="-1.86406561173498630523681640625">
        <ele>45.40000152587890625</ele>
        <time>2026-06-21T12:01:38.000Z</time>
        <extensions>
          <ns3:TrackPointExtension>
            <ns3:atemp>35.0</ns3:atemp>
            <ns3:hr>119</ns3:hr>
          </ns3:TrackPointExtension>
        </extensions>
      </trkpt>
      <trkpt lat="48.67406920529901981353759765625" lon="-1.864141635596752166748046875">
        <ele>45</ele>
        <time>2026-06-21T12:01:39.000Z</time>
        <extensions>
          <ns3:TrackPointExtension>
            <ns3:atemp>35.0</ns3:atemp>
            <ns3:hr>118</ns3:hr>
          </ns3:TrackPointExtension>
        </extensions>
      </trkpt>
      <trkpt lat="48.674070127308368682861328125" lon="-1.864210702478885650634765625">
        <ele>44.59999847412109375</ele>
        <time>2026-06-21T12:01:40.000Z</time>
        <extensions>
          <ns3:TrackPointExtension>
            <ns3:atemp>35.0</ns3:atemp>
            <ns3:hr>115</ns3:hr>
          </ns3:TrackPointExtension>
        </extensions>
      </trkpt>
      <trkpt lat="48.67407104931771755218505859375" lon="-1.86427968554198741912841796875">
        <ele>44.40000152587890625</ele>
        <time>2026-06-21T12:01:41.000Z</time>
        <extensions>
          <ns3:TrackPointExtension>
            <ns3:atemp>35.0</ns3:atemp>
            <ns3:hr>114</ns3:hr>
          </ns3:TrackPointExtension>
        </extensions>
      </trkpt>
      <trkpt lat="48.6740883998572826385498046875" lon="-1.8644029833376407623291015625">
        <ele>44</ele>
        <time>2026-06-21T12:01:43.000Z</time>
        <extensions>
          <ns3:TrackPointExtension>
            <ns3:atemp>35.0</ns3:atemp>
            <ns3:hr>112</ns3:hr>
          </ns3:TrackPointExtension>
        </extensions>
      </trkpt>
      <trkpt lat="48.67411966435611248016357421875" lon="-1.86453759670257568359375">
        <ele>44</ele>
        <time>2026-06-21T12:01:46.000Z</time>
        <extensions>
          <ns3:TrackPointExtension>
            <ns3:atemp>35.0</ns3:atemp>
            <ns3:hr>113</ns3:hr>
          </ns3:TrackPointExtension>
        </extensions>
      </trkpt>
      <trkpt lat="48.67414397187530994415283203125" lon="-1.86479441821575164794921875">
        <ele>43.799999237060546875</ele>
        <time>2026-06-21T12:01:52.000Z</time>
        <extensions>
          <ns3:TrackPointExtension>
            <ns3:atemp>35.0</ns3:atemp>
            <ns3:hr>114</ns3:hr>
          </ns3:TrackPointExtension>
        </extensions>
      </trkpt>
      <trkpt lat="48.67416702210903167724609375" lon="-1.8652255833148956298828125">
        <ele>44</ele>
        <time>2026-06-21T12:01:59.000Z</time>
        <extensions>
          <ns3:TrackPointExtension>
            <ns3:atemp>35.0</ns3:atemp>
            <ns3:hr>115</ns3:hr>
          </ns3:TrackPointExtension>
        </extensions>
      </trkpt>
      <trkpt lat="48.6741851270198822021484375" lon="-1.8654909543693065643310546875">
        <ele>44.40000152587890625</ele>
        <time>2026-06-21T12:02:03.000Z</time>
        <extensions>
          <ns3:TrackPointExtension>
            <ns3:atemp>35.0</ns3:atemp>
            <ns3:hr>112</ns3:hr>
          </ns3:TrackPointExtension>
        </extensions>
      </trkpt>
      <trkpt lat="48.67418688721954822540283203125" lon="-1.86570930294692516326904296875">
        <ele>44.40000152587890625</ele>
        <time>2026-06-21T12:02:06.000Z</time>
        <extensions>
          <ns3:TrackPointExtension>
            <ns3:atemp>35.0</ns3:atemp>
            <ns3:hr>110</ns3:hr>
          </ns3:TrackPointExtension>
        </extensions>
      </trkpt>
      <trkpt lat="48.67420080117881298065185546875" lon="-1.8661333434283733367919921875">
        <ele>45</ele>
        <time>2026-06-21T12:02:12.000Z</time>
        <extensions>
          <ns3:TrackPointExtension>
            <ns3:atemp>35.0</ns3:atemp>
            <ns3:hr>114</ns3:hr>
          </ns3:TrackPointExtension>
        </extensions>
      </trkpt>
      <trkpt lat="48.67421153001487255096435546875" lon="-1.86627876944839954376220703125">
        <ele>45.200000762939453125</ele>
        <time>2026-06-21T12:02:14.000Z</time>
        <extensions>
          <ns3:TrackPointExtension>
            <ns3:atemp>35.0</ns3:atemp>
            <ns3:hr>119</ns3:hr>
          </ns3:TrackPointExtension>
        </extensions>
      </trkpt>
      <trkpt lat="48.67421555332839488983154296875" lon="-1.86634532175958156585693359375">
        <ele>45.40000152587890625</ele>
        <time>2026-06-21T12:02:15.000Z</time>
        <extensions>
          <ns3:TrackPointExtension>
            <ns3:atemp>35.0</ns3:atemp>
            <ns3:hr>119</ns3:hr>
          </ns3:TrackPointExtension>
        </extensions>
      </trkpt>
      <trkpt lat="48.67423432879149913787841796875" lon="-1.86659258790314197540283203125">
        <ele>45.799999237060546875</ele>
        <time>2026-06-21T12:02:19.000Z</time>
        <extensions>
          <ns3:TrackPointExtension>
            <ns3:atemp>35.0</ns3:atemp>
            <ns3:hr>122</ns3:hr>
          </ns3:TrackPointExtension>
        </extensions>
      </trkpt>
      <trkpt lat="48.6742486618459224700927734375" lon="-1.866712868213653564453125">
        <ele>45.799999237060546875</ele>
        <time>2026-06-21T12:02:21.000Z</time>
        <extensions>
          <ns3:TrackPointExtension>
            <ns3:atemp>35.0</ns3:atemp>
            <ns3:hr>124</ns3:hr>
          </ns3:TrackPointExtension>
        </extensions>
      </trkpt>
      <trkpt lat="48.67431898601353168487548828125" lon="-1.86718988232314586639404296875">
        <ele>45.200000762939453125</ele>
        <time>2026-06-21T12:02:28.000Z</time>
        <extensions>
          <ns3:TrackPointExtension>
            <ns3:atemp>35.0</ns3:atemp>
            <ns3:hr>122</ns3:hr>
          </ns3:TrackPointExtension>
        </extensions>
      </trkpt>
      <trkpt lat="48.6743988655507564544677734375" lon="-1.867749877274036407470703125">
        <ele>45</ele>
        <time>2026-06-21T12:02:36.000Z</time>
        <extensions>
          <ns3:TrackPointExtension>
            <ns3:atemp>35.0</ns3:atemp>
            <ns3:hr>122</ns3:hr>
          </ns3:TrackPointExtension>
        </extensions>
      </trkpt>
      <trkpt lat="48.67442342452704906463623046875" lon="-1.867891363799571990966796875">
        <ele>44.59999847412109375</ele>
        <time>2026-06-21T12:02:38.000Z</time>
        <extensions>
          <ns3:TrackPointExtension>
            <ns3:atemp>35.0</ns3:atemp>
            <ns3:hr>122</ns3:hr>
          </ns3:TrackPointExtension>
        </extensions>
      </trkpt>
      <trkpt lat="48.67444186471402645111083984375" lon="-1.8680256418883800506591796875">
        <ele>44</ele>
        <time>2026-06-21T12:02:40.000Z</time>
        <extensions>
          <ns3:TrackPointExtension>
            <ns3:atemp>35.0</ns3:atemp>
            <ns3:hr>121</ns3:hr>
          </ns3:TrackPointExtension>
        </extensions>
      </trkpt>
      <trkpt lat="48.674476146697998046875" lon="-1.8682187609374523162841796875">
        <ele>43.799999237060546875</ele>
        <time>2026-06-21T12:02:43.000Z</time>
        <extensions>
          <ns3:TrackPointExtension>
            <ns3:atemp>35.0</ns3:atemp>
            <ns3:hr>118</ns3:hr>
          </ns3:TrackPointExtension>
        </extensions>
      </trkpt>
      <trkpt lat="48.6745872907340526580810546875" lon="-1.8689503334462642669677734375">
        <ele>43.40000152587890625</ele>
        <time>2026-06-21T12:02:53.000Z</time>
        <extensions>
          <ns3:TrackPointExtension>
            <ns3:atemp>35.0</ns3:atemp>
            <ns3:hr>117</ns3:hr>
          </ns3:TrackPointExtension>
        </extensions>
      </trkpt>
      <trkpt lat="48.6746576987206935882568359375" lon="-1.86944494955241680145263671875">
        <ele>43.40000152587890625</ele>
        <time>2026-06-21T12:03:00.000Z</time>
        <extensions>
          <ns3:TrackPointExtension>
            <ns3:atemp>35.0</ns3:atemp>
            <ns3:hr>111</ns3:hr>
          </ns3:TrackPointExtension>
        </extensions>
      </trkpt>
      <trkpt lat="48.67466113530099391937255859375" lon="-1.86951586045324802398681640625">
        <ele>43.40000152587890625</ele>
        <time>2026-06-21T12:03:01.000Z</time>
        <extensions>
          <ns3:TrackPointExtension>
            <ns3:atemp>35.0</ns3:atemp>
            <ns3:hr>108</ns3:hr>
          </ns3:TrackPointExtension>
        </extensions>
      </trkpt>
      <trkpt lat="48.67466415278613567352294921875" lon="-1.86958744190633296966552734375">
        <ele>43.40000152587890625</ele>
        <time>2026-06-21T12:03:02.000Z</time>
        <extensions>
          <ns3:TrackPointExtension>
            <ns3:atemp>35.0</ns3:atemp>
            <ns3:hr>108</ns3:hr>
          </ns3:TrackPointExtension>
        </extensions>
      </trkpt>
      <trkpt lat="48.67465325631201267242431640625" lon="-1.86993596144020557403564453125">
        <ele>43.40000152587890625</ele>
        <time>2026-06-21T12:03:07.000Z</time>
        <extensions>
          <ns3:TrackPointExtension>
            <ns3:atemp>35.0</ns3:atemp>
            <ns3:hr>108</ns3:hr>
          </ns3:TrackPointExtension>
        </extensions>
      </trkpt>
      <trkpt lat="48.6746342293918132781982421875" lon="-1.8702066130936145782470703125">
        <ele>43.40000152587890625</ele>
        <time>2026-06-21T12:03:11.000Z</time>
        <extensions>
          <ns3:TrackPointExtension>
            <ns3:atemp>35.0</ns3:atemp>
            <ns3:hr>113</ns3:hr>
          </ns3:TrackPointExtension>
        </extensions>
      </trkpt>
      <trkpt lat="48.6746047250926494598388671875" lon="-1.87058405019342899322509765625">
        <ele>43.200000762939453125</ele>
        <time>2026-06-21T12:03:17.000Z</time>
        <extensions>
          <ns3:TrackPointExtension>
            <ns3:atemp>35.0</ns3:atemp>
            <ns3:hr>110</ns3:hr>
          </ns3:TrackPointExtension>
        </extensions>
      </trkpt>
      <trkpt lat="48.67460128851234912872314453125" lon="-1.8706481717526912689208984375">
        <ele>43.200000762939453125</ele>
        <time>2026-06-21T12:03:18.000Z</time>
        <extensions>
          <ns3:TrackPointExtension>
            <ns3:atemp>35.0</ns3:atemp>
            <ns3:hr>110</ns3:hr>
          </ns3:TrackPointExtension>
        </extensions>
      </trkpt>
      <trkpt lat="48.67460078559815883636474609375" lon="-1.8707819469273090362548828125">
        <ele>42.799999237060546875</ele>
        <time>2026-06-21T12:03:20.000Z</time>
        <extensions>
          <ns3:TrackPointExtension>
            <ns3:atemp>35.0</ns3:atemp>
            <ns3:hr>111</ns3:hr>
          </ns3:TrackPointExtension>
        </extensions>
      </trkpt>
      <trkpt lat="48.67461017332971096038818359375" lon="-1.8711403571069240570068359375">
        <ele>42.200000762939453125</ele>
        <time>2026-06-21T12:03:25.000Z</time>
        <extensions>
          <ns3:TrackPointExtension>
            <ns3:atemp>35.0</ns3:atemp>
            <ns3:hr>113</ns3:hr>
          </ns3:TrackPointExtension>
        </extensions>
      </trkpt>
      <trkpt lat="48.674587793648242950439453125" lon="-1.8714243359863758087158203125">
        <ele>42</ele>
        <time>2026-06-21T12:03:30.000Z</time>
        <extensions>
          <ns3:TrackPointExtension>
            <ns3:atemp>35.0</ns3:atemp>
            <ns3:hr>111</ns3:hr>
          </ns3:TrackPointExtension>
        </extensions>
      </trkpt>
      <trkpt lat="48.67448478005826473236083984375" lon="-1.871459372341632843017578125">
        <ele>42.200000762939453125</ele>
        <time>2026-06-21T12:03:33.000Z</time>
        <extensions>
          <ns3:TrackPointExtension>
            <ns3:atemp>35.0</ns3:atemp>
            <ns3:hr>110</ns3:hr>
          </ns3:TrackPointExtension>
        </extensions>
      </trkpt>
      <trkpt lat="48.67430808953940868377685546875" lon="-1.87143984250724315643310546875">
        <ele>43</ele>
        <time>2026-06-21T12:03:38.000Z</time>
        <extensions>
          <ns3:TrackPointExtension>
            <ns3:atemp>35.0</ns3:atemp>
            <ns3:hr>113</ns3:hr>
          </ns3:TrackPointExtension>
        </extensions>
      </trkpt>
      <trkpt lat="48.674232065677642822265625" lon="-1.87143213115632534027099609375">
        <ele>43</ele>
        <time>2026-06-21T12:03:40.000Z</time>
        <extensions>
          <ns3:TrackPointExtension>
            <ns3:atemp>35.0</ns3:atemp>
            <ns3:hr>113</ns3:hr>
          </ns3:TrackPointExtension>
        </extensions>
      </trkpt>
      <trkpt lat="48.6741556227207183837890625" lon="-1.87142676673829555511474609375">
        <ele>43.200000762939453125</ele>
        <time>2026-06-21T12:03:42.000Z</time>
        <extensions>
          <ns3:TrackPointExtension>
            <ns3:atemp>35.0</ns3:atemp>
            <ns3:hr>117</ns3:hr>
          </ns3:TrackPointExtension>
        </extensions>
      </trkpt>
      <trkpt lat="48.67411606013774871826171875" lon="-1.8714214861392974853515625">
        <ele>43.200000762939453125</ele>
        <time>2026-06-21T12:03:43.000Z</time>
        <extensions>
          <ns3:TrackPointExtension>
            <ns3:atemp>35.0</ns3:atemp>
            <ns3:hr>120</ns3:hr>
          </ns3:TrackPointExtension>
        </extensions>
      </trkpt>
      <trkpt lat="48.67403517477214336395263671875" lon="-1.8714109249413013458251953125">
        <ele>43.200000762939453125</ele>
        <time>2026-06-21T12:03:45.000Z</time>
        <extensions>
          <ns3:TrackPointExtension>
            <ns3:atemp>35.0</ns3:atemp>
            <ns3:hr>124</ns3:hr>
          </ns3:TrackPointExtension>
        </extensions>
      </trkpt>
      <trkpt lat="48.673872649669647216796875" lon="-1.87140631489455699920654296875">
        <ele>43.200000762939453125</ele>
        <time>2026-06-21T12:03:49.000Z</time>
        <extensions>
          <ns3:TrackPointExtension>
            <ns3:atemp>35.0</ns3:atemp>
            <ns3:hr>125</ns3:hr>
          </ns3:TrackPointExtension>
        </extensions>
      </trkpt>
      <trkpt lat="48.67378589697182178497314453125" lon="-1.8713991902768611907958984375">
        <ele>43.40000152587890625</ele>
        <time>2026-06-21T12:03:51.000Z</time>
        <extensions>
          <ns3:TrackPointExtension>
            <ns3:atemp>35.0</ns3:atemp>
            <ns3:hr>123</ns3:hr>
          </ns3:TrackPointExtension>
        </extensions>
      </trkpt>
      <trkpt lat="48.6736693046987056732177734375" lon="-1.87138284556567668914794921875">
        <ele>43.40000152587890625</ele>
        <time>2026-06-21T12:03:54.000Z</time>
        <extensions>
          <ns3:TrackPointExtension>
            <ns3:atemp>35.0</ns3:atemp>
            <ns3:hr>121</ns3:hr>
          </ns3:TrackPointExtension>
        </extensions>
      </trkpt>
      <trkpt lat="48.67335221730172634124755859375" lon="-1.8713304586708545684814453125">
        <ele>43.200000762939453125</ele>
        <time>2026-06-21T12:04:02.000Z</time>
        <extensions>
          <ns3:TrackPointExtension>
            <ns3:atemp>35.0</ns3:atemp>
            <ns3:hr>123</ns3:hr>
          </ns3:TrackPointExtension>
        </extensions>
      </trkpt>
      <trkpt lat="48.6729511432349681854248046875" lon="-1.8713140301406383514404296875">
        <ele>43</ele>
        <time>2026-06-21T12:04:12.000Z</time>
        <extensions>
          <ns3:TrackPointExtension>
            <ns3:atemp>35.0</ns3:atemp>
            <ns3:hr>122</ns3:hr>
          </ns3:TrackPointExtension>
        </extensions>
      </trkpt>
      <trkpt lat="48.67270563729107379913330078125" lon="-1.87131629325449466705322265625">
        <ele>42.799999237060546875</ele>
        <time>2026-06-21T12:04:18.000Z</time>
        <extensions>
          <ns3:TrackPointExtension>
            <ns3:atemp>35.0</ns3:atemp>
            <ns3:hr>118</ns3:hr>
          </ns3:TrackPointExtension>
        </extensions>
      </trkpt>
      <trkpt lat="48.67262072861194610595703125" lon="-1.8713180534541606903076171875">
        <ele>42.799999237060546875</ele>
        <time>2026-06-21T12:04:20.000Z</time>
        <extensions>
          <ns3:TrackPointExtension>
            <ns3:atemp>35.0</ns3:atemp>
            <ns3:hr>115</ns3:hr>
          </ns3:TrackPointExtension>
        </extensions>
      </trkpt>
      <trkpt lat="48.67240271531045436859130859375" lon="-1.87132199294865131378173828125">
        <ele>42.59999847412109375</ele>
        <time>2026-06-21T12:04:25.000Z</time>
        <extensions>
          <ns3:TrackPointExtension>
            <ns3:atemp>35.0</ns3:atemp>
            <ns3:hr>118</ns3:hr>
          </ns3:TrackPointExtension>
        </extensions>
      </trkpt>
      <trkpt lat="48.67226307280361652374267578125" lon="-1.87133498489856719970703125">
        <ele>42.40000152587890625</ele>
        <time>2026-06-21T12:04:28.000Z</time>
        <extensions>
          <ns3:TrackPointExtension>
            <ns3:atemp>35.0</ns3:atemp>
            <ns3:hr>118</ns3:hr>
          </ns3:TrackPointExtension>
        </extensions>
      </trkpt>
      <trkpt lat="48.671990074217319488525390625" lon="-1.87136407010257244110107421875">
        <ele>42.40000152587890625</ele>
        <time>2026-06-21T12:04:34.000Z</time>
        <extensions>
          <ns3:TrackPointExtension>
            <ns3:atemp>35.0</ns3:atemp>
            <ns3:hr>118</ns3:hr>
          </ns3:TrackPointExtension>
        </extensions>
      </trkpt>
      <trkpt lat="48.6717290617525577545166015625" lon="-1.87134973704814910888671875">
        <ele>42</ele>
        <time>2026-06-21T12:04:40.000Z</time>
        <extensions>
          <ns3:TrackPointExtension>
            <ns3:atemp>35.0</ns3:atemp>
            <ns3:hr>115</ns3:hr>
          </ns3:TrackPointExtension>
        </extensions>
      </trkpt>
      <trkpt lat="48.6716871522367000579833984375" lon="-1.87134261243045330047607421875">
        <ele>42</ele>
        <time>2026-06-21T12:04:41.000Z</time>
        <extensions>
          <ns3:TrackPointExtension>
            <ns3:atemp>35.0</ns3:atemp>
            <ns3:hr>113</ns3:hr>
          </ns3:TrackPointExtension>
        </extensions>
      </trkpt>
      <trkpt lat="48.671257160604000091552734375" lon="-1.87125443480908870697021484375">
        <ele>42.200000762939453125</ele>
        <time>2026-06-21T12:04:51.000Z</time>
        <extensions>
          <ns3:TrackPointExtension>
            <ns3:atemp>35.0</ns3:atemp>
            <ns3:hr>111</ns3:hr>
          </ns3:TrackPointExtension>
        </extensions>
      </trkpt>
      <trkpt lat="48.670877628028392791748046875" lon="-1.871169693768024444580078125">
        <ele>42.200000762939453125</ele>
        <time>2026-06-21T12:05:00.000Z</time>
        <extensions>
          <ns3:TrackPointExtension>
            <ns3:atemp>35.0</ns3:atemp>
            <ns3:hr>111</ns3:hr>
          </ns3:TrackPointExtension>
        </extensions>
      </trkpt>
      <trkpt lat="48.6706239916384220123291015625" lon="-1.87112468294799327850341796875">
        <ele>42</ele>
        <time>2026-06-21T12:05:06.000Z</time>
        <extensions>
          <ns3:TrackPointExtension>
            <ns3:atemp>35.0</ns3:atemp>
            <ns3:hr>111</ns3:hr>
          </ns3:TrackPointExtension>
        </extensions>
      </trkpt>
      <trkpt lat="48.6702954210340976715087890625" lon="-1.87110942788422107696533203125">
        <ele>43</ele>
        <time>2026-06-21T12:05:14.000Z</time>
        <extensions>
          <ns3:TrackPointExtension>
            <ns3:atemp>35.0</ns3:atemp>
            <ns3:hr>114</ns3:hr>
          </ns3:TrackPointExtension>
        </extensions>
      </trkpt>
      <trkpt lat="48.67021336220204830169677734375" lon="-1.87111110426485538482666015625">
        <ele>43</ele>
        <time>2026-06-21T12:05:16.000Z</time>
        <extensions>
          <ns3:TrackPointExtension>
            <ns3:atemp>35.0</ns3:atemp>
            <ns3:hr>117</ns3:hr>
          </ns3:TrackPointExtension>
        </extensions>
      </trkpt>
      <trkpt lat="48.67009148932993412017822265625" lon="-1.87111479230225086212158203125">
        <ele>42.799999237060546875</ele>
        <time>2026-06-21T12:05:19.000Z</time>
        <extensions>
          <ns3:TrackPointExtension>
            <ns3:atemp>35.0</ns3:atemp>
            <ns3:hr>114</ns3:hr>
          </ns3:TrackPointExtension>
        </extensions>
      </trkpt>
      <trkpt lat="48.6700089275836944580078125" lon="-1.87112401239573955535888671875">
        <ele>43</ele>
        <time>2026-06-21T12:05:21.000Z</time>
        <extensions>
          <ns3:TrackPointExtension>
            <ns3:atemp>35.0</ns3:atemp>
            <ns3:hr>113</ns3:hr>
          </ns3:TrackPointExtension>
        </extensions>
      </trkpt>
      <trkpt lat="48.66966183297336101531982421875" lon="-1.8711936660110950469970703125">
        <ele>43</ele>
        <time>2026-06-21T12:05:29.000Z</time>
        <extensions>
          <ns3:TrackPointExtension>
            <ns3:atemp>35.0</ns3:atemp>
            <ns3:hr>113</ns3:hr>
          </ns3:TrackPointExtension>
        </extensions>
      </trkpt>
      <trkpt lat="48.6693418957293033599853515625" lon="-1.87130975537002086639404296875">
        <ele>42.40000152587890625</ele>
        <time>2026-06-21T12:05:36.000Z</time>
        <extensions>
          <ns3:TrackPointExtension>
            <ns3:atemp>35.0</ns3:atemp>
            <ns3:hr>116</ns3:hr>
          </ns3:TrackPointExtension>
        </extensions>
      </trkpt>
      <trkpt lat="48.66924910806119441986083984375" lon="-1.871335320174694061279296875">
        <ele>42.59999847412109375</ele>
        <time>2026-06-21T12:05:38.000Z</time>
        <extensions>
          <ns3:TrackPointExtension>
            <ns3:atemp>35.0</ns3:atemp>
            <ns3:hr>117</ns3:hr>
          </ns3:TrackPointExtension>
        </extensions>
      </trkpt>
      <trkpt lat="48.66898004896938800811767578125" lon="-1.8713716976344585418701171875">
        <ele>43</ele>
        <time>2026-06-21T12:05:44.000Z</time>
        <extensions>
          <ns3:TrackPointExtension>
            <ns3:atemp>35.0</ns3:atemp>
            <ns3:hr>118</ns3:hr>
          </ns3:TrackPointExtension>
        </extensions>
      </trkpt>
      <trkpt lat="48.6687343753874301910400390625" lon="-1.871375553309917449951171875">
        <ele>43</ele>
        <time>2026-06-21T12:05:50.000Z</time>
        <extensions>
          <ns3:TrackPointExtension>
            <ns3:atemp>35.0</ns3:atemp>
            <ns3:hr>120</ns3:hr>
          </ns3:TrackPointExtension>
        </extensions>
      </trkpt>
      <trkpt lat="48.668524324893951416015625" lon="-1.87121721915900707244873046875">
        <ele>43.40000152587890625</ele>
        <time>2026-06-21T12:05:55.000Z</time>
        <extensions>
          <ns3:TrackPointExtension>
            <ns3:atemp>35.0</ns3:atemp>
            <ns3:hr>122</ns3:hr>
          </ns3:TrackPointExtension>
        </extensions>
      </trkpt>
      <trkpt lat="48.66842499934136867523193359375" lon="-1.871124096214771270751953125">
        <ele>44</ele>
        <time>2026-06-21T12:05:58.000Z</time>
        <extensions>
          <ns3:TrackPointExtension>
            <ns3:atemp>35.0</ns3:atemp>
            <ns3:hr>121</ns3:hr>
          </ns3:TrackPointExtension>
        </extensions>
      </trkpt>
      <trkpt lat="48.66836934350430965423583984375" lon="-1.87106215395033359527587890625">
        <ele>44.40000152587890625</ele>
        <time>2026-06-21T12:06:00.000Z</time>
        <extensions>
          <ns3:TrackPointExtension>
            <ns3:atemp>35.0</ns3:atemp>
            <ns3:hr>118</ns3:hr>
          </ns3:TrackPointExtension>
        </extensions>
      </trkpt>
      <trkpt lat="48.66834252141416072845458984375" lon="-1.87103482894599437713623046875">
        <ele>44.59999847412109375</ele>
        <time>2026-06-21T12:06:01.000Z</time>
        <extensions>
          <ns3:TrackPointExtension>
            <ns3:atemp>35.0</ns3:atemp>
            <ns3:hr>118</ns3:hr>
          </ns3:TrackPointExtension>
        </extensions>
      </trkpt>
      <trkpt lat="48.6682696826756000518798828125" lon="-1.870977580547332763671875">
        <ele>45</ele>
        <time>2026-06-21T12:06:04.000Z</time>
        <extensions>
          <ns3:TrackPointExtension>
            <ns3:atemp>35.0</ns3:atemp>
            <ns3:hr>118</ns3:hr>
          </ns3:TrackPointExtension>
        </extensions>
      </trkpt>
      <trkpt lat="48.66821930743753910064697265625" lon="-1.87094765715301036834716796875">
        <ele>45.200000762939453125</ele>
        <time>2026-06-21T12:06:06.000Z</time>
        <extensions>
          <ns3:TrackPointExtension>
            <ns3:atemp>35.0</ns3:atemp>
            <ns3:hr>122</ns3:hr>
          </ns3:TrackPointExtension>
        </extensions>
      </trkpt>
      <trkpt lat="48.668163232505321502685546875" lon="-1.870906837284564971923828125">
        <ele>45.59999847412109375</ele>
        <time>2026-06-21T12:06:08.000Z</time>
        <extensions>
          <ns3:TrackPointExtension>
            <ns3:atemp>35.0</ns3:atemp>
            <ns3:hr>125</ns3:hr>
          </ns3:TrackPointExtension>
        </extensions>
      </trkpt>
      <trkpt lat="48.6680440418422222137451171875" lon="-1.87081824056804180145263671875">
        <ele>45.59999847412109375</ele>
        <time>2026-06-21T12:06:12.000Z</time>
        <extensions>
          <ns3:TrackPointExtension>
            <ns3:atemp>35.0</ns3:atemp>
            <ns3:hr>128</ns3:hr>
          </ns3:TrackPointExtension>
        </extensions>
      </trkpt>
      <trkpt lat="48.66786039434373378753662109375" lon="-1.8706810288131237030029296875">
        <ele>46.200000762939453125</ele>
        <time>2026-06-21T12:06:18.000Z</time>
        <extensions>
          <ns3:TrackPointExtension>
            <ns3:atemp>35.0</ns3:atemp>
            <ns3:hr>128</ns3:hr>
          </ns3:TrackPointExtension>
        </extensions>
      </trkpt>
      <trkpt lat="48.66772712208330631256103515625" lon="-1.87059293501079082489013671875">
        <ele>46.40000152587890625</ele>
        <time>2026-06-21T12:06:22.000Z</time>
        <extensions>
          <ns3:TrackPointExtension>
            <ns3:atemp>35.0</ns3:atemp>
            <ns3:hr>125</ns3:hr>
          </ns3:TrackPointExtension>
        </extensions>
      </trkpt>
      <trkpt lat="48.66759066469967365264892578125" lon="-1.870494447648525238037109375">
        <ele>46.59999847412109375</ele>
        <time>2026-06-21T12:06:26.000Z</time>
        <extensions>
          <ns3:TrackPointExtension>
            <ns3:atemp>36.0</ns3:atemp>
            <ns3:hr>126</ns3:hr>
          </ns3:TrackPointExtension>
        </extensions>
      </trkpt>
      <trkpt lat="48.667454458773136138916015625" lon="-1.8704024143517017364501953125">
        <ele>47.200000762939453125</ele>
        <time>2026-06-21T12:06:30.000Z</time>
        <extensions>
          <ns3:TrackPointExtension>
            <ns3:atemp>36.0</ns3:atemp>
            <ns3:hr>127</ns3:hr>
          </ns3:TrackPointExtension>
        </extensions>
      </trkpt>
      <trkpt lat="48.6673164926469326019287109375" lon="-1.8703494407236576080322265625">
        <ele>47.40000152587890625</ele>
        <time>2026-06-21T12:06:34.000Z</time>
        <extensions>
          <ns3:TrackPointExtension>
            <ns3:atemp>35.0</ns3:atemp>
            <ns3:hr>123</ns3:hr>
          </ns3:TrackPointExtension>
        </extensions>
      </trkpt>
      <trkpt lat="48.66701164282858371734619140625" lon="-1.870366372168064117431640625">
        <ele>48</ele>
        <time>2026-06-21T12:06:42.000Z</time>
        <extensions>
          <ns3:TrackPointExtension>
            <ns3:atemp>36.0</ns3:atemp>
            <ns3:hr>123</ns3:hr>
          </ns3:TrackPointExtension>
        </extensions>
      </trkpt>
      <trkpt lat="48.66679019294679164886474609375" lon="-1.8704168312251567840576171875">
        <ele>48</ele>
        <time>2026-06-21T12:06:48.000Z</time>
        <extensions>
          <ns3:TrackPointExtension>
            <ns3:atemp>36.0</ns3:atemp>
            <ns3:hr>123</ns3:hr>
          </ns3:TrackPointExtension>
        </extensions>
      </trkpt>
      <trkpt lat="48.666716516017913818359375" lon="-1.87043904326856136322021484375">
        <ele>48</ele>
        <time>2026-06-21T12:06:50.000Z</time>
        <extensions>
          <ns3:TrackPointExtension>
            <ns3:atemp>36.0</ns3:atemp>
            <ns3:hr>119</ns3:hr>
          </ns3:TrackPointExtension>
        </extensions>
      </trkpt>
      <trkpt lat="48.6664115823805332183837890625" lon="-1.87056519091129302978515625">
        <ele>48</ele>
        <time>2026-06-21T12:06:58.000Z</time>
        <extensions>
          <ns3:TrackPointExtension>
            <ns3:atemp>36.0</ns3:atemp>
            <ns3:hr>120</ns3:hr>
          </ns3:TrackPointExtension>
        </extensions>
      </trkpt>
      <trkpt lat="48.6663394980132579803466796875" lon="-1.87061254866421222686767578125">
        <ele>48.200000762939453125</ele>
        <time>2026-06-21T12:07:00.000Z</time>
        <extensions>
          <ns3:TrackPointExtension>
            <ns3:atemp>36.0</ns3:atemp>
            <ns3:hr>119</ns3:hr>
          </ns3:TrackPointExtension>
        </extensions>
      </trkpt>
      <trkpt lat="48.666100613772869110107421875" lon="-1.870794855058193206787109375">
        <ele>48.59999847412109375</ele>
        <time>2026-06-21T12:07:06.000Z</time>
        <extensions>
          <ns3:TrackPointExtension>
            <ns3:atemp>36.0</ns3:atemp>
            <ns3:hr>122</ns3:hr>
          </ns3:TrackPointExtension>
        </extensions>
      </trkpt>
      <trkpt lat="48.66584949195384979248046875" lon="-1.8709789216518402099609375">
        <ele>48.799999237060546875</ele>
        <time>2026-06-21T12:07:13.000Z</time>
        <extensions>
          <ns3:TrackPointExtension>
            <ns3:atemp>36.0</ns3:atemp>
            <ns3:hr>119</ns3:hr>
          </ns3:TrackPointExtension>
        </extensions>
      </trkpt>
      <trkpt lat="48.6657775752246379852294921875" lon="-1.87100465409457683563232421875">
        <ele>48.59999847412109375</ele>
        <time>2026-06-21T12:07:15.000Z</time>
        <extensions>
          <ns3:TrackPointExtension>
            <ns3:atemp>36.0</ns3:atemp>
            <ns3:hr>115</ns3:hr>
          </ns3:TrackPointExtension>
        </extensions>
      </trkpt>
      <trkpt lat="48.66570222191512584686279296875" lon="-1.871027536690235137939453125">
        <ele>48.40000152587890625</ele>
        <time>2026-06-21T12:07:17.000Z</time>
        <extensions>
          <ns3:TrackPointExtension>
            <ns3:atemp>36.0</ns3:atemp>
            <ns3:hr>112</ns3:hr>
          </ns3:TrackPointExtension>
        </extensions>
      </trkpt>
      <trkpt lat="48.6655874736607074737548828125" lon="-1.871047653257846832275390625">
        <ele>48</ele>
        <time>2026-06-21T12:07:20.000Z</time>
        <extensions>
          <ns3:TrackPointExtension>
            <ns3:atemp>36.0</ns3:atemp>
            <ns3:hr>113</ns3:hr>
          </ns3:TrackPointExtension>
        </extensions>
      </trkpt>
      <trkpt lat="48.665278516709804534912109375" lon="-1.8710629083216190338134765625">
        <ele>48.59999847412109375</ele>
        <time>2026-06-21T12:07:27.000Z</time>
        <extensions>
          <ns3:TrackPointExtension>
            <ns3:atemp>36.0</ns3:atemp>
            <ns3:hr>112</ns3:hr>
          </ns3:TrackPointExtension>
        </extensions>
      </trkpt>
      <trkpt lat="48.66503669880330562591552734375" lon="-1.8710625730454921722412109375">
        <ele>49</ele>
        <time>2026-06-21T12:07:33.000Z</time>
        <extensions>
          <ns3:TrackPointExtension>
            <ns3:atemp>36.0</ns3:atemp>
            <ns3:hr>115</ns3:hr>
          </ns3:TrackPointExtension>
        </extensions>
      </trkpt>
      <trkpt lat="48.6649958789348602294921875" lon="-1.87105930410325527191162109375">
        <ele>49</ele>
        <time>2026-06-21T12:07:34.000Z</time>
        <extensions>
          <ns3:TrackPointExtension>
            <ns3:atemp>36.0</ns3:atemp>
            <ns3:hr>116</ns3:hr>
          </ns3:TrackPointExtension>
        </extensions>
      </trkpt>
      <trkpt lat="48.66495489142835140228271484375" lon="-1.87104254029691219329833984375">
        <ele>49</ele>
        <time>2026-06-21T12:07:35.000Z</time>
        <extensions>
          <ns3:TrackPointExtension>
            <ns3:atemp>36.0</ns3:atemp>
            <ns3:hr>115</ns3:hr>
          </ns3:TrackPointExtension>
        </extensions>
      </trkpt>
      <trkpt lat="48.66487291641533374786376953125" lon="-1.87102979980409145355224609375">
        <ele>49.200000762939453125</ele>
        <time>2026-06-21T12:07:37.000Z</time>
        <extensions>
          <ns3:TrackPointExtension>
            <ns3:atemp>36.0</ns3:atemp>
            <ns3:hr>113</ns3:hr>
          </ns3:TrackPointExtension>
        </extensions>
      </trkpt>
      <trkpt lat="48.66478792391717433929443359375" lon="-1.87102979980409145355224609375">
        <ele>49.200000762939453125</ele>
        <time>2026-06-21T12:07:39.000Z</time>
        <extensions>
          <ns3:TrackPointExtension>
            <ns3:atemp>36.0</ns3:atemp>
            <ns3:hr>110</ns3:hr>
          </ns3:TrackPointExtension>
        </extensions>
      </trkpt>
      <trkpt lat="48.66451031528413295745849609375" lon="-1.87099962495267391204833984375">
        <ele>49</ele>
        <time>2026-06-21T12:07:45.000Z</time>
        <extensions>
          <ns3:TrackPointExtension>
            <ns3:atemp>36.0</ns3:atemp>
            <ns3:hr>113</ns3:hr>
          </ns3:TrackPointExtension>
        </extensions>
      </trkpt>
      <trkpt lat="48.66446253843605518341064453125" lon="-1.8709817714989185333251953125">
        <ele>49</ele>
        <time>2026-06-21T12:07:46.000Z</time>
        <extensions>
          <ns3:TrackPointExtension>
            <ns3:atemp>36.0</ns3:atemp>
            <ns3:hr>114</ns3:hr>
          </ns3:TrackPointExtension>
        </extensions>
      </trkpt>
      <trkpt lat="48.66441375575959682464599609375" lon="-1.87096794135868549346923828125">
        <ele>49</ele>
        <time>2026-06-21T12:07:47.000Z</time>
        <extensions>
          <ns3:TrackPointExtension>
            <ns3:atemp>36.0</ns3:atemp>
            <ns3:hr>115</ns3:hr>
          </ns3:TrackPointExtension>
        </extensions>
      </trkpt>
      <trkpt lat="48.6643073894083499908447265625" lon="-1.87095503322780132293701171875">
        <ele>48.799999237060546875</ele>
        <time>2026-06-21T12:07:49.000Z</time>
        <extensions>
          <ns3:TrackPointExtension>
            <ns3:atemp>36.0</ns3:atemp>
            <ns3:hr>114</ns3:hr>
          </ns3:TrackPointExtension>
        </extensions>
      </trkpt>
      <trkpt lat="48.6641705967485904693603515625" lon="-1.8709118664264678955078125">
        <ele>48</ele>
        <time>2026-06-21T12:07:51.000Z</time>
        <extensions>
          <ns3:TrackPointExtension>
            <ns3:atemp>36.0</ns3:atemp>
            <ns3:hr>113</ns3:hr>
          </ns3:TrackPointExtension>
        </extensions>
      </trkpt>
      <trkpt lat="48.663805983960628509521484375" lon="-1.87078504823148250579833984375">
        <ele>47.799999237060546875</ele>
        <time>2026-06-21T12:07:56.000Z</time>
        <extensions>
          <ns3:TrackPointExtension>
            <ns3:atemp>36.0</ns3:atemp>
            <ns3:hr>112</ns3:hr>
          </ns3:TrackPointExtension>
        </extensions>
      </trkpt>
      <trkpt lat="48.6636609770357608795166015625" lon="-1.8707490898668766021728515625">
        <ele>47.59999847412109375</ele>
        <time>2026-06-21T12:07:59.000Z</time>
        <extensions>
          <ns3:TrackPointExtension>
            <ns3:atemp>36.0</ns3:atemp>
            <ns3:hr>126</ns3:hr>
          </ns3:TrackPointExtension>
        </extensions>
      </trkpt>
      <trkpt lat="48.66362250410020351409912109375" lon="-1.870751939713954925537109375">
        <ele>47.40000152587890625</ele>
        <time>2026-06-21T12:08:00.000Z</time>
        <extensions>
          <ns3:TrackPointExtension>
            <ns3:atemp>36.0</ns3:atemp>
            <ns3:hr>134</ns3:hr>
          </ns3:TrackPointExtension>
        </extensions>
      </trkpt>
      <trkpt lat="48.663502223789691925048828125" lon="-1.87078588642179965972900390625">
        <ele>47.200000762939453125</ele>
        <time>2026-06-21T12:08:04.000Z</time>
        <extensions>
          <ns3:TrackPointExtension>
            <ns3:atemp>36.0</ns3:atemp>
            <ns3:hr>135</ns3:hr>
          </ns3:TrackPointExtension>
        </extensions>
      </trkpt>
      <trkpt lat="48.66342720575630664825439453125" lon="-1.87084824778139591217041015625">
        <ele>47</ele>
        <time>2026-06-21T12:08:07.000Z</time>
        <extensions>
          <ns3:TrackPointExtension>
            <ns3:atemp>36.0</ns3:atemp>
            <ns3:hr>130</ns3:hr>
          </ns3:TrackPointExtension>
        </extensions>
      </trkpt>
      <trkpt lat="48.66340189240872859954833984375" lon="-1.87086450867354869842529296875">
        <ele>47</ele>
        <time>2026-06-21T12:08:08.000Z</time>
        <extensions>
          <ns3:TrackPointExtension>
            <ns3:atemp>36.0</ns3:atemp>
            <ns3:hr>126</ns3:hr>
          </ns3:TrackPointExtension>
        </extensions>
      </trkpt>
      <trkpt lat="48.6633753217756748199462890625" lon="-1.87088026665151119232177734375">
        <ele>47.200000762939453125</ele>
        <time>2026-06-21T12:08:09.000Z</time>
        <extensions>
          <ns3:TrackPointExtension>
            <ns3:atemp>36.0</ns3:atemp>
            <ns3:hr>125</ns3:hr>
          </ns3:TrackPointExtension>
        </extensions>
      </trkpt>
      <trkpt lat="48.663316480815410614013671875" lon="-1.870864927768707275390625">
        <ele>47</ele>
        <time>2026-06-21T12:08:11.000Z</time>
        <extensions>
          <ns3:TrackPointExtension>
            <ns3:atemp>36.0</ns3:atemp>
            <ns3:hr>126</ns3:hr>
          </ns3:TrackPointExtension>
        </extensions>
      </trkpt>
      <trkpt lat="48.6632958613336086273193359375" lon="-1.87083072960376739501953125">
        <ele>47</ele>
        <time>2026-06-21T12:08:12.000Z</time>
        <extensions>
          <ns3:TrackPointExtension>
            <ns3:atemp>36.0</ns3:atemp>
            <ns3:hr>125</ns3:hr>
          </ns3:TrackPointExtension>
        </extensions>
      </trkpt>
      <trkpt lat="48.66328127682209014892578125" lon="-1.870794184505939483642578125">
        <ele>47</ele>
        <time>2026-06-21T12:08:13.000Z</time>
        <extensions>
          <ns3:TrackPointExtension>
            <ns3:atemp>36.0</ns3:atemp>
            <ns3:hr>122</ns3:hr>
          </ns3:TrackPointExtension>
        </extensions>
      </trkpt>
      <trkpt lat="48.66323140449821949005126953125" lon="-1.8706344254314899444580078125">
        <ele>47</ele>
        <time>2026-06-21T12:08:17.000Z</time>
        <extensions>
          <ns3:TrackPointExtension>
            <ns3:atemp>36.0</ns3:atemp>
            <ns3:hr>120</ns3:hr>
          </ns3:TrackPointExtension>
        </extensions>
      </trkpt>
      <trkpt lat="48.66318899206817150115966796875" lon="-1.87042898498475551605224609375">
        <ele>46.799999237060546875</ele>
        <time>2026-06-21T12:08:21.000Z</time>
        <extensions>
          <ns3:TrackPointExtension>
            <ns3:atemp>36.0</ns3:atemp>
            <ns3:hr>120</ns3:hr>
          </ns3:TrackPointExtension>
        </extensions>
      </trkpt>
      <trkpt lat="48.66314188577234745025634765625" lon="-1.8700616061687469482421875">
        <ele>47.200000762939453125</ele>
        <time>2026-06-21T12:08:28.000Z</time>
        <extensions>
          <ns3:TrackPointExtension>
            <ns3:atemp>36.0</ns3:atemp>
            <ns3:hr>121</ns3:hr>
          </ns3:TrackPointExtension>
        </extensions>
      </trkpt>
      <trkpt lat="48.66309595294296741485595703125" lon="-1.8698792159557342529296875">
        <ele>46.59999847412109375</ele>
        <time>2026-06-21T12:08:32.000Z</time>
        <extensions>
          <ns3:TrackPointExtension>
            <ns3:atemp>36.0</ns3:atemp>
            <ns3:hr>124</ns3:hr>
          </ns3:TrackPointExtension>
        </extensions>
      </trkpt>
      <trkpt lat="48.663084805011749267578125" lon="-1.869829259812831878662109375">
        <ele>46.40000152587890625</ele>
        <time>2026-06-21T12:08:33.000Z</time>
        <extensions>
          <ns3:TrackPointExtension>
            <ns3:atemp>36.0</ns3:atemp>
            <ns3:hr>124</ns3:hr>
          </ns3:TrackPointExtension>
        </extensions>
      </trkpt>
      <trkpt lat="48.6630229465663433074951171875" lon="-1.8695082329213619232177734375">
        <ele>46.200000762939453125</ele>
        <time>2026-06-21T12:08:39.000Z</time>
        <extensions>
          <ns3:TrackPointExtension>
            <ns3:atemp>36.0</ns3:atemp>
            <ns3:hr>122</ns3:hr>
          </ns3:TrackPointExtension>
        </extensions>
      </trkpt>
      <trkpt lat="48.66301079280674457550048828125" lon="-1.86942659318447113037109375">
        <ele>46.40000152587890625</ele>
        <time>2026-06-21T12:08:41.000Z</time>
        <extensions>
          <ns3:TrackPointExtension>
            <ns3:atemp>36.0</ns3:atemp>
            <ns3:hr>116</ns3:hr>
          </ns3:TrackPointExtension>
        </extensions>
      </trkpt>
      <trkpt lat="48.66300056688487529754638671875" lon="-1.8693955801427364349365234375">
        <ele>46.40000152587890625</ele>
        <time>2026-06-21T12:08:42.000Z</time>
        <extensions>
          <ns3:TrackPointExtension>
            <ns3:atemp>36.0</ns3:atemp>
            <ns3:hr>111</ns3:hr>
          </ns3:TrackPointExtension>
        </extensions>
      </trkpt>
      <trkpt lat="48.6629927717149257659912109375" lon="-1.8693677522242069244384765625">
        <ele>46.200000762939453125</ele>
        <time>2026-06-21T12:08:43.000Z</time>
        <extensions>
          <ns3:TrackPointExtension>
            <ns3:atemp>36.0</ns3:atemp>
            <ns3:hr>107</ns3:hr>
          </ns3:TrackPointExtension>
        </extensions>
      </trkpt>
      <trkpt lat="48.6629763431847095489501953125" lon="-1.8693432770669460296630859375">
        <ele>46.200000762939453125</ele>
        <time>2026-06-21T12:08:44.000Z</time>
        <extensions>
          <ns3:TrackPointExtension>
            <ns3:atemp>36.0</ns3:atemp>
            <ns3:hr>107</ns3:hr>
          </ns3:TrackPointExtension>
        </extensions>
      </trkpt>
      <trkpt lat="48.6629552207887172698974609375" lon="-1.869331710040569305419921875">
        <ele>46.200000762939453125</ele>
        <time>2026-06-21T12:08:45.000Z</time>
        <extensions>
          <ns3:TrackPointExtension>
            <ns3:atemp>36.0</ns3:atemp>
            <ns3:hr>107</ns3:hr>
          </ns3:TrackPointExtension>
        </extensions>
      </trkpt>
      <trkpt lat="48.66291557438671588897705078125" lon="-1.86931435950100421905517578125">
        <ele>46</ele>
        <time>2026-06-21T12:08:47.000Z</time>
        <extensions>
          <ns3:TrackPointExtension>
            <ns3:atemp>36.0</ns3:atemp>
            <ns3:hr>106</ns3:hr>
          </ns3:TrackPointExtension>
        </extensions>
      </trkpt>
      <trkpt lat="48.662780039012432098388671875" lon="-1.86925828456878662109375">
        <ele>46</ele>
        <time>2026-06-21T12:08:52.000Z</time>
        <extensions>
          <ns3:TrackPointExtension>
            <ns3:atemp>36.0</ns3:atemp>
            <ns3:hr>106</ns3:hr>
          </ns3:TrackPointExtension>
        </extensions>
      </trkpt>
      <trkpt lat="48.66269563324749469757080078125" lon="-1.8691025488078594207763671875">
        <ele>45.59999847412109375</ele>
        <time>2026-06-21T12:08:56.000Z</time>
        <extensions>
          <ns3:TrackPointExtension>
            <ns3:atemp>36.0</ns3:atemp>
            <ns3:hr>105</ns3:hr>
          </ns3:TrackPointExtension>
        </extensions>
      </trkpt>
      <trkpt lat="48.662627153098583221435546875" lon="-1.86902300454676151275634765625">
        <ele>45</ele>
        <time>2026-06-21T12:08:58.000Z</time>
        <extensions>
          <ns3:TrackPointExtension>
            <ns3:atemp>36.0</ns3:atemp>
            <ns3:hr>105</ns3:hr>
          </ns3:TrackPointExtension>
        </extensions>
      </trkpt>
      <trkpt lat="48.662575185298919677734375" lon="-1.868925355374813079833984375">
        <ele>44.59999847412109375</ele>
        <time>2026-06-21T12:09:00.000Z</time>
        <extensions>
          <ns3:TrackPointExtension>
            <ns3:atemp>36.0</ns3:atemp>
            <ns3:hr>104</ns3:hr>
          </ns3:TrackPointExtension>
        </extensions>
      </trkpt>
      <trkpt lat="48.66257141344249248504638671875" lon="-1.868911944329738616943359375">
        <ele>44.40000152587890625</ele>
        <time>2026-06-21T12:09:02.000Z</time>
        <extensions>
          <ns3:TrackPointExtension>
            <ns3:atemp>36.0</ns3:atemp>
            <ns3:hr>104</ns3:hr>
          </ns3:TrackPointExtension>
        </extensions>
      </trkpt>
    </trkseg>
  </trk>
</gpx>
