<?xml version="1.0" encoding="UTF-8"?>
<gpx creator="Garmin Connect" version="1.1"
  xsi:schemaLocation="http://www.topografix.com/GPX/1/1 http://www.topografix.com/GPX/11.xsd"
  xmlns:ns3="http://www.garmin.com/xmlschemas/TrackPointExtension/v1"
  xmlns="http://www.topografix.com/GPX/1/1"
  xmlns:xsi="http://www.w3.org/2001/XMLSchema-instance" xmlns:ns2="http://www.garmin.com/xmlschemas/GpxExtensions/v3">
  <metadata>
    <link href="connect.garmin.com">
      <text>Garmin Connect</text>
    </link>
    <time>2026-08-22T14:37:05.000Z</time>
  </metadata>
  <trk>
    <name>Cancale Voile</name>
    <type>other</type>
    <trkseg>
      <trkpt lat="48.69931130670011043548583984375" lon="-1.8501193821430206298828125">
        <ele>7.599999904632568359375</ele>
        <time>2026-08-22T14:37:05.000Z</time>
        <extensions>
          <ns3:TrackPointExtension>
            <ns3:atemp>30.0</ns3:atemp>
            <ns3:hr>118</ns3:hr>
          </ns3:TrackPointExtension>
        </extensions>
      </trkpt>
      <trkpt lat="48.69930409826338291168212890625" lon="-1.850127764046192169189453125">
        <ele>7.599999904632568359375</ele>
        <time>2026-08-22T14:37:06.000Z</time>
        <extensions>
          <ns3:TrackPointExtension>
            <ns3:atemp>30.0</ns3:atemp>
            <ns3:hr>118</ns3:hr>
          </ns3:TrackPointExtension>
        </extensions>
      </trkpt>
      <trkpt lat="48.699273504316806793212890625" lon="-1.850124411284923553466796875">
        <ele>7.599999904632568359375</ele>
        <time>2026-08-22T14:37:10.000Z</time>
        <extensions>
          <ns3:TrackPointExtension>
            <ns3:atemp>30.0</ns3:atemp>
            <ns3:hr>118</ns3:hr>
          </ns3:TrackPointExtension>
        </extensions>
      </trkpt>
      <trkpt lat="48.6992709897458553314208984375" lon="-1.850143186748027801513671875">
        <ele>7.80000019073486328125</ele>
        <time>2026-08-22T14:37:14.000Z</time>
        <extensions>
          <ns3:TrackPointExtension>
            <ns3:atemp>30.0</ns3:atemp>
            <ns3:hr>117</ns3:hr>
          </ns3:TrackPointExtension>
        </extensions>
      </trkpt>
      <trkpt lat="48.69927140884101390838623046875" lon="-1.85014276765286922454833984375">
        <ele>7.80000019073486328125</ele>
        <time>2026-08-22T14:37:15.000Z</time>
        <extensions>
          <ns3:TrackPointExtension>
            <ns3:atemp>30.0</ns3:atemp>
            <ns3:hr>118</ns3:hr>
          </ns3:TrackPointExtension>
        </extensions>
      </trkpt>
      <trkpt lat="48.69928716681897640228271484375" lon="-1.85015232302248477935791015625">
        <ele>7.599999904632568359375</ele>
        <time>2026-08-22T14:37:20.000Z</time>
        <extensions>
          <ns3:TrackPointExtension>
            <ns3:atemp>30.0</ns3:atemp>
            <ns3:hr>118</ns3:hr>
          </ns3:TrackPointExtension>
        </extensions>
      </trkpt>
      <trkpt lat="48.6992874182760715484619140625" lon="-1.850160621106624603271484375">
        <ele>7.599999904632568359375</ele>
        <time>2026-08-22T14:37:25.000Z</time>
        <extensions>
          <ns3:TrackPointExtension>
            <ns3:atemp>30.0</ns3:atemp>
            <ns3:hr>118</ns3:hr>
          </ns3:TrackPointExtension>
        </extensions>
      </trkpt>
      <trkpt lat="48.69929772801697254180908203125" lon="-1.8501564301550388336181640625">
        <ele>7.19999980926513671875</ele>
        <time>2026-08-22T14:37:29.000Z</time>
        <extensions>
          <ns3:TrackPointExtension>
            <ns3:atemp>30.0</ns3:atemp>
            <ns3:hr>121</ns3:hr>
          </ns3:TrackPointExtension>
        </extensions>
      </trkpt>
      <trkpt lat="48.69930267333984375" lon="-1.85015450231730937957763671875">
        <ele>7.400000095367431640625</ele>
        <time>2026-08-22T14:37:32.000Z</time>
        <extensions>
          <ns3:TrackPointExtension>
            <ns3:atemp>30.0</ns3:atemp>
            <ns3:hr>120</ns3:hr>
          </ns3:TrackPointExtension>
        </extensions>
      </trkpt>
      <trkpt lat="48.69928322732448577880859375" lon="-1.85012348927557468414306640625">
        <ele>7.400000095367431640625</ele>
        <time>2026-08-22T14:37:38.000Z</time>
        <extensions>
          <ns3:TrackPointExtension>
            <ns3:atemp>30.0</ns3:atemp>
            <ns3:hr>119</ns3:hr>
          </ns3:TrackPointExtension>
        </extensions>
      </trkpt>
      <trkpt lat="48.69926973246037960052490234375" lon="-1.850121729075908660888671875">
        <ele>7.400000095367431640625</ele>
        <time>2026-08-22T14:37:43.000Z</time>
        <extensions>
          <ns3:TrackPointExtension>
            <ns3:atemp>30.0</ns3:atemp>
            <ns3:hr>120</ns3:hr>
          </ns3:TrackPointExtension>
        </extensions>
      </trkpt>
      <trkpt lat="48.69927140884101390838623046875" lon="-1.8501363135874271392822265625">
        <ele>7.400000095367431640625</ele>
        <time>2026-08-22T14:37:48.000Z</time>
        <extensions>
          <ns3:TrackPointExtension>
            <ns3:atemp>30.0</ns3:atemp>
            <ns3:hr>117</ns3:hr>
          </ns3:TrackPointExtension>
        </extensions>
      </trkpt>
      <trkpt lat="48.699281550943851470947265625" lon="-1.8501381576061248779296875">
        <ele>7.19999980926513671875</ele>
        <time>2026-08-22T14:37:50.000Z</time>
        <extensions>
          <ns3:TrackPointExtension>
            <ns3:atemp>30.0</ns3:atemp>
            <ns3:hr>118</ns3:hr>
          </ns3:TrackPointExtension>
        </extensions>
      </trkpt>
      <trkpt lat="48.69928934611380100250244140625" lon="-1.85011208988726139068603515625">
        <ele>7</ele>
        <time>2026-08-22T14:37:55.000Z</time>
        <extensions>
          <ns3:TrackPointExtension>
            <ns3:atemp>30.0</ns3:atemp>
            <ns3:hr>119</ns3:hr>
          </ns3:TrackPointExtension>
        </extensions>
      </trkpt>
      <trkpt lat="48.699298985302448272705078125" lon="-1.85011628083884716033935546875">
        <ele>7</ele>
        <time>2026-08-22T14:37:58.000Z</time>
        <extensions>
          <ns3:TrackPointExtension>
            <ns3:atemp>30.0</ns3:atemp>
            <ns3:hr>111</ns3:hr>
          </ns3:TrackPointExtension>
        </extensions>
      </trkpt>
      <trkpt lat="48.699310384690761566162109375" lon="-1.85012667439877986907958984375">
        <ele>6.80000019073486328125</ele>
        <time>2026-08-22T14:38:00.000Z</time>
        <extensions>
          <ns3:TrackPointExtension>
            <ns3:atemp>30.0</ns3:atemp>
            <ns3:hr>105</ns3:hr>
          </ns3:TrackPointExtension>
        </extensions>
      </trkpt>
      <trkpt lat="48.69930225424468517303466796875" lon="-1.8500952422618865966796875">
        <ele>7</ele>
        <time>2026-08-22T14:38:02.000Z</time>
        <extensions>
          <ns3:TrackPointExtension>
            <ns3:atemp>30.0</ns3:atemp>
            <ns3:hr>102</ns3:hr>
          </ns3:TrackPointExtension>
        </extensions>
      </trkpt>
      <trkpt lat="48.69929655455052852630615234375" lon="-1.85009666718542575836181640625">
        <ele>7.400000095367431640625</ele>
        <time>2026-08-22T14:38:06.000Z</time>
        <extensions>
          <ns3:TrackPointExtension>
            <ns3:atemp>30.0</ns3:atemp>
            <ns3:hr>101</ns3:hr>
          </ns3:TrackPointExtension>
        </extensions>
      </trkpt>
      <trkpt lat="48.69929387234151363372802734375" lon="-1.85010706074535846710205078125">
        <ele>7.400000095367431640625</ele>
        <time>2026-08-22T14:38:09.000Z</time>
        <extensions>
          <ns3:TrackPointExtension>
            <ns3:atemp>30.0</ns3:atemp>
            <ns3:hr>105</ns3:hr>
          </ns3:TrackPointExtension>
        </extensions>
      </trkpt>
      <trkpt lat="48.699301667511463165283203125" lon="-1.85012047179043292999267578125">
        <ele>7.19999980926513671875</ele>
        <time>2026-08-22T14:38:11.000Z</time>
        <extensions>
          <ns3:TrackPointExtension>
            <ns3:atemp>30.0</ns3:atemp>
            <ns3:hr>109</ns3:hr>
          </ns3:TrackPointExtension>
        </extensions>
      </trkpt>
      <trkpt lat="48.69931030087172985076904296875" lon="-1.85013069771230220794677734375">
        <ele>7</ele>
        <time>2026-08-22T14:38:13.000Z</time>
        <extensions>
          <ns3:TrackPointExtension>
            <ns3:atemp>30.0</ns3:atemp>
            <ns3:hr>116</ns3:hr>
          </ns3:TrackPointExtension>
        </extensions>
      </trkpt>
      <trkpt lat="48.699319772422313690185546875" lon="-1.85014394111931324005126953125">
        <ele>6.80000019073486328125</ele>
        <time>2026-08-22T14:38:15.000Z</time>
        <extensions>
          <ns3:TrackPointExtension>
            <ns3:atemp>30.0</ns3:atemp>
            <ns3:hr>120</ns3:hr>
          </ns3:TrackPointExtension>
        </extensions>
      </trkpt>
      <trkpt lat="48.69931851513683795928955078125" lon="-1.85011074878275394439697265625">
        <ele>6.80000019073486328125</ele>
        <time>2026-08-22T14:38:17.000Z</time>
        <extensions>
          <ns3:TrackPointExtension>
            <ns3:atemp>30.0</ns3:atemp>
            <ns3:hr>119</ns3:hr>
          </ns3:TrackPointExtension>
        </extensions>
      </trkpt>
      <trkpt lat="48.699328489601612091064453125" lon="-1.85009851120412349700927734375">
        <ele>6.599999904632568359375</ele>
        <time>2026-08-22T14:38:19.000Z</time>
        <extensions>
          <ns3:TrackPointExtension>
            <ns3:atemp>30.0</ns3:atemp>
            <ns3:hr>115</ns3:hr>
          </ns3:TrackPointExtension>
        </extensions>
      </trkpt>
      <trkpt lat="48.6993320100009441375732421875" lon="-1.8500930629670619964599609375">
        <ele>6.599999904632568359375</ele>
        <time>2026-08-22T14:38:20.000Z</time>
        <extensions>
          <ns3:TrackPointExtension>
            <ns3:atemp>30.0</ns3:atemp>
            <ns3:hr>109</ns3:hr>
          </ns3:TrackPointExtension>
        </extensions>
      </trkpt>
      <trkpt lat="48.6993320100009441375732421875" lon="-1.85009130276739597320556640625">
        <ele>6.599999904632568359375</ele>
        <time>2026-08-22T14:38:21.000Z</time>
        <extensions>
          <ns3:TrackPointExtension>
            <ns3:atemp>30.0</ns3:atemp>
            <ns3:hr>103</ns3:hr>
          </ns3:TrackPointExtension>
        </extensions>
      </trkpt>
      <trkpt lat="48.6993289925158023834228515625" lon="-1.85009398497641086578369140625">
        <ele>6.80000019073486328125</ele>
        <time>2026-08-22T14:38:24.000Z</time>
        <extensions>
          <ns3:TrackPointExtension>
            <ns3:atemp>30.0</ns3:atemp>
            <ns3:hr>100</ns3:hr>
          </ns3:TrackPointExtension>
        </extensions>
      </trkpt>
      <trkpt lat="48.69932622648775577545166015625" lon="-1.850096918642520904541015625">
        <ele>7</ele>
        <time>2026-08-22T14:38:25.000Z</time>
        <extensions>
          <ns3:TrackPointExtension>
            <ns3:atemp>30.0</ns3:atemp>
            <ns3:hr>99</ns3:hr>
          </ns3:TrackPointExtension>
        </extensions>
      </trkpt>
      <trkpt lat="48.69927358813583850860595703125" lon="-1.850148551166057586669921875">
        <ele>7.599999904632568359375</ele>
        <time>2026-08-22T14:38:29.000Z</time>
        <extensions>
          <ns3:TrackPointExtension>
            <ns3:atemp>30.0</ns3:atemp>
            <ns3:hr>96</ns3:hr>
          </ns3:TrackPointExtension>
        </extensions>
      </trkpt>
      <trkpt lat="48.699268810451030731201171875" lon="-1.8501462042331695556640625">
        <ele>7.599999904632568359375</ele>
        <time>2026-08-22T14:38:30.000Z</time>
        <extensions>
          <ns3:TrackPointExtension>
            <ns3:atemp>30.0</ns3:atemp>
            <ns3:hr>95</ns3:hr>
          </ns3:TrackPointExtension>
        </extensions>
      </trkpt>
      <trkpt lat="48.69928113184869289398193359375" lon="-1.85012139379978179931640625">
        <ele>7.19999980926513671875</ele>
        <time>2026-08-22T14:38:37.000Z</time>
        <extensions>
          <ns3:TrackPointExtension>
            <ns3:atemp>30.0</ns3:atemp>
            <ns3:hr>93</ns3:hr>
          </ns3:TrackPointExtension>
        </extensions>
      </trkpt>
      <trkpt lat="48.6992968060076236724853515625" lon="-1.8501021154224872589111328125">
        <ele>7.19999980926513671875</ele>
        <time>2026-08-22T14:38:39.000Z</time>
        <extensions>
          <ns3:TrackPointExtension>
            <ns3:atemp>31.0</ns3:atemp>
            <ns3:hr>92</ns3:hr>
          </ns3:TrackPointExtension>
        </extensions>
      </trkpt>
      <trkpt lat="48.69930066168308258056640625" lon="-1.85010069049894809722900390625">
        <ele>7.19999980926513671875</ele>
        <time>2026-08-22T14:38:43.000Z</time>
        <extensions>
          <ns3:TrackPointExtension>
            <ns3:atemp>30.0</ns3:atemp>
            <ns3:hr>93</ns3:hr>
          </ns3:TrackPointExtension>
        </extensions>
      </trkpt>
      <trkpt lat="48.69929672218859195709228515625" lon="-1.85010924004018306732177734375">
        <ele>7</ele>
        <time>2026-08-22T14:38:45.000Z</time>
        <extensions>
          <ns3:TrackPointExtension>
            <ns3:atemp>31.0</ns3:atemp>
            <ns3:hr>96</ns3:hr>
          </ns3:TrackPointExtension>
        </extensions>
      </trkpt>
      <trkpt lat="48.69929253123700618743896484375" lon="-1.850137822329998016357421875">
        <ele>7</ele>
        <time>2026-08-22T14:38:47.000Z</time>
        <extensions>
          <ns3:TrackPointExtension>
            <ns3:atemp>31.0</ns3:atemp>
            <ns3:hr>99</ns3:hr>
          </ns3:TrackPointExtension>
        </extensions>
      </trkpt>
      <trkpt lat="48.69928590953350067138671875" lon="-1.85015450231730937957763671875">
        <ele>7.19999980926513671875</ele>
        <time>2026-08-22T14:38:48.000Z</time>
        <extensions>
          <ns3:TrackPointExtension>
            <ns3:atemp>31.0</ns3:atemp>
            <ns3:hr>105</ns3:hr>
          </ns3:TrackPointExtension>
        </extensions>
      </trkpt>
      <trkpt lat="48.69927786290645599365234375" lon="-1.850161291658878326416015625">
        <ele>7.19999980926513671875</ele>
        <time>2026-08-22T14:38:49.000Z</time>
        <extensions>
          <ns3:TrackPointExtension>
            <ns3:atemp>30.0</ns3:atemp>
            <ns3:hr>107</ns3:hr>
          </ns3:TrackPointExtension>
        </extensions>
      </trkpt>
      <trkpt lat="48.69926587678492069244384765625" lon="-1.85015986673533916473388671875">
        <ele>7.80000019073486328125</ele>
        <time>2026-08-22T14:38:53.000Z</time>
        <extensions>
          <ns3:TrackPointExtension>
            <ns3:atemp>30.0</ns3:atemp>
            <ns3:hr>104</ns3:hr>
          </ns3:TrackPointExtension>
        </extensions>
      </trkpt>
      <trkpt lat="48.69926621206104755401611328125" lon="-1.85015969909727573394775390625">
        <ele>7.80000019073486328125</ele>
        <time>2026-08-22T14:38:54.000Z</time>
        <extensions>
          <ns3:TrackPointExtension>
            <ns3:atemp>31.0</ns3:atemp>
            <ns3:hr>101</ns3:hr>
          </ns3:TrackPointExtension>
        </extensions>
      </trkpt>
      <trkpt lat="48.69926252402365207672119140625" lon="-1.850159280002117156982421875">
        <ele>7.80000019073486328125</ele>
        <time>2026-08-22T14:38:55.000Z</time>
        <extensions>
          <ns3:TrackPointExtension>
            <ns3:atemp>31.0</ns3:atemp>
            <ns3:hr>101</ns3:hr>
          </ns3:TrackPointExtension>
        </extensions>
      </trkpt>
      <trkpt lat="48.69926713407039642333984375" lon="-1.850156597793102264404296875">
        <ele>7</ele>
        <time>2026-08-22T14:38:59.000Z</time>
        <extensions>
          <ns3:TrackPointExtension>
            <ns3:atemp>30.0</ns3:atemp>
            <ns3:hr>101</ns3:hr>
          </ns3:TrackPointExtension>
        </extensions>
      </trkpt>
      <trkpt lat="48.69926084764301776885986328125" lon="-1.85016992501914501190185546875">
        <ele>7.400000095367431640625</ele>
        <time>2026-08-22T14:39:02.000Z</time>
        <extensions>
          <ns3:TrackPointExtension>
            <ns3:atemp>30.0</ns3:atemp>
            <ns3:hr>105</ns3:hr>
          </ns3:TrackPointExtension>
        </extensions>
      </trkpt>
      <trkpt lat="48.699264787137508392333984375" lon="-1.850159280002117156982421875">
        <ele>7.599999904632568359375</ele>
        <time>2026-08-22T14:39:04.000Z</time>
        <extensions>
          <ns3:TrackPointExtension>
            <ns3:atemp>31.0</ns3:atemp>
            <ns3:hr>108</ns3:hr>
          </ns3:TrackPointExtension>
        </extensions>
      </trkpt>
      <trkpt lat="48.699266798794269561767578125" lon="-1.850156597793102264404296875">
        <ele>7.599999904632568359375</ele>
        <time>2026-08-22T14:39:05.000Z</time>
        <extensions>
          <ns3:TrackPointExtension>
            <ns3:atemp>31.0</ns3:atemp>
            <ns3:hr>107</ns3:hr>
          </ns3:TrackPointExtension>
        </extensions>
      </trkpt>
      <trkpt lat="48.6992629431188106536865234375" lon="-1.85016154311597347259521484375">
        <ele>7.599999904632568359375</ele>
        <time>2026-08-22T14:39:07.000Z</time>
        <extensions>
          <ns3:TrackPointExtension>
            <ns3:atemp>31.0</ns3:atemp>
            <ns3:hr>104</ns3:hr>
          </ns3:TrackPointExtension>
        </extensions>
      </trkpt>
      <trkpt lat="48.6992800422012805938720703125" lon="-1.850153915584087371826171875">
        <ele>7.400000095367431640625</ele>
        <time>2026-08-22T14:39:10.000Z</time>
        <extensions>
          <ns3:TrackPointExtension>
            <ns3:atemp>31.0</ns3:atemp>
            <ns3:hr>102</ns3:hr>
          </ns3:TrackPointExtension>
        </extensions>
      </trkpt>
      <trkpt lat="48.69928515516221523284912109375" lon="-1.85015358030796051025390625">
        <ele>7</ele>
        <time>2026-08-22T14:39:15.000Z</time>
        <extensions>
          <ns3:TrackPointExtension>
            <ns3:atemp>31.0</ns3:atemp>
            <ns3:hr>102</ns3:hr>
          </ns3:TrackPointExtension>
        </extensions>
      </trkpt>
      <trkpt lat="48.69927224703133106231689453125" lon="-1.8501480482518672943115234375">
        <ele>7.19999980926513671875</ele>
        <time>2026-08-22T14:39:21.000Z</time>
        <extensions>
          <ns3:TrackPointExtension>
            <ns3:atemp>31.0</ns3:atemp>
            <ns3:hr>96</ns3:hr>
          </ns3:TrackPointExtension>
        </extensions>
      </trkpt>
      <trkpt lat="48.69926872663199901580810546875" lon="-1.85015022754669189453125">
        <ele>7.19999980926513671875</ele>
        <time>2026-08-22T14:39:22.000Z</time>
        <extensions>
          <ns3:TrackPointExtension>
            <ns3:atemp>31.0</ns3:atemp>
            <ns3:hr>93</ns3:hr>
          </ns3:TrackPointExtension>
        </extensions>
      </trkpt>
      <trkpt lat="48.699245341122150421142578125" lon="-1.85014980845153331756591796875">
        <ele>7.19999980926513671875</ele>
        <time>2026-08-22T14:39:27.000Z</time>
        <extensions>
          <ns3:TrackPointExtension>
            <ns3:atemp>31.0</ns3:atemp>
            <ns3:hr>90</ns3:hr>
          </ns3:TrackPointExtension>
        </extensions>
      </trkpt>
      <trkpt lat="48.6992455087602138519287109375" lon="-1.8501413427293300628662109375">
        <ele>7.19999980926513671875</ele>
        <time>2026-08-22T14:39:29.000Z</time>
        <extensions>
          <ns3:TrackPointExtension>
            <ns3:atemp>31.0</ns3:atemp>
            <ns3:hr>90</ns3:hr>
          </ns3:TrackPointExtension>
        </extensions>
      </trkpt>
      <trkpt lat="48.6992589198052883148193359375" lon="-1.85013757087290287017822265625">
        <ele>7.400000095367431640625</ele>
        <time>2026-08-22T14:39:34.000Z</time>
        <extensions>
          <ns3:TrackPointExtension>
            <ns3:atemp>31.0</ns3:atemp>
            <ns3:hr>87</ns3:hr>
          </ns3:TrackPointExtension>
        </extensions>
      </trkpt>
      <trkpt lat="48.6992780305445194244384765625" lon="-1.85012273490428924560546875">
        <ele>7.400000095367431640625</ele>
        <time>2026-08-22T14:39:39.000Z</time>
        <extensions>
          <ns3:TrackPointExtension>
            <ns3:atemp>31.0</ns3:atemp>
            <ns3:hr>89</ns3:hr>
          </ns3:TrackPointExtension>
        </extensions>
      </trkpt>
      <trkpt lat="48.6992746777832508087158203125" lon="-1.8501128442585468292236328125">
        <ele>7.400000095367431640625</ele>
        <time>2026-08-22T14:39:40.000Z</time>
        <extensions>
          <ns3:TrackPointExtension>
            <ns3:atemp>31.0</ns3:atemp>
            <ns3:hr>92</ns3:hr>
          </ns3:TrackPointExtension>
        </extensions>
      </trkpt>
      <trkpt lat="48.6992696486413478851318359375" lon="-1.850108318030834197998046875">
        <ele>7.400000095367431640625</ele>
        <time>2026-08-22T14:39:41.000Z</time>
        <extensions>
          <ns3:TrackPointExtension>
            <ns3:atemp>31.0</ns3:atemp>
            <ns3:hr>95</ns3:hr>
          </ns3:TrackPointExtension>
        </extensions>
      </trkpt>
      <trkpt lat="48.69927140884101390838623046875" lon="-1.8501329608261585235595703125">
        <ele>7.400000095367431640625</ele>
        <time>2026-08-22T14:39:44.000Z</time>
        <extensions>
          <ns3:TrackPointExtension>
            <ns3:atemp>31.0</ns3:atemp>
            <ns3:hr>95</ns3:hr>
          </ns3:TrackPointExtension>
        </extensions>
      </trkpt>
      <trkpt lat="48.69927241466939449310302734375" lon="-1.8501302786171436309814453125">
        <ele>7.400000095367431640625</ele>
        <time>2026-08-22T14:39:45.000Z</time>
        <extensions>
          <ns3:TrackPointExtension>
            <ns3:atemp>31.0</ns3:atemp>
            <ns3:hr>98</ns3:hr>
          </ns3:TrackPointExtension>
        </extensions>
      </trkpt>
      <trkpt lat="48.69927526451647281646728515625" lon="-1.850113011896610260009765625">
        <ele>7.400000095367431640625</ele>
        <time>2026-08-22T14:39:47.000Z</time>
        <extensions>
          <ns3:TrackPointExtension>
            <ns3:atemp>31.0</ns3:atemp>
            <ns3:hr>101</ns3:hr>
          </ns3:TrackPointExtension>
        </extensions>
      </trkpt>
      <trkpt lat="48.69928331114351749420166015625" lon="-1.85010219924151897430419921875">
        <ele>7.400000095367431640625</ele>
        <time>2026-08-22T14:39:49.000Z</time>
        <extensions>
          <ns3:TrackPointExtension>
            <ns3:atemp>31.0</ns3:atemp>
            <ns3:hr>100</ns3:hr>
          </ns3:TrackPointExtension>
        </extensions>
      </trkpt>
      <trkpt lat="48.6992901004850864410400390625" lon="-1.85010974295437335968017578125">
        <ele>7.400000095367431640625</ele>
        <time>2026-08-22T14:39:51.000Z</time>
        <extensions>
          <ns3:TrackPointExtension>
            <ns3:atemp>31.0</ns3:atemp>
            <ns3:hr>103</ns3:hr>
          </ns3:TrackPointExtension>
        </extensions>
      </trkpt>
      <trkpt lat="48.699291609227657318115234375" lon="-1.8501166999340057373046875">
        <ele>7.400000095367431640625</ele>
        <time>2026-08-22T14:39:52.000Z</time>
        <extensions>
          <ns3:TrackPointExtension>
            <ns3:atemp>31.0</ns3:atemp>
            <ns3:hr>106</ns3:hr>
          </ns3:TrackPointExtension>
        </extensions>
      </trkpt>
      <trkpt lat="48.69930208660662174224853515625" lon="-1.8501148559153079986572265625">
        <ele>6.80000019073486328125</ele>
        <time>2026-08-22T14:39:55.000Z</time>
        <extensions>
          <ns3:TrackPointExtension>
            <ns3:atemp>31.0</ns3:atemp>
            <ns3:hr>107</ns3:hr>
          </ns3:TrackPointExtension>
        </extensions>
      </trkpt>
      <trkpt lat="48.699309714138507843017578125" lon="-1.850129105150699615478515625">
        <ele>6.80000019073486328125</ele>
        <time>2026-08-22T14:39:58.000Z</time>
        <extensions>
          <ns3:TrackPointExtension>
            <ns3:atemp>31.0</ns3:atemp>
            <ns3:hr>103</ns3:hr>
          </ns3:TrackPointExtension>
        </extensions>
      </trkpt>
      <trkpt lat="48.69929806329309940338134765625" lon="-1.85012541711330413818359375">
        <ele>6.80000019073486328125</ele>
        <time>2026-08-22T14:40:01.000Z</time>
        <extensions>
          <ns3:TrackPointExtension>
            <ns3:atemp>31.0</ns3:atemp>
            <ns3:hr>100</ns3:hr>
          </ns3:TrackPointExtension>
        </extensions>
      </trkpt>
      <trkpt lat="48.69929261505603790283203125" lon="-1.8501275964081287384033203125">
        <ele>6.80000019073486328125</ele>
        <time>2026-08-22T14:40:02.000Z</time>
        <extensions>
          <ns3:TrackPointExtension>
            <ns3:atemp>31.0</ns3:atemp>
            <ns3:hr>97</ns3:hr>
          </ns3:TrackPointExtension>
        </extensions>
      </trkpt>
      <trkpt lat="48.699289262294769287109375" lon="-1.850141175091266632080078125">
        <ele>6.80000019073486328125</ele>
        <time>2026-08-22T14:40:04.000Z</time>
        <extensions>
          <ns3:TrackPointExtension>
            <ns3:atemp>31.0</ns3:atemp>
            <ns3:hr>94</ns3:hr>
          </ns3:TrackPointExtension>
        </extensions>
      </trkpt>
      <trkpt lat="48.69929437525570392608642578125" lon="-1.8501436896622180938720703125">
        <ele>6.599999904632568359375</ele>
        <time>2026-08-22T14:40:06.000Z</time>
        <extensions>
          <ns3:TrackPointExtension>
            <ns3:atemp>31.0</ns3:atemp>
            <ns3:hr>91</ns3:hr>
          </ns3:TrackPointExtension>
        </extensions>
      </trkpt>
      <trkpt lat="48.69928632862865924835205078125" lon="-1.85016632080078125">
        <ele>6.599999904632568359375</ele>
        <time>2026-08-22T14:40:09.000Z</time>
        <extensions>
          <ns3:TrackPointExtension>
            <ns3:atemp>31.0</ns3:atemp>
            <ns3:hr>94</ns3:hr>
          </ns3:TrackPointExtension>
        </extensions>
      </trkpt>
      <trkpt lat="48.69928414933383464813232421875" lon="-1.850164644420146942138671875">
        <ele>6.599999904632568359375</ele>
        <time>2026-08-22T14:40:10.000Z</time>
        <extensions>
          <ns3:TrackPointExtension>
            <ns3:atemp>31.0</ns3:atemp>
            <ns3:hr>97</ns3:hr>
          </ns3:TrackPointExtension>
        </extensions>
      </trkpt>
      <trkpt lat="48.6992880888283252716064453125" lon="-1.85016741044819355010986328125">
        <ele>6.599999904632568359375</ele>
        <time>2026-08-22T14:40:11.000Z</time>
        <extensions>
          <ns3:TrackPointExtension>
            <ns3:atemp>31.0</ns3:atemp>
            <ns3:hr>100</ns3:hr>
          </ns3:TrackPointExtension>
        </extensions>
      </trkpt>
      <trkpt lat="48.699288927018642425537109375" lon="-1.8501721881330013275146484375">
        <ele>6.80000019073486328125</ele>
        <time>2026-08-22T14:40:13.000Z</time>
        <extensions>
          <ns3:TrackPointExtension>
            <ns3:atemp>31.0</ns3:atemp>
            <ns3:hr>103</ns3:hr>
          </ns3:TrackPointExtension>
        </extensions>
      </trkpt>
      <trkpt lat="48.6992800422012805938720703125" lon="-1.85018300078809261322021484375">
        <ele>6.599999904632568359375</ele>
        <time>2026-08-22T14:40:16.000Z</time>
        <extensions>
          <ns3:TrackPointExtension>
            <ns3:atemp>31.0</ns3:atemp>
            <ns3:hr>100</ns3:hr>
          </ns3:TrackPointExtension>
        </extensions>
      </trkpt>
      <trkpt lat="48.6992763541638851165771484375" lon="-1.85018165968358516693115234375">
        <ele>6.599999904632568359375</ele>
        <time>2026-08-22T14:40:17.000Z</time>
        <extensions>
          <ns3:TrackPointExtension>
            <ns3:atemp>31.0</ns3:atemp>
            <ns3:hr>98</ns3:hr>
          </ns3:TrackPointExtension>
        </extensions>
      </trkpt>
      <trkpt lat="48.6992921121418476104736328125" lon="-1.85017696581780910491943359375">
        <ele>6.599999904632568359375</ele>
        <time>2026-08-22T14:40:20.000Z</time>
        <extensions>
          <ns3:TrackPointExtension>
            <ns3:atemp>31.0</ns3:atemp>
            <ns3:hr>95</ns3:hr>
          </ns3:TrackPointExtension>
        </extensions>
      </trkpt>
      <trkpt lat="48.69930761866271495819091796875" lon="-1.85016472823917865753173828125">
        <ele>6.80000019073486328125</ele>
        <time>2026-08-22T14:40:23.000Z</time>
        <extensions>
          <ns3:TrackPointExtension>
            <ns3:atemp>31.0</ns3:atemp>
            <ns3:hr>94</ns3:hr>
          </ns3:TrackPointExtension>
        </extensions>
      </trkpt>
      <trkpt lat="48.6993118934333324432373046875" lon="-1.85015483759343624114990234375">
        <ele>6.80000019073486328125</ele>
        <time>2026-08-22T14:40:25.000Z</time>
        <extensions>
          <ns3:TrackPointExtension>
            <ns3:atemp>31.0</ns3:atemp>
            <ns3:hr>98</ns3:hr>
          </ns3:TrackPointExtension>
        </extensions>
      </trkpt>
      <trkpt lat="48.69931415654718875885009765625" lon="-1.850142516195774078369140625">
        <ele>7</ele>
        <time>2026-08-22T14:40:29.000Z</time>
        <extensions>
          <ns3:TrackPointExtension>
            <ns3:atemp>31.0</ns3:atemp>
            <ns3:hr>101</ns3:hr>
          </ns3:TrackPointExtension>
        </extensions>
      </trkpt>
      <trkpt lat="48.6993018351495265960693359375" lon="-1.85012047179043292999267578125">
        <ele>6.80000019073486328125</ele>
        <time>2026-08-22T14:40:35.000Z</time>
        <extensions>
          <ns3:TrackPointExtension>
            <ns3:atemp>31.0</ns3:atemp>
            <ns3:hr>100</ns3:hr>
          </ns3:TrackPointExtension>
        </extensions>
      </trkpt>
      <trkpt lat="48.69927241466939449310302734375" lon="-1.8501339666545391082763671875">
        <ele>7</ele>
        <time>2026-08-22T14:40:39.000Z</time>
        <extensions>
          <ns3:TrackPointExtension>
            <ns3:atemp>31.0</ns3:atemp>
            <ns3:hr>103</ns3:hr>
          </ns3:TrackPointExtension>
        </extensions>
      </trkpt>
      <trkpt lat="48.69925095699727535247802734375" lon="-1.8501336313784122467041015625">
        <ele>7.19999980926513671875</ele>
        <time>2026-08-22T14:40:41.000Z</time>
        <extensions>
          <ns3:TrackPointExtension>
            <ns3:atemp>31.0</ns3:atemp>
            <ns3:hr>103</ns3:hr>
          </ns3:TrackPointExtension>
        </extensions>
      </trkpt>
      <trkpt lat="48.6992451734840869903564453125" lon="-1.8501366488635540008544921875">
        <ele>7.599999904632568359375</ele>
        <time>2026-08-22T14:40:45.000Z</time>
        <extensions>
          <ns3:TrackPointExtension>
            <ns3:atemp>31.0</ns3:atemp>
            <ns3:hr>107</ns3:hr>
          </ns3:TrackPointExtension>
        </extensions>
      </trkpt>
      <trkpt lat="48.6992431618273258209228515625" lon="-1.8501353077590465545654296875">
        <ele>7.599999904632568359375</ele>
        <time>2026-08-22T14:40:46.000Z</time>
        <extensions>
          <ns3:TrackPointExtension>
            <ns3:atemp>31.0</ns3:atemp>
            <ns3:hr>107</ns3:hr>
          </ns3:TrackPointExtension>
        </extensions>
      </trkpt>
      <trkpt lat="48.6992505379021167755126953125" lon="-1.8501530773937702178955078125">
        <ele>7.599999904632568359375</ele>
        <time>2026-08-22T14:40:48.000Z</time>
        <extensions>
          <ns3:TrackPointExtension>
            <ns3:atemp>31.0</ns3:atemp>
            <ns3:hr>110</ns3:hr>
          </ns3:TrackPointExtension>
        </extensions>
      </trkpt>
      <trkpt lat="48.6992284096777439117431640625" lon="-1.850150562822818756103515625">
        <ele>7.19999980926513671875</ele>
        <time>2026-08-22T14:40:52.000Z</time>
        <extensions>
          <ns3:TrackPointExtension>
            <ns3:atemp>31.0</ns3:atemp>
            <ns3:hr>108</ns3:hr>
          </ns3:TrackPointExtension>
        </extensions>
      </trkpt>
      <trkpt lat="48.69922463782131671905517578125" lon="-1.8501322902739048004150390625">
        <ele>7.19999980926513671875</ele>
        <time>2026-08-22T14:40:54.000Z</time>
        <extensions>
          <ns3:TrackPointExtension>
            <ns3:atemp>31.0</ns3:atemp>
            <ns3:hr>108</ns3:hr>
          </ns3:TrackPointExtension>
        </extensions>
      </trkpt>
      <trkpt lat="48.69922849349677562713623046875" lon="-1.85007370077073574066162109375">
        <ele>7.400000095367431640625</ele>
        <time>2026-08-22T14:40:57.000Z</time>
        <extensions>
          <ns3:TrackPointExtension>
            <ns3:atemp>31.0</ns3:atemp>
            <ns3:hr>107</ns3:hr>
          </ns3:TrackPointExtension>
        </extensions>
      </trkpt>
      <trkpt lat="48.6992153339087963104248046875" lon="-1.8500132672488689422607421875">
        <ele>7.599999904632568359375</ele>
        <time>2026-08-22T14:41:01.000Z</time>
        <extensions>
          <ns3:TrackPointExtension>
            <ns3:atemp>31.0</ns3:atemp>
            <ns3:hr>105</ns3:hr>
          </ns3:TrackPointExtension>
        </extensions>
      </trkpt>
      <trkpt lat="48.6992076225578784942626953125" lon="-1.8500005267560482025146484375">
        <ele>7.599999904632568359375</ele>
        <time>2026-08-22T14:41:02.000Z</time>
        <extensions>
          <ns3:TrackPointExtension>
            <ns3:atemp>31.0</ns3:atemp>
            <ns3:hr>106</ns3:hr>
          </ns3:TrackPointExtension>
        </extensions>
      </trkpt>
      <trkpt lat="48.6991806328296661376953125" lon="-1.8499723635613918304443359375">
        <ele>7.19999980926513671875</ele>
        <time>2026-08-22T14:41:05.000Z</time>
        <extensions>
          <ns3:TrackPointExtension>
            <ns3:atemp>31.0</ns3:atemp>
            <ns3:hr>108</ns3:hr>
          </ns3:TrackPointExtension>
        </extensions>
      </trkpt>
      <trkpt lat="48.6991724185645580291748046875" lon="-1.84994394890964031219482421875">
        <ele>7</ele>
        <time>2026-08-22T14:41:07.000Z</time>
        <extensions>
          <ns3:TrackPointExtension>
            <ns3:atemp>31.0</ns3:atemp>
            <ns3:hr>108</ns3:hr>
          </ns3:TrackPointExtension>
        </extensions>
      </trkpt>
      <trkpt lat="48.6991751007735729217529296875" lon="-1.84987454675137996673583984375">
        <ele>6.599999904632568359375</ele>
        <time>2026-08-22T14:41:11.000Z</time>
        <extensions>
          <ns3:TrackPointExtension>
            <ns3:atemp>31.0</ns3:atemp>
            <ns3:hr>105</ns3:hr>
          </ns3:TrackPointExtension>
        </extensions>
      </trkpt>
      <trkpt lat="48.6991828121244907379150390625" lon="-1.84986046515405178070068359375">
        <ele>6.599999904632568359375</ele>
        <time>2026-08-22T14:41:12.000Z</time>
        <extensions>
          <ns3:TrackPointExtension>
            <ns3:atemp>31.0</ns3:atemp>
            <ns3:hr>103</ns3:hr>
          </ns3:TrackPointExtension>
        </extensions>
      </trkpt>
      <trkpt lat="48.699192702770233154296875" lon="-1.84984185732901096343994140625">
        <ele>6.400000095367431640625</ele>
        <time>2026-08-22T14:41:13.000Z</time>
        <extensions>
          <ns3:TrackPointExtension>
            <ns3:atemp>31.0</ns3:atemp>
            <ns3:hr>102</ns3:hr>
          </ns3:TrackPointExtension>
        </extensions>
      </trkpt>
      <trkpt lat="48.69921022094786167144775390625" lon="-1.84980313293635845184326171875">
        <ele>6</ele>
        <time>2026-08-22T14:41:16.000Z</time>
        <extensions>
          <ns3:TrackPointExtension>
            <ns3:atemp>31.0</ns3:atemp>
            <ns3:hr>100</ns3:hr>
          </ns3:TrackPointExtension>
        </extensions>
      </trkpt>
      <trkpt lat="48.69920921511948108673095703125" lon="-1.84978854842483997344970703125">
        <ele>5.80000019073486328125</ele>
        <time>2026-08-22T14:41:17.000Z</time>
        <extensions>
          <ns3:TrackPointExtension>
            <ns3:atemp>31.0</ns3:atemp>
            <ns3:hr>100</ns3:hr>
          </ns3:TrackPointExtension>
        </extensions>
      </trkpt>
      <trkpt lat="48.69923352263867855072021484375" lon="-1.84979072771966457366943359375">
        <ele>6</ele>
        <time>2026-08-22T14:41:21.000Z</time>
        <extensions>
          <ns3:TrackPointExtension>
            <ns3:atemp>31.0</ns3:atemp>
            <ns3:hr>103</ns3:hr>
          </ns3:TrackPointExtension>
        </extensions>
      </trkpt>
      <trkpt lat="48.6992334388196468353271484375" lon="-1.8497939966619014739990234375">
        <ele>6.19999980926513671875</ele>
        <time>2026-08-22T14:41:23.000Z</time>
        <extensions>
          <ns3:TrackPointExtension>
            <ns3:atemp>31.0</ns3:atemp>
            <ns3:hr>106</ns3:hr>
          </ns3:TrackPointExtension>
        </extensions>
      </trkpt>
      <trkpt lat="48.6992334388196468353271484375" lon="-1.8497939966619014739990234375">
        <ele>5.80000019073486328125</ele>
        <time>2026-08-22T14:41:27.000Z</time>
        <extensions>
          <ns3:TrackPointExtension>
            <ns3:atemp>31.0</ns3:atemp>
            <ns3:hr>106</ns3:hr>
          </ns3:TrackPointExtension>
        </extensions>
      </trkpt>
      <trkpt lat="48.6992334388196468353271484375" lon="-1.8497939966619014739990234375">
        <ele>6</ele>
        <time>2026-08-22T14:41:32.000Z</time>
        <extensions>
          <ns3:TrackPointExtension>
            <ns3:atemp>31.0</ns3:atemp>
            <ns3:hr>106</ns3:hr>
          </ns3:TrackPointExtension>
        </extensions>
      </trkpt>
      <trkpt lat="48.6992334388196468353271484375" lon="-1.8497939966619014739990234375">
        <ele>6</ele>
        <time>2026-08-22T14:41:36.000Z</time>
        <extensions>
          <ns3:TrackPointExtension>
            <ns3:atemp>31.0</ns3:atemp>
            <ns3:hr>107</ns3:hr>
          </ns3:TrackPointExtension>
        </extensions>
      </trkpt>
      <trkpt lat="48.6992334388196468353271484375" lon="-1.8497939966619014739990234375">
        <ele>5.599999904632568359375</ele>
        <time>2026-08-22T14:41:41.000Z</time>
        <extensions>
          <ns3:TrackPointExtension>
            <ns3:atemp>31.0</ns3:atemp>
            <ns3:hr>108</ns3:hr>
          </ns3:TrackPointExtension>
        </extensions>
      </trkpt>
      <trkpt lat="48.6992334388196468353271484375" lon="-1.8497939966619014739990234375">
        <ele>5.599999904632568359375</ele>
        <time>2026-08-22T14:41:44.000Z</time>
        <extensions>
          <ns3:TrackPointExtension>
            <ns3:atemp>31.0</ns3:atemp>
            <ns3:hr>108</ns3:hr>
          </ns3:TrackPointExtension>
        </extensions>
      </trkpt>
      <trkpt lat="48.69922799058258533477783203125" lon="-1.84982107020914554595947265625">
        <ele>5.599999904632568359375</ele>
        <time>2026-08-22T14:41:49.000Z</time>
        <extensions>
          <ns3:TrackPointExtension>
            <ns3:atemp>31.0</ns3:atemp>
            <ns3:hr>107</ns3:hr>
          </ns3:TrackPointExtension>
        </extensions>
      </trkpt>
      <trkpt lat="48.6992374621331691741943359375" lon="-1.84980715624988079071044921875">
        <ele>5.80000019073486328125</ele>
        <time>2026-08-22T14:41:56.000Z</time>
        <extensions>
          <ns3:TrackPointExtension>
            <ns3:atemp>31.0</ns3:atemp>
            <ns3:hr>108</ns3:hr>
          </ns3:TrackPointExtension>
        </extensions>
      </trkpt>
      <trkpt lat="48.69923938997089862823486328125" lon="-1.84979994781315326690673828125">
        <ele>6</ele>
        <time>2026-08-22T14:42:02.000Z</time>
        <extensions>
          <ns3:TrackPointExtension>
            <ns3:atemp>31.0</ns3:atemp>
            <ns3:hr>106</ns3:hr>
          </ns3:TrackPointExtension>
        </extensions>
      </trkpt>
      <trkpt lat="48.69923628866672515869140625" lon="-1.84980296529829502105712890625">
        <ele>6</ele>
        <time>2026-08-22T14:42:03.000Z</time>
        <extensions>
          <ns3:TrackPointExtension>
            <ns3:atemp>31.0</ns3:atemp>
            <ns3:hr>97</ns3:hr>
          </ns3:TrackPointExtension>
        </extensions>
      </trkpt>
      <trkpt lat="48.69923570193350315093994140625" lon="-1.84980221092700958251953125">
        <ele>6</ele>
        <time>2026-08-22T14:42:04.000Z</time>
        <extensions>
          <ns3:TrackPointExtension>
            <ns3:atemp>31.0</ns3:atemp>
            <ns3:hr>94</ns3:hr>
          </ns3:TrackPointExtension>
        </extensions>
      </trkpt>
      <trkpt lat="48.69923469610512256622314453125" lon="-1.84980279766023159027099609375">
        <ele>6</ele>
        <time>2026-08-22T14:42:05.000Z</time>
        <extensions>
          <ns3:TrackPointExtension>
            <ns3:atemp>31.0</ns3:atemp>
            <ns3:hr>90</ns3:hr>
          </ns3:TrackPointExtension>
        </extensions>
      </trkpt>
      <trkpt lat="48.6992334388196468353271484375" lon="-1.8497939966619014739990234375">
        <ele>6</ele>
        <time>2026-08-22T14:42:12.000Z</time>
        <extensions>
          <ns3:TrackPointExtension>
            <ns3:atemp>31.0</ns3:atemp>
            <ns3:hr>89</ns3:hr>
          </ns3:TrackPointExtension>
        </extensions>
      </trkpt>
      <trkpt lat="48.6992334388196468353271484375" lon="-1.8497939966619014739990234375">
        <ele>6</ele>
        <time>2026-08-22T14:42:20.000Z</time>
        <extensions>
          <ns3:TrackPointExtension>
            <ns3:atemp>31.0</ns3:atemp>
            <ns3:hr>94</ns3:hr>
          </ns3:TrackPointExtension>
        </extensions>
      </trkpt>
      <trkpt lat="48.6992503702640533447265625" lon="-1.8497975170612335205078125">
        <ele>5.80000019073486328125</ele>
        <time>2026-08-22T14:42:24.000Z</time>
        <extensions>
          <ns3:TrackPointExtension>
            <ns3:atemp>31.0</ns3:atemp>
            <ns3:hr>97</ns3:hr>
          </ns3:TrackPointExtension>
        </extensions>
      </trkpt>
      <trkpt lat="48.69925464503467082977294921875" lon="-1.8497963435947895050048828125">
        <ele>5.80000019073486328125</ele>
        <time>2026-08-22T14:42:25.000Z</time>
        <extensions>
          <ns3:TrackPointExtension>
            <ns3:atemp>31.0</ns3:atemp>
            <ns3:hr>98</ns3:hr>
          </ns3:TrackPointExtension>
        </extensions>
      </trkpt>
      <trkpt lat="48.699246011674404144287109375" lon="-1.84982006438076496124267578125">
        <ele>5.400000095367431640625</ele>
        <time>2026-08-22T14:42:31.000Z</time>
        <extensions>
          <ns3:TrackPointExtension>
            <ns3:atemp>31.0</ns3:atemp>
            <ns3:hr>99</ns3:hr>
          </ns3:TrackPointExtension>
        </extensions>
      </trkpt>
      <trkpt lat="48.69925883598625659942626953125" lon="-1.8498174659907817840576171875">
        <ele>5.19999980926513671875</ele>
        <time>2026-08-22T14:42:33.000Z</time>
        <extensions>
          <ns3:TrackPointExtension>
            <ns3:atemp>31.0</ns3:atemp>
            <ns3:hr>102</ns3:hr>
          </ns3:TrackPointExtension>
        </extensions>
      </trkpt>
      <trkpt lat="48.69924894534051418304443359375" lon="-1.84981805272400379180908203125">
        <ele>5.400000095367431640625</ele>
        <time>2026-08-22T14:42:38.000Z</time>
        <extensions>
          <ns3:TrackPointExtension>
            <ns3:atemp>31.0</ns3:atemp>
            <ns3:hr>103</ns3:hr>
          </ns3:TrackPointExtension>
        </extensions>
      </trkpt>
      <trkpt lat="48.69924559257924556732177734375" lon="-1.84981285594403743743896484375">
        <ele>5.400000095367431640625</ele>
        <time>2026-08-22T14:42:39.000Z</time>
        <extensions>
          <ns3:TrackPointExtension>
            <ns3:atemp>31.0</ns3:atemp>
            <ns3:hr>100</ns3:hr>
          </ns3:TrackPointExtension>
        </extensions>
      </trkpt>
      <trkpt lat="48.69924123398959636688232421875" lon="-1.8498084135353565216064453125">
        <ele>5.19999980926513671875</ele>
        <time>2026-08-22T14:42:40.000Z</time>
        <extensions>
          <ns3:TrackPointExtension>
            <ns3:atemp>31.0</ns3:atemp>
            <ns3:hr>99</ns3:hr>
          </ns3:TrackPointExtension>
        </extensions>
      </trkpt>
      <trkpt lat="48.69924341328442096710205078125" lon="-1.84979022480547428131103515625">
        <ele>5.400000095367431640625</ele>
        <time>2026-08-22T14:42:44.000Z</time>
        <extensions>
          <ns3:TrackPointExtension>
            <ns3:atemp>31.0</ns3:atemp>
            <ns3:hr>98</ns3:hr>
          </ns3:TrackPointExtension>
        </extensions>
      </trkpt>
      <trkpt lat="48.69922614656388759613037109375" lon="-1.84980883263051509857177734375">
        <ele>5.599999904632568359375</ele>
        <time>2026-08-22T14:42:50.000Z</time>
        <extensions>
          <ns3:TrackPointExtension>
            <ns3:atemp>31.0</ns3:atemp>
            <ns3:hr>106</ns3:hr>
          </ns3:TrackPointExtension>
        </extensions>
      </trkpt>
      <trkpt lat="48.6992290802299976348876953125" lon="-1.8498053960502147674560546875">
        <ele>5.80000019073486328125</ele>
        <time>2026-08-22T14:42:51.000Z</time>
        <extensions>
          <ns3:TrackPointExtension>
            <ns3:atemp>31.0</ns3:atemp>
            <ns3:hr>114</ns3:hr>
          </ns3:TrackPointExtension>
        </extensions>
      </trkpt>
      <trkpt lat="48.699229247868061065673828125" lon="-1.8498057313263416290283203125">
        <ele>5.80000019073486328125</ele>
        <time>2026-08-22T14:42:52.000Z</time>
        <extensions>
          <ns3:TrackPointExtension>
            <ns3:atemp>31.0</ns3:atemp>
            <ns3:hr>117</ns3:hr>
          </ns3:TrackPointExtension>
        </extensions>
      </trkpt>
      <trkpt lat="48.6992300860583782196044921875" lon="-1.849805228412151336669921875">
        <ele>6</ele>
        <time>2026-08-22T14:42:54.000Z</time>
        <extensions>
          <ns3:TrackPointExtension>
            <ns3:atemp>31.0</ns3:atemp>
            <ns3:hr>120</ns3:hr>
          </ns3:TrackPointExtension>
        </extensions>
      </trkpt>
      <trkpt lat="48.69924710132181644439697265625" lon="-1.84981704689562320709228515625">
        <ele>5.80000019073486328125</ele>
        <time>2026-08-22T14:42:58.000Z</time>
        <extensions>
          <ns3:TrackPointExtension>
            <ns3:atemp>31.0</ns3:atemp>
            <ns3:hr>123</ns3:hr>
          </ns3:TrackPointExtension>
        </extensions>
      </trkpt>
      <trkpt lat="48.69924274273216724395751953125" lon="-1.84980799444019794464111328125">
        <ele>5.599999904632568359375</ele>
        <time>2026-08-22T14:42:59.000Z</time>
        <extensions>
          <ns3:TrackPointExtension>
            <ns3:atemp>31.0</ns3:atemp>
            <ns3:hr>121</ns3:hr>
          </ns3:TrackPointExtension>
        </extensions>
      </trkpt>
      <trkpt lat="48.6992478556931018829345703125" lon="-1.84979240410029888153076171875">
        <ele>5.19999980926513671875</ele>
        <time>2026-08-22T14:43:06.000Z</time>
        <extensions>
          <ns3:TrackPointExtension>
            <ns3:atemp>31.0</ns3:atemp>
            <ns3:hr>120</ns3:hr>
          </ns3:TrackPointExtension>
        </extensions>
      </trkpt>
      <trkpt lat="48.699241988360881805419921875" lon="-1.84978150762617588043212890625">
        <ele>5.400000095367431640625</ele>
        <time>2026-08-22T14:43:09.000Z</time>
        <extensions>
          <ns3:TrackPointExtension>
            <ns3:atemp>31.0</ns3:atemp>
            <ns3:hr>116</ns3:hr>
          </ns3:TrackPointExtension>
        </extensions>
      </trkpt>
      <trkpt lat="48.699235953390598297119140625" lon="-1.84974898584187030792236328125">
        <ele>5.599999904632568359375</ele>
        <time>2026-08-22T14:43:11.000Z</time>
        <extensions>
          <ns3:TrackPointExtension>
            <ns3:atemp>31.0</ns3:atemp>
            <ns3:hr>114</ns3:hr>
          </ns3:TrackPointExtension>
        </extensions>
      </trkpt>
      <trkpt lat="48.69924307800829410552978515625" lon="-1.8496226705610752105712890625">
        <ele>5.80000019073486328125</ele>
        <time>2026-08-22T14:43:17.000Z</time>
        <extensions>
          <ns3:TrackPointExtension>
            <ns3:atemp>31.0</ns3:atemp>
            <ns3:hr>113</ns3:hr>
          </ns3:TrackPointExtension>
        </extensions>
      </trkpt>
      <trkpt lat="48.69925774633884429931640625" lon="-1.84952787123620510101318359375">
        <ele>4.400000095367431640625</ele>
        <time>2026-08-22T14:43:22.000Z</time>
        <extensions>
          <ns3:TrackPointExtension>
            <ns3:atemp>31.0</ns3:atemp>
            <ns3:hr>110</ns3:hr>
          </ns3:TrackPointExtension>
        </extensions>
      </trkpt>
      <trkpt lat="48.699262440204620361328125" lon="-1.8495066650211811065673828125">
        <ele>4.400000095367431640625</ele>
        <time>2026-08-22T14:43:23.000Z</time>
        <extensions>
          <ns3:TrackPointExtension>
            <ns3:atemp>32.0</ns3:atemp>
            <ns3:hr>110</ns3:hr>
          </ns3:TrackPointExtension>
        </extensions>
      </trkpt>
      <trkpt lat="48.69926202110946178436279296875" lon="-1.849491409957408905029296875">
        <ele>4.19999980926513671875</ele>
        <time>2026-08-22T14:43:24.000Z</time>
        <extensions>
          <ns3:TrackPointExtension>
            <ns3:atemp>31.0</ns3:atemp>
            <ns3:hr>110</ns3:hr>
          </ns3:TrackPointExtension>
        </extensions>
      </trkpt>
      <trkpt lat="48.69925816543400287628173828125" lon="-1.84942142106592655181884765625">
        <ele>3.599999904632568359375</ele>
        <time>2026-08-22T14:43:28.000Z</time>
        <extensions>
          <ns3:TrackPointExtension>
            <ns3:atemp>31.0</ns3:atemp>
            <ns3:hr>106</ns3:hr>
          </ns3:TrackPointExtension>
        </extensions>
      </trkpt>
      <trkpt lat="48.69925900362432003021240234375" lon="-1.8493997119367122650146484375">
        <ele>3.599999904632568359375</ele>
        <time>2026-08-22T14:43:29.000Z</time>
        <extensions>
          <ns3:TrackPointExtension>
            <ns3:atemp>32.0</ns3:atemp>
            <ns3:hr>106</ns3:hr>
          </ns3:TrackPointExtension>
        </extensions>
      </trkpt>
      <trkpt lat="48.69926386512815952301025390625" lon="-1.84936542995274066925048828125">
        <ele>3.400000095367431640625</ele>
        <time>2026-08-22T14:43:31.000Z</time>
        <extensions>
          <ns3:TrackPointExtension>
            <ns3:atemp>31.0</ns3:atemp>
            <ns3:hr>109</ns3:hr>
          </ns3:TrackPointExtension>
        </extensions>
      </trkpt>
      <trkpt lat="48.69926269166171550750732421875" lon="-1.84934866614639759063720703125">
        <ele>3.2000000476837158203125</ele>
        <time>2026-08-22T14:43:32.000Z</time>
        <extensions>
          <ns3:TrackPointExtension>
            <ns3:atemp>31.0</ns3:atemp>
            <ns3:hr>106</ns3:hr>
          </ns3:TrackPointExtension>
        </extensions>
      </trkpt>
      <trkpt lat="48.69925908744335174560546875" lon="-1.849328465759754180908203125">
        <ele>3.2000000476837158203125</ele>
        <time>2026-08-22T14:43:33.000Z</time>
        <extensions>
          <ns3:TrackPointExtension>
            <ns3:atemp>32.0</ns3:atemp>
            <ns3:hr>102</ns3:hr>
          </ns3:TrackPointExtension>
        </extensions>
      </trkpt>
      <trkpt lat="48.69926084764301776885986328125" lon="-1.849306337535381317138671875">
        <ele>3</ele>
        <time>2026-08-22T14:43:34.000Z</time>
        <extensions>
          <ns3:TrackPointExtension>
            <ns3:atemp>31.0</ns3:atemp>
            <ns3:hr>97</ns3:hr>
          </ns3:TrackPointExtension>
        </extensions>
      </trkpt>
      <trkpt lat="48.69925816543400287628173828125" lon="-1.84927809052169322967529296875">
        <ele>3</ele>
        <time>2026-08-22T14:43:36.000Z</time>
        <extensions>
          <ns3:TrackPointExtension>
            <ns3:atemp>32.0</ns3:atemp>
            <ns3:hr>97</ns3:hr>
          </ns3:TrackPointExtension>
        </extensions>
      </trkpt>
      <trkpt lat="48.69926805607974529266357421875" lon="-1.84920231811702251434326171875">
        <ele>2.400000095367431640625</ele>
        <time>2026-08-22T14:43:41.000Z</time>
        <extensions>
          <ns3:TrackPointExtension>
            <ns3:atemp>32.0</ns3:atemp>
            <ns3:hr>99</ns3:hr>
          </ns3:TrackPointExtension>
        </extensions>
      </trkpt>
      <trkpt lat="48.699262775480747222900390625" lon="-1.8491859734058380126953125">
        <ele>2.2000000476837158203125</ele>
        <time>2026-08-22T14:43:42.000Z</time>
        <extensions>
          <ns3:TrackPointExtension>
            <ns3:atemp>32.0</ns3:atemp>
            <ns3:hr>99</ns3:hr>
          </ns3:TrackPointExtension>
        </extensions>
      </trkpt>
      <trkpt lat="48.69925665669143199920654296875" lon="-1.8491851352155208587646484375">
        <ele>2.400000095367431640625</ele>
        <time>2026-08-22T14:43:48.000Z</time>
        <extensions>
          <ns3:TrackPointExtension>
            <ns3:atemp>32.0</ns3:atemp>
            <ns3:hr>102</ns3:hr>
          </ns3:TrackPointExtension>
        </extensions>
      </trkpt>
      <trkpt lat="48.69926252402365207672119140625" lon="-1.84919259510934352874755859375">
        <ele>2.400000095367431640625</ele>
        <time>2026-08-22T14:43:52.000Z</time>
        <extensions>
          <ns3:TrackPointExtension>
            <ns3:atemp>32.0</ns3:atemp>
            <ns3:hr>104</ns3:hr>
          </ns3:TrackPointExtension>
        </extensions>
      </trkpt>
      <trkpt lat="48.6992733366787433624267578125" lon="-1.84918538667261600494384765625">
        <ele>1.7999999523162841796875</ele>
        <time>2026-08-22T14:43:59.000Z</time>
        <extensions>
          <ns3:TrackPointExtension>
            <ns3:atemp>32.0</ns3:atemp>
            <ns3:hr>104</ns3:hr>
          </ns3:TrackPointExtension>
        </extensions>
      </trkpt>
      <trkpt lat="48.6992776952683925628662109375" lon="-1.849186979234218597412109375">
        <ele>1.7999999523162841796875</ele>
        <time>2026-08-22T14:44:02.000Z</time>
        <extensions>
          <ns3:TrackPointExtension>
            <ns3:atemp>32.0</ns3:atemp>
            <ns3:hr>98</ns3:hr>
          </ns3:TrackPointExtension>
        </extensions>
      </trkpt>
      <trkpt lat="48.69928347878158092498779296875" lon="-1.84920248575508594512939453125">
        <ele>1.60000002384185791015625</ele>
        <time>2026-08-22T14:44:03.000Z</time>
        <extensions>
          <ns3:TrackPointExtension>
            <ns3:atemp>32.0</ns3:atemp>
            <ns3:hr>93</ns3:hr>
          </ns3:TrackPointExtension>
        </extensions>
      </trkpt>
      <trkpt lat="48.69927727617323398590087890625" lon="-1.84921212494373321533203125">
        <ele>1.60000002384185791015625</ele>
        <time>2026-08-22T14:44:04.000Z</time>
        <extensions>
          <ns3:TrackPointExtension>
            <ns3:atemp>32.0</ns3:atemp>
            <ns3:hr>95</ns3:hr>
          </ns3:TrackPointExtension>
        </extensions>
      </trkpt>
      <trkpt lat="48.69927425868809223175048828125" lon="-1.84921321459114551544189453125">
        <ele>1.60000002384185791015625</ele>
        <time>2026-08-22T14:44:05.000Z</time>
        <extensions>
          <ns3:TrackPointExtension>
            <ns3:atemp>32.0</ns3:atemp>
            <ns3:hr>98</ns3:hr>
          </ns3:TrackPointExtension>
        </extensions>
      </trkpt>
      <trkpt lat="48.69927425868809223175048828125" lon="-1.84921321459114551544189453125">
        <ele>1.39999997615814208984375</ele>
        <time>2026-08-22T14:44:07.000Z</time>
        <extensions>
          <ns3:TrackPointExtension>
            <ns3:atemp>32.0</ns3:atemp>
            <ns3:hr>93</ns3:hr>
          </ns3:TrackPointExtension>
        </extensions>
      </trkpt>
      <trkpt lat="48.69927425868809223175048828125" lon="-1.84921321459114551544189453125">
        <ele>1.39999997615814208984375</ele>
        <time>2026-08-22T14:44:09.000Z</time>
        <extensions>
          <ns3:TrackPointExtension>
            <ns3:atemp>32.0</ns3:atemp>
            <ns3:hr>89</ns3:hr>
          </ns3:TrackPointExtension>
        </extensions>
      </trkpt>
      <trkpt lat="48.69927425868809223175048828125" lon="-1.84921321459114551544189453125">
        <ele>1.7999999523162841796875</ele>
        <time>2026-08-22T14:44:13.000Z</time>
        <extensions>
          <ns3:TrackPointExtension>
            <ns3:atemp>32.0</ns3:atemp>
            <ns3:hr>90</ns3:hr>
          </ns3:TrackPointExtension>
        </extensions>
      </trkpt>
      <trkpt lat="48.69927425868809223175048828125" lon="-1.84921321459114551544189453125">
        <ele>1.7999999523162841796875</ele>
        <time>2026-08-22T14:44:15.000Z</time>
        <extensions>
          <ns3:TrackPointExtension>
            <ns3:atemp>32.0</ns3:atemp>
            <ns3:hr>94</ns3:hr>
          </ns3:TrackPointExtension>
        </extensions>
      </trkpt>
      <trkpt lat="48.69927425868809223175048828125" lon="-1.84921321459114551544189453125">
        <ele>1.7999999523162841796875</ele>
        <time>2026-08-22T14:44:16.000Z</time>
        <extensions>
          <ns3:TrackPointExtension>
            <ns3:atemp>32.0</ns3:atemp>
            <ns3:hr>97</ns3:hr>
          </ns3:TrackPointExtension>
        </extensions>
      </trkpt>
      <trkpt lat="48.69927425868809223175048828125" lon="-1.84921321459114551544189453125">
        <ele>1.7999999523162841796875</ele>
        <time>2026-08-22T14:44:17.000Z</time>
        <extensions>
          <ns3:TrackPointExtension>
            <ns3:atemp>32.0</ns3:atemp>
            <ns3:hr>94</ns3:hr>
          </ns3:TrackPointExtension>
        </extensions>
      </trkpt>
      <trkpt lat="48.69927425868809223175048828125" lon="-1.84921321459114551544189453125">
        <ele>1.7999999523162841796875</ele>
        <time>2026-08-22T14:44:19.000Z</time>
        <extensions>
          <ns3:TrackPointExtension>
            <ns3:atemp>32.0</ns3:atemp>
            <ns3:hr>90</ns3:hr>
          </ns3:TrackPointExtension>
        </extensions>
      </trkpt>
      <trkpt lat="48.69927425868809223175048828125" lon="-1.84921321459114551544189453125">
        <ele>1.7999999523162841796875</ele>
        <time>2026-08-22T14:44:21.000Z</time>
        <extensions>
          <ns3:TrackPointExtension>
            <ns3:atemp>32.0</ns3:atemp>
            <ns3:hr>94</ns3:hr>
          </ns3:TrackPointExtension>
        </extensions>
      </trkpt>
      <trkpt lat="48.69927425868809223175048828125" lon="-1.84921321459114551544189453125">
        <ele>2</ele>
        <time>2026-08-22T14:44:23.000Z</time>
        <extensions>
          <ns3:TrackPointExtension>
            <ns3:atemp>32.0</ns3:atemp>
            <ns3:hr>95</ns3:hr>
          </ns3:TrackPointExtension>
        </extensions>
      </trkpt>
      <trkpt lat="48.69927425868809223175048828125" lon="-1.84921321459114551544189453125">
        <ele>2</ele>
        <time>2026-08-22T14:44:25.000Z</time>
        <extensions>
          <ns3:TrackPointExtension>
            <ns3:atemp>32.0</ns3:atemp>
            <ns3:hr>98</ns3:hr>
          </ns3:TrackPointExtension>
        </extensions>
      </trkpt>
      <trkpt lat="48.69927425868809223175048828125" lon="-1.84921321459114551544189453125">
        <ele>2</ele>
        <time>2026-08-22T14:44:26.000Z</time>
        <extensions>
          <ns3:TrackPointExtension>
            <ns3:atemp>32.0</ns3:atemp>
            <ns3:hr>102</ns3:hr>
          </ns3:TrackPointExtension>
        </extensions>
      </trkpt>
      <trkpt lat="48.69927425868809223175048828125" lon="-1.84921321459114551544189453125">
        <ele>2</ele>
        <time>2026-08-22T14:44:27.000Z</time>
        <extensions>
          <ns3:TrackPointExtension>
            <ns3:atemp>32.0</ns3:atemp>
            <ns3:hr>107</ns3:hr>
          </ns3:TrackPointExtension>
        </extensions>
      </trkpt>
      <trkpt lat="48.69927425868809223175048828125" lon="-1.8492132984101772308349609375">
        <ele>1.7999999523162841796875</ele>
        <time>2026-08-22T14:44:32.000Z</time>
        <extensions>
          <ns3:TrackPointExtension>
            <ns3:atemp>32.0</ns3:atemp>
            <ns3:hr>109</ns3:hr>
          </ns3:TrackPointExtension>
        </extensions>
      </trkpt>
      <trkpt lat="48.6992468498647212982177734375" lon="-1.8492250330746173858642578125">
        <ele>2</ele>
        <time>2026-08-22T14:44:34.000Z</time>
        <extensions>
          <ns3:TrackPointExtension>
            <ns3:atemp>32.0</ns3:atemp>
            <ns3:hr>109</ns3:hr>
          </ns3:TrackPointExtension>
        </extensions>
      </trkpt>
      <trkpt lat="48.69921927340328693389892578125" lon="-1.84920432977378368377685546875">
        <ele>2</ele>
        <time>2026-08-22T14:44:38.000Z</time>
        <extensions>
          <ns3:TrackPointExtension>
            <ns3:atemp>32.0</ns3:atemp>
            <ns3:hr>109</ns3:hr>
          </ns3:TrackPointExtension>
        </extensions>
      </trkpt>
      <trkpt lat="48.6991724185645580291748046875" lon="-1.84910441748797893524169921875">
        <ele>1.39999997615814208984375</ele>
        <time>2026-08-22T14:44:45.000Z</time>
        <extensions>
          <ns3:TrackPointExtension>
            <ns3:atemp>32.0</ns3:atemp>
            <ns3:hr>113</ns3:hr>
          </ns3:TrackPointExtension>
        </extensions>
      </trkpt>
      <trkpt lat="48.69917099364101886749267578125" lon="-1.849094443023204803466796875">
        <ele>1.60000002384185791015625</ele>
        <time>2026-08-22T14:44:46.000Z</time>
        <extensions>
          <ns3:TrackPointExtension>
            <ns3:atemp>32.0</ns3:atemp>
            <ns3:hr>115</ns3:hr>
          </ns3:TrackPointExtension>
        </extensions>
      </trkpt>
      <trkpt lat="48.69915959425270557403564453125" lon="-1.849018000066280364990234375">
        <ele>1.60000002384185791015625</ele>
        <time>2026-08-22T14:44:52.000Z</time>
        <extensions>
          <ns3:TrackPointExtension>
            <ns3:atemp>32.0</ns3:atemp>
            <ns3:hr>117</ns3:hr>
          </ns3:TrackPointExtension>
        </extensions>
      </trkpt>
      <trkpt lat="48.69914400391280651092529296875" lon="-1.84892487712204456329345703125">
        <ele>1.2000000476837158203125</ele>
        <time>2026-08-22T14:45:00.000Z</time>
        <extensions>
          <ns3:TrackPointExtension>
            <ns3:atemp>32.0</ns3:atemp>
            <ns3:hr>121</ns3:hr>
          </ns3:TrackPointExtension>
        </extensions>
      </trkpt>
      <trkpt lat="48.6991398967802524566650390625" lon="-1.848918758332729339599609375">
        <ele>1.2000000476837158203125</ele>
        <time>2026-08-22T14:45:01.000Z</time>
        <extensions>
          <ns3:TrackPointExtension>
            <ns3:atemp>32.0</ns3:atemp>
            <ns3:hr>122</ns3:hr>
          </ns3:TrackPointExtension>
        </extensions>
      </trkpt>
      <trkpt lat="48.6991419084370136260986328125" lon="-1.8489199317991733551025390625">
        <ele>0.800000011920928955078125</ele>
        <time>2026-08-22T14:45:04.000Z</time>
        <extensions>
          <ns3:TrackPointExtension>
            <ns3:atemp>32.0</ns3:atemp>
            <ns3:hr>125</ns3:hr>
          </ns3:TrackPointExtension>
        </extensions>
      </trkpt>
      <trkpt lat="48.69914232753217220306396484375" lon="-1.8489175848662853240966796875">
        <ele>0.60000002384185791015625</ele>
        <time>2026-08-22T14:45:06.000Z</time>
        <extensions>
          <ns3:TrackPointExtension>
            <ns3:atemp>32.0</ns3:atemp>
            <ns3:hr>126</ns3:hr>
          </ns3:TrackPointExtension>
        </extensions>
      </trkpt>
      <trkpt lat="48.6991419084370136260986328125" lon="-1.8489199317991733551025390625">
        <ele>0.800000011920928955078125</ele>
        <time>2026-08-22T14:45:14.000Z</time>
        <extensions>
          <ns3:TrackPointExtension>
            <ns3:atemp>32.0</ns3:atemp>
            <ns3:hr>123</ns3:hr>
          </ns3:TrackPointExtension>
        </extensions>
      </trkpt>
      <trkpt lat="48.6991419084370136260986328125" lon="-1.8489199317991733551025390625">
        <ele>0.800000011920928955078125</ele>
        <time>2026-08-22T14:45:15.000Z</time>
        <extensions>
          <ns3:TrackPointExtension>
            <ns3:atemp>32.0</ns3:atemp>
            <ns3:hr>121</ns3:hr>
          </ns3:TrackPointExtension>
        </extensions>
      </trkpt>
      <trkpt lat="48.6991419084370136260986328125" lon="-1.8489199317991733551025390625">
        <ele>1.2000000476837158203125</ele>
        <time>2026-08-22T14:45:20.000Z</time>
        <extensions>
          <ns3:TrackPointExtension>
            <ns3:atemp>32.0</ns3:atemp>
            <ns3:hr>124</ns3:hr>
          </ns3:TrackPointExtension>
        </extensions>
      </trkpt>
      <trkpt lat="48.69913880713284015655517578125" lon="-1.84892512857913970947265625">
        <ele>1.2000000476837158203125</ele>
        <time>2026-08-22T14:45:21.000Z</time>
        <extensions>
          <ns3:TrackPointExtension>
            <ns3:atemp>32.0</ns3:atemp>
            <ns3:hr>124</ns3:hr>
          </ns3:TrackPointExtension>
        </extensions>
      </trkpt>
      <trkpt lat="48.69913210161030292510986328125" lon="-1.84891968034207820892333984375">
        <ele>0.800000011920928955078125</ele>
        <time>2026-08-22T14:45:25.000Z</time>
        <extensions>
          <ns3:TrackPointExtension>
            <ns3:atemp>32.0</ns3:atemp>
            <ns3:hr>121</ns3:hr>
          </ns3:TrackPointExtension>
        </extensions>
      </trkpt>
      <trkpt lat="48.699131347239017486572265625" lon="-1.8489038385450839996337890625">
        <ele>1</ele>
        <time>2026-08-22T14:45:28.000Z</time>
        <extensions>
          <ns3:TrackPointExtension>
            <ns3:atemp>32.0</ns3:atemp>
            <ns3:hr>117</ns3:hr>
          </ns3:TrackPointExtension>
        </extensions>
      </trkpt>
      <trkpt lat="48.699131347239017486572265625" lon="-1.8489038385450839996337890625">
        <ele>1.2000000476837158203125</ele>
        <time>2026-08-22T14:45:33.000Z</time>
        <extensions>
          <ns3:TrackPointExtension>
            <ns3:atemp>32.0</ns3:atemp>
            <ns3:hr>124</ns3:hr>
          </ns3:TrackPointExtension>
        </extensions>
      </trkpt>
      <trkpt lat="48.699131347239017486572265625" lon="-1.8489038385450839996337890625">
        <ele>1</ele>
        <time>2026-08-22T14:45:34.000Z</time>
        <extensions>
          <ns3:TrackPointExtension>
            <ns3:atemp>32.0</ns3:atemp>
            <ns3:hr>131</ns3:hr>
          </ns3:TrackPointExtension>
        </extensions>
      </trkpt>
      <trkpt lat="48.699131347239017486572265625" lon="-1.8489038385450839996337890625">
        <ele>1</ele>
        <time>2026-08-22T14:45:35.000Z</time>
        <extensions>
          <ns3:TrackPointExtension>
            <ns3:atemp>32.0</ns3:atemp>
            <ns3:hr>132</ns3:hr>
          </ns3:TrackPointExtension>
        </extensions>
      </trkpt>
      <trkpt lat="48.699131347239017486572265625" lon="-1.8489038385450839996337890625">
        <ele>1.39999997615814208984375</ele>
        <time>2026-08-22T14:45:41.000Z</time>
        <extensions>
          <ns3:TrackPointExtension>
            <ns3:atemp>32.0</ns3:atemp>
            <ns3:hr>129</ns3:hr>
          </ns3:TrackPointExtension>
        </extensions>
      </trkpt>
      <trkpt lat="48.699131347239017486572265625" lon="-1.8489038385450839996337890625">
        <ele>1.39999997615814208984375</ele>
        <time>2026-08-22T14:45:42.000Z</time>
        <extensions>
          <ns3:TrackPointExtension>
            <ns3:atemp>32.0</ns3:atemp>
            <ns3:hr>126</ns3:hr>
          </ns3:TrackPointExtension>
        </extensions>
      </trkpt>
      <trkpt lat="48.699131347239017486572265625" lon="-1.8489038385450839996337890625">
        <ele>1.39999997615814208984375</ele>
        <time>2026-08-22T14:45:43.000Z</time>
        <extensions>
          <ns3:TrackPointExtension>
            <ns3:atemp>32.0</ns3:atemp>
            <ns3:hr>120</ns3:hr>
          </ns3:TrackPointExtension>
        </extensions>
      </trkpt>
      <trkpt lat="48.699131347239017486572265625" lon="-1.8489038385450839996337890625">
        <ele>1.39999997615814208984375</ele>
        <time>2026-08-22T14:45:44.000Z</time>
        <extensions>
          <ns3:TrackPointExtension>
            <ns3:atemp>32.0</ns3:atemp>
            <ns3:hr>118</ns3:hr>
          </ns3:TrackPointExtension>
        </extensions>
      </trkpt>
      <trkpt lat="48.699131347239017486572265625" lon="-1.8489038385450839996337890625">
        <ele>1.39999997615814208984375</ele>
        <time>2026-08-22T14:45:45.000Z</time>
        <extensions>
          <ns3:TrackPointExtension>
            <ns3:atemp>32.0</ns3:atemp>
            <ns3:hr>118</ns3:hr>
          </ns3:TrackPointExtension>
        </extensions>
      </trkpt>
      <trkpt lat="48.699131347239017486572265625" lon="-1.8489038385450839996337890625">
        <ele>2.400000095367431640625</ele>
        <time>2026-08-22T14:45:49.000Z</time>
        <extensions>
          <ns3:TrackPointExtension>
            <ns3:atemp>32.0</ns3:atemp>
            <ns3:hr>117</ns3:hr>
          </ns3:TrackPointExtension>
        </extensions>
      </trkpt>
      <trkpt lat="48.699131347239017486572265625" lon="-1.8489038385450839996337890625">
        <ele>2.2000000476837158203125</ele>
        <time>2026-08-22T14:45:54.000Z</time>
        <extensions>
          <ns3:TrackPointExtension>
            <ns3:atemp>32.0</ns3:atemp>
            <ns3:hr>114</ns3:hr>
          </ns3:TrackPointExtension>
        </extensions>
      </trkpt>
      <trkpt lat="48.699131347239017486572265625" lon="-1.8489038385450839996337890625">
        <ele>1.2000000476837158203125</ele>
        <time>2026-08-22T14:46:00.000Z</time>
        <extensions>
          <ns3:TrackPointExtension>
            <ns3:atemp>32.0</ns3:atemp>
            <ns3:hr>112</ns3:hr>
          </ns3:TrackPointExtension>
        </extensions>
      </trkpt>
      <trkpt lat="48.69913176633417606353759765625" lon="-1.84888196177780628204345703125">
        <ele>1</ele>
        <time>2026-08-22T14:46:04.000Z</time>
        <extensions>
          <ns3:TrackPointExtension>
            <ns3:atemp>32.0</ns3:atemp>
            <ns3:hr>111</ns3:hr>
          </ns3:TrackPointExtension>
        </extensions>
      </trkpt>
      <trkpt lat="48.69913176633417606353759765625" lon="-1.84888196177780628204345703125">
        <ele>1</ele>
        <time>2026-08-22T14:46:07.000Z</time>
        <extensions>
          <ns3:TrackPointExtension>
            <ns3:atemp>32.0</ns3:atemp>
            <ns3:hr>109</ns3:hr>
          </ns3:TrackPointExtension>
        </extensions>
      </trkpt>
      <trkpt lat="48.69910083711147308349609375" lon="-1.84888766147196292877197265625">
        <ele>1</ele>
        <time>2026-08-22T14:46:09.000Z</time>
        <extensions>
          <ns3:TrackPointExtension>
            <ns3:atemp>32.0</ns3:atemp>
            <ns3:hr>109</ns3:hr>
          </ns3:TrackPointExtension>
        </extensions>
      </trkpt>
      <trkpt lat="48.69909957982599735260009765625" lon="-1.84888380579650402069091796875">
        <ele>1</ele>
        <time>2026-08-22T14:46:12.000Z</time>
        <extensions>
          <ns3:TrackPointExtension>
            <ns3:atemp>32.0</ns3:atemp>
            <ns3:hr>110</ns3:hr>
          </ns3:TrackPointExtension>
        </extensions>
      </trkpt>
      <trkpt lat="48.6990912817418575286865234375" lon="-1.84887240640819072723388671875">
        <ele>0.800000011920928955078125</ele>
        <time>2026-08-22T14:46:18.000Z</time>
        <extensions>
          <ns3:TrackPointExtension>
            <ns3:atemp>32.0</ns3:atemp>
            <ns3:hr>108</ns3:hr>
          </ns3:TrackPointExtension>
        </extensions>
      </trkpt>
      <trkpt lat="48.69910343550145626068115234375" lon="-1.84886251576244831085205078125">
        <ele>0.60000002384185791015625</ele>
        <time>2026-08-22T14:46:23.000Z</time>
        <extensions>
          <ns3:TrackPointExtension>
            <ns3:atemp>32.0</ns3:atemp>
            <ns3:hr>111</ns3:hr>
          </ns3:TrackPointExtension>
        </extensions>
      </trkpt>
      <trkpt lat="48.69910209439694881439208984375" lon="-1.84886075556278228759765625">
        <ele>0.60000002384185791015625</ele>
        <time>2026-08-22T14:46:24.000Z</time>
        <extensions>
          <ns3:TrackPointExtension>
            <ns3:atemp>32.0</ns3:atemp>
            <ns3:hr>111</ns3:hr>
          </ns3:TrackPointExtension>
        </extensions>
      </trkpt>
      <trkpt lat="48.6991036869585514068603515625" lon="-1.848847009241580963134765625">
        <ele>1</ele>
        <time>2026-08-22T14:46:31.000Z</time>
        <extensions>
          <ns3:TrackPointExtension>
            <ns3:atemp>32.0</ns3:atemp>
            <ns3:hr>112</ns3:hr>
          </ns3:TrackPointExtension>
        </extensions>
      </trkpt>
      <trkpt lat="48.69910695590078830718994140625" lon="-1.8488458357751369476318359375">
        <ele>0.800000011920928955078125</ele>
        <time>2026-08-22T14:46:36.000Z</time>
        <extensions>
          <ns3:TrackPointExtension>
            <ns3:atemp>32.0</ns3:atemp>
            <ns3:hr>114</ns3:hr>
          </ns3:TrackPointExtension>
        </extensions>
      </trkpt>
      <trkpt lat="48.69909823872148990631103515625" lon="-1.84885078109800815582275390625">
        <ele>0.800000011920928955078125</ele>
        <time>2026-08-22T14:46:39.000Z</time>
        <extensions>
          <ns3:TrackPointExtension>
            <ns3:atemp>32.0</ns3:atemp>
            <ns3:hr>117</ns3:hr>
          </ns3:TrackPointExtension>
        </extensions>
      </trkpt>
      <trkpt lat="48.6990892700850963592529296875" lon="-1.848855726420879364013671875">
        <ele>1</ele>
        <time>2026-08-22T14:46:42.000Z</time>
        <extensions>
          <ns3:TrackPointExtension>
            <ns3:atemp>32.0</ns3:atemp>
            <ns3:hr>120</ns3:hr>
          </ns3:TrackPointExtension>
        </extensions>
      </trkpt>
      <trkpt lat="48.69908432476222515106201171875" lon="-1.8488501943647861480712890625">
        <ele>1</ele>
        <time>2026-08-22T14:46:43.000Z</time>
        <extensions>
          <ns3:TrackPointExtension>
            <ns3:atemp>32.0</ns3:atemp>
            <ns3:hr>115</ns3:hr>
          </ns3:TrackPointExtension>
        </extensions>
      </trkpt>
      <trkpt lat="48.69907862506806850433349609375" lon="-1.84885983355343341827392578125">
        <ele>1.2000000476837158203125</ele>
        <time>2026-08-22T14:46:44.000Z</time>
        <extensions>
          <ns3:TrackPointExtension>
            <ns3:atemp>32.0</ns3:atemp>
            <ns3:hr>110</ns3:hr>
          </ns3:TrackPointExtension>
        </extensions>
      </trkpt>
      <trkpt lat="48.699076361954212188720703125" lon="-1.8488672934472560882568359375">
        <ele>1.2000000476837158203125</ele>
        <time>2026-08-22T14:46:45.000Z</time>
        <extensions>
          <ns3:TrackPointExtension>
            <ns3:atemp>32.0</ns3:atemp>
            <ns3:hr>107</ns3:hr>
          </ns3:TrackPointExtension>
        </extensions>
      </trkpt>
      <trkpt lat="48.6990733444690704345703125" lon="-1.8488694727420806884765625">
        <ele>1.2000000476837158203125</ele>
        <time>2026-08-22T14:46:46.000Z</time>
        <extensions>
          <ns3:TrackPointExtension>
            <ns3:atemp>32.0</ns3:atemp>
            <ns3:hr>107</ns3:hr>
          </ns3:TrackPointExtension>
        </extensions>
      </trkpt>
      <trkpt lat="48.69907376356422901153564453125" lon="-1.848867796361446380615234375">
        <ele>1.2000000476837158203125</ele>
        <time>2026-08-22T14:46:48.000Z</time>
        <extensions>
          <ns3:TrackPointExtension>
            <ns3:atemp>32.0</ns3:atemp>
            <ns3:hr>105</ns3:hr>
          </ns3:TrackPointExtension>
        </extensions>
      </trkpt>
      <trkpt lat="48.69907493703067302703857421875" lon="-1.8488592468202114105224609375">
        <ele>1</ele>
        <time>2026-08-22T14:46:51.000Z</time>
        <extensions>
          <ns3:TrackPointExtension>
            <ns3:atemp>32.0</ns3:atemp>
            <ns3:hr>109</ns3:hr>
          </ns3:TrackPointExtension>
        </extensions>
      </trkpt>
      <trkpt lat="48.69907376356422901153564453125" lon="-1.8488568998873233795166015625">
        <ele>1</ele>
        <time>2026-08-22T14:46:53.000Z</time>
        <extensions>
          <ns3:TrackPointExtension>
            <ns3:atemp>32.0</ns3:atemp>
            <ns3:hr>112</ns3:hr>
          </ns3:TrackPointExtension>
        </extensions>
      </trkpt>
      <trkpt lat="48.6990607716143131256103515625" lon="-1.84884960763156414031982421875">
        <ele>1</ele>
        <time>2026-08-22T14:46:55.000Z</time>
        <extensions>
          <ns3:TrackPointExtension>
            <ns3:atemp>32.0</ns3:atemp>
            <ns3:hr>115</ns3:hr>
          </ns3:TrackPointExtension>
        </extensions>
      </trkpt>
      <trkpt lat="48.6990607716143131256103515625" lon="-1.84884960763156414031982421875">
        <ele>1.2000000476837158203125</ele>
        <time>2026-08-22T14:46:57.000Z</time>
        <extensions>
          <ns3:TrackPointExtension>
            <ns3:atemp>32.0</ns3:atemp>
            <ns3:hr>116</ns3:hr>
          </ns3:TrackPointExtension>
        </extensions>
      </trkpt>
      <trkpt lat="48.6990607716143131256103515625" lon="-1.84884960763156414031982421875">
        <ele>1.2000000476837158203125</ele>
        <time>2026-08-22T14:46:59.000Z</time>
        <extensions>
          <ns3:TrackPointExtension>
            <ns3:atemp>32.0</ns3:atemp>
            <ns3:hr>113</ns3:hr>
          </ns3:TrackPointExtension>
        </extensions>
      </trkpt>
      <trkpt lat="48.6990607716143131256103515625" lon="-1.84884960763156414031982421875">
        <ele>0.800000011920928955078125</ele>
        <time>2026-08-22T14:47:03.000Z</time>
        <extensions>
          <ns3:TrackPointExtension>
            <ns3:atemp>32.0</ns3:atemp>
            <ns3:hr>116</ns3:hr>
          </ns3:TrackPointExtension>
        </extensions>
      </trkpt>
      <trkpt lat="48.6990607716143131256103515625" lon="-1.84884960763156414031982421875">
        <ele>1</ele>
        <time>2026-08-22T14:47:06.000Z</time>
        <extensions>
          <ns3:TrackPointExtension>
            <ns3:atemp>32.0</ns3:atemp>
            <ns3:hr>112</ns3:hr>
          </ns3:TrackPointExtension>
        </extensions>
      </trkpt>
      <trkpt lat="48.6990500427782535552978515625" lon="-1.84884759597480297088623046875">
        <ele>1.39999997615814208984375</ele>
        <time>2026-08-22T14:47:10.000Z</time>
        <extensions>
          <ns3:TrackPointExtension>
            <ns3:atemp>32.0</ns3:atemp>
            <ns3:hr>113</ns3:hr>
          </ns3:TrackPointExtension>
        </extensions>
      </trkpt>
      <trkpt lat="48.6990607716143131256103515625" lon="-1.84884960763156414031982421875">
        <ele>0.800000011920928955078125</ele>
        <time>2026-08-22T14:47:15.000Z</time>
        <extensions>
          <ns3:TrackPointExtension>
            <ns3:atemp>32.0</ns3:atemp>
            <ns3:hr>118</ns3:hr>
          </ns3:TrackPointExtension>
        </extensions>
      </trkpt>
      <trkpt lat="48.6990607716143131256103515625" lon="-1.84884960763156414031982421875">
        <ele>0.60000002384185791015625</ele>
        <time>2026-08-22T14:47:16.000Z</time>
        <extensions>
          <ns3:TrackPointExtension>
            <ns3:atemp>32.0</ns3:atemp>
            <ns3:hr>125</ns3:hr>
          </ns3:TrackPointExtension>
        </extensions>
      </trkpt>
      <trkpt lat="48.6990607716143131256103515625" lon="-1.84884960763156414031982421875">
        <ele>0.60000002384185791015625</ele>
        <time>2026-08-22T14:47:17.000Z</time>
        <extensions>
          <ns3:TrackPointExtension>
            <ns3:atemp>32.0</ns3:atemp>
            <ns3:hr>132</ns3:hr>
          </ns3:TrackPointExtension>
        </extensions>
      </trkpt>
      <trkpt lat="48.6990607716143131256103515625" lon="-1.84884960763156414031982421875">
        <ele>0.60000002384185791015625</ele>
        <time>2026-08-22T14:47:18.000Z</time>
        <extensions>
          <ns3:TrackPointExtension>
            <ns3:atemp>32.0</ns3:atemp>
            <ns3:hr>138</ns3:hr>
          </ns3:TrackPointExtension>
        </extensions>
      </trkpt>
      <trkpt lat="48.6990607716143131256103515625" lon="-1.84884960763156414031982421875">
        <ele>0.60000002384185791015625</ele>
        <time>2026-08-22T14:47:19.000Z</time>
        <extensions>
          <ns3:TrackPointExtension>
            <ns3:atemp>32.0</ns3:atemp>
            <ns3:hr>138</ns3:hr>
          </ns3:TrackPointExtension>
        </extensions>
      </trkpt>
      <trkpt lat="48.69905364699661731719970703125" lon="-1.84885497204959392547607421875">
        <ele>0.800000011920928955078125</ele>
        <time>2026-08-22T14:47:23.000Z</time>
        <extensions>
          <ns3:TrackPointExtension>
            <ns3:atemp>32.0</ns3:atemp>
            <ns3:hr>140</ns3:hr>
          </ns3:TrackPointExtension>
        </extensions>
      </trkpt>
      <trkpt lat="48.69906999170780181884765625" lon="-1.84883686713874340057373046875">
        <ele>0.800000011920928955078125</ele>
        <time>2026-08-22T14:47:28.000Z</time>
        <extensions>
          <ns3:TrackPointExtension>
            <ns3:atemp>32.0</ns3:atemp>
            <ns3:hr>137</ns3:hr>
          </ns3:TrackPointExtension>
        </extensions>
      </trkpt>
      <trkpt lat="48.69907141663134098052978515625" lon="-1.84882731176912784576416015625">
        <ele>0.800000011920928955078125</ele>
        <time>2026-08-22T14:47:29.000Z</time>
        <extensions>
          <ns3:TrackPointExtension>
            <ns3:atemp>32.0</ns3:atemp>
            <ns3:hr>132</ns3:hr>
          </ns3:TrackPointExtension>
        </extensions>
      </trkpt>
      <trkpt lat="48.6990678124129772186279296875" lon="-1.848826892673969268798828125">
        <ele>0.800000011920928955078125</ele>
        <time>2026-08-22T14:47:30.000Z</time>
        <extensions>
          <ns3:TrackPointExtension>
            <ns3:atemp>32.0</ns3:atemp>
            <ns3:hr>125</ns3:hr>
          </ns3:TrackPointExtension>
        </extensions>
      </trkpt>
      <trkpt lat="48.6990678124129772186279296875" lon="-1.848826892673969268798828125">
        <ele>0.800000011920928955078125</ele>
        <time>2026-08-22T14:47:31.000Z</time>
        <extensions>
          <ns3:TrackPointExtension>
            <ns3:atemp>32.0</ns3:atemp>
            <ns3:hr>120</ns3:hr>
          </ns3:TrackPointExtension>
        </extensions>
      </trkpt>
      <trkpt lat="48.6990678124129772186279296875" lon="-1.848826892673969268798828125">
        <ele>1</ele>
        <time>2026-08-22T14:47:37.000Z</time>
        <extensions>
          <ns3:TrackPointExtension>
            <ns3:atemp>32.0</ns3:atemp>
            <ns3:hr>118</ns3:hr>
          </ns3:TrackPointExtension>
        </extensions>
      </trkpt>
      <trkpt lat="48.6990678124129772186279296875" lon="-1.848826892673969268798828125">
        <ele>1</ele>
        <time>2026-08-22T14:47:39.000Z</time>
        <extensions>
          <ns3:TrackPointExtension>
            <ns3:atemp>32.0</ns3:atemp>
            <ns3:hr>121</ns3:hr>
          </ns3:TrackPointExtension>
        </extensions>
      </trkpt>
      <trkpt lat="48.69906772859394550323486328125" lon="-1.848826892673969268798828125">
        <ele>0.800000011920928955078125</ele>
        <time>2026-08-22T14:47:44.000Z</time>
        <extensions>
          <ns3:TrackPointExtension>
            <ns3:atemp>32.0</ns3:atemp>
            <ns3:hr>118</ns3:hr>
          </ns3:TrackPointExtension>
        </extensions>
      </trkpt>
      <trkpt lat="48.699076361954212188720703125" lon="-1.8487838096916675567626953125">
        <ele>0.800000011920928955078125</ele>
        <time>2026-08-22T14:47:46.000Z</time>
        <extensions>
          <ns3:TrackPointExtension>
            <ns3:atemp>32.0</ns3:atemp>
            <ns3:hr>118</ns3:hr>
          </ns3:TrackPointExtension>
        </extensions>
      </trkpt>
      <trkpt lat="48.69907761923968791961669921875" lon="-1.84876495040953159332275390625">
        <ele>0.800000011920928955078125</ele>
        <time>2026-08-22T14:47:47.000Z</time>
        <extensions>
          <ns3:TrackPointExtension>
            <ns3:atemp>32.0</ns3:atemp>
            <ns3:hr>118</ns3:hr>
          </ns3:TrackPointExtension>
        </extensions>
      </trkpt>
      <trkpt lat="48.69908868335187435150146484375" lon="-1.8487321771681308746337890625">
        <ele>0.60000002384185791015625</ele>
        <time>2026-08-22T14:47:49.000Z</time>
        <extensions>
          <ns3:TrackPointExtension>
            <ns3:atemp>32.0</ns3:atemp>
            <ns3:hr>118</ns3:hr>
          </ns3:TrackPointExtension>
        </extensions>
      </trkpt>
      <trkpt lat="48.6991097219288349151611328125" lon="-1.84872002340853214263916015625">
        <ele>0.60000002384185791015625</ele>
        <time>2026-08-22T14:47:51.000Z</time>
        <extensions>
          <ns3:TrackPointExtension>
            <ns3:atemp>32.0</ns3:atemp>
            <ns3:hr>117</ns3:hr>
          </ns3:TrackPointExtension>
        </extensions>
      </trkpt>
      <trkpt lat="48.69911500252783298492431640625" lon="-1.8486575782299041748046875">
        <ele>0.800000011920928955078125</ele>
        <time>2026-08-22T14:47:55.000Z</time>
        <extensions>
          <ns3:TrackPointExtension>
            <ns3:atemp>32.0</ns3:atemp>
            <ns3:hr>115</ns3:hr>
          </ns3:TrackPointExtension>
        </extensions>
      </trkpt>
      <trkpt lat="48.69913528673350811004638671875" lon="-1.848556995391845703125">
        <ele>0.800000011920928955078125</ele>
        <time>2026-08-22T14:48:01.000Z</time>
        <extensions>
          <ns3:TrackPointExtension>
            <ns3:atemp>32.0</ns3:atemp>
            <ns3:hr>112</ns3:hr>
          </ns3:TrackPointExtension>
        </extensions>
      </trkpt>
      <trkpt lat="48.6991402320563793182373046875" lon="-1.8485467694699764251708984375">
        <ele>0.800000011920928955078125</ele>
        <time>2026-08-22T14:48:02.000Z</time>
        <extensions>
          <ns3:TrackPointExtension>
            <ns3:atemp>32.0</ns3:atemp>
            <ns3:hr>113</ns3:hr>
          </ns3:TrackPointExtension>
        </extensions>
      </trkpt>
      <trkpt lat="48.69914417155086994171142578125" lon="-1.84853059239685535430908203125">
        <ele>0.800000011920928955078125</ele>
        <time>2026-08-22T14:48:04.000Z</time>
        <extensions>
          <ns3:TrackPointExtension>
            <ns3:atemp>32.0</ns3:atemp>
            <ns3:hr>119</ns3:hr>
          </ns3:TrackPointExtension>
        </extensions>
      </trkpt>
      <trkpt lat="48.69914509356021881103515625" lon="-1.84852036647498607635498046875">
        <ele>0.800000011920928955078125</ele>
        <time>2026-08-22T14:48:05.000Z</time>
        <extensions>
          <ns3:TrackPointExtension>
            <ns3:atemp>32.0</ns3:atemp>
            <ns3:hr>126</ns3:hr>
          </ns3:TrackPointExtension>
        </extensions>
      </trkpt>
      <trkpt lat="48.6991516314446926116943359375" lon="-1.84847996570169925689697265625">
        <ele>0.60000002384185791015625</ele>
        <time>2026-08-22T14:48:10.000Z</time>
        <extensions>
          <ns3:TrackPointExtension>
            <ns3:atemp>32.0</ns3:atemp>
            <ns3:hr>124</ns3:hr>
          </ns3:TrackPointExtension>
        </extensions>
      </trkpt>
      <trkpt lat="48.6991566605865955352783203125" lon="-1.848461441695690155029296875">
        <ele>0.60000002384185791015625</ele>
        <time>2026-08-22T14:48:12.000Z</time>
        <extensions>
          <ns3:TrackPointExtension>
            <ns3:atemp>32.0</ns3:atemp>
            <ns3:hr>121</ns3:hr>
          </ns3:TrackPointExtension>
        </extensions>
      </trkpt>
      <trkpt lat="48.699159510433673858642578125" lon="-1.84844224713742733001708984375">
        <ele>0.60000002384185791015625</ele>
        <time>2026-08-22T14:48:14.000Z</time>
        <extensions>
          <ns3:TrackPointExtension>
            <ns3:atemp>32.0</ns3:atemp>
            <ns3:hr>118</ns3:hr>
          </ns3:TrackPointExtension>
        </extensions>
      </trkpt>
      <trkpt lat="48.69915850460529327392578125" lon="-1.8484215438365936279296875">
        <ele>0.60000002384185791015625</ele>
        <time>2026-08-22T14:48:17.000Z</time>
        <extensions>
          <ns3:TrackPointExtension>
            <ns3:atemp>32.0</ns3:atemp>
            <ns3:hr>115</ns3:hr>
          </ns3:TrackPointExtension>
        </extensions>
      </trkpt>
      <trkpt lat="48.69916210882365703582763671875" lon="-1.8484072946012020111083984375">
        <ele>0.800000011920928955078125</ele>
        <time>2026-08-22T14:48:20.000Z</time>
        <extensions>
          <ns3:TrackPointExtension>
            <ns3:atemp>32.0</ns3:atemp>
            <ns3:hr>111</ns3:hr>
          </ns3:TrackPointExtension>
        </extensions>
      </trkpt>
      <trkpt lat="48.699167557060718536376953125" lon="-1.84838491491973400115966796875">
        <ele>0.800000011920928955078125</ele>
        <time>2026-08-22T14:48:26.000Z</time>
        <extensions>
          <ns3:TrackPointExtension>
            <ns3:atemp>33.0</ns3:atemp>
            <ns3:hr>113</ns3:hr>
          </ns3:TrackPointExtension>
        </extensions>
      </trkpt>
      <trkpt lat="48.6991680599749088287353515625" lon="-1.84837284497916698455810546875">
        <ele>0.800000011920928955078125</ele>
        <time>2026-08-22T14:48:28.000Z</time>
        <extensions>
          <ns3:TrackPointExtension>
            <ns3:atemp>33.0</ns3:atemp>
            <ns3:hr>112</ns3:hr>
          </ns3:TrackPointExtension>
        </extensions>
      </trkpt>
      <trkpt lat="48.69916060008108615875244140625" lon="-1.8483278341591358184814453125">
        <ele>0.60000002384185791015625</ele>
        <time>2026-08-22T14:48:34.000Z</time>
        <extensions>
          <ns3:TrackPointExtension>
            <ns3:atemp>33.0</ns3:atemp>
            <ns3:hr>112</ns3:hr>
          </ns3:TrackPointExtension>
        </extensions>
      </trkpt>
      <trkpt lat="48.69916311465203762054443359375" lon="-1.8482735194265842437744140625">
        <ele>0.800000011920928955078125</ele>
        <time>2026-08-22T14:48:41.000Z</time>
        <extensions>
          <ns3:TrackPointExtension>
            <ns3:atemp>33.0</ns3:atemp>
            <ns3:hr>113</ns3:hr>
          </ns3:TrackPointExtension>
        </extensions>
      </trkpt>
      <trkpt lat="48.69916294701397418975830078125" lon="-1.848268993198871612548828125">
        <ele>0.60000002384185791015625</ele>
        <time>2026-08-22T14:48:48.000Z</time>
        <extensions>
          <ns3:TrackPointExtension>
            <ns3:atemp>33.0</ns3:atemp>
            <ns3:hr>117</ns3:hr>
          </ns3:TrackPointExtension>
        </extensions>
      </trkpt>
      <trkpt lat="48.69916294701397418975830078125" lon="-1.848268993198871612548828125">
        <ele>0.60000002384185791015625</ele>
        <time>2026-08-22T14:48:51.000Z</time>
        <extensions>
          <ns3:TrackPointExtension>
            <ns3:atemp>33.0</ns3:atemp>
            <ns3:hr>117</ns3:hr>
          </ns3:TrackPointExtension>
        </extensions>
      </trkpt>
      <trkpt lat="48.69916294701397418975830078125" lon="-1.848268993198871612548828125">
        <ele>0.4000000059604644775390625</ele>
        <time>2026-08-22T14:48:53.000Z</time>
        <extensions>
          <ns3:TrackPointExtension>
            <ns3:atemp>33.0</ns3:atemp>
            <ns3:hr>113</ns3:hr>
          </ns3:TrackPointExtension>
        </extensions>
      </trkpt>
      <trkpt lat="48.699128665030002593994140625" lon="-1.8482659757137298583984375">
        <ele>0.4000000059604644775390625</ele>
        <time>2026-08-22T14:48:59.000Z</time>
        <extensions>
          <ns3:TrackPointExtension>
            <ns3:atemp>33.0</ns3:atemp>
            <ns3:hr>112</ns3:hr>
          </ns3:TrackPointExtension>
        </extensions>
      </trkpt>
      <trkpt lat="48.699115253984928131103515625" lon="-1.84823839925229549407958984375">
        <ele>0.60000002384185791015625</ele>
        <time>2026-08-22T14:49:06.000Z</time>
        <extensions>
          <ns3:TrackPointExtension>
            <ns3:atemp>33.0</ns3:atemp>
            <ns3:hr>110</ns3:hr>
          </ns3:TrackPointExtension>
        </extensions>
      </trkpt>
      <trkpt lat="48.699113242328166961669921875" lon="-1.8482346273958683013916015625">
        <ele>0.60000002384185791015625</ele>
        <time>2026-08-22T14:49:07.000Z</time>
        <extensions>
          <ns3:TrackPointExtension>
            <ns3:atemp>33.0</ns3:atemp>
            <ns3:hr>107</ns3:hr>
          </ns3:TrackPointExtension>
        </extensions>
      </trkpt>
      <trkpt lat="48.6991090513765811920166015625" lon="-1.848227083683013916015625">
        <ele>0.800000011920928955078125</ele>
        <time>2026-08-22T14:49:08.000Z</time>
        <extensions>
          <ns3:TrackPointExtension>
            <ns3:atemp>33.0</ns3:atemp>
            <ns3:hr>103</ns3:hr>
          </ns3:TrackPointExtension>
        </extensions>
      </trkpt>
      <trkpt lat="48.69911693036556243896484375" lon="-1.8482181988656520843505859375">
        <ele>0.800000011920928955078125</ele>
        <time>2026-08-22T14:49:09.000Z</time>
        <extensions>
          <ns3:TrackPointExtension>
            <ns3:atemp>33.0</ns3:atemp>
            <ns3:hr>102</ns3:hr>
          </ns3:TrackPointExtension>
        </extensions>
      </trkpt>
      <trkpt lat="48.6991194449365139007568359375" lon="-1.8482064642012119293212890625">
        <ele>0.60000002384185791015625</ele>
        <time>2026-08-22T14:49:11.000Z</time>
        <extensions>
          <ns3:TrackPointExtension>
            <ns3:atemp>33.0</ns3:atemp>
            <ns3:hr>103</ns3:hr>
          </ns3:TrackPointExtension>
        </extensions>
      </trkpt>
      <trkpt lat="48.699121288955211639404296875" lon="-1.84821224771440029144287109375">
        <ele>0.4000000059604644775390625</ele>
        <time>2026-08-22T14:49:12.000Z</time>
        <extensions>
          <ns3:TrackPointExtension>
            <ns3:atemp>33.0</ns3:atemp>
            <ns3:hr>103</ns3:hr>
          </ns3:TrackPointExtension>
        </extensions>
      </trkpt>
      <trkpt lat="48.6991308443248271942138671875" lon="-1.8482232280075550079345703125">
        <ele>0.20000000298023223876953125</ele>
        <time>2026-08-22T14:49:18.000Z</time>
        <extensions>
          <ns3:TrackPointExtension>
            <ns3:atemp>33.0</ns3:atemp>
            <ns3:hr>108</ns3:hr>
          </ns3:TrackPointExtension>
        </extensions>
      </trkpt>
      <trkpt lat="48.69911952875554561614990234375" lon="-1.848234795033931732177734375">
        <ele>0.20000000298023223876953125</ele>
        <time>2026-08-22T14:49:20.000Z</time>
        <extensions>
          <ns3:TrackPointExtension>
            <ns3:atemp>33.0</ns3:atemp>
            <ns3:hr>117</ns3:hr>
          </ns3:TrackPointExtension>
        </extensions>
      </trkpt>
      <trkpt lat="48.6991160921752452850341796875" lon="-1.84824787080287933349609375">
        <ele>0.20000000298023223876953125</ele>
        <time>2026-08-22T14:49:21.000Z</time>
        <extensions>
          <ns3:TrackPointExtension>
            <ns3:atemp>33.0</ns3:atemp>
            <ns3:hr>120</ns3:hr>
          </ns3:TrackPointExtension>
        </extensions>
      </trkpt>
      <trkpt lat="48.6991164274513721466064453125" lon="-1.8482503853738307952880859375">
        <ele>0.4000000059604644775390625</ele>
        <time>2026-08-22T14:49:24.000Z</time>
        <extensions>
          <ns3:TrackPointExtension>
            <ns3:atemp>33.0</ns3:atemp>
            <ns3:hr>121</ns3:hr>
          </ns3:TrackPointExtension>
        </extensions>
      </trkpt>
      <trkpt lat="48.6991284973919391632080078125" lon="-1.84831450693309307098388671875">
        <ele>0.4000000059604644775390625</ele>
        <time>2026-08-22T14:49:28.000Z</time>
        <extensions>
          <ns3:TrackPointExtension>
            <ns3:atemp>33.0</ns3:atemp>
            <ns3:hr>118</ns3:hr>
          </ns3:TrackPointExtension>
        </extensions>
      </trkpt>
      <trkpt lat="48.6991288326680660247802734375" lon="-1.84834384359419345855712890625">
        <ele>0.4000000059604644775390625</ele>
        <time>2026-08-22T14:49:29.000Z</time>
        <extensions>
          <ns3:TrackPointExtension>
            <ns3:atemp>33.0</ns3:atemp>
            <ns3:hr>115</ns3:hr>
          </ns3:TrackPointExtension>
        </extensions>
      </trkpt>
      <trkpt lat="48.69913109578192234039306640625" lon="-1.8484264053404331207275390625">
        <ele>0.4000000059604644775390625</ele>
        <time>2026-08-22T14:49:33.000Z</time>
        <extensions>
          <ns3:TrackPointExtension>
            <ns3:atemp>33.0</ns3:atemp>
            <ns3:hr>115</ns3:hr>
          </ns3:TrackPointExtension>
        </extensions>
      </trkpt>
      <trkpt lat="48.6991296708583831787109375" lon="-1.84857384301722049713134765625">
        <ele>0.60000002384185791015625</ele>
        <time>2026-08-22T14:49:41.000Z</time>
        <extensions>
          <ns3:TrackPointExtension>
            <ns3:atemp>33.0</ns3:atemp>
            <ns3:hr>115</ns3:hr>
          </ns3:TrackPointExtension>
        </extensions>
      </trkpt>
      <trkpt lat="48.6991341970860958099365234375" lon="-1.8485937081277370452880859375">
        <ele>0.60000002384185791015625</ele>
        <time>2026-08-22T14:49:42.000Z</time>
        <extensions>
          <ns3:TrackPointExtension>
            <ns3:atemp>33.0</ns3:atemp>
            <ns3:hr>108</ns3:hr>
          </ns3:TrackPointExtension>
        </extensions>
      </trkpt>
      <trkpt lat="48.69913696311414241790771484375" lon="-1.84861223213374614715576171875">
        <ele>0.60000002384185791015625</ele>
        <time>2026-08-22T14:49:44.000Z</time>
        <extensions>
          <ns3:TrackPointExtension>
            <ns3:atemp>33.0</ns3:atemp>
            <ns3:hr>105</ns3:hr>
          </ns3:TrackPointExtension>
        </extensions>
      </trkpt>
      <trkpt lat="48.6991449259221553802490234375" lon="-1.84865414164960384368896484375">
        <ele>0.60000002384185791015625</ele>
        <time>2026-08-22T14:49:50.000Z</time>
        <extensions>
          <ns3:TrackPointExtension>
            <ns3:atemp>33.0</ns3:atemp>
            <ns3:hr>104</ns3:hr>
          </ns3:TrackPointExtension>
        </extensions>
      </trkpt>
      <trkpt lat="48.69913729839026927947998046875" lon="-1.84866788797080516815185546875">
        <ele>0</ele>
        <time>2026-08-22T14:49:54.000Z</time>
        <extensions>
          <ns3:TrackPointExtension>
            <ns3:atemp>33.0</ns3:atemp>
            <ns3:hr>101</ns3:hr>
          </ns3:TrackPointExtension>
        </extensions>
      </trkpt>
      <trkpt lat="48.69915070943534374237060546875" lon="-1.84875137172639369964599609375">
        <ele>0.20000000298023223876953125</ele>
        <time>2026-08-22T14:50:01.000Z</time>
        <extensions>
          <ns3:TrackPointExtension>
            <ns3:atemp>33.0</ns3:atemp>
            <ns3:hr>99</ns3:hr>
          </ns3:TrackPointExtension>
        </extensions>
      </trkpt>
      <trkpt lat="48.69915179908275604248046875" lon="-1.84885648079216480255126953125">
        <ele>0.4000000059604644775390625</ele>
        <time>2026-08-22T14:50:07.000Z</time>
        <extensions>
          <ns3:TrackPointExtension>
            <ns3:atemp>34.0</ns3:atemp>
            <ns3:hr>100</ns3:hr>
          </ns3:TrackPointExtension>
        </extensions>
      </trkpt>
      <trkpt lat="48.69914853014051914215087890625" lon="-1.84889403171837329864501953125">
        <ele>0.60000002384185791015625</ele>
        <time>2026-08-22T14:50:10.000Z</time>
        <extensions>
          <ns3:TrackPointExtension>
            <ns3:atemp>34.0</ns3:atemp>
            <ns3:hr>100</ns3:hr>
          </ns3:TrackPointExtension>
        </extensions>
      </trkpt>
      <trkpt lat="48.6991559900343418121337890625" lon="-1.848897300660610198974609375">
        <ele>0.60000002384185791015625</ele>
        <time>2026-08-22T14:50:12.000Z</time>
        <extensions>
          <ns3:TrackPointExtension>
            <ns3:atemp>33.0</ns3:atemp>
            <ns3:hr>101</ns3:hr>
          </ns3:TrackPointExtension>
        </extensions>
      </trkpt>
      <trkpt lat="48.6991559900343418121337890625" lon="-1.848897300660610198974609375">
        <ele>0.60000002384185791015625</ele>
        <time>2026-08-22T14:50:14.000Z</time>
        <extensions>
          <ns3:TrackPointExtension>
            <ns3:atemp>33.0</ns3:atemp>
            <ns3:hr>113</ns3:hr>
          </ns3:TrackPointExtension>
        </extensions>
      </trkpt>
      <trkpt lat="48.6991559900343418121337890625" lon="-1.848897300660610198974609375">
        <ele>0.4000000059604644775390625</ele>
        <time>2026-08-22T14:50:15.000Z</time>
        <extensions>
          <ns3:TrackPointExtension>
            <ns3:atemp>33.0</ns3:atemp>
            <ns3:hr>119</ns3:hr>
          </ns3:TrackPointExtension>
        </extensions>
      </trkpt>
      <trkpt lat="48.69914953596889972686767578125" lon="-1.84887860901653766632080078125">
        <ele>0</ele>
        <time>2026-08-22T14:50:17.000Z</time>
        <extensions>
          <ns3:TrackPointExtension>
            <ns3:atemp>34.0</ns3:atemp>
            <ns3:hr>120</ns3:hr>
          </ns3:TrackPointExtension>
        </extensions>
      </trkpt>
      <trkpt lat="48.69917233474552631378173828125" lon="-1.84890191070735454559326171875">
        <ele>0</ele>
        <time>2026-08-22T14:50:21.000Z</time>
        <extensions>
          <ns3:TrackPointExtension>
            <ns3:atemp>33.0</ns3:atemp>
            <ns3:hr>120</ns3:hr>
          </ns3:TrackPointExtension>
        </extensions>
      </trkpt>
      <trkpt lat="48.69917803443968296051025390625" lon="-1.84892403893172740936279296875">
        <ele>0</ele>
        <time>2026-08-22T14:50:22.000Z</time>
        <extensions>
          <ns3:TrackPointExtension>
            <ns3:atemp>33.0</ns3:atemp>
            <ns3:hr>120</ns3:hr>
          </ns3:TrackPointExtension>
        </extensions>
      </trkpt>
      <trkpt lat="48.699168898165225982666015625" lon="-1.84893225319683551788330078125">
        <ele>0.20000000298023223876953125</ele>
        <time>2026-08-22T14:50:23.000Z</time>
        <extensions>
          <ns3:TrackPointExtension>
            <ns3:atemp>33.0</ns3:atemp>
            <ns3:hr>119</ns3:hr>
          </ns3:TrackPointExtension>
        </extensions>
      </trkpt>
      <trkpt lat="48.69916009716689586639404296875" lon="-1.84891347773373126983642578125">
        <ele>0.20000000298023223876953125</ele>
        <time>2026-08-22T14:50:25.000Z</time>
        <extensions>
          <ns3:TrackPointExtension>
            <ns3:atemp>34.0</ns3:atemp>
            <ns3:hr>118</ns3:hr>
          </ns3:TrackPointExtension>
        </extensions>
      </trkpt>
      <trkpt lat="48.6991533078253269195556640625" lon="-1.8489097058773040771484375">
        <ele>0.20000000298023223876953125</ele>
        <time>2026-08-22T14:50:26.000Z</time>
        <extensions>
          <ns3:TrackPointExtension>
            <ns3:atemp>34.0</ns3:atemp>
            <ns3:hr>117</ns3:hr>
          </ns3:TrackPointExtension>
        </extensions>
      </trkpt>
      <trkpt lat="48.69914534501731395721435546875" lon="-1.84891196899116039276123046875">
        <ele>0</ele>
        <time>2026-08-22T14:50:28.000Z</time>
        <extensions>
          <ns3:TrackPointExtension>
            <ns3:atemp>34.0</ns3:atemp>
            <ns3:hr>118</ns3:hr>
          </ns3:TrackPointExtension>
        </extensions>
      </trkpt>
      <trkpt lat="48.69914081878960132598876953125" lon="-1.8488961271941661834716796875">
        <ele>0</ele>
        <time>2026-08-22T14:50:31.000Z</time>
        <extensions>
          <ns3:TrackPointExtension>
            <ns3:atemp>33.0</ns3:atemp>
            <ns3:hr>120</ns3:hr>
          </ns3:TrackPointExtension>
        </extensions>
      </trkpt>
      <trkpt lat="48.69914911687374114990234375" lon="-1.8489018268883228302001953125">
        <ele>0.20000000298023223876953125</ele>
        <time>2026-08-22T14:50:32.000Z</time>
        <extensions>
          <ns3:TrackPointExtension>
            <ns3:atemp>33.0</ns3:atemp>
            <ns3:hr>120</ns3:hr>
          </ns3:TrackPointExtension>
        </extensions>
      </trkpt>
      <trkpt lat="48.6991559900343418121337890625" lon="-1.848897300660610198974609375">
        <ele>-0.60000002384185791015625</ele>
        <time>2026-08-22T14:50:37.000Z</time>
        <extensions>
          <ns3:TrackPointExtension>
            <ns3:atemp>33.0</ns3:atemp>
            <ns3:hr>123</ns3:hr>
          </ns3:TrackPointExtension>
        </extensions>
      </trkpt>
      <trkpt lat="48.6991472728550434112548828125" lon="-1.8488880805671215057373046875">
        <ele>-1</ele>
        <time>2026-08-22T14:50:39.000Z</time>
        <extensions>
          <ns3:TrackPointExtension>
            <ns3:atemp>33.0</ns3:atemp>
            <ns3:hr>123</ns3:hr>
          </ns3:TrackPointExtension>
        </extensions>
      </trkpt>
      <trkpt lat="48.69915054179728031158447265625" lon="-1.84887073002755641937255859375">
        <ele>-1</ele>
        <time>2026-08-22T14:50:41.000Z</time>
        <extensions>
          <ns3:TrackPointExtension>
            <ns3:atemp>33.0</ns3:atemp>
            <ns3:hr>122</ns3:hr>
          </ns3:TrackPointExtension>
        </extensions>
      </trkpt>
      <trkpt lat="48.69915523566305637359619140625" lon="-1.848869137465953826904296875">
        <ele>-0.60000002384185791015625</ele>
        <time>2026-08-22T14:50:42.000Z</time>
        <extensions>
          <ns3:TrackPointExtension>
            <ns3:atemp>33.0</ns3:atemp>
            <ns3:hr>122</ns3:hr>
          </ns3:TrackPointExtension>
        </extensions>
      </trkpt>
      <trkpt lat="48.699156157672405242919921875" lon="-1.84886586852371692657470703125">
        <ele>0</ele>
        <time>2026-08-22T14:50:44.000Z</time>
        <extensions>
          <ns3:TrackPointExtension>
            <ns3:atemp>33.0</ns3:atemp>
            <ns3:hr>124</ns3:hr>
          </ns3:TrackPointExtension>
        </extensions>
      </trkpt>
      <trkpt lat="48.69915003888309001922607421875" lon="-1.84887693263590335845947265625">
        <ele>0.20000000298023223876953125</ele>
        <time>2026-08-22T14:50:45.000Z</time>
        <extensions>
          <ns3:TrackPointExtension>
            <ns3:atemp>33.0</ns3:atemp>
            <ns3:hr>124</ns3:hr>
          </ns3:TrackPointExtension>
        </extensions>
      </trkpt>
      <trkpt lat="48.699140064418315887451171875" lon="-1.848908700048923492431640625">
        <ele>0.4000000059604644775390625</ele>
        <time>2026-08-22T14:50:47.000Z</time>
        <extensions>
          <ns3:TrackPointExtension>
            <ns3:atemp>33.0</ns3:atemp>
            <ns3:hr>128</ns3:hr>
          </ns3:TrackPointExtension>
        </extensions>
      </trkpt>
      <trkpt lat="48.69914568029344081878662109375" lon="-1.8489397130906581878662109375">
        <ele>0.60000002384185791015625</ele>
        <time>2026-08-22T14:50:49.000Z</time>
        <extensions>
          <ns3:TrackPointExtension>
            <ns3:atemp>33.0</ns3:atemp>
            <ns3:hr>132</ns3:hr>
          </ns3:TrackPointExtension>
        </extensions>
      </trkpt>
      <trkpt lat="48.6991489492356777191162109375" lon="-1.848939545452594757080078125">
        <ele>0.800000011920928955078125</ele>
        <time>2026-08-22T14:50:50.000Z</time>
        <extensions>
          <ns3:TrackPointExtension>
            <ns3:atemp>33.0</ns3:atemp>
            <ns3:hr>133</ns3:hr>
          </ns3:TrackPointExtension>
        </extensions>
      </trkpt>
      <trkpt lat="48.699159510433673858642578125" lon="-1.84894214384257793426513671875">
        <ele>0.4000000059604644775390625</ele>
        <time>2026-08-22T14:50:56.000Z</time>
        <extensions>
          <ns3:TrackPointExtension>
            <ns3:atemp>33.0</ns3:atemp>
            <ns3:hr>135</ns3:hr>
          </ns3:TrackPointExtension>
        </extensions>
      </trkpt>
      <trkpt lat="48.699152804911136627197265625" lon="-1.84894097037613391876220703125">
        <ele>0.60000002384185791015625</ele>
        <time>2026-08-22T14:50:57.000Z</time>
        <extensions>
          <ns3:TrackPointExtension>
            <ns3:atemp>33.0</ns3:atemp>
            <ns3:hr>135</ns3:hr>
          </ns3:TrackPointExtension>
        </extensions>
      </trkpt>
      <trkpt lat="48.6991590075194835662841796875" lon="-1.84894281439483165740966796875">
        <ele>1</ele>
        <time>2026-08-22T14:50:58.000Z</time>
        <extensions>
          <ns3:TrackPointExtension>
            <ns3:atemp>32.0</ns3:atemp>
            <ns3:hr>136</ns3:hr>
          </ns3:TrackPointExtension>
        </extensions>
      </trkpt>
      <trkpt lat="48.69915490038692951202392578125" lon="-1.8489440716803073883056640625">
        <ele>1.7999999523162841796875</ele>
        <time>2026-08-22T14:51:04.000Z</time>
        <extensions>
          <ns3:TrackPointExtension>
            <ns3:atemp>32.0</ns3:atemp>
            <ns3:hr>135</ns3:hr>
          </ns3:TrackPointExtension>
        </extensions>
      </trkpt>
      <trkpt lat="48.69916060008108615875244140625" lon="-1.8489212729036808013916015625">
        <ele>1.60000002384185791015625</ele>
        <time>2026-08-22T14:51:07.000Z</time>
        <extensions>
          <ns3:TrackPointExtension>
            <ns3:atemp>32.0</ns3:atemp>
            <ns3:hr>136</ns3:hr>
          </ns3:TrackPointExtension>
        </extensions>
      </trkpt>
      <trkpt lat="48.699156157672405242919921875" lon="-1.84892269782721996307373046875">
        <ele>1.2000000476837158203125</ele>
        <time>2026-08-22T14:51:09.000Z</time>
        <extensions>
          <ns3:TrackPointExtension>
            <ns3:atemp>32.0</ns3:atemp>
            <ns3:hr>140</ns3:hr>
          </ns3:TrackPointExtension>
        </extensions>
      </trkpt>
      <trkpt lat="48.6991546489298343658447265625" lon="-1.84892755933105945587158203125">
        <ele>1.2000000476837158203125</ele>
        <time>2026-08-22T14:51:10.000Z</time>
        <extensions>
          <ns3:TrackPointExtension>
            <ns3:atemp>32.0</ns3:atemp>
            <ns3:hr>141</ns3:hr>
          </ns3:TrackPointExtension>
        </extensions>
      </trkpt>
      <trkpt lat="48.69915724731981754302978515625" lon="-1.84893049299716949462890625">
        <ele>2</ele>
        <time>2026-08-22T14:51:14.000Z</time>
        <extensions>
          <ns3:TrackPointExtension>
            <ns3:atemp>32.0</ns3:atemp>
            <ns3:hr>139</ns3:hr>
          </ns3:TrackPointExtension>
        </extensions>
      </trkpt>
      <trkpt lat="48.69916428811848163604736328125" lon="-1.84892705641686916351318359375">
        <ele>1.60000002384185791015625</ele>
        <time>2026-08-22T14:51:18.000Z</time>
        <extensions>
          <ns3:TrackPointExtension>
            <ns3:atemp>32.0</ns3:atemp>
            <ns3:hr>136</ns3:hr>
          </ns3:TrackPointExtension>
        </extensions>
      </trkpt>
      <trkpt lat="48.69916428811848163604736328125" lon="-1.84892705641686916351318359375">
        <ele>1.60000002384185791015625</ele>
        <time>2026-08-22T14:51:19.000Z</time>
        <extensions>
          <ns3:TrackPointExtension>
            <ns3:atemp>32.0</ns3:atemp>
            <ns3:hr>131</ns3:hr>
          </ns3:TrackPointExtension>
        </extensions>
      </trkpt>
      <trkpt lat="48.69916428811848163604736328125" lon="-1.84892705641686916351318359375">
        <ele>1.60000002384185791015625</ele>
        <time>2026-08-22T14:51:20.000Z</time>
        <extensions>
          <ns3:TrackPointExtension>
            <ns3:atemp>32.0</ns3:atemp>
            <ns3:hr>122</ns3:hr>
          </ns3:TrackPointExtension>
        </extensions>
      </trkpt>
      <trkpt lat="48.69916428811848163604736328125" lon="-1.84892705641686916351318359375">
        <ele>1.39999997615814208984375</ele>
        <time>2026-08-22T14:51:21.000Z</time>
        <extensions>
          <ns3:TrackPointExtension>
            <ns3:atemp>32.0</ns3:atemp>
            <ns3:hr>118</ns3:hr>
          </ns3:TrackPointExtension>
        </extensions>
      </trkpt>
      <trkpt lat="48.69916428811848163604736328125" lon="-1.84892705641686916351318359375">
        <ele>1.39999997615814208984375</ele>
        <time>2026-08-22T14:51:22.000Z</time>
        <extensions>
          <ns3:TrackPointExtension>
            <ns3:atemp>32.0</ns3:atemp>
            <ns3:hr>118</ns3:hr>
          </ns3:TrackPointExtension>
        </extensions>
      </trkpt>
      <trkpt lat="48.69914936833083629608154296875" lon="-1.84891247190535068511962890625">
        <ele>1</ele>
        <time>2026-08-22T14:51:25.000Z</time>
        <extensions>
          <ns3:TrackPointExtension>
            <ns3:atemp>32.0</ns3:atemp>
            <ns3:hr>117</ns3:hr>
          </ns3:TrackPointExtension>
        </extensions>
      </trkpt>
      <trkpt lat="48.69914752431213855743408203125" lon="-1.84888900257647037506103515625">
        <ele>0.60000002384185791015625</ele>
        <time>2026-08-22T14:51:29.000Z</time>
        <extensions>
          <ns3:TrackPointExtension>
            <ns3:atemp>32.0</ns3:atemp>
            <ns3:hr>115</ns3:hr>
          </ns3:TrackPointExtension>
        </extensions>
      </trkpt>
      <trkpt lat="48.6991403996944427490234375" lon="-1.848881542682647705078125">
        <ele>0.60000002384185791015625</ele>
        <time>2026-08-22T14:51:30.000Z</time>
        <extensions>
          <ns3:TrackPointExtension>
            <ns3:atemp>32.0</ns3:atemp>
            <ns3:hr>115</ns3:hr>
          </ns3:TrackPointExtension>
        </extensions>
      </trkpt>
      <trkpt lat="48.6991352029144763946533203125" lon="-1.848871149122714996337890625">
        <ele>1.2000000476837158203125</ele>
        <time>2026-08-22T14:51:35.000Z</time>
        <extensions>
          <ns3:TrackPointExtension>
            <ns3:atemp>32.0</ns3:atemp>
            <ns3:hr>113</ns3:hr>
          </ns3:TrackPointExtension>
        </extensions>
      </trkpt>
      <trkpt lat="48.69911785237491130828857421875" lon="-1.8488512001931667327880859375">
        <ele>1</ele>
        <time>2026-08-22T14:51:42.000Z</time>
        <extensions>
          <ns3:TrackPointExtension>
            <ns3:atemp>32.0</ns3:atemp>
            <ns3:hr>116</ns3:hr>
          </ns3:TrackPointExtension>
        </extensions>
      </trkpt>
      <trkpt lat="48.699115924537181854248046875" lon="-1.84884927235543727874755859375">
        <ele>1</ele>
        <time>2026-08-22T14:51:43.000Z</time>
        <extensions>
          <ns3:TrackPointExtension>
            <ns3:atemp>32.0</ns3:atemp>
            <ns3:hr>118</ns3:hr>
          </ns3:TrackPointExtension>
        </extensions>
      </trkpt>
      <trkpt lat="48.699115924537181854248046875" lon="-1.84884826652705669403076171875">
        <ele>1</ele>
        <time>2026-08-22T14:51:46.000Z</time>
        <extensions>
          <ns3:TrackPointExtension>
            <ns3:atemp>32.0</ns3:atemp>
            <ns3:hr>118</ns3:hr>
          </ns3:TrackPointExtension>
        </extensions>
      </trkpt>
      <trkpt lat="48.6991243064403533935546875" lon="-1.8488565646111965179443359375">
        <ele>0.800000011920928955078125</ele>
        <time>2026-08-22T14:51:49.000Z</time>
        <extensions>
          <ns3:TrackPointExtension>
            <ns3:atemp>32.0</ns3:atemp>
            <ns3:hr>116</ns3:hr>
          </ns3:TrackPointExtension>
        </extensions>
      </trkpt>
      <trkpt lat="48.6991144157946109771728515625" lon="-1.84883871115744113922119140625">
        <ele>1.2000000476837158203125</ele>
        <time>2026-08-22T14:51:52.000Z</time>
        <extensions>
          <ns3:TrackPointExtension>
            <ns3:atemp>32.0</ns3:atemp>
            <ns3:hr>119</ns3:hr>
          </ns3:TrackPointExtension>
        </extensions>
      </trkpt>
      <trkpt lat="48.69911399669945240020751953125" lon="-1.848846338689327239990234375">
        <ele>1.39999997615814208984375</ele>
        <time>2026-08-22T14:51:54.000Z</time>
        <extensions>
          <ns3:TrackPointExtension>
            <ns3:atemp>32.0</ns3:atemp>
            <ns3:hr>119</ns3:hr>
          </ns3:TrackPointExtension>
        </extensions>
      </trkpt>
      <trkpt lat="48.69909857399761676788330078125" lon="-1.84884156100451946258544921875">
        <ele>1.2000000476837158203125</ele>
        <time>2026-08-22T14:52:01.000Z</time>
        <extensions>
          <ns3:TrackPointExtension>
            <ns3:atemp>31.0</ns3:atemp>
            <ns3:hr>121</ns3:hr>
          </ns3:TrackPointExtension>
        </extensions>
      </trkpt>
      <trkpt lat="48.6991077102720737457275390625" lon="-1.8488327600061893463134765625">
        <ele>1</ele>
        <time>2026-08-22T14:52:06.000Z</time>
        <extensions>
          <ns3:TrackPointExtension>
            <ns3:atemp>31.0</ns3:atemp>
            <ns3:hr>122</ns3:hr>
          </ns3:TrackPointExtension>
        </extensions>
      </trkpt>
      <trkpt lat="48.6991108953952789306640625" lon="-1.848829574882984161376953125">
        <ele>1.39999997615814208984375</ele>
        <time>2026-08-22T14:52:11.000Z</time>
        <extensions>
          <ns3:TrackPointExtension>
            <ns3:atemp>31.0</ns3:atemp>
            <ns3:hr>123</ns3:hr>
          </ns3:TrackPointExtension>
        </extensions>
      </trkpt>
      <trkpt lat="48.69911684654653072357177734375" lon="-1.8488508649170398712158203125">
        <ele>1.2000000476837158203125</ele>
        <time>2026-08-22T14:52:17.000Z</time>
        <extensions>
          <ns3:TrackPointExtension>
            <ns3:atemp>31.0</ns3:atemp>
            <ns3:hr>126</ns3:hr>
          </ns3:TrackPointExtension>
        </extensions>
      </trkpt>
      <trkpt lat="48.6991187743842601776123046875" lon="-1.84884977526962757110595703125">
        <ele>1.2000000476837158203125</ele>
        <time>2026-08-22T14:52:23.000Z</time>
        <extensions>
          <ns3:TrackPointExtension>
            <ns3:atemp>31.0</ns3:atemp>
            <ns3:hr>127</ns3:hr>
          </ns3:TrackPointExtension>
        </extensions>
      </trkpt>
      <trkpt lat="48.6991187743842601776123046875" lon="-1.84884977526962757110595703125">
        <ele>1.39999997615814208984375</ele>
        <time>2026-08-22T14:52:29.000Z</time>
        <extensions>
          <ns3:TrackPointExtension>
            <ns3:atemp>31.0</ns3:atemp>
            <ns3:hr>126</ns3:hr>
          </ns3:TrackPointExtension>
        </extensions>
      </trkpt>
      <trkpt lat="48.6991187743842601776123046875" lon="-1.84884977526962757110595703125">
        <ele>1.39999997615814208984375</ele>
        <time>2026-08-22T14:52:32.000Z</time>
        <extensions>
          <ns3:TrackPointExtension>
            <ns3:atemp>31.0</ns3:atemp>
            <ns3:hr>125</ns3:hr>
          </ns3:TrackPointExtension>
        </extensions>
      </trkpt>
      <trkpt lat="48.6991187743842601776123046875" lon="-1.84884977526962757110595703125">
        <ele>1.2000000476837158203125</ele>
        <time>2026-08-22T14:52:35.000Z</time>
        <extensions>
          <ns3:TrackPointExtension>
            <ns3:atemp>31.0</ns3:atemp>
            <ns3:hr>125</ns3:hr>
          </ns3:TrackPointExtension>
        </extensions>
      </trkpt>
      <trkpt lat="48.6991417407989501953125" lon="-1.8487999029457569122314453125">
        <ele>1.39999997615814208984375</ele>
        <time>2026-08-22T14:52:39.000Z</time>
        <extensions>
          <ns3:TrackPointExtension>
            <ns3:atemp>31.0</ns3:atemp>
            <ns3:hr>123</ns3:hr>
          </ns3:TrackPointExtension>
        </extensions>
      </trkpt>
      <trkpt lat="48.69915272109210491180419921875" lon="-1.84878188185393810272216796875">
        <ele>1.39999997615814208984375</ele>
        <time>2026-08-22T14:52:41.000Z</time>
        <extensions>
          <ns3:TrackPointExtension>
            <ns3:atemp>31.0</ns3:atemp>
            <ns3:hr>123</ns3:hr>
          </ns3:TrackPointExtension>
        </extensions>
      </trkpt>
      <trkpt lat="48.69919010438024997711181640625" lon="-1.84867979027330875396728515625">
        <ele>1.39999997615814208984375</ele>
        <time>2026-08-22T14:52:48.000Z</time>
        <extensions>
          <ns3:TrackPointExtension>
            <ns3:atemp>31.0</ns3:atemp>
            <ns3:hr>125</ns3:hr>
          </ns3:TrackPointExtension>
        </extensions>
      </trkpt>
      <trkpt lat="48.6992210336029529571533203125" lon="-1.84856462292373180389404296875">
        <ele>1.39999997615814208984375</ele>
        <time>2026-08-22T14:52:55.000Z</time>
        <extensions>
          <ns3:TrackPointExtension>
            <ns3:atemp>31.0</ns3:atemp>
            <ns3:hr>127</ns3:hr>
          </ns3:TrackPointExtension>
        </extensions>
      </trkpt>
      <trkpt lat="48.69924425147473812103271484375" lon="-1.84839044697582721710205078125">
        <ele>1.39999997615814208984375</ele>
        <time>2026-08-22T14:53:02.000Z</time>
        <extensions>
          <ns3:TrackPointExtension>
            <ns3:atemp>31.0</ns3:atemp>
            <ns3:hr>128</ns3:hr>
          </ns3:TrackPointExtension>
        </extensions>
      </trkpt>
      <trkpt lat="48.69923201389610767364501953125" lon="-1.84819146059453487396240234375">
        <ele>1.2000000476837158203125</ele>
        <time>2026-08-22T14:53:08.000Z</time>
        <extensions>
          <ns3:TrackPointExtension>
            <ns3:atemp>31.0</ns3:atemp>
            <ns3:hr>128</ns3:hr>
          </ns3:TrackPointExtension>
        </extensions>
      </trkpt>
      <trkpt lat="48.699184320867061614990234375" lon="-1.84791385196149349212646484375">
        <ele>1.60000002384185791015625</ele>
        <time>2026-08-22T14:53:14.000Z</time>
        <extensions>
          <ns3:TrackPointExtension>
            <ns3:atemp>31.0</ns3:atemp>
            <ns3:hr>126</ns3:hr>
          </ns3:TrackPointExtension>
        </extensions>
      </trkpt>
      <trkpt lat="48.69909756816923618316650390625" lon="-1.84744982980191707611083984375">
        <ele>1.60000002384185791015625</ele>
        <time>2026-08-22T14:53:21.000Z</time>
        <extensions>
          <ns3:TrackPointExtension>
            <ns3:atemp>31.0</ns3:atemp>
            <ns3:hr>125</ns3:hr>
          </ns3:TrackPointExtension>
        </extensions>
      </trkpt>
      <trkpt lat="48.69905649684369564056396484375" lon="-1.84725117869675159454345703125">
        <ele>1.60000002384185791015625</ele>
        <time>2026-08-22T14:53:24.000Z</time>
        <extensions>
          <ns3:TrackPointExtension>
            <ns3:atemp>31.0</ns3:atemp>
            <ns3:hr>122</ns3:hr>
          </ns3:TrackPointExtension>
        </extensions>
      </trkpt>
      <trkpt lat="48.6990129947662353515625" lon="-1.84702335856854915618896484375">
        <ele>1.39999997615814208984375</ele>
        <time>2026-08-22T14:53:28.000Z</time>
        <extensions>
          <ns3:TrackPointExtension>
            <ns3:atemp>31.0</ns3:atemp>
            <ns3:hr>120</ns3:hr>
          </ns3:TrackPointExtension>
        </extensions>
      </trkpt>
      <trkpt lat="48.69895909912884235382080078125" lon="-1.84678606688976287841796875">
        <ele>1.2000000476837158203125</ele>
        <time>2026-08-22T14:53:34.000Z</time>
        <extensions>
          <ns3:TrackPointExtension>
            <ns3:atemp>31.0</ns3:atemp>
            <ns3:hr>117</ns3:hr>
          </ns3:TrackPointExtension>
        </extensions>
      </trkpt>
      <trkpt lat="48.6989365518093109130859375" lon="-1.846714317798614501953125">
        <ele>1.2000000476837158203125</ele>
        <time>2026-08-22T14:53:36.000Z</time>
        <extensions>
          <ns3:TrackPointExtension>
            <ns3:atemp>31.0</ns3:atemp>
            <ns3:hr>116</ns3:hr>
          </ns3:TrackPointExtension>
        </extensions>
      </trkpt>
      <trkpt lat="48.698881566524505615234375" lon="-1.84657844714820384979248046875">
        <ele>1.2000000476837158203125</ele>
        <time>2026-08-22T14:53:40.000Z</time>
        <extensions>
          <ns3:TrackPointExtension>
            <ns3:atemp>31.0</ns3:atemp>
            <ns3:hr>113</ns3:hr>
          </ns3:TrackPointExtension>
        </extensions>
      </trkpt>
      <trkpt lat="48.6988244019448757171630859375" lon="-1.846471913158893585205078125">
        <ele>1</ele>
        <time>2026-08-22T14:53:43.000Z</time>
        <extensions>
          <ns3:TrackPointExtension>
            <ns3:atemp>31.0</ns3:atemp>
            <ns3:hr>113</ns3:hr>
          </ns3:TrackPointExtension>
        </extensions>
      </trkpt>
      <trkpt lat="48.69869850575923919677734375" lon="-1.846216432750225067138671875">
        <ele>1.60000002384185791015625</ele>
        <time>2026-08-22T14:53:48.000Z</time>
        <extensions>
          <ns3:TrackPointExtension>
            <ns3:atemp>31.0</ns3:atemp>
            <ns3:hr>115</ns3:hr>
          </ns3:TrackPointExtension>
        </extensions>
      </trkpt>
      <trkpt lat="48.69851670227944850921630859375" lon="-1.845895908772945404052734375">
        <ele>1.39999997615814208984375</ele>
        <time>2026-08-22T14:53:53.000Z</time>
        <extensions>
          <ns3:TrackPointExtension>
            <ns3:atemp>31.0</ns3:atemp>
            <ns3:hr>118</ns3:hr>
          </ns3:TrackPointExtension>
        </extensions>
      </trkpt>
      <trkpt lat="48.6983204819262027740478515625" lon="-1.8456159532070159912109375">
        <ele>2</ele>
        <time>2026-08-22T14:53:58.000Z</time>
        <extensions>
          <ns3:TrackPointExtension>
            <ns3:atemp>31.0</ns3:atemp>
            <ns3:hr>116</ns3:hr>
          </ns3:TrackPointExtension>
        </extensions>
      </trkpt>
      <trkpt lat="48.698289804160594940185546875" lon="-1.84555828571319580078125">
        <ele>2</ele>
        <time>2026-08-22T14:53:59.000Z</time>
        <extensions>
          <ns3:TrackPointExtension>
            <ns3:atemp>31.0</ns3:atemp>
            <ns3:hr>116</ns3:hr>
          </ns3:TrackPointExtension>
        </extensions>
      </trkpt>
      <trkpt lat="48.698233477771282196044921875" lon="-1.84543951414525508880615234375">
        <ele>1.7999999523162841796875</ele>
        <time>2026-08-22T14:54:02.000Z</time>
        <extensions>
          <ns3:TrackPointExtension>
            <ns3:atemp>31.0</ns3:atemp>
            <ns3:hr>115</ns3:hr>
          </ns3:TrackPointExtension>
        </extensions>
      </trkpt>
      <trkpt lat="48.698126859962940216064453125" lon="-1.84529484249651432037353515625">
        <ele>1.39999997615814208984375</ele>
        <time>2026-08-22T14:54:08.000Z</time>
        <extensions>
          <ns3:TrackPointExtension>
            <ns3:atemp>31.0</ns3:atemp>
            <ns3:hr>115</ns3:hr>
          </ns3:TrackPointExtension>
        </extensions>
      </trkpt>
      <trkpt lat="48.69807547889649868011474609375" lon="-1.84520113281905651092529296875">
        <ele>1.2000000476837158203125</ele>
        <time>2026-08-22T14:54:11.000Z</time>
        <extensions>
          <ns3:TrackPointExtension>
            <ns3:atemp>31.0</ns3:atemp>
            <ns3:hr>111</ns3:hr>
          </ns3:TrackPointExtension>
        </extensions>
      </trkpt>
      <trkpt lat="48.697993755340576171875" lon="-1.84499879367649555206298828125">
        <ele>1.2000000476837158203125</ele>
        <time>2026-08-22T14:54:16.000Z</time>
        <extensions>
          <ns3:TrackPointExtension>
            <ns3:atemp>31.0</ns3:atemp>
            <ns3:hr>113</ns3:hr>
          </ns3:TrackPointExtension>
        </extensions>
      </trkpt>
      <trkpt lat="48.69789258576929569244384765625" lon="-1.8448359332978725433349609375">
        <ele>1.39999997615814208984375</ele>
        <time>2026-08-22T14:54:21.000Z</time>
        <extensions>
          <ns3:TrackPointExtension>
            <ns3:atemp>31.0</ns3:atemp>
            <ns3:hr>110</ns3:hr>
          </ns3:TrackPointExtension>
        </extensions>
      </trkpt>
      <trkpt lat="48.697867356240749359130859375" lon="-1.84480634517967700958251953125">
        <ele>1.2000000476837158203125</ele>
        <time>2026-08-22T14:54:22.000Z</time>
        <extensions>
          <ns3:TrackPointExtension>
            <ns3:atemp>31.0</ns3:atemp>
            <ns3:hr>101</ns3:hr>
          </ns3:TrackPointExtension>
        </extensions>
      </trkpt>
      <trkpt lat="48.69783977977931499481201171875" lon="-1.844768710434436798095703125">
        <ele>1.2000000476837158203125</ele>
        <time>2026-08-22T14:54:23.000Z</time>
        <extensions>
          <ns3:TrackPointExtension>
            <ns3:atemp>30.0</ns3:atemp>
            <ns3:hr>99</ns3:hr>
          </ns3:TrackPointExtension>
        </extensions>
      </trkpt>
      <trkpt lat="48.69772662408649921417236328125" lon="-1.844548098742961883544921875">
        <ele>1.2000000476837158203125</ele>
        <time>2026-08-22T14:54:29.000Z</time>
        <extensions>
          <ns3:TrackPointExtension>
            <ns3:atemp>30.0</ns3:atemp>
            <ns3:hr>100</ns3:hr>
          </ns3:TrackPointExtension>
        </extensions>
      </trkpt>
      <trkpt lat="48.69766451418399810791015625" lon="-1.844407618045806884765625">
        <ele>1.60000002384185791015625</ele>
        <time>2026-08-22T14:54:33.000Z</time>
        <extensions>
          <ns3:TrackPointExtension>
            <ns3:atemp>31.0</ns3:atemp>
            <ns3:hr>104</ns3:hr>
          </ns3:TrackPointExtension>
        </extensions>
      </trkpt>
      <trkpt lat="48.69761397130787372589111328125" lon="-1.8443075381219387054443359375">
        <ele>1.60000002384185791015625</ele>
        <time>2026-08-22T14:54:36.000Z</time>
        <extensions>
          <ns3:TrackPointExtension>
            <ns3:atemp>30.0</ns3:atemp>
            <ns3:hr>106</ns3:hr>
          </ns3:TrackPointExtension>
        </extensions>
      </trkpt>
      <trkpt lat="48.69752394966781139373779296875" lon="-1.84408508241176605224609375">
        <ele>1.7999999523162841796875</ele>
        <time>2026-08-22T14:54:43.000Z</time>
        <extensions>
          <ns3:TrackPointExtension>
            <ns3:atemp>30.0</ns3:atemp>
            <ns3:hr>109</ns3:hr>
          </ns3:TrackPointExtension>
        </extensions>
      </trkpt>
      <trkpt lat="48.69745320640504360198974609375" lon="-1.843825913965702056884765625">
        <ele>1.60000002384185791015625</ele>
        <time>2026-08-22T14:54:49.000Z</time>
        <extensions>
          <ns3:TrackPointExtension>
            <ns3:atemp>30.0</ns3:atemp>
            <ns3:hr>106</ns3:hr>
          </ns3:TrackPointExtension>
        </extensions>
      </trkpt>
      <trkpt lat="48.69739134795963764190673828125" lon="-1.8434840999543666839599609375">
        <ele>1.7999999523162841796875</ele>
        <time>2026-08-22T14:54:54.000Z</time>
        <extensions>
          <ns3:TrackPointExtension>
            <ns3:atemp>30.0</ns3:atemp>
            <ns3:hr>108</ns3:hr>
          </ns3:TrackPointExtension>
        </extensions>
      </trkpt>
      <trkpt lat="48.69734105654060840606689453125" lon="-1.84320674277842044830322265625">
        <ele>1.7999999523162841796875</ele>
        <time>2026-08-22T14:54:58.000Z</time>
        <extensions>
          <ns3:TrackPointExtension>
            <ns3:atemp>30.0</ns3:atemp>
            <ns3:hr>110</ns3:hr>
          </ns3:TrackPointExtension>
        </extensions>
      </trkpt>
      <trkpt lat="48.69732127524912357330322265625" lon="-1.84314421378076076507568359375">
        <ele>1.60000002384185791015625</ele>
        <time>2026-08-22T14:54:59.000Z</time>
        <extensions>
          <ns3:TrackPointExtension>
            <ns3:atemp>30.0</ns3:atemp>
            <ns3:hr>110</ns3:hr>
          </ns3:TrackPointExtension>
        </extensions>
      </trkpt>
      <trkpt lat="48.697272241115570068359375" lon="-1.84291086159646511077880859375">
        <ele>1.60000002384185791015625</ele>
        <time>2026-08-22T14:55:03.000Z</time>
        <extensions>
          <ns3:TrackPointExtension>
            <ns3:atemp>30.0</ns3:atemp>
            <ns3:hr>113</ns3:hr>
          </ns3:TrackPointExtension>
        </extensions>
      </trkpt>
      <trkpt lat="48.69725874625146389007568359375" lon="-1.8427793495357036590576171875">
        <ele>1.60000002384185791015625</ele>
        <time>2026-08-22T14:55:05.000Z</time>
        <extensions>
          <ns3:TrackPointExtension>
            <ns3:atemp>30.0</ns3:atemp>
            <ns3:hr>113</ns3:hr>
          </ns3:TrackPointExtension>
        </extensions>
      </trkpt>
      <trkpt lat="48.69724332354962825775146484375" lon="-1.8424316681921482086181640625">
        <ele>1.39999997615814208984375</ele>
        <time>2026-08-22T14:55:11.000Z</time>
        <extensions>
          <ns3:TrackPointExtension>
            <ns3:atemp>30.0</ns3:atemp>
            <ns3:hr>115</ns3:hr>
          </ns3:TrackPointExtension>
        </extensions>
      </trkpt>
      <trkpt lat="48.69724332354962825775146484375" lon="-1.842151544988155364990234375">
        <ele>1.60000002384185791015625</ele>
        <time>2026-08-22T14:55:16.000Z</time>
        <extensions>
          <ns3:TrackPointExtension>
            <ns3:atemp>30.0</ns3:atemp>
            <ns3:hr>117</ns3:hr>
          </ns3:TrackPointExtension>
        </extensions>
      </trkpt>
      <trkpt lat="48.6972486041486263275146484375" lon="-1.8420970626175403594970703125">
        <ele>1.60000002384185791015625</ele>
        <time>2026-08-22T14:55:17.000Z</time>
        <extensions>
          <ns3:TrackPointExtension>
            <ns3:atemp>30.0</ns3:atemp>
            <ns3:hr>120</ns3:hr>
          </ns3:TrackPointExtension>
        </extensions>
      </trkpt>
      <trkpt lat="48.69724935851991176605224609375" lon="-1.84204132296144962310791015625">
        <ele>1.60000002384185791015625</ele>
        <time>2026-08-22T14:55:18.000Z</time>
        <extensions>
          <ns3:TrackPointExtension>
            <ns3:atemp>30.0</ns3:atemp>
            <ns3:hr>123</ns3:hr>
          </ns3:TrackPointExtension>
        </extensions>
      </trkpt>
      <trkpt lat="48.69724902324378490447998046875" lon="-1.8419904448091983795166015625">
        <ele>1.60000002384185791015625</ele>
        <time>2026-08-22T14:55:19.000Z</time>
        <extensions>
          <ns3:TrackPointExtension>
            <ns3:atemp>30.0</ns3:atemp>
            <ns3:hr>127</ns3:hr>
          </ns3:TrackPointExtension>
        </extensions>
      </trkpt>
      <trkpt lat="48.6972445808351039886474609375" lon="-1.8419381417334079742431640625">
        <ele>1.60000002384185791015625</ele>
        <time>2026-08-22T14:55:20.000Z</time>
        <extensions>
          <ns3:TrackPointExtension>
            <ns3:atemp>30.0</ns3:atemp>
            <ns3:hr>130</ns3:hr>
          </ns3:TrackPointExtension>
        </extensions>
      </trkpt>
      <trkpt lat="48.6972281523048877716064453125" lon="-1.84177243150770664215087890625">
        <ele>1.60000002384185791015625</ele>
        <time>2026-08-22T14:55:23.000Z</time>
        <extensions>
          <ns3:TrackPointExtension>
            <ns3:atemp>30.0</ns3:atemp>
            <ns3:hr>130</ns3:hr>
          </ns3:TrackPointExtension>
        </extensions>
      </trkpt>
      <trkpt lat="48.697197139263153076171875" lon="-1.84160672128200531005859375">
        <ele>1.60000002384185791015625</ele>
        <time>2026-08-22T14:55:26.000Z</time>
        <extensions>
          <ns3:TrackPointExtension>
            <ns3:atemp>30.0</ns3:atemp>
            <ns3:hr>124</ns3:hr>
          </ns3:TrackPointExtension>
        </extensions>
      </trkpt>
      <trkpt lat="48.69718917645514011383056640625" lon="-1.84154947288334369659423828125">
        <ele>1.60000002384185791015625</ele>
        <time>2026-08-22T14:55:27.000Z</time>
        <extensions>
          <ns3:TrackPointExtension>
            <ns3:atemp>30.0</ns3:atemp>
            <ns3:hr>119</ns3:hr>
          </ns3:TrackPointExtension>
        </extensions>
      </trkpt>
      <trkpt lat="48.697173334658145904541015625" lon="-1.84144050814211368560791015625">
        <ele>1.60000002384185791015625</ele>
        <time>2026-08-22T14:55:29.000Z</time>
        <extensions>
          <ns3:TrackPointExtension>
            <ns3:atemp>30.0</ns3:atemp>
            <ns3:hr>116</ns3:hr>
          </ns3:TrackPointExtension>
        </extensions>
      </trkpt>
      <trkpt lat="48.69716788642108440399169921875" lon="-1.84137781150639057159423828125">
        <ele>1.60000002384185791015625</ele>
        <time>2026-08-22T14:55:30.000Z</time>
        <extensions>
          <ns3:TrackPointExtension>
            <ns3:atemp>30.0</ns3:atemp>
            <ns3:hr>116</ns3:hr>
          </ns3:TrackPointExtension>
        </extensions>
      </trkpt>
      <trkpt lat="48.69715430773794651031494140625" lon="-1.841150410473346710205078125">
        <ele>1.7999999523162841796875</ele>
        <time>2026-08-22T14:55:34.000Z</time>
        <extensions>
          <ns3:TrackPointExtension>
            <ns3:atemp>30.0</ns3:atemp>
            <ns3:hr>115</ns3:hr>
          </ns3:TrackPointExtension>
        </extensions>
      </trkpt>
      <trkpt lat="48.69712916202843189239501953125" lon="-1.84088612906634807586669921875">
        <ele>1.7999999523162841796875</ele>
        <time>2026-08-22T14:55:38.000Z</time>
        <extensions>
          <ns3:TrackPointExtension>
            <ns3:atemp>30.0</ns3:atemp>
            <ns3:hr>112</ns3:hr>
          </ns3:TrackPointExtension>
        </extensions>
      </trkpt>
      <trkpt lat="48.6971185170114040374755859375" lon="-1.84074481017887592315673828125">
        <ele>1.7999999523162841796875</ele>
        <time>2026-08-22T14:55:40.000Z</time>
        <extensions>
          <ns3:TrackPointExtension>
            <ns3:atemp>30.0</ns3:atemp>
            <ns3:hr>113</ns3:hr>
          </ns3:TrackPointExtension>
        </extensions>
      </trkpt>
      <trkpt lat="48.69708222337067127227783203125" lon="-1.84026419185101985931396484375">
        <ele>1.7999999523162841796875</ele>
        <time>2026-08-22T14:55:47.000Z</time>
        <extensions>
          <ns3:TrackPointExtension>
            <ns3:atemp>30.0</ns3:atemp>
            <ns3:hr>112</ns3:hr>
          </ns3:TrackPointExtension>
        </extensions>
      </trkpt>
      <trkpt lat="48.6970831453800201416015625" lon="-1.8399807997047901153564453125">
        <ele>1.7999999523162841796875</ele>
        <time>2026-08-22T14:55:52.000Z</time>
        <extensions>
          <ns3:TrackPointExtension>
            <ns3:atemp>30.0</ns3:atemp>
            <ns3:hr>111</ns3:hr>
          </ns3:TrackPointExtension>
        </extensions>
      </trkpt>
      <trkpt lat="48.69712245650589466094970703125" lon="-1.83972691185772418975830078125">
        <ele>2</ele>
        <time>2026-08-22T14:55:59.000Z</time>
        <extensions>
          <ns3:TrackPointExtension>
            <ns3:atemp>30.0</ns3:atemp>
            <ns3:hr>111</ns3:hr>
          </ns3:TrackPointExtension>
        </extensions>
      </trkpt>
      <trkpt lat="48.69718599133193492889404296875" lon="-1.8394567631185054779052734375">
        <ele>1.60000002384185791015625</ele>
        <time>2026-08-22T14:56:06.000Z</time>
        <extensions>
          <ns3:TrackPointExtension>
            <ns3:atemp>30.0</ns3:atemp>
            <ns3:hr>113</ns3:hr>
          </ns3:TrackPointExtension>
        </extensions>
      </trkpt>
      <trkpt lat="48.69719990529119968414306640625" lon="-1.83911763131618499755859375">
        <ele>1.60000002384185791015625</ele>
        <time>2026-08-22T14:56:13.000Z</time>
        <extensions>
          <ns3:TrackPointExtension>
            <ns3:atemp>30.0</ns3:atemp>
            <ns3:hr>113</ns3:hr>
          </ns3:TrackPointExtension>
        </extensions>
      </trkpt>
      <trkpt lat="48.697201497852802276611328125" lon="-1.83900120668113231658935546875">
        <ele>1.60000002384185791015625</ele>
        <time>2026-08-22T14:56:15.000Z</time>
        <extensions>
          <ns3:TrackPointExtension>
            <ns3:atemp>30.0</ns3:atemp>
            <ns3:hr>113</ns3:hr>
          </ns3:TrackPointExtension>
        </extensions>
      </trkpt>
      <trkpt lat="48.6972036771476268768310546875" lon="-1.83881680481135845184326171875">
        <ele>1.60000002384185791015625</ele>
        <time>2026-08-22T14:56:18.000Z</time>
        <extensions>
          <ns3:TrackPointExtension>
            <ns3:atemp>30.0</ns3:atemp>
            <ns3:hr>111</ns3:hr>
          </ns3:TrackPointExtension>
        </extensions>
      </trkpt>
      <trkpt lat="48.697209544479846954345703125" lon="-1.83869040571153163909912109375">
        <ele>1.60000002384185791015625</ele>
        <time>2026-08-22T14:56:20.000Z</time>
        <extensions>
          <ns3:TrackPointExtension>
            <ns3:atemp>30.0</ns3:atemp>
            <ns3:hr>111</ns3:hr>
          </ns3:TrackPointExtension>
        </extensions>
      </trkpt>
      <trkpt lat="48.69721683673560619354248046875" lon="-1.838565766811370849609375">
        <ele>1.60000002384185791015625</ele>
        <time>2026-08-22T14:56:22.000Z</time>
        <extensions>
          <ns3:TrackPointExtension>
            <ns3:atemp>30.0</ns3:atemp>
            <ns3:hr>110</ns3:hr>
          </ns3:TrackPointExtension>
        </extensions>
      </trkpt>
      <trkpt lat="48.69721750728785991668701171875" lon="-1.83850181289017200469970703125">
        <ele>1.60000002384185791015625</ele>
        <time>2026-08-22T14:56:23.000Z</time>
        <extensions>
          <ns3:TrackPointExtension>
            <ns3:atemp>30.0</ns3:atemp>
            <ns3:hr>109</ns3:hr>
          </ns3:TrackPointExtension>
        </extensions>
      </trkpt>
      <trkpt lat="48.697222284972667694091796875" lon="-1.8383605778217315673828125">
        <ele>1.60000002384185791015625</ele>
        <time>2026-08-22T14:56:25.000Z</time>
        <extensions>
          <ns3:TrackPointExtension>
            <ns3:atemp>30.0</ns3:atemp>
            <ns3:hr>109</ns3:hr>
          </ns3:TrackPointExtension>
        </extensions>
      </trkpt>
      <trkpt lat="48.6972509510815143585205078125" lon="-1.8380885012447834014892578125">
        <ele>1.60000002384185791015625</ele>
        <time>2026-08-22T14:56:29.000Z</time>
        <extensions>
          <ns3:TrackPointExtension>
            <ns3:atemp>30.0</ns3:atemp>
            <ns3:hr>110</ns3:hr>
          </ns3:TrackPointExtension>
        </extensions>
      </trkpt>
      <trkpt lat="48.6972848139703273773193359375" lon="-1.83774693869054317474365234375">
        <ele>1.39999997615814208984375</ele>
        <time>2026-08-22T14:56:34.000Z</time>
        <extensions>
          <ns3:TrackPointExtension>
            <ns3:atemp>30.0</ns3:atemp>
            <ns3:hr>110</ns3:hr>
          </ns3:TrackPointExtension>
        </extensions>
      </trkpt>
      <trkpt lat="48.69728540070354938507080078125" lon="-1.83767233975231647491455078125">
        <ele>1.39999997615814208984375</ele>
        <time>2026-08-22T14:56:35.000Z</time>
        <extensions>
          <ns3:TrackPointExtension>
            <ns3:atemp>30.0</ns3:atemp>
            <ns3:hr>110</ns3:hr>
          </ns3:TrackPointExtension>
        </extensions>
      </trkpt>
      <trkpt lat="48.69727500714361667633056640625" lon="-1.83751677162945270538330078125">
        <ele>1.60000002384185791015625</ele>
        <time>2026-08-22T14:56:37.000Z</time>
        <extensions>
          <ns3:TrackPointExtension>
            <ns3:atemp>30.0</ns3:atemp>
            <ns3:hr>110</ns3:hr>
          </ns3:TrackPointExtension>
        </extensions>
      </trkpt>
      <trkpt lat="48.69724617339670658111572265625" lon="-1.83722491376101970672607421875">
        <ele>1.7999999523162841796875</ele>
        <time>2026-08-22T14:56:41.000Z</time>
        <extensions>
          <ns3:TrackPointExtension>
            <ns3:atemp>30.0</ns3:atemp>
            <ns3:hr>112</ns3:hr>
          </ns3:TrackPointExtension>
        </extensions>
      </trkpt>
      <trkpt lat="48.6972120590507984161376953125" lon="-1.836760975420475006103515625">
        <ele>1.60000002384185791015625</ele>
        <time>2026-08-22T14:56:47.000Z</time>
        <extensions>
          <ns3:TrackPointExtension>
            <ns3:atemp>30.0</ns3:atemp>
            <ns3:hr>113</ns3:hr>
          </ns3:TrackPointExtension>
        </extensions>
      </trkpt>
      <trkpt lat="48.69720451533794403076171875" lon="-1.836597025394439697265625">
        <ele>1.7999999523162841796875</ele>
        <time>2026-08-22T14:56:49.000Z</time>
        <extensions>
          <ns3:TrackPointExtension>
            <ns3:atemp>30.0</ns3:atemp>
            <ns3:hr>113</ns3:hr>
          </ns3:TrackPointExtension>
        </extensions>
      </trkpt>
      <trkpt lat="48.69719068519771099090576171875" lon="-1.8363373540341854095458984375">
        <ele>2</ele>
        <time>2026-08-22T14:56:52.000Z</time>
        <extensions>
          <ns3:TrackPointExtension>
            <ns3:atemp>30.0</ns3:atemp>
            <ns3:hr>113</ns3:hr>
          </ns3:TrackPointExtension>
        </extensions>
      </trkpt>
      <trkpt lat="48.6971594206988811492919921875" lon="-1.83583418838679790496826171875">
        <ele>1.60000002384185791015625</ele>
        <time>2026-08-22T14:56:58.000Z</time>
        <extensions>
          <ns3:TrackPointExtension>
            <ns3:atemp>30.0</ns3:atemp>
            <ns3:hr>110</ns3:hr>
          </ns3:TrackPointExtension>
        </extensions>
      </trkpt>
      <trkpt lat="48.69714776985347270965576171875" lon="-1.8354860879480838775634765625">
        <ele>1.60000002384185791015625</ele>
        <time>2026-08-22T14:57:02.000Z</time>
        <extensions>
          <ns3:TrackPointExtension>
            <ns3:atemp>30.0</ns3:atemp>
            <ns3:hr>113</ns3:hr>
          </ns3:TrackPointExtension>
        </extensions>
      </trkpt>
      <trkpt lat="48.69715414009988307952880859375" lon="-1.835228092968463897705078125">
        <ele>1.7999999523162841796875</ele>
        <time>2026-08-22T14:57:05.000Z</time>
        <extensions>
          <ns3:TrackPointExtension>
            <ns3:atemp>30.0</ns3:atemp>
            <ns3:hr>115</ns3:hr>
          </ns3:TrackPointExtension>
        </extensions>
      </trkpt>
      <trkpt lat="48.6971502006053924560546875" lon="-1.83481042273342609405517578125">
        <ele>1.60000002384185791015625</ele>
        <time>2026-08-22T14:57:10.000Z</time>
        <extensions>
          <ns3:TrackPointExtension>
            <ns3:atemp>30.0</ns3:atemp>
            <ns3:hr>116</ns3:hr>
          </ns3:TrackPointExtension>
        </extensions>
      </trkpt>
      <trkpt lat="48.69714927859604358673095703125" lon="-1.8346442095935344696044921875">
        <ele>1.60000002384185791015625</ele>
        <time>2026-08-22T14:57:12.000Z</time>
        <extensions>
          <ns3:TrackPointExtension>
            <ns3:atemp>30.0</ns3:atemp>
            <ns3:hr>116</ns3:hr>
          </ns3:TrackPointExtension>
        </extensions>
      </trkpt>
      <trkpt lat="48.697150535881519317626953125" lon="-1.83448101393878459930419921875">
        <ele>1.60000002384185791015625</ele>
        <time>2026-08-22T14:57:14.000Z</time>
        <extensions>
          <ns3:TrackPointExtension>
            <ns3:atemp>30.0</ns3:atemp>
            <ns3:hr>119</ns3:hr>
          </ns3:TrackPointExtension>
        </extensions>
      </trkpt>
      <trkpt lat="48.697143159806728363037109375" lon="-1.83439685963094234466552734375">
        <ele>1.60000002384185791015625</ele>
        <time>2026-08-22T14:57:15.000Z</time>
        <extensions>
          <ns3:TrackPointExtension>
            <ns3:atemp>30.0</ns3:atemp>
            <ns3:hr>125</ns3:hr>
          </ns3:TrackPointExtension>
        </extensions>
      </trkpt>
      <trkpt lat="48.69713787920773029327392578125" lon="-1.83423140086233615875244140625">
        <ele>1.7999999523162841796875</ele>
        <time>2026-08-22T14:57:17.000Z</time>
        <extensions>
          <ns3:TrackPointExtension>
            <ns3:atemp>30.0</ns3:atemp>
            <ns3:hr>128</ns3:hr>
          </ns3:TrackPointExtension>
        </extensions>
      </trkpt>
      <trkpt lat="48.697133101522922515869140625" lon="-1.833984889090061187744140625">
        <ele>1.7999999523162841796875</ele>
        <time>2026-08-22T14:57:20.000Z</time>
        <extensions>
          <ns3:TrackPointExtension>
            <ns3:atemp>30.0</ns3:atemp>
            <ns3:hr>125</ns3:hr>
          </ns3:TrackPointExtension>
        </extensions>
      </trkpt>
      <trkpt lat="48.69713167659938335418701171875" lon="-1.83390065096318721771240234375">
        <ele>1.7999999523162841796875</ele>
        <time>2026-08-22T14:57:21.000Z</time>
        <extensions>
          <ns3:TrackPointExtension>
            <ns3:atemp>30.0</ns3:atemp>
            <ns3:hr>123</ns3:hr>
          </ns3:TrackPointExtension>
        </extensions>
      </trkpt>
      <trkpt lat="48.69711541570723056793212890625" lon="-1.833429001271724700927734375">
        <ele>1.60000002384185791015625</ele>
        <time>2026-08-22T14:57:27.000Z</time>
        <extensions>
          <ns3:TrackPointExtension>
            <ns3:atemp>30.0</ns3:atemp>
            <ns3:hr>121</ns3:hr>
          </ns3:TrackPointExtension>
        </extensions>
      </trkpt>
      <trkpt lat="48.6970833130180835723876953125" lon="-1.83307327330112457275390625">
        <ele>1.60000002384185791015625</ele>
        <time>2026-08-22T14:57:32.000Z</time>
        <extensions>
          <ns3:TrackPointExtension>
            <ns3:atemp>30.0</ns3:atemp>
            <ns3:hr>118</ns3:hr>
          </ns3:TrackPointExtension>
        </extensions>
      </trkpt>
      <trkpt lat="48.69707283563911914825439453125" lon="-1.83300663717091083526611328125">
        <ele>1.60000002384185791015625</ele>
        <time>2026-08-22T14:57:33.000Z</time>
        <extensions>
          <ns3:TrackPointExtension>
            <ns3:atemp>30.0</ns3:atemp>
            <ns3:hr>118</ns3:hr>
          </ns3:TrackPointExtension>
        </extensions>
      </trkpt>
      <trkpt lat="48.69706504046916961669921875" lon="-1.832861043512821197509765625">
        <ele>1.60000002384185791015625</ele>
        <time>2026-08-22T14:57:35.000Z</time>
        <extensions>
          <ns3:TrackPointExtension>
            <ns3:atemp>30.0</ns3:atemp>
            <ns3:hr>117</ns3:hr>
          </ns3:TrackPointExtension>
        </extensions>
      </trkpt>
      <trkpt lat="48.69707685895264148712158203125" lon="-1.83271209709346294403076171875">
        <ele>1.7999999523162841796875</ele>
        <time>2026-08-22T14:57:37.000Z</time>
        <extensions>
          <ns3:TrackPointExtension>
            <ns3:atemp>30.0</ns3:atemp>
            <ns3:hr>117</ns3:hr>
          </ns3:TrackPointExtension>
        </extensions>
      </trkpt>
      <trkpt lat="48.6970833130180835723876953125" lon="-1.8325616419315338134765625">
        <ele>2</ele>
        <time>2026-08-22T14:57:39.000Z</time>
        <extensions>
          <ns3:TrackPointExtension>
            <ns3:atemp>30.0</ns3:atemp>
            <ns3:hr>117</ns3:hr>
          </ns3:TrackPointExtension>
        </extensions>
      </trkpt>
      <trkpt lat="48.6970849893987178802490234375" lon="-1.83226869441568851470947265625">
        <ele>1.7999999523162841796875</ele>
        <time>2026-08-22T14:57:43.000Z</time>
        <extensions>
          <ns3:TrackPointExtension>
            <ns3:atemp>30.0</ns3:atemp>
            <ns3:hr>114</ns3:hr>
          </ns3:TrackPointExtension>
        </extensions>
      </trkpt>
      <trkpt lat="48.69707434438169002532958984375" lon="-1.8320386111736297607421875">
        <ele>1.7999999523162841796875</ele>
        <time>2026-08-22T14:57:46.000Z</time>
        <extensions>
          <ns3:TrackPointExtension>
            <ns3:atemp>30.0</ns3:atemp>
            <ns3:hr>110</ns3:hr>
          </ns3:TrackPointExtension>
        </extensions>
      </trkpt>
      <trkpt lat="48.697063364088535308837890625" lon="-1.83186887763440608978271484375">
        <ele>1.7999999523162841796875</ele>
        <time>2026-08-22T14:57:48.000Z</time>
        <extensions>
          <ns3:TrackPointExtension>
            <ns3:atemp>30.0</ns3:atemp>
            <ns3:hr>109</ns3:hr>
          </ns3:TrackPointExtension>
        </extensions>
      </trkpt>
      <trkpt lat="48.69705431163311004638671875" lon="-1.8317883275449275970458984375">
        <ele>1.7999999523162841796875</ele>
        <time>2026-08-22T14:57:49.000Z</time>
        <extensions>
          <ns3:TrackPointExtension>
            <ns3:atemp>30.0</ns3:atemp>
            <ns3:hr>109</ns3:hr>
          </ns3:TrackPointExtension>
        </extensions>
      </trkpt>
      <trkpt lat="48.6969857476651668548583984375" lon="-1.83147761039435863494873046875">
        <ele>1.7999999523162841796875</ele>
        <time>2026-08-22T14:57:53.000Z</time>
        <extensions>
          <ns3:TrackPointExtension>
            <ns3:atemp>30.0</ns3:atemp>
            <ns3:hr>107</ns3:hr>
          </ns3:TrackPointExtension>
        </extensions>
      </trkpt>
      <trkpt lat="48.69691156782209873199462890625" lon="-1.83121852576732635498046875">
        <ele>1.7999999523162841796875</ele>
        <time>2026-08-22T14:57:57.000Z</time>
        <extensions>
          <ns3:TrackPointExtension>
            <ns3:atemp>30.0</ns3:atemp>
            <ns3:hr>108</ns3:hr>
          </ns3:TrackPointExtension>
        </extensions>
      </trkpt>
      <trkpt lat="48.6968687362968921661376953125" lon="-1.83110008947551250457763671875">
        <ele>1.7999999523162841796875</ele>
        <time>2026-08-22T14:57:59.000Z</time>
        <extensions>
          <ns3:TrackPointExtension>
            <ns3:atemp>30.0</ns3:atemp>
            <ns3:hr>111</ns3:hr>
          </ns3:TrackPointExtension>
        </extensions>
      </trkpt>
      <trkpt lat="48.6968459375202655792236328125" lon="-1.8310488760471343994140625">
        <ele>1.60000002384185791015625</ele>
        <time>2026-08-22T14:58:00.000Z</time>
        <extensions>
          <ns3:TrackPointExtension>
            <ns3:atemp>30.0</ns3:atemp>
            <ns3:hr>111</ns3:hr>
          </ns3:TrackPointExtension>
        </extensions>
      </trkpt>
      <trkpt lat="48.696713335812091827392578125" lon="-1.83080705814063549041748046875">
        <ele>1.60000002384185791015625</ele>
        <time>2026-08-22T14:58:06.000Z</time>
        <extensions>
          <ns3:TrackPointExtension>
            <ns3:atemp>30.0</ns3:atemp>
            <ns3:hr>110</ns3:hr>
          </ns3:TrackPointExtension>
        </extensions>
      </trkpt>
      <trkpt lat="48.696681149303913116455078125" lon="-1.8307214789092540740966796875">
        <ele>1.60000002384185791015625</ele>
        <time>2026-08-22T14:58:08.000Z</time>
        <extensions>
          <ns3:TrackPointExtension>
            <ns3:atemp>30.0</ns3:atemp>
            <ns3:hr>107</ns3:hr>
          </ns3:TrackPointExtension>
        </extensions>
      </trkpt>
      <trkpt lat="48.69661618955433368682861328125" lon="-1.8306001089513301849365234375">
        <ele>1.60000002384185791015625</ele>
        <time>2026-08-22T14:58:11.000Z</time>
        <extensions>
          <ns3:TrackPointExtension>
            <ns3:atemp>30.0</ns3:atemp>
            <ns3:hr>103</ns3:hr>
          </ns3:TrackPointExtension>
        </extensions>
      </trkpt>
      <trkpt lat="48.6965968273580074310302734375" lon="-1.830555014312267303466796875">
        <ele>1.60000002384185791015625</ele>
        <time>2026-08-22T14:58:12.000Z</time>
        <extensions>
          <ns3:TrackPointExtension>
            <ns3:atemp>30.0</ns3:atemp>
            <ns3:hr>102</ns3:hr>
          </ns3:TrackPointExtension>
        </extensions>
      </trkpt>
      <trkpt lat="48.69648911990225315093994140625" lon="-1.83028503321111202239990234375">
        <ele>1.39999997615814208984375</ele>
        <time>2026-08-22T14:58:18.000Z</time>
        <extensions>
          <ns3:TrackPointExtension>
            <ns3:atemp>30.0</ns3:atemp>
            <ns3:hr>99</ns3:hr>
          </ns3:TrackPointExtension>
        </extensions>
      </trkpt>
      <trkpt lat="48.69647487066686153411865234375" lon="-1.8302428722381591796875">
        <ele>1.39999997615814208984375</ele>
        <time>2026-08-22T14:58:19.000Z</time>
        <extensions>
          <ns3:TrackPointExtension>
            <ns3:atemp>30.0</ns3:atemp>
            <ns3:hr>100</ns3:hr>
          </ns3:TrackPointExtension>
        </extensions>
      </trkpt>
      <trkpt lat="48.69638652540743350982666015625" lon="-1.8300405330955982208251953125">
        <ele>1.60000002384185791015625</ele>
        <time>2026-08-22T14:58:24.000Z</time>
        <extensions>
          <ns3:TrackPointExtension>
            <ns3:atemp>30.0</ns3:atemp>
            <ns3:hr>103</ns3:hr>
          </ns3:TrackPointExtension>
        </extensions>
      </trkpt>
      <trkpt lat="48.69636372663080692291259765625" lon="-1.83000407181680202484130859375">
        <ele>1.60000002384185791015625</ele>
        <time>2026-08-22T14:58:25.000Z</time>
        <extensions>
          <ns3:TrackPointExtension>
            <ns3:atemp>30.0</ns3:atemp>
            <ns3:hr>111</ns3:hr>
          </ns3:TrackPointExtension>
        </extensions>
      </trkpt>
      <trkpt lat="48.69634210132062435150146484375" lon="-1.829974651336669921875">
        <ele>1.60000002384185791015625</ele>
        <time>2026-08-22T14:58:26.000Z</time>
        <extensions>
          <ns3:TrackPointExtension>
            <ns3:atemp>30.0</ns3:atemp>
            <ns3:hr>122</ns3:hr>
          </ns3:TrackPointExtension>
        </extensions>
      </trkpt>
      <trkpt lat="48.69630672968924045562744140625" lon="-1.8299134634435176849365234375">
        <ele>1.60000002384185791015625</ele>
        <time>2026-08-22T14:58:28.000Z</time>
        <extensions>
          <ns3:TrackPointExtension>
            <ns3:atemp>30.0</ns3:atemp>
            <ns3:hr>125</ns3:hr>
          </ns3:TrackPointExtension>
        </extensions>
      </trkpt>
      <trkpt lat="48.69624487124383449554443359375" lon="-1.829845905303955078125">
        <ele>1.60000002384185791015625</ele>
        <time>2026-08-22T14:58:31.000Z</time>
        <extensions>
          <ns3:TrackPointExtension>
            <ns3:atemp>30.0</ns3:atemp>
            <ns3:hr>125</ns3:hr>
          </ns3:TrackPointExtension>
        </extensions>
      </trkpt>
      <trkpt lat="48.696119897067546844482421875" lon="-1.82980391196906566619873046875">
        <ele>1.39999997615814208984375</ele>
        <time>2026-08-22T14:58:37.000Z</time>
        <extensions>
          <ns3:TrackPointExtension>
            <ns3:atemp>30.0</ns3:atemp>
            <ns3:hr>123</ns3:hr>
          </ns3:TrackPointExtension>
        </extensions>
      </trkpt>
      <trkpt lat="48.696007914841175079345703125" lon="-1.8297962844371795654296875">
        <ele>1.39999997615814208984375</ele>
        <time>2026-08-22T14:58:43.000Z</time>
        <extensions>
          <ns3:TrackPointExtension>
            <ns3:atemp>30.0</ns3:atemp>
            <ns3:hr>123</ns3:hr>
          </ns3:TrackPointExtension>
        </extensions>
      </trkpt>
      <trkpt lat="48.69587724097073078155517578125" lon="-1.829797290265560150146484375">
        <ele>1.2000000476837158203125</ele>
        <time>2026-08-22T14:58:50.000Z</time>
        <extensions>
          <ns3:TrackPointExtension>
            <ns3:atemp>30.0</ns3:atemp>
            <ns3:hr>120</ns3:hr>
          </ns3:TrackPointExtension>
        </extensions>
      </trkpt>
      <trkpt lat="48.6958642490208148956298828125" lon="-1.82979837991297245025634765625">
        <ele>1.2000000476837158203125</ele>
        <time>2026-08-22T14:58:51.000Z</time>
        <extensions>
          <ns3:TrackPointExtension>
            <ns3:atemp>30.0</ns3:atemp>
            <ns3:hr>118</ns3:hr>
          </ns3:TrackPointExtension>
        </extensions>
      </trkpt>
      <trkpt lat="48.6958493292331695556640625" lon="-1.82980231940746307373046875">
        <ele>1.39999997615814208984375</ele>
        <time>2026-08-22T14:58:52.000Z</time>
        <extensions>
          <ns3:TrackPointExtension>
            <ns3:atemp>30.0</ns3:atemp>
            <ns3:hr>112</ns3:hr>
          </ns3:TrackPointExtension>
        </extensions>
      </trkpt>
      <trkpt lat="48.69583080522716045379638671875" lon="-1.829802989959716796875">
        <ele>1.39999997615814208984375</ele>
        <time>2026-08-22T14:58:53.000Z</time>
        <extensions>
          <ns3:TrackPointExtension>
            <ns3:atemp>30.0</ns3:atemp>
            <ns3:hr>109</ns3:hr>
          </ns3:TrackPointExtension>
        </extensions>
      </trkpt>
      <trkpt lat="48.69581689126789569854736328125" lon="-1.82980894111096858978271484375">
        <ele>1.39999997615814208984375</ele>
        <time>2026-08-22T14:58:54.000Z</time>
        <extensions>
          <ns3:TrackPointExtension>
            <ns3:atemp>30.0</ns3:atemp>
            <ns3:hr>104</ns3:hr>
          </ns3:TrackPointExtension>
        </extensions>
      </trkpt>
      <trkpt lat="48.69575922377407550811767578125" lon="-1.82981179095804691314697265625">
        <ele>1.39999997615814208984375</ele>
        <time>2026-08-22T14:58:58.000Z</time>
        <extensions>
          <ns3:TrackPointExtension>
            <ns3:atemp>30.0</ns3:atemp>
            <ns3:hr>101</ns3:hr>
          </ns3:TrackPointExtension>
        </extensions>
      </trkpt>
      <trkpt lat="48.69565964676439762115478515625" lon="-1.82979762554168701171875">
        <ele>1.39999997615814208984375</ele>
        <time>2026-08-22T14:59:04.000Z</time>
        <extensions>
          <ns3:TrackPointExtension>
            <ns3:atemp>30.0</ns3:atemp>
            <ns3:hr>102</ns3:hr>
          </ns3:TrackPointExtension>
        </extensions>
      </trkpt>
      <trkpt lat="48.695628382265567779541015625" lon="-1.8298004753887653350830078125">
        <ele>1.39999997615814208984375</ele>
        <time>2026-08-22T14:59:06.000Z</time>
        <extensions>
          <ns3:TrackPointExtension>
            <ns3:atemp>30.0</ns3:atemp>
            <ns3:hr>98</ns3:hr>
          </ns3:TrackPointExtension>
        </extensions>
      </trkpt>
      <trkpt lat="48.695519082248210906982421875" lon="-1.82981665246188640594482421875">
        <ele>1.39999997615814208984375</ele>
        <time>2026-08-22T14:59:13.000Z</time>
        <extensions>
          <ns3:TrackPointExtension>
            <ns3:atemp>30.0</ns3:atemp>
            <ns3:hr>98</ns3:hr>
          </ns3:TrackPointExtension>
        </extensions>
      </trkpt>
      <trkpt lat="48.69541682302951812744140625" lon="-1.82981380261480808258056640625">
        <ele>1.2000000476837158203125</ele>
        <time>2026-08-22T14:59:20.000Z</time>
        <extensions>
          <ns3:TrackPointExtension>
            <ns3:atemp>30.0</ns3:atemp>
            <ns3:hr>98</ns3:hr>
          </ns3:TrackPointExtension>
        </extensions>
      </trkpt>
      <trkpt lat="48.6952926032245159149169921875" lon="-1.82973367162048816680908203125">
        <ele>1.39999997615814208984375</ele>
        <time>2026-08-22T14:59:27.000Z</time>
        <extensions>
          <ns3:TrackPointExtension>
            <ns3:atemp>30.0</ns3:atemp>
            <ns3:hr>99</ns3:hr>
          </ns3:TrackPointExtension>
        </extensions>
      </trkpt>
      <trkpt lat="48.69521054439246654510498046875" lon="-1.82967633940279483795166015625">
        <ele>1.39999997615814208984375</ele>
        <time>2026-08-22T14:59:30.000Z</time>
        <extensions>
          <ns3:TrackPointExtension>
            <ns3:atemp>30.0</ns3:atemp>
            <ns3:hr>103</ns3:hr>
          </ns3:TrackPointExtension>
        </extensions>
      </trkpt>
      <trkpt lat="48.69506251998245716094970703125" lon="-1.82958648540079593658447265625">
        <ele>1.39999997615814208984375</ele>
        <time>2026-08-22T14:59:35.000Z</time>
        <extensions>
          <ns3:TrackPointExtension>
            <ns3:atemp>30.0</ns3:atemp>
            <ns3:hr>105</ns3:hr>
          </ns3:TrackPointExtension>
        </extensions>
      </trkpt>
      <trkpt lat="48.69497048668563365936279296875" lon="-1.82953300885856151580810546875">
        <ele>1.39999997615814208984375</ele>
        <time>2026-08-22T14:59:38.000Z</time>
        <extensions>
          <ns3:TrackPointExtension>
            <ns3:atemp>30.0</ns3:atemp>
            <ns3:hr>111</ns3:hr>
          </ns3:TrackPointExtension>
        </extensions>
      </trkpt>
      <trkpt lat="48.69490929879248142242431640625" lon="-1.82949520647525787353515625">
        <ele>1.39999997615814208984375</ele>
        <time>2026-08-22T14:59:40.000Z</time>
        <extensions>
          <ns3:TrackPointExtension>
            <ns3:atemp>30.0</ns3:atemp>
            <ns3:hr>114</ns3:hr>
          </ns3:TrackPointExtension>
        </extensions>
      </trkpt>
      <trkpt lat="48.6948047764599323272705078125" lon="-1.8294417299330234527587890625">
        <ele>1.39999997615814208984375</ele>
        <time>2026-08-22T14:59:43.000Z</time>
        <extensions>
          <ns3:TrackPointExtension>
            <ns3:atemp>30.0</ns3:atemp>
            <ns3:hr>112</ns3:hr>
          </ns3:TrackPointExtension>
        </extensions>
      </trkpt>
      <trkpt lat="48.6946924589574337005615234375" lon="-1.82939286343753337860107421875">
        <ele>1.2000000476837158203125</ele>
        <time>2026-08-22T14:59:46.000Z</time>
        <extensions>
          <ns3:TrackPointExtension>
            <ns3:atemp>30.0</ns3:atemp>
            <ns3:hr>106</ns3:hr>
          </ns3:TrackPointExtension>
        </extensions>
      </trkpt>
      <trkpt lat="48.6946150101721286773681640625" lon="-1.829375512897968292236328125">
        <ele>1.2000000476837158203125</ele>
        <time>2026-08-22T14:59:48.000Z</time>
        <extensions>
          <ns3:TrackPointExtension>
            <ns3:atemp>30.0</ns3:atemp>
            <ns3:hr>102</ns3:hr>
          </ns3:TrackPointExtension>
        </extensions>
      </trkpt>
      <trkpt lat="48.69457729160785675048828125" lon="-1.82936738245189189910888671875">
        <ele>1.2000000476837158203125</ele>
        <time>2026-08-22T14:59:49.000Z</time>
        <extensions>
          <ns3:TrackPointExtension>
            <ns3:atemp>30.0</ns3:atemp>
            <ns3:hr>99</ns3:hr>
          </ns3:TrackPointExtension>
        </extensions>
      </trkpt>
      <trkpt lat="48.69454032741487026214599609375" lon="-1.829358749091625213623046875">
        <ele>1.2000000476837158203125</ele>
        <time>2026-08-22T14:59:50.000Z</time>
        <extensions>
          <ns3:TrackPointExtension>
            <ns3:atemp>30.0</ns3:atemp>
            <ns3:hr>98</ns3:hr>
          </ns3:TrackPointExtension>
        </extensions>
      </trkpt>
      <trkpt lat="48.6944483779370784759521484375" lon="-1.8293438293039798736572265625">
        <ele>1.2000000476837158203125</ele>
        <time>2026-08-22T14:59:53.000Z</time>
        <extensions>
          <ns3:TrackPointExtension>
            <ns3:atemp>30.0</ns3:atemp>
            <ns3:hr>101</ns3:hr>
          </ns3:TrackPointExtension>
        </extensions>
      </trkpt>
      <trkpt lat="48.69437537156045436859130859375" lon="-1.82934005744755268096923828125">
        <ele>1.2000000476837158203125</ele>
        <time>2026-08-22T14:59:56.000Z</time>
        <extensions>
          <ns3:TrackPointExtension>
            <ns3:atemp>30.0</ns3:atemp>
            <ns3:hr>105</ns3:hr>
          </ns3:TrackPointExtension>
        </extensions>
      </trkpt>
      <trkpt lat="48.69432809762656688690185546875" lon="-1.8293243832886219024658203125">
        <ele>1.2000000476837158203125</ele>
        <time>2026-08-22T14:59:58.000Z</time>
        <extensions>
          <ns3:TrackPointExtension>
            <ns3:atemp>30.0</ns3:atemp>
            <ns3:hr>107</ns3:hr>
          </ns3:TrackPointExtension>
        </extensions>
      </trkpt>
      <trkpt lat="48.6942710168659687042236328125" lon="-1.82930066250264644622802734375">
        <ele>1.2000000476837158203125</ele>
        <time>2026-08-22T15:00:00.000Z</time>
        <extensions>
          <ns3:TrackPointExtension>
            <ns3:atemp>29.0</ns3:atemp>
            <ns3:hr>109</ns3:hr>
          </ns3:TrackPointExtension>
        </extensions>
      </trkpt>
      <trkpt lat="48.69416649453341960906982421875" lon="-1.82925171218812465667724609375">
        <ele>1.2000000476837158203125</ele>
        <time>2026-08-22T15:00:04.000Z</time>
        <extensions>
          <ns3:TrackPointExtension>
            <ns3:atemp>30.0</ns3:atemp>
            <ns3:hr>106</ns3:hr>
          </ns3:TrackPointExtension>
        </extensions>
      </trkpt>
      <trkpt lat="48.69413933716714382171630859375" lon="-1.8292268179357051849365234375">
        <ele>1.2000000476837158203125</ele>
        <time>2026-08-22T15:00:05.000Z</time>
        <extensions>
          <ns3:TrackPointExtension>
            <ns3:atemp>30.0</ns3:atemp>
            <ns3:hr>104</ns3:hr>
          </ns3:TrackPointExtension>
        </extensions>
      </trkpt>
      <trkpt lat="48.69407865218818187713623046875" lon="-1.82917711324989795684814453125">
        <ele>1.2000000476837158203125</ele>
        <time>2026-08-22T15:00:07.000Z</time>
        <extensions>
          <ns3:TrackPointExtension>
            <ns3:atemp>30.0</ns3:atemp>
            <ns3:hr>101</ns3:hr>
          </ns3:TrackPointExtension>
        </extensions>
      </trkpt>
      <trkpt lat="48.69393129833042621612548828125" lon="-1.8290833197534084320068359375">
        <ele>1.39999997615814208984375</ele>
        <time>2026-08-22T15:00:12.000Z</time>
        <extensions>
          <ns3:TrackPointExtension>
            <ns3:atemp>30.0</ns3:atemp>
            <ns3:hr>102</ns3:hr>
          </ns3:TrackPointExtension>
        </extensions>
      </trkpt>
      <trkpt lat="48.693665675818920135498046875" lon="-1.82896236889064311981201171875">
        <ele>1.39999997615814208984375</ele>
        <time>2026-08-22T15:00:20.000Z</time>
        <extensions>
          <ns3:TrackPointExtension>
            <ns3:atemp>30.0</ns3:atemp>
            <ns3:hr>104</ns3:hr>
          </ns3:TrackPointExtension>
        </extensions>
      </trkpt>
      <trkpt lat="48.69346476159989833831787109375" lon="-1.828812919557094573974609375">
        <ele>1.2000000476837158203125</ele>
        <time>2026-08-22T15:00:27.000Z</time>
        <extensions>
          <ns3:TrackPointExtension>
            <ns3:atemp>30.0</ns3:atemp>
            <ns3:hr>103</ns3:hr>
          </ns3:TrackPointExtension>
        </extensions>
      </trkpt>
      <trkpt lat="48.6932138912379741668701171875" lon="-1.82861552573740482330322265625">
        <ele>1.39999997615814208984375</ele>
        <time>2026-08-22T15:00:35.000Z</time>
        <extensions>
          <ns3:TrackPointExtension>
            <ns3:atemp>29.0</ns3:atemp>
            <ns3:hr>101</ns3:hr>
          </ns3:TrackPointExtension>
        </extensions>
      </trkpt>
      <trkpt lat="48.6930683813989162445068359375" lon="-1.82847823016345500946044921875">
        <ele>1.60000002384185791015625</ele>
        <time>2026-08-22T15:00:39.000Z</time>
        <extensions>
          <ns3:TrackPointExtension>
            <ns3:atemp>29.0</ns3:atemp>
            <ns3:hr>98</ns3:hr>
          </ns3:TrackPointExtension>
        </extensions>
      </trkpt>
      <trkpt lat="48.692996799945831298828125" lon="-1.8284110911190509796142578125">
        <ele>1.60000002384185791015625</ele>
        <time>2026-08-22T15:00:41.000Z</time>
        <extensions>
          <ns3:TrackPointExtension>
            <ns3:atemp>29.0</ns3:atemp>
            <ns3:hr>96</ns3:hr>
          </ns3:TrackPointExtension>
        </extensions>
      </trkpt>
      <trkpt lat="48.6927857436239719390869140625" lon="-1.828226856887340545654296875">
        <ele>1.39999997615814208984375</ele>
        <time>2026-08-22T15:00:47.000Z</time>
        <extensions>
          <ns3:TrackPointExtension>
            <ns3:atemp>29.0</ns3:atemp>
            <ns3:hr>97</ns3:hr>
          </ns3:TrackPointExtension>
        </extensions>
      </trkpt>
      <trkpt lat="48.692562282085418701171875" lon="-1.8280194886028766632080078125">
        <ele>1.39999997615814208984375</ele>
        <time>2026-08-22T15:00:53.000Z</time>
        <extensions>
          <ns3:TrackPointExtension>
            <ns3:atemp>29.0</ns3:atemp>
            <ns3:hr>96</ns3:hr>
          </ns3:TrackPointExtension>
        </extensions>
      </trkpt>
      <trkpt lat="48.6922556720674037933349609375" lon="-1.827750094234943389892578125">
        <ele>1.60000002384185791015625</ele>
        <time>2026-08-22T15:01:00.000Z</time>
        <extensions>
          <ns3:TrackPointExtension>
            <ns3:atemp>29.0</ns3:atemp>
            <ns3:hr>99</ns3:hr>
          </ns3:TrackPointExtension>
        </extensions>
      </trkpt>
      <trkpt lat="48.6920585297048091888427734375" lon="-1.8275970406830310821533203125">
        <ele>1.39999997615814208984375</ele>
        <time>2026-08-22T15:01:05.000Z</time>
        <extensions>
          <ns3:TrackPointExtension>
            <ns3:atemp>29.0</ns3:atemp>
            <ns3:hr>96</ns3:hr>
          </ns3:TrackPointExtension>
        </extensions>
      </trkpt>
      <trkpt lat="48.69202139787375926971435546875" lon="-1.827558986842632293701171875">
        <ele>1.39999997615814208984375</ele>
        <time>2026-08-22T15:01:06.000Z</time>
        <extensions>
          <ns3:TrackPointExtension>
            <ns3:atemp>29.0</ns3:atemp>
            <ns3:hr>96</ns3:hr>
          </ns3:TrackPointExtension>
        </extensions>
      </trkpt>
      <trkpt lat="48.69191260077059268951416015625" lon="-1.82744440622627735137939453125">
        <ele>1.60000002384185791015625</ele>
        <time>2026-08-22T15:01:09.000Z</time>
        <extensions>
          <ns3:TrackPointExtension>
            <ns3:atemp>29.0</ns3:atemp>
            <ns3:hr>93</ns3:hr>
          </ns3:TrackPointExtension>
        </extensions>
      </trkpt>
      <trkpt lat="48.69171512313187122344970703125" lon="-1.82726184837520122528076171875">
        <ele>1.39999997615814208984375</ele>
        <time>2026-08-22T15:01:14.000Z</time>
        <extensions>
          <ns3:TrackPointExtension>
            <ns3:atemp>29.0</ns3:atemp>
            <ns3:hr>93</ns3:hr>
          </ns3:TrackPointExtension>
        </extensions>
      </trkpt>
      <trkpt lat="48.69157330133020877838134765625" lon="-1.8271008320152759552001953125">
        <ele>1.39999997615814208984375</ele>
        <time>2026-08-22T15:01:18.000Z</time>
        <extensions>
          <ns3:TrackPointExtension>
            <ns3:atemp>29.0</ns3:atemp>
            <ns3:hr>97</ns3:hr>
          </ns3:TrackPointExtension>
        </extensions>
      </trkpt>
      <trkpt lat="48.69146081618964672088623046875" lon="-1.826980300247669219970703125">
        <ele>1.60000002384185791015625</ele>
        <time>2026-08-22T15:01:21.000Z</time>
        <extensions>
          <ns3:TrackPointExtension>
            <ns3:atemp>29.0</ns3:atemp>
            <ns3:hr>98</ns3:hr>
          </ns3:TrackPointExtension>
        </extensions>
      </trkpt>
      <trkpt lat="48.69118622504174709320068359375" lon="-1.8267132528126239776611328125">
        <ele>1.60000002384185791015625</ele>
        <time>2026-08-22T15:01:29.000Z</time>
        <extensions>
          <ns3:TrackPointExtension>
            <ns3:atemp>29.0</ns3:atemp>
            <ns3:hr>98</ns3:hr>
          </ns3:TrackPointExtension>
        </extensions>
      </trkpt>
      <trkpt lat="48.69099025614559650421142578125" lon="-1.82648199610412120819091796875">
        <ele>1.60000002384185791015625</ele>
        <time>2026-08-22T15:01:35.000Z</time>
        <extensions>
          <ns3:TrackPointExtension>
            <ns3:atemp>29.0</ns3:atemp>
            <ns3:hr>98</ns3:hr>
          </ns3:TrackPointExtension>
        </extensions>
      </trkpt>
      <trkpt lat="48.6907854862511157989501953125" lon="-1.8262732028961181640625">
        <ele>1.39999997615814208984375</ele>
        <time>2026-08-22T15:01:41.000Z</time>
        <extensions>
          <ns3:TrackPointExtension>
            <ns3:atemp>29.0</ns3:atemp>
            <ns3:hr>100</ns3:hr>
          </ns3:TrackPointExtension>
        </extensions>
      </trkpt>
      <trkpt lat="48.69053109548985958099365234375" lon="-1.82594052515923976898193359375">
        <ele>1.39999997615814208984375</ele>
        <time>2026-08-22T15:01:49.000Z</time>
        <extensions>
          <ns3:TrackPointExtension>
            <ns3:atemp>29.0</ns3:atemp>
            <ns3:hr>104</ns3:hr>
          </ns3:TrackPointExtension>
        </extensions>
      </trkpt>
      <trkpt lat="48.69040553458034992218017578125" lon="-1.8257644213736057281494140625">
        <ele>1.39999997615814208984375</ele>
        <time>2026-08-22T15:01:53.000Z</time>
        <extensions>
          <ns3:TrackPointExtension>
            <ns3:atemp>29.0</ns3:atemp>
            <ns3:hr>99</ns3:hr>
          </ns3:TrackPointExtension>
        </extensions>
      </trkpt>
      <trkpt lat="48.69037301279604434967041015625" lon="-1.82571739889681339263916015625">
        <ele>1.39999997615814208984375</ele>
        <time>2026-08-22T15:01:54.000Z</time>
        <extensions>
          <ns3:TrackPointExtension>
            <ns3:atemp>29.0</ns3:atemp>
            <ns3:hr>95</ns3:hr>
          </ns3:TrackPointExtension>
        </extensions>
      </trkpt>
      <trkpt lat="48.69026958011090755462646484375" lon="-1.82559703476727008819580078125">
        <ele>1.39999997615814208984375</ele>
        <time>2026-08-22T15:01:57.000Z</time>
        <extensions>
          <ns3:TrackPointExtension>
            <ns3:atemp>29.0</ns3:atemp>
            <ns3:hr>94</ns3:hr>
          </ns3:TrackPointExtension>
        </extensions>
      </trkpt>
      <trkpt lat="48.69009397923946380615234375" lon="-1.82539486326277256011962890625">
        <ele>1.2000000476837158203125</ele>
        <time>2026-08-22T15:02:02.000Z</time>
        <extensions>
          <ns3:TrackPointExtension>
            <ns3:atemp>29.0</ns3:atemp>
            <ns3:hr>97</ns3:hr>
          </ns3:TrackPointExtension>
        </extensions>
      </trkpt>
      <trkpt lat="48.68994855321943759918212890625" lon="-1.82524834759533405303955078125">
        <ele>1.39999997615814208984375</ele>
        <time>2026-08-22T15:02:06.000Z</time>
        <extensions>
          <ns3:TrackPointExtension>
            <ns3:atemp>29.0</ns3:atemp>
            <ns3:hr>97</ns3:hr>
          </ns3:TrackPointExtension>
        </extensions>
      </trkpt>
      <trkpt lat="48.68975493125617504119873046875" lon="-1.825054474174976348876953125">
        <ele>1.2000000476837158203125</ele>
        <time>2026-08-22T15:02:13.000Z</time>
        <extensions>
          <ns3:TrackPointExtension>
            <ns3:atemp>29.0</ns3:atemp>
            <ns3:hr>99</ns3:hr>
          </ns3:TrackPointExtension>
        </extensions>
      </trkpt>
      <trkpt lat="48.6895627342164516448974609375" lon="-1.8248212896287441253662109375">
        <ele>1.2000000476837158203125</ele>
        <time>2026-08-22T15:02:21.000Z</time>
        <extensions>
          <ns3:TrackPointExtension>
            <ns3:atemp>29.0</ns3:atemp>
            <ns3:hr>100</ns3:hr>
          </ns3:TrackPointExtension>
        </extensions>
      </trkpt>
      <trkpt lat="48.689462654292583465576171875" lon="-1.82471374981105327606201171875">
        <ele>1.2000000476837158203125</ele>
        <time>2026-08-22T15:02:25.000Z</time>
        <extensions>
          <ns3:TrackPointExtension>
            <ns3:atemp>29.0</ns3:atemp>
            <ns3:hr>97</ns3:hr>
          </ns3:TrackPointExtension>
        </extensions>
      </trkpt>
      <trkpt lat="48.68937808088958263397216796875" lon="-1.82462406344711780548095703125">
        <ele>1.2000000476837158203125</ele>
        <time>2026-08-22T15:02:28.000Z</time>
        <extensions>
          <ns3:TrackPointExtension>
            <ns3:atemp>29.0</ns3:atemp>
            <ns3:hr>98</ns3:hr>
          </ns3:TrackPointExtension>
        </extensions>
      </trkpt>
      <trkpt lat="48.6893230117857456207275390625" lon="-1.82455197907984256744384765625">
        <ele>1.2000000476837158203125</ele>
        <time>2026-08-22T15:02:30.000Z</time>
        <extensions>
          <ns3:TrackPointExtension>
            <ns3:atemp>29.0</ns3:atemp>
            <ns3:hr>101</ns3:hr>
          </ns3:TrackPointExtension>
        </extensions>
      </trkpt>
      <trkpt lat="48.68928973563015460968017578125" lon="-1.8245188705623149871826171875">
        <ele>1.2000000476837158203125</ele>
        <time>2026-08-22T15:02:31.000Z</time>
        <extensions>
          <ns3:TrackPointExtension>
            <ns3:atemp>29.0</ns3:atemp>
            <ns3:hr>104</ns3:hr>
          </ns3:TrackPointExtension>
        </extensions>
      </trkpt>
      <trkpt lat="48.68913735263049602508544921875" lon="-1.824372522532939910888671875">
        <ele>1.2000000476837158203125</ele>
        <time>2026-08-22T15:02:36.000Z</time>
        <extensions>
          <ns3:TrackPointExtension>
            <ns3:atemp>29.0</ns3:atemp>
            <ns3:hr>104</ns3:hr>
          </ns3:TrackPointExtension>
        </extensions>
      </trkpt>
      <trkpt lat="48.68894758634269237518310546875" lon="-1.82417429052293300628662109375">
        <ele>1.2000000476837158203125</ele>
        <time>2026-08-22T15:02:42.000Z</time>
        <extensions>
          <ns3:TrackPointExtension>
            <ns3:atemp>29.0</ns3:atemp>
            <ns3:hr>103</ns3:hr>
          </ns3:TrackPointExtension>
        </extensions>
      </trkpt>
      <trkpt lat="48.68884298019111156463623046875" lon="-1.824065744876861572265625">
        <ele>1.2000000476837158203125</ele>
        <time>2026-08-22T15:02:45.000Z</time>
        <extensions>
          <ns3:TrackPointExtension>
            <ns3:atemp>29.0</ns3:atemp>
            <ns3:hr>99</ns3:hr>
          </ns3:TrackPointExtension>
        </extensions>
      </trkpt>
      <trkpt lat="48.6887433193624019622802734375" lon="-1.82395904324948787689208984375">
        <ele>1.2000000476837158203125</ele>
        <time>2026-08-22T15:02:48.000Z</time>
        <extensions>
          <ns3:TrackPointExtension>
            <ns3:atemp>29.0</ns3:atemp>
            <ns3:hr>93</ns3:hr>
          </ns3:TrackPointExtension>
        </extensions>
      </trkpt>
      <trkpt lat="48.68870995938777923583984375" lon="-1.82391830720007419586181640625">
        <ele>1.2000000476837158203125</ele>
        <time>2026-08-22T15:02:49.000Z</time>
        <extensions>
          <ns3:TrackPointExtension>
            <ns3:atemp>29.0</ns3:atemp>
            <ns3:hr>91</ns3:hr>
          </ns3:TrackPointExtension>
        </extensions>
      </trkpt>
      <trkpt lat="48.68851147592067718505859375" lon="-1.823716051876544952392578125">
        <ele>1.2000000476837158203125</ele>
        <time>2026-08-22T15:02:55.000Z</time>
        <extensions>
          <ns3:TrackPointExtension>
            <ns3:atemp>29.0</ns3:atemp>
            <ns3:hr>91</ns3:hr>
          </ns3:TrackPointExtension>
        </extensions>
      </trkpt>
      <trkpt lat="48.68830234743654727935791015625" lon="-1.82344858534634113311767578125">
        <ele>1.2000000476837158203125</ele>
        <time>2026-08-22T15:03:03.000Z</time>
        <extensions>
          <ns3:TrackPointExtension>
            <ns3:atemp>29.0</ns3:atemp>
            <ns3:hr>92</ns3:hr>
          </ns3:TrackPointExtension>
        </extensions>
      </trkpt>
      <trkpt lat="48.68821375072002410888671875" lon="-1.8233239464461803436279296875">
        <ele>1.2000000476837158203125</ele>
        <time>2026-08-22T15:03:06.000Z</time>
        <extensions>
          <ns3:TrackPointExtension>
            <ns3:atemp>29.0</ns3:atemp>
            <ns3:hr>95</ns3:hr>
          </ns3:TrackPointExtension>
        </extensions>
      </trkpt>
      <trkpt lat="48.688157089054584503173828125" lon="-1.8232387863099575042724609375">
        <ele>1.2000000476837158203125</ele>
        <time>2026-08-22T15:03:08.000Z</time>
        <extensions>
          <ns3:TrackPointExtension>
            <ns3:atemp>29.0</ns3:atemp>
            <ns3:hr>98</ns3:hr>
          </ns3:TrackPointExtension>
        </extensions>
      </trkpt>
      <trkpt lat="48.68812926113605499267578125" lon="-1.82320031337440013885498046875">
        <ele>1.2000000476837158203125</ele>
        <time>2026-08-22T15:03:09.000Z</time>
        <extensions>
          <ns3:TrackPointExtension>
            <ns3:atemp>29.0</ns3:atemp>
            <ns3:hr>99</ns3:hr>
          </ns3:TrackPointExtension>
        </extensions>
      </trkpt>
      <trkpt lat="48.68796690367162227630615234375" lon="-1.82297618128359317779541015625">
        <ele>1.2000000476837158203125</ele>
        <time>2026-08-22T15:03:15.000Z</time>
        <extensions>
          <ns3:TrackPointExtension>
            <ns3:atemp>29.0</ns3:atemp>
            <ns3:hr>102</ns3:hr>
          </ns3:TrackPointExtension>
        </extensions>
      </trkpt>
      <trkpt lat="48.687940500676631927490234375" lon="-1.82294131256639957427978515625">
        <ele>1.2000000476837158203125</ele>
        <time>2026-08-22T15:03:16.000Z</time>
        <extensions>
          <ns3:TrackPointExtension>
            <ns3:atemp>29.0</ns3:atemp>
            <ns3:hr>102</ns3:hr>
          </ns3:TrackPointExtension>
        </extensions>
      </trkpt>
      <trkpt lat="48.68776020593941211700439453125" lon="-1.8226884305477142333984375">
        <ele>1.2000000476837158203125</ele>
        <time>2026-08-22T15:03:23.000Z</time>
        <extensions>
          <ns3:TrackPointExtension>
            <ns3:atemp>29.0</ns3:atemp>
            <ns3:hr>101</ns3:hr>
          </ns3:TrackPointExtension>
        </extensions>
      </trkpt>
      <trkpt lat="48.6876766383647918701171875" lon="-1.82259731926023960113525390625">
        <ele>1</ele>
        <time>2026-08-22T15:03:26.000Z</time>
        <extensions>
          <ns3:TrackPointExtension>
            <ns3:atemp>29.0</ns3:atemp>
            <ns3:hr>97</ns3:hr>
          </ns3:TrackPointExtension>
        </extensions>
      </trkpt>
      <trkpt lat="48.68754998780786991119384765625" lon="-1.82252808474004268646240234375">
        <ele>1.2000000476837158203125</ele>
        <time>2026-08-22T15:03:30.000Z</time>
        <extensions>
          <ns3:TrackPointExtension>
            <ns3:atemp>29.0</ns3:atemp>
            <ns3:hr>100</ns3:hr>
          </ns3:TrackPointExtension>
        </extensions>
      </trkpt>
      <trkpt lat="48.68748821318149566650390625" lon="-1.82253613136708736419677734375">
        <ele>1.2000000476837158203125</ele>
        <time>2026-08-22T15:03:32.000Z</time>
        <extensions>
          <ns3:TrackPointExtension>
            <ns3:atemp>29.0</ns3:atemp>
            <ns3:hr>104</ns3:hr>
          </ns3:TrackPointExtension>
        </extensions>
      </trkpt>
      <trkpt lat="48.687473125755786895751953125" lon="-1.8225330300629138946533203125">
        <ele>1.2000000476837158203125</ele>
        <time>2026-08-22T15:03:33.000Z</time>
        <extensions>
          <ns3:TrackPointExtension>
            <ns3:atemp>29.0</ns3:atemp>
            <ns3:hr>100</ns3:hr>
          </ns3:TrackPointExtension>
        </extensions>
      </trkpt>
      <trkpt lat="48.6874572001397609710693359375" lon="-1.822535879909992218017578125">
        <ele>1</ele>
        <time>2026-08-22T15:03:34.000Z</time>
        <extensions>
          <ns3:TrackPointExtension>
            <ns3:atemp>29.0</ns3:atemp>
            <ns3:hr>95</ns3:hr>
          </ns3:TrackPointExtension>
        </extensions>
      </trkpt>
      <trkpt lat="48.68739022873342037200927734375" lon="-1.82252422906458377838134765625">
        <ele>1</ele>
        <time>2026-08-22T15:03:38.000Z</time>
        <extensions>
          <ns3:TrackPointExtension>
            <ns3:atemp>29.0</ns3:atemp>
            <ns3:hr>87</ns3:hr>
          </ns3:TrackPointExtension>
        </extensions>
      </trkpt>
      <trkpt lat="48.6873737163841724395751953125" lon="-1.8225340358912944793701171875">
        <ele>1</ele>
        <time>2026-08-22T15:03:39.000Z</time>
        <extensions>
          <ns3:TrackPointExtension>
            <ns3:atemp>29.0</ns3:atemp>
            <ns3:hr>92</ns3:hr>
          </ns3:TrackPointExtension>
        </extensions>
      </trkpt>
      <trkpt lat="48.687326945364475250244140625" lon="-1.8225424177944660186767578125">
        <ele>1</ele>
        <time>2026-08-22T15:03:42.000Z</time>
        <extensions>
          <ns3:TrackPointExtension>
            <ns3:atemp>29.0</ns3:atemp>
            <ns3:hr>96</ns3:hr>
          </ns3:TrackPointExtension>
        </extensions>
      </trkpt>
      <trkpt lat="48.68729081936180591583251953125" lon="-1.82254920713603496551513671875">
        <ele>1</ele>
        <time>2026-08-22T15:03:44.000Z</time>
        <extensions>
          <ns3:TrackPointExtension>
            <ns3:atemp>29.0</ns3:atemp>
            <ns3:hr>101</ns3:hr>
          </ns3:TrackPointExtension>
        </extensions>
      </trkpt>
      <trkpt lat="48.68723164312541484832763671875" lon="-1.8225370533764362335205078125">
        <ele>1</ele>
        <time>2026-08-22T15:03:48.000Z</time>
        <extensions>
          <ns3:TrackPointExtension>
            <ns3:atemp>29.0</ns3:atemp>
            <ns3:hr>103</ns3:hr>
          </ns3:TrackPointExtension>
        </extensions>
      </trkpt>
      <trkpt lat="48.6871728859841823577880859375" lon="-1.82248751632869243621826171875">
        <ele>1.2000000476837158203125</ele>
        <time>2026-08-22T15:03:52.000Z</time>
        <extensions>
          <ns3:TrackPointExtension>
            <ns3:atemp>29.0</ns3:atemp>
            <ns3:hr>100</ns3:hr>
          </ns3:TrackPointExtension>
        </extensions>
      </trkpt>
      <trkpt lat="48.6871095187962055206298828125" lon="-1.82241476140916347503662109375">
        <ele>1.2000000476837158203125</ele>
        <time>2026-08-22T15:03:56.000Z</time>
        <extensions>
          <ns3:TrackPointExtension>
            <ns3:atemp>29.0</ns3:atemp>
            <ns3:hr>103</ns3:hr>
          </ns3:TrackPointExtension>
        </extensions>
      </trkpt>
      <trkpt lat="48.6869556270539760589599609375" lon="-1.822342760860919952392578125">
        <ele>1</ele>
        <time>2026-08-22T15:04:04.000Z</time>
        <extensions>
          <ns3:TrackPointExtension>
            <ns3:atemp>29.0</ns3:atemp>
            <ns3:hr>101</ns3:hr>
          </ns3:TrackPointExtension>
        </extensions>
      </trkpt>
      <trkpt lat="48.68683769367635250091552734375" lon="-1.82227361015975475311279296875">
        <ele>1</ele>
        <time>2026-08-22T15:04:11.000Z</time>
        <extensions>
          <ns3:TrackPointExtension>
            <ns3:atemp>29.0</ns3:atemp>
            <ns3:hr>105</ns3:hr>
          </ns3:TrackPointExtension>
        </extensions>
      </trkpt>
      <trkpt lat="48.68673325516283512115478515625" lon="-1.82213631458580493927001953125">
        <ele>1.2000000476837158203125</ele>
        <time>2026-08-22T15:04:18.000Z</time>
        <extensions>
          <ns3:TrackPointExtension>
            <ns3:atemp>29.0</ns3:atemp>
            <ns3:hr>99</ns3:hr>
          </ns3:TrackPointExtension>
        </extensions>
      </trkpt>
      <trkpt lat="48.68671665899455547332763671875" lon="-1.82211804203689098358154296875">
        <ele>1.2000000476837158203125</ele>
        <time>2026-08-22T15:04:19.000Z</time>
        <extensions>
          <ns3:TrackPointExtension>
            <ns3:atemp>29.0</ns3:atemp>
            <ns3:hr>98</ns3:hr>
          </ns3:TrackPointExtension>
        </extensions>
      </trkpt>
      <trkpt lat="48.68656310252845287322998046875" lon="-1.82194872759282588958740234375">
        <ele>1.2000000476837158203125</ele>
        <time>2026-08-22T15:04:27.000Z</time>
        <extensions>
          <ns3:TrackPointExtension>
            <ns3:atemp>29.0</ns3:atemp>
            <ns3:hr>96</ns3:hr>
          </ns3:TrackPointExtension>
        </extensions>
      </trkpt>
      <trkpt lat="48.68644617497920989990234375" lon="-1.82178117334842681884765625">
        <ele>1.39999997615814208984375</ele>
        <time>2026-08-22T15:04:34.000Z</time>
        <extensions>
          <ns3:TrackPointExtension>
            <ns3:atemp>29.0</ns3:atemp>
            <ns3:hr>94</ns3:hr>
          </ns3:TrackPointExtension>
        </extensions>
      </trkpt>
      <trkpt lat="48.6863762699067592620849609375" lon="-1.82169894687831401824951171875">
        <ele>1.39999997615814208984375</ele>
        <time>2026-08-22T15:04:37.000Z</time>
        <extensions>
          <ns3:TrackPointExtension>
            <ns3:atemp>29.0</ns3:atemp>
            <ns3:hr>97</ns3:hr>
          </ns3:TrackPointExtension>
        </extensions>
      </trkpt>
      <trkpt lat="48.68631600402295589447021484375" lon="-1.82161864824593067169189453125">
        <ele>1.2000000476837158203125</ele>
        <time>2026-08-22T15:04:40.000Z</time>
        <extensions>
          <ns3:TrackPointExtension>
            <ns3:atemp>29.0</ns3:atemp>
            <ns3:hr>99</ns3:hr>
          </ns3:TrackPointExtension>
        </extensions>
      </trkpt>
      <trkpt lat="48.6861962266266345977783203125" lon="-1.8214343301951885223388671875">
        <ele>1.2000000476837158203125</ele>
        <time>2026-08-22T15:04:46.000Z</time>
        <extensions>
          <ns3:TrackPointExtension>
            <ns3:atemp>29.0</ns3:atemp>
            <ns3:hr>102</ns3:hr>
          </ns3:TrackPointExtension>
        </extensions>
      </trkpt>
      <trkpt lat="48.6861657164990901947021484375" lon="-1.82137473486363887786865234375">
        <ele>1.2000000476837158203125</ele>
        <time>2026-08-22T15:04:48.000Z</time>
        <extensions>
          <ns3:TrackPointExtension>
            <ns3:atemp>29.0</ns3:atemp>
            <ns3:hr>104</ns3:hr>
          </ns3:TrackPointExtension>
        </extensions>
      </trkpt>
      <trkpt lat="48.68613696657121181488037109375" lon="-1.82126359082758426666259765625">
        <ele>1.60000002384185791015625</ele>
        <time>2026-08-22T15:04:54.000Z</time>
        <extensions>
          <ns3:TrackPointExtension>
            <ns3:atemp>29.0</ns3:atemp>
            <ns3:hr>104</ns3:hr>
          </ns3:TrackPointExtension>
        </extensions>
      </trkpt>
      <trkpt lat="48.686140067875385284423828125" lon="-1.8212660215795040130615234375">
        <ele>1.60000002384185791015625</ele>
        <time>2026-08-22T15:04:56.000Z</time>
        <extensions>
          <ns3:TrackPointExtension>
            <ns3:atemp>29.0</ns3:atemp>
            <ns3:hr>100</ns3:hr>
          </ns3:TrackPointExtension>
        </extensions>
      </trkpt>
      <trkpt lat="48.686142750084400177001953125" lon="-1.821265853941440582275390625">
        <ele>1.60000002384185791015625</ele>
        <time>2026-08-22T15:04:58.000Z</time>
        <extensions>
          <ns3:TrackPointExtension>
            <ns3:atemp>29.0</ns3:atemp>
            <ns3:hr>103</ns3:hr>
          </ns3:TrackPointExtension>
        </extensions>
      </trkpt>
      <trkpt lat="48.686142750084400177001953125" lon="-1.821265853941440582275390625">
        <ele>1.60000002384185791015625</ele>
        <time>2026-08-22T15:05:01.000Z</time>
        <extensions>
          <ns3:TrackPointExtension>
            <ns3:atemp>29.0</ns3:atemp>
            <ns3:hr>104</ns3:hr>
          </ns3:TrackPointExtension>
        </extensions>
      </trkpt>
      <trkpt lat="48.686142750084400177001953125" lon="-1.821265853941440582275390625">
        <ele>1.39999997615814208984375</ele>
        <time>2026-08-22T15:05:07.000Z</time>
        <extensions>
          <ns3:TrackPointExtension>
            <ns3:atemp>29.0</ns3:atemp>
            <ns3:hr>104</ns3:hr>
          </ns3:TrackPointExtension>
        </extensions>
      </trkpt>
      <trkpt lat="48.686142750084400177001953125" lon="-1.821265853941440582275390625">
        <ele>1.39999997615814208984375</ele>
        <time>2026-08-22T15:05:17.000Z</time>
        <extensions>
          <ns3:TrackPointExtension>
            <ns3:atemp>29.0</ns3:atemp>
            <ns3:hr>103</ns3:hr>
          </ns3:TrackPointExtension>
        </extensions>
      </trkpt>
      <trkpt lat="48.686155490577220916748046875" lon="-1.82123006321489810943603515625">
        <ele>1.39999997615814208984375</ele>
        <time>2026-08-22T15:05:23.000Z</time>
        <extensions>
          <ns3:TrackPointExtension>
            <ns3:atemp>29.0</ns3:atemp>
            <ns3:hr>106</ns3:hr>
          </ns3:TrackPointExtension>
        </extensions>
      </trkpt>
      <trkpt lat="48.6861610226333141326904296875" lon="-1.82121849618852138519287109375">
        <ele>1.39999997615814208984375</ele>
        <time>2026-08-22T15:05:31.000Z</time>
        <extensions>
          <ns3:TrackPointExtension>
            <ns3:atemp>29.0</ns3:atemp>
            <ns3:hr>105</ns3:hr>
          </ns3:TrackPointExtension>
        </extensions>
      </trkpt>
      <trkpt lat="48.6861610226333141326904296875" lon="-1.82121849618852138519287109375">
        <ele>1.39999997615814208984375</ele>
        <time>2026-08-22T15:05:38.000Z</time>
        <extensions>
          <ns3:TrackPointExtension>
            <ns3:atemp>29.0</ns3:atemp>
            <ns3:hr>102</ns3:hr>
          </ns3:TrackPointExtension>
        </extensions>
      </trkpt>
      <trkpt lat="48.6861610226333141326904296875" lon="-1.82121849618852138519287109375">
        <ele>1.39999997615814208984375</ele>
        <time>2026-08-22T15:05:40.000Z</time>
        <extensions>
          <ns3:TrackPointExtension>
            <ns3:atemp>29.0</ns3:atemp>
            <ns3:hr>98</ns3:hr>
          </ns3:TrackPointExtension>
        </extensions>
      </trkpt>
      <trkpt lat="48.6861610226333141326904296875" lon="-1.82121849618852138519287109375">
        <ele>1.39999997615814208984375</ele>
        <time>2026-08-22T15:05:41.000Z</time>
        <extensions>
          <ns3:TrackPointExtension>
            <ns3:atemp>29.0</ns3:atemp>
            <ns3:hr>96</ns3:hr>
          </ns3:TrackPointExtension>
        </extensions>
      </trkpt>
      <trkpt lat="48.6861610226333141326904296875" lon="-1.82121849618852138519287109375">
        <ele>1.39999997615814208984375</ele>
        <time>2026-08-22T15:05:45.000Z</time>
        <extensions>
          <ns3:TrackPointExtension>
            <ns3:atemp>29.0</ns3:atemp>
            <ns3:hr>99</ns3:hr>
          </ns3:TrackPointExtension>
        </extensions>
      </trkpt>
      <trkpt lat="48.6861610226333141326904296875" lon="-1.82121849618852138519287109375">
        <ele>1.39999997615814208984375</ele>
        <time>2026-08-22T15:05:51.000Z</time>
        <extensions>
          <ns3:TrackPointExtension>
            <ns3:atemp>29.0</ns3:atemp>
            <ns3:hr>98</ns3:hr>
          </ns3:TrackPointExtension>
        </extensions>
      </trkpt>
      <trkpt lat="48.6861610226333141326904296875" lon="-1.82121849618852138519287109375">
        <ele>1.39999997615814208984375</ele>
        <time>2026-08-22T15:05:57.000Z</time>
        <extensions>
          <ns3:TrackPointExtension>
            <ns3:atemp>29.0</ns3:atemp>
            <ns3:hr>95</ns3:hr>
          </ns3:TrackPointExtension>
        </extensions>
      </trkpt>
      <trkpt lat="48.6861610226333141326904296875" lon="-1.82121849618852138519287109375">
        <ele>1.39999997615814208984375</ele>
        <time>2026-08-22T15:06:00.000Z</time>
        <extensions>
          <ns3:TrackPointExtension>
            <ns3:atemp>29.0</ns3:atemp>
            <ns3:hr>94</ns3:hr>
          </ns3:TrackPointExtension>
        </extensions>
      </trkpt>
      <trkpt lat="48.6861610226333141326904296875" lon="-1.82121849618852138519287109375">
        <ele>1.39999997615814208984375</ele>
        <time>2026-08-22T15:06:09.000Z</time>
        <extensions>
          <ns3:TrackPointExtension>
            <ns3:atemp>29.0</ns3:atemp>
            <ns3:hr>92</ns3:hr>
          </ns3:TrackPointExtension>
        </extensions>
      </trkpt>
      <trkpt lat="48.6861610226333141326904296875" lon="-1.82121849618852138519287109375">
        <ele>1.2000000476837158203125</ele>
        <time>2026-08-22T15:06:16.000Z</time>
        <extensions>
          <ns3:TrackPointExtension>
            <ns3:atemp>29.0</ns3:atemp>
            <ns3:hr>92</ns3:hr>
          </ns3:TrackPointExtension>
        </extensions>
      </trkpt>
      <trkpt lat="48.68615691550076007843017578125" lon="-1.82109762914478778839111328125">
        <ele>1.2000000476837158203125</ele>
        <time>2026-08-22T15:06:25.000Z</time>
        <extensions>
          <ns3:TrackPointExtension>
            <ns3:atemp>29.0</ns3:atemp>
            <ns3:hr>92</ns3:hr>
          </ns3:TrackPointExtension>
        </extensions>
      </trkpt>
      <trkpt lat="48.68615993298590183258056640625" lon="-1.8210779316723346710205078125">
        <ele>1.39999997615814208984375</ele>
        <time>2026-08-22T15:06:28.000Z</time>
        <extensions>
          <ns3:TrackPointExtension>
            <ns3:atemp>29.0</ns3:atemp>
            <ns3:hr>95</ns3:hr>
          </ns3:TrackPointExtension>
        </extensions>
      </trkpt>
      <trkpt lat="48.68616412393748760223388671875" lon="-1.82107399217784404754638671875">
        <ele>1.2000000476837158203125</ele>
        <time>2026-08-22T15:06:33.000Z</time>
        <extensions>
          <ns3:TrackPointExtension>
            <ns3:atemp>30.0</ns3:atemp>
            <ns3:hr>96</ns3:hr>
          </ns3:TrackPointExtension>
        </extensions>
      </trkpt>
      <trkpt lat="48.6861650459468364715576171875" lon="-1.82102504186332225799560546875">
        <ele>1.2000000476837158203125</ele>
        <time>2026-08-22T15:06:37.000Z</time>
        <extensions>
          <ns3:TrackPointExtension>
            <ns3:atemp>30.0</ns3:atemp>
            <ns3:hr>95</ns3:hr>
          </ns3:TrackPointExtension>
        </extensions>
      </trkpt>
      <trkpt lat="48.686172254383563995361328125" lon="-1.82093284092843532562255859375">
        <ele>1.39999997615814208984375</ele>
        <time>2026-08-22T15:06:42.000Z</time>
        <extensions>
          <ns3:TrackPointExtension>
            <ns3:atemp>30.0</ns3:atemp>
            <ns3:hr>95</ns3:hr>
          </ns3:TrackPointExtension>
        </extensions>
      </trkpt>
      <trkpt lat="48.68616320192813873291015625" lon="-1.82068658061325550079345703125">
        <ele>1.39999997615814208984375</ele>
        <time>2026-08-22T15:06:49.000Z</time>
        <extensions>
          <ns3:TrackPointExtension>
            <ns3:atemp>30.0</ns3:atemp>
            <ns3:hr>95</ns3:hr>
          </ns3:TrackPointExtension>
        </extensions>
      </trkpt>
      <trkpt lat="48.6861412413418292999267578125" lon="-1.8204938806593418121337890625">
        <ele>1.2000000476837158203125</ele>
        <time>2026-08-22T15:06:53.000Z</time>
        <extensions>
          <ns3:TrackPointExtension>
            <ns3:atemp>30.0</ns3:atemp>
            <ns3:hr>95</ns3:hr>
          </ns3:TrackPointExtension>
        </extensions>
      </trkpt>
      <trkpt lat="48.6860624514520168304443359375" lon="-1.8201716803014278411865234375">
        <ele>1.2000000476837158203125</ele>
        <time>2026-08-22T15:06:59.000Z</time>
        <extensions>
          <ns3:TrackPointExtension>
            <ns3:atemp>30.0</ns3:atemp>
            <ns3:hr>93</ns3:hr>
          </ns3:TrackPointExtension>
        </extensions>
      </trkpt>
      <trkpt lat="48.6860466934740543365478515625" lon="-1.82003111578524112701416015625">
        <ele>1.2000000476837158203125</ele>
        <time>2026-08-22T15:07:02.000Z</time>
        <extensions>
          <ns3:TrackPointExtension>
            <ns3:atemp>30.0</ns3:atemp>
            <ns3:hr>90</ns3:hr>
          </ns3:TrackPointExtension>
        </extensions>
      </trkpt>
      <trkpt lat="48.68605080060660839080810546875" lon="-1.819892562925815582275390625">
        <ele>1.39999997615814208984375</ele>
        <time>2026-08-22T15:07:05.000Z</time>
        <extensions>
          <ns3:TrackPointExtension>
            <ns3:atemp>30.0</ns3:atemp>
            <ns3:hr>92</ns3:hr>
          </ns3:TrackPointExtension>
        </extensions>
      </trkpt>
      <trkpt lat="48.6860956437885761260986328125" lon="-1.8196452967822551727294921875">
        <ele>1.2000000476837158203125</ele>
        <time>2026-08-22T15:07:11.000Z</time>
        <extensions>
          <ns3:TrackPointExtension>
            <ns3:atemp>30.0</ns3:atemp>
            <ns3:hr>94</ns3:hr>
          </ns3:TrackPointExtension>
        </extensions>
      </trkpt>
      <trkpt lat="48.68611701764166355133056640625" lon="-1.819563992321491241455078125">
        <ele>1.2000000476837158203125</ele>
        <time>2026-08-22T15:07:13.000Z</time>
        <extensions>
          <ns3:TrackPointExtension>
            <ns3:atemp>30.0</ns3:atemp>
            <ns3:hr>90</ns3:hr>
          </ns3:TrackPointExtension>
        </extensions>
      </trkpt>
      <trkpt lat="48.686176277697086334228515625" lon="-1.81936316192150115966796875">
        <ele>1.2000000476837158203125</ele>
        <time>2026-08-22T15:07:18.000Z</time>
        <extensions>
          <ns3:TrackPointExtension>
            <ns3:atemp>30.0</ns3:atemp>
            <ns3:hr>91</ns3:hr>
          </ns3:TrackPointExtension>
        </extensions>
      </trkpt>
      <trkpt lat="48.68628113530576229095458984375" lon="-1.81914347223937511444091796875">
        <ele>1.60000002384185791015625</ele>
        <time>2026-08-22T15:07:25.000Z</time>
        <extensions>
          <ns3:TrackPointExtension>
            <ns3:atemp>30.0</ns3:atemp>
            <ns3:hr>91</ns3:hr>
          </ns3:TrackPointExtension>
        </extensions>
      </trkpt>
      <trkpt lat="48.686356656253337860107421875" lon="-1.81895454414188861846923828125">
        <ele>1.2000000476837158203125</ele>
        <time>2026-08-22T15:07:32.000Z</time>
        <extensions>
          <ns3:TrackPointExtension>
            <ns3:atemp>30.0</ns3:atemp>
            <ns3:hr>92</ns3:hr>
          </ns3:TrackPointExtension>
        </extensions>
      </trkpt>
      <trkpt lat="48.6863789521157741546630859375" lon="-1.81888715364038944244384765625">
        <ele>1.2000000476837158203125</ele>
        <time>2026-08-22T15:07:34.000Z</time>
        <extensions>
          <ns3:TrackPointExtension>
            <ns3:atemp>30.0</ns3:atemp>
            <ns3:hr>96</ns3:hr>
          </ns3:TrackPointExtension>
        </extensions>
      </trkpt>
      <trkpt lat="48.68646151386201381683349609375" lon="-1.818659417331218719482421875">
        <ele>1.2000000476837158203125</ele>
        <time>2026-08-22T15:07:40.000Z</time>
        <extensions>
          <ns3:TrackPointExtension>
            <ns3:atemp>30.0</ns3:atemp>
            <ns3:hr>91</ns3:hr>
          </ns3:TrackPointExtension>
        </extensions>
      </trkpt>
      <trkpt lat="48.6865023337304592132568359375" lon="-1.81848515756428241729736328125">
        <ele>1.2000000476837158203125</ele>
        <time>2026-08-22T15:07:44.000Z</time>
        <extensions>
          <ns3:TrackPointExtension>
            <ns3:atemp>30.0</ns3:atemp>
            <ns3:hr>95</ns3:hr>
          </ns3:TrackPointExtension>
        </extensions>
      </trkpt>
      <trkpt lat="48.6865152418613433837890625" lon="-1.81844458915293216705322265625">
        <ele>1.2000000476837158203125</ele>
        <time>2026-08-22T15:07:45.000Z</time>
        <extensions>
          <ns3:TrackPointExtension>
            <ns3:atemp>30.0</ns3:atemp>
            <ns3:hr>105</ns3:hr>
          </ns3:TrackPointExtension>
        </extensions>
      </trkpt>
      <trkpt lat="48.68652840144932270050048828125" lon="-1.81840888224542140960693359375">
        <ele>1.2000000476837158203125</ele>
        <time>2026-08-22T15:07:46.000Z</time>
        <extensions>
          <ns3:TrackPointExtension>
            <ns3:atemp>30.0</ns3:atemp>
            <ns3:hr>105</ns3:hr>
          </ns3:TrackPointExtension>
        </extensions>
      </trkpt>
      <trkpt lat="48.6865412257611751556396484375" lon="-1.8183776177465915679931640625">
        <ele>1.2000000476837158203125</ele>
        <time>2026-08-22T15:07:47.000Z</time>
        <extensions>
          <ns3:TrackPointExtension>
            <ns3:atemp>30.0</ns3:atemp>
            <ns3:hr>100</ns3:hr>
          </ns3:TrackPointExtension>
        </extensions>
      </trkpt>
      <trkpt lat="48.68655614554882049560546875" lon="-1.81834735907614231109619140625">
        <ele>1.2000000476837158203125</ele>
        <time>2026-08-22T15:07:48.000Z</time>
        <extensions>
          <ns3:TrackPointExtension>
            <ns3:atemp>30.0</ns3:atemp>
            <ns3:hr>100</ns3:hr>
          </ns3:TrackPointExtension>
        </extensions>
      </trkpt>
      <trkpt lat="48.686582632362842559814453125" lon="-1.818164885044097900390625">
        <ele>1</ele>
        <time>2026-08-22T15:07:52.000Z</time>
        <extensions>
          <ns3:TrackPointExtension>
            <ns3:atemp>30.0</ns3:atemp>
            <ns3:hr>95</ns3:hr>
          </ns3:TrackPointExtension>
        </extensions>
      </trkpt>
      <trkpt lat="48.6865948699414730072021484375" lon="-1.8181214667856693267822265625">
        <ele>1.2000000476837158203125</ele>
        <time>2026-08-22T15:07:53.000Z</time>
        <extensions>
          <ns3:TrackPointExtension>
            <ns3:atemp>30.0</ns3:atemp>
            <ns3:hr>90</ns3:hr>
          </ns3:TrackPointExtension>
        </extensions>
      </trkpt>
      <trkpt lat="48.686622865498065948486328125" lon="-1.81797671131789684295654296875">
        <ele>1.2000000476837158203125</ele>
        <time>2026-08-22T15:07:56.000Z</time>
        <extensions>
          <ns3:TrackPointExtension>
            <ns3:atemp>30.0</ns3:atemp>
            <ns3:hr>87</ns3:hr>
          </ns3:TrackPointExtension>
        </extensions>
      </trkpt>
      <trkpt lat="48.68664138950407505035400390625" lon="-1.8178765475749969482421875">
        <ele>1.2000000476837158203125</ele>
        <time>2026-08-22T15:07:58.000Z</time>
        <extensions>
          <ns3:TrackPointExtension>
            <ns3:atemp>30.0</ns3:atemp>
            <ns3:hr>91</ns3:hr>
          </ns3:TrackPointExtension>
        </extensions>
      </trkpt>
      <trkpt lat="48.68664759211242198944091796875" lon="-1.817786358296871185302734375">
        <ele>1.2000000476837158203125</ele>
        <time>2026-08-22T15:08:00.000Z</time>
        <extensions>
          <ns3:TrackPointExtension>
            <ns3:atemp>30.0</ns3:atemp>
            <ns3:hr>91</ns3:hr>
          </ns3:TrackPointExtension>
        </extensions>
      </trkpt>
      <trkpt lat="48.68665806949138641357421875" lon="-1.8176980130374431610107421875">
        <ele>1.2000000476837158203125</ele>
        <time>2026-08-22T15:08:02.000Z</time>
        <extensions>
          <ns3:TrackPointExtension>
            <ns3:atemp>30.0</ns3:atemp>
            <ns3:hr>88</ns3:hr>
          </ns3:TrackPointExtension>
        </extensions>
      </trkpt>
      <trkpt lat="48.68669830262660980224609375" lon="-1.81751000694930553436279296875">
        <ele>1.2000000476837158203125</ele>
        <time>2026-08-22T15:08:06.000Z</time>
        <extensions>
          <ns3:TrackPointExtension>
            <ns3:atemp>30.0</ns3:atemp>
            <ns3:hr>91</ns3:hr>
          </ns3:TrackPointExtension>
        </extensions>
      </trkpt>
      <trkpt lat="48.6867085285484790802001953125" lon="-1.8174634873867034912109375">
        <ele>1.2000000476837158203125</ele>
        <time>2026-08-22T15:08:07.000Z</time>
        <extensions>
          <ns3:TrackPointExtension>
            <ns3:atemp>30.0</ns3:atemp>
            <ns3:hr>92</ns3:hr>
          </ns3:TrackPointExtension>
        </extensions>
      </trkpt>
      <trkpt lat="48.68674800731241703033447265625" lon="-1.81706710718572139739990234375">
        <ele>1</ele>
        <time>2026-08-22T15:08:14.000Z</time>
        <extensions>
          <ns3:TrackPointExtension>
            <ns3:atemp>30.0</ns3:atemp>
            <ns3:hr>95</ns3:hr>
          </ns3:TrackPointExtension>
        </extensions>
      </trkpt>
      <trkpt lat="48.68675462901592254638671875" lon="-1.81701597757637500762939453125">
        <ele>1.2000000476837158203125</ele>
        <time>2026-08-22T15:08:15.000Z</time>
        <extensions>
          <ns3:TrackPointExtension>
            <ns3:atemp>30.0</ns3:atemp>
            <ns3:hr>97</ns3:hr>
          </ns3:TrackPointExtension>
        </extensions>
      </trkpt>
      <trkpt lat="48.68680751882493495941162109375" lon="-1.816690005362033843994140625">
        <ele>1.2000000476837158203125</ele>
        <time>2026-08-22T15:08:22.000Z</time>
        <extensions>
          <ns3:TrackPointExtension>
            <ns3:atemp>30.0</ns3:atemp>
            <ns3:hr>97</ns3:hr>
          </ns3:TrackPointExtension>
        </extensions>
      </trkpt>
      <trkpt lat="48.6868305690586566925048828125" lon="-1.81635950691998004913330078125">
        <ele>1</ele>
        <time>2026-08-22T15:08:30.000Z</time>
        <extensions>
          <ns3:TrackPointExtension>
            <ns3:atemp>30.0</ns3:atemp>
            <ns3:hr>97</ns3:hr>
          </ns3:TrackPointExtension>
        </extensions>
      </trkpt>
      <trkpt lat="48.6868221871554851531982421875" lon="-1.8160464428365230560302734375">
        <ele>1.2000000476837158203125</ele>
        <time>2026-08-22T15:08:38.000Z</time>
        <extensions>
          <ns3:TrackPointExtension>
            <ns3:atemp>30.0</ns3:atemp>
            <ns3:hr>96</ns3:hr>
          </ns3:TrackPointExtension>
        </extensions>
      </trkpt>
      <trkpt lat="48.68683769367635250091552734375" lon="-1.8158513121306896209716796875">
        <ele>1.2000000476837158203125</ele>
        <time>2026-08-22T15:08:43.000Z</time>
        <extensions>
          <ns3:TrackPointExtension>
            <ns3:atemp>30.0</ns3:atemp>
            <ns3:hr>102</ns3:hr>
          </ns3:TrackPointExtension>
        </extensions>
      </trkpt>
      <trkpt lat="48.686846829950809478759765625" lon="-1.81572549976408481597900390625">
        <ele>1.2000000476837158203125</ele>
        <time>2026-08-22T15:08:46.000Z</time>
        <extensions>
          <ns3:TrackPointExtension>
            <ns3:atemp>30.0</ns3:atemp>
            <ns3:hr>103</ns3:hr>
          </ns3:TrackPointExtension>
        </extensions>
      </trkpt>
      <trkpt lat="48.68689971975982189178466796875" lon="-1.81546993553638458251953125">
        <ele>1.2000000476837158203125</ele>
        <time>2026-08-22T15:08:53.000Z</time>
        <extensions>
          <ns3:TrackPointExtension>
            <ns3:atemp>30.0</ns3:atemp>
            <ns3:hr>103</ns3:hr>
          </ns3:TrackPointExtension>
        </extensions>
      </trkpt>
      <trkpt lat="48.6869321577250957489013671875" lon="-1.81537848897278308868408203125">
        <ele>1.60000002384185791015625</ele>
        <time>2026-08-22T15:08:57.000Z</time>
        <extensions>
          <ns3:TrackPointExtension>
            <ns3:atemp>30.0</ns3:atemp>
            <ns3:hr>106</ns3:hr>
          </ns3:TrackPointExtension>
        </extensions>
      </trkpt>
      <trkpt lat="48.68694280274212360382080078125" lon="-1.81536390446126461029052734375">
        <ele>1.60000002384185791015625</ele>
        <time>2026-08-22T15:08:59.000Z</time>
        <extensions>
          <ns3:TrackPointExtension>
            <ns3:atemp>30.0</ns3:atemp>
            <ns3:hr>104</ns3:hr>
          </ns3:TrackPointExtension>
        </extensions>
      </trkpt>
      <trkpt lat="48.68694229982793331146240234375" lon="-1.81538276374340057373046875">
        <ele>1.39999997615814208984375</ele>
        <time>2026-08-22T15:09:06.000Z</time>
        <extensions>
          <ns3:TrackPointExtension>
            <ns3:atemp>30.0</ns3:atemp>
            <ns3:hr>102</ns3:hr>
          </ns3:TrackPointExtension>
        </extensions>
      </trkpt>
      <trkpt lat="48.6869640089571475982666015625" lon="-1.815444119274616241455078125">
        <ele>1</ele>
        <time>2026-08-22T15:09:10.000Z</time>
        <extensions>
          <ns3:TrackPointExtension>
            <ns3:atemp>30.0</ns3:atemp>
            <ns3:hr>99</ns3:hr>
          </ns3:TrackPointExtension>
        </extensions>
      </trkpt>
      <trkpt lat="48.68701052851974964141845703125" lon="-1.81549684144556522369384765625">
        <ele>1</ele>
        <time>2026-08-22T15:09:15.000Z</time>
        <extensions>
          <ns3:TrackPointExtension>
            <ns3:atemp>30.0</ns3:atemp>
            <ns3:hr>98</ns3:hr>
          </ns3:TrackPointExtension>
        </extensions>
      </trkpt>
      <trkpt lat="48.68707020767033100128173828125" lon="-1.81561301462352275848388671875">
        <ele>0.800000011920928955078125</ele>
        <time>2026-08-22T15:09:20.000Z</time>
        <extensions>
          <ns3:TrackPointExtension>
            <ns3:atemp>30.0</ns3:atemp>
            <ns3:hr>100</ns3:hr>
          </ns3:TrackPointExtension>
        </extensions>
      </trkpt>
      <trkpt lat="48.68708495981991291046142578125" lon="-1.8156431056559085845947265625">
        <ele>0.800000011920928955078125</ele>
        <time>2026-08-22T15:09:21.000Z</time>
        <extensions>
          <ns3:TrackPointExtension>
            <ns3:atemp>30.0</ns3:atemp>
            <ns3:hr>103</ns3:hr>
          </ns3:TrackPointExtension>
        </extensions>
      </trkpt>
      <trkpt lat="48.6870887316763401031494140625" lon="-1.815670765936374664306640625">
        <ele>0.800000011920928955078125</ele>
        <time>2026-08-22T15:09:22.000Z</time>
        <extensions>
          <ns3:TrackPointExtension>
            <ns3:atemp>30.0</ns3:atemp>
            <ns3:hr>110</ns3:hr>
          </ns3:TrackPointExtension>
        </extensions>
      </trkpt>
      <trkpt lat="48.6870961077511310577392578125" lon="-1.815704293549060821533203125">
        <ele>1</ele>
        <time>2026-08-22T15:09:23.000Z</time>
        <extensions>
          <ns3:TrackPointExtension>
            <ns3:atemp>30.0</ns3:atemp>
            <ns3:hr>118</ns3:hr>
          </ns3:TrackPointExtension>
        </extensions>
      </trkpt>
      <trkpt lat="48.68710289709270000457763671875" lon="-1.815735138952732086181640625">
        <ele>1</ele>
        <time>2026-08-22T15:09:24.000Z</time>
        <extensions>
          <ns3:TrackPointExtension>
            <ns3:atemp>30.0</ns3:atemp>
            <ns3:hr>122</ns3:hr>
          </ns3:TrackPointExtension>
        </extensions>
      </trkpt>
      <trkpt lat="48.6871175654232501983642578125" lon="-1.81577662937343120574951171875">
        <ele>1.2000000476837158203125</ele>
        <time>2026-08-22T15:09:25.000Z</time>
        <extensions>
          <ns3:TrackPointExtension>
            <ns3:atemp>30.0</ns3:atemp>
            <ns3:hr>122</ns3:hr>
          </ns3:TrackPointExtension>
        </extensions>
      </trkpt>
      <trkpt lat="48.68712435476481914520263671875" lon="-1.8158147670328617095947265625">
        <ele>1.2000000476837158203125</ele>
        <time>2026-08-22T15:09:26.000Z</time>
        <extensions>
          <ns3:TrackPointExtension>
            <ns3:atemp>30.0</ns3:atemp>
            <ns3:hr>123</ns3:hr>
          </ns3:TrackPointExtension>
        </extensions>
      </trkpt>
      <trkpt lat="48.6871561221778392791748046875" lon="-1.8159022741019725799560546875">
        <ele>1.2000000476837158203125</ele>
        <time>2026-08-22T15:09:29.000Z</time>
        <extensions>
          <ns3:TrackPointExtension>
            <ns3:atemp>30.0</ns3:atemp>
            <ns3:hr>119</ns3:hr>
          </ns3:TrackPointExtension>
        </extensions>
      </trkpt>
      <trkpt lat="48.68718772195279598236083984375" lon="-1.8160159327089786529541015625">
        <ele>1.39999997615814208984375</ele>
        <time>2026-08-22T15:09:32.000Z</time>
        <extensions>
          <ns3:TrackPointExtension>
            <ns3:atemp>30.0</ns3:atemp>
            <ns3:hr>116</ns3:hr>
          </ns3:TrackPointExtension>
        </extensions>
      </trkpt>
      <trkpt lat="48.68721940554678440093994140625" lon="-1.816120706498622894287109375">
        <ele>1.39999997615814208984375</ele>
        <time>2026-08-22T15:09:35.000Z</time>
        <extensions>
          <ns3:TrackPointExtension>
            <ns3:atemp>30.0</ns3:atemp>
            <ns3:hr>113</ns3:hr>
          </ns3:TrackPointExtension>
        </extensions>
      </trkpt>
      <trkpt lat="48.68723985739052295684814453125" lon="-1.8162073753774166107177734375">
        <ele>1.39999997615814208984375</ele>
        <time>2026-08-22T15:09:37.000Z</time>
        <extensions>
          <ns3:TrackPointExtension>
            <ns3:atemp>30.0</ns3:atemp>
            <ns3:hr>111</ns3:hr>
          </ns3:TrackPointExtension>
        </extensions>
      </trkpt>
      <trkpt lat="48.6873064935207366943359375" lon="-1.816482804715633392333984375">
        <ele>1.39999997615814208984375</ele>
        <time>2026-08-22T15:09:43.000Z</time>
        <extensions>
          <ns3:TrackPointExtension>
            <ns3:atemp>30.0</ns3:atemp>
            <ns3:hr>110</ns3:hr>
          </ns3:TrackPointExtension>
        </extensions>
      </trkpt>
      <trkpt lat="48.68734111078083515167236328125" lon="-1.8167956173419952392578125">
        <ele>1.2000000476837158203125</ele>
        <time>2026-08-22T15:09:49.000Z</time>
        <extensions>
          <ns3:TrackPointExtension>
            <ns3:atemp>30.0</ns3:atemp>
            <ns3:hr>109</ns3:hr>
          </ns3:TrackPointExtension>
        </extensions>
      </trkpt>
      <trkpt lat="48.68740699253976345062255859375" lon="-1.816985048353672027587890625">
        <ele>1.2000000476837158203125</ele>
        <time>2026-08-22T15:09:54.000Z</time>
        <extensions>
          <ns3:TrackPointExtension>
            <ns3:atemp>30.0</ns3:atemp>
            <ns3:hr>107</ns3:hr>
          </ns3:TrackPointExtension>
        </extensions>
      </trkpt>
      <trkpt lat="48.6874984391033649444580078125" lon="-1.81713114492595195770263671875">
        <ele>1</ele>
        <time>2026-08-22T15:09:59.000Z</time>
        <extensions>
          <ns3:TrackPointExtension>
            <ns3:atemp>30.0</ns3:atemp>
            <ns3:hr>107</ns3:hr>
          </ns3:TrackPointExtension>
        </extensions>
      </trkpt>
      <trkpt lat="48.68758502416312694549560546875" lon="-1.81726877577602863311767578125">
        <ele>1</ele>
        <time>2026-08-22T15:10:04.000Z</time>
        <extensions>
          <ns3:TrackPointExtension>
            <ns3:atemp>30.0</ns3:atemp>
            <ns3:hr>103</ns3:hr>
          </ns3:TrackPointExtension>
        </extensions>
      </trkpt>
      <trkpt lat="48.68760832585394382476806640625" lon="-1.81733918376266956329345703125">
        <ele>0.800000011920928955078125</ele>
        <time>2026-08-22T15:10:06.000Z</time>
        <extensions>
          <ns3:TrackPointExtension>
            <ns3:atemp>30.0</ns3:atemp>
            <ns3:hr>98</ns3:hr>
          </ns3:TrackPointExtension>
        </extensions>
      </trkpt>
      <trkpt lat="48.6876409314572811126708984375" lon="-1.81742048822343349456787109375">
        <ele>1</ele>
        <time>2026-08-22T15:10:08.000Z</time>
        <extensions>
          <ns3:TrackPointExtension>
            <ns3:atemp>30.0</ns3:atemp>
            <ns3:hr>95</ns3:hr>
          </ns3:TrackPointExtension>
        </extensions>
      </trkpt>
      <trkpt lat="48.687658198177814483642578125" lon="-1.81746474467217922210693359375">
        <ele>1</ele>
        <time>2026-08-22T15:10:09.000Z</time>
        <extensions>
          <ns3:TrackPointExtension>
            <ns3:atemp>30.0</ns3:atemp>
            <ns3:hr>93</ns3:hr>
          </ns3:TrackPointExtension>
        </extensions>
      </trkpt>
      <trkpt lat="48.6877053044736385345458984375" lon="-1.81760338135063648223876953125">
        <ele>1</ele>
        <time>2026-08-22T15:10:12.000Z</time>
        <extensions>
          <ns3:TrackPointExtension>
            <ns3:atemp>30.0</ns3:atemp>
            <ns3:hr>97</ns3:hr>
          </ns3:TrackPointExtension>
        </extensions>
      </trkpt>
      <trkpt lat="48.6877918057143688201904296875" lon="-1.8178405053913593292236328125">
        <ele>1</ele>
        <time>2026-08-22T15:10:17.000Z</time>
        <extensions>
          <ns3:TrackPointExtension>
            <ns3:atemp>30.0</ns3:atemp>
            <ns3:hr>97</ns3:hr>
          </ns3:TrackPointExtension>
        </extensions>
      </trkpt>
      <trkpt lat="48.68788945488631725311279296875" lon="-1.8181844986975193023681640625">
        <ele>1.2000000476837158203125</ele>
        <time>2026-08-22T15:10:23.000Z</time>
        <extensions>
          <ns3:TrackPointExtension>
            <ns3:atemp>30.0</ns3:atemp>
            <ns3:hr>98</ns3:hr>
          </ns3:TrackPointExtension>
        </extensions>
      </trkpt>
      <trkpt lat="48.6879654787480831146240234375" lon="-1.8184513784945011138916015625">
        <ele>1</ele>
        <time>2026-08-22T15:10:28.000Z</time>
        <extensions>
          <ns3:TrackPointExtension>
            <ns3:atemp>30.0</ns3:atemp>
            <ns3:hr>90</ns3:hr>
          </ns3:TrackPointExtension>
        </extensions>
      </trkpt>
      <trkpt lat="48.68798266164958477020263671875" lon="-1.81851030327379703521728515625">
        <ele>1</ele>
        <time>2026-08-22T15:10:29.000Z</time>
        <extensions>
          <ns3:TrackPointExtension>
            <ns3:atemp>30.0</ns3:atemp>
            <ns3:hr>82</ns3:hr>
          </ns3:TrackPointExtension>
        </extensions>
      </trkpt>
      <trkpt lat="48.68799774907529354095458984375" lon="-1.81856880895793437957763671875">
        <ele>1</ele>
        <time>2026-08-22T15:10:30.000Z</time>
        <extensions>
          <ns3:TrackPointExtension>
            <ns3:atemp>30.0</ns3:atemp>
            <ns3:hr>79</ns3:hr>
          </ns3:TrackPointExtension>
        </extensions>
      </trkpt>
      <trkpt lat="48.68804267607629299163818359375" lon="-1.8187375366687774658203125">
        <ele>1</ele>
        <time>2026-08-22T15:10:33.000Z</time>
        <extensions>
          <ns3:TrackPointExtension>
            <ns3:atemp>30.0</ns3:atemp>
            <ns3:hr>76</ns3:hr>
          </ns3:TrackPointExtension>
        </extensions>
      </trkpt>
      <trkpt lat="48.68810101412236690521240234375" lon="-1.8189586512744426727294921875">
        <ele>0.800000011920928955078125</ele>
        <time>2026-08-22T15:10:37.000Z</time>
        <extensions>
          <ns3:TrackPointExtension>
            <ns3:atemp>30.0</ns3:atemp>
            <ns3:hr>82</ns3:hr>
          </ns3:TrackPointExtension>
        </extensions>
      </trkpt>
      <trkpt lat="48.6881126649677753448486328125" lon="-1.819014810025691986083984375">
        <ele>0.800000011920928955078125</ele>
        <time>2026-08-22T15:10:38.000Z</time>
        <extensions>
          <ns3:TrackPointExtension>
            <ns3:atemp>30.0</ns3:atemp>
            <ns3:hr>89</ns3:hr>
          </ns3:TrackPointExtension>
        </extensions>
      </trkpt>
      <trkpt lat="48.68812012486159801483154296875" lon="-1.81906434707343578338623046875">
        <ele>1</ele>
        <time>2026-08-22T15:10:39.000Z</time>
        <extensions>
          <ns3:TrackPointExtension>
            <ns3:atemp>30.0</ns3:atemp>
            <ns3:hr>94</ns3:hr>
          </ns3:TrackPointExtension>
        </extensions>
      </trkpt>
      <trkpt lat="48.68812917731702327728271484375" lon="-1.8191175721585750579833984375">
        <ele>1</ele>
        <time>2026-08-22T15:10:40.000Z</time>
        <extensions>
          <ns3:TrackPointExtension>
            <ns3:atemp>30.0</ns3:atemp>
            <ns3:hr>94</ns3:hr>
          </ns3:TrackPointExtension>
        </extensions>
      </trkpt>
      <trkpt lat="48.68818164803087711334228515625" lon="-1.8193344958126544952392578125">
        <ele>1</ele>
        <time>2026-08-22T15:10:44.000Z</time>
        <extensions>
          <ns3:TrackPointExtension>
            <ns3:atemp>30.0</ns3:atemp>
            <ns3:hr>91</ns3:hr>
          </ns3:TrackPointExtension>
        </extensions>
      </trkpt>
      <trkpt lat="48.688254654407501220703125" lon="-1.81963833980262279510498046875">
        <ele>1</ele>
        <time>2026-08-22T15:10:49.000Z</time>
        <extensions>
          <ns3:TrackPointExtension>
            <ns3:atemp>30.0</ns3:atemp>
            <ns3:hr>88</ns3:hr>
          </ns3:TrackPointExtension>
        </extensions>
      </trkpt>
      <trkpt lat="48.6882803030312061309814453125" lon="-1.81975878775119781494140625">
        <ele>1</ele>
        <time>2026-08-22T15:10:51.000Z</time>
        <extensions>
          <ns3:TrackPointExtension>
            <ns3:atemp>30.0</ns3:atemp>
            <ns3:hr>88</ns3:hr>
          </ns3:TrackPointExtension>
        </extensions>
      </trkpt>
      <trkpt lat="48.6883366294205188751220703125" lon="-1.820107810199260711669921875">
        <ele>1</ele>
        <time>2026-08-22T15:10:57.000Z</time>
        <extensions>
          <ns3:TrackPointExtension>
            <ns3:atemp>30.0</ns3:atemp>
            <ns3:hr>91</ns3:hr>
          </ns3:TrackPointExtension>
        </extensions>
      </trkpt>
      <trkpt lat="48.68836068548262119293212890625" lon="-1.820198334753513336181640625">
        <ele>0.800000011920928955078125</ele>
        <time>2026-08-22T15:10:59.000Z</time>
        <extensions>
          <ns3:TrackPointExtension>
            <ns3:atemp>30.0</ns3:atemp>
            <ns3:hr>91</ns3:hr>
          </ns3:TrackPointExtension>
        </extensions>
      </trkpt>
      <trkpt lat="48.68843880482017993927001953125" lon="-1.82039388455450534820556640625">
        <ele>1</ele>
        <time>2026-08-22T15:11:04.000Z</time>
        <extensions>
          <ns3:TrackPointExtension>
            <ns3:atemp>30.0</ns3:atemp>
            <ns3:hr>92</ns3:hr>
          </ns3:TrackPointExtension>
        </extensions>
      </trkpt>
      <trkpt lat="48.6885944567620754241943359375" lon="-1.820670403540134429931640625">
        <ele>1</ele>
        <time>2026-08-22T15:11:11.000Z</time>
        <extensions>
          <ns3:TrackPointExtension>
            <ns3:atemp>30.0</ns3:atemp>
            <ns3:hr>96</ns3:hr>
          </ns3:TrackPointExtension>
        </extensions>
      </trkpt>
      <trkpt lat="48.6886169202625751495361328125" lon="-1.82070158421993255615234375">
        <ele>1</ele>
        <time>2026-08-22T15:11:12.000Z</time>
        <extensions>
          <ns3:TrackPointExtension>
            <ns3:atemp>30.0</ns3:atemp>
            <ns3:hr>97</ns3:hr>
          </ns3:TrackPointExtension>
        </extensions>
      </trkpt>
      <trkpt lat="48.68874742649495601654052734375" lon="-1.82090518064796924591064453125">
        <ele>1</ele>
        <time>2026-08-22T15:11:18.000Z</time>
        <extensions>
          <ns3:TrackPointExtension>
            <ns3:atemp>30.0</ns3:atemp>
            <ns3:hr>98</ns3:hr>
          </ns3:TrackPointExtension>
        </extensions>
      </trkpt>
      <trkpt lat="48.6888192594051361083984375" lon="-1.8210174143314361572265625">
        <ele>1.2000000476837158203125</ele>
        <time>2026-08-22T15:11:21.000Z</time>
        <extensions>
          <ns3:TrackPointExtension>
            <ns3:atemp>30.0</ns3:atemp>
            <ns3:hr>95</ns3:hr>
          </ns3:TrackPointExtension>
        </extensions>
      </trkpt>
      <trkpt lat="48.68887583725154399871826171875" lon="-1.82112093083560466766357421875">
        <ele>1.2000000476837158203125</ele>
        <time>2026-08-22T15:11:24.000Z</time>
        <extensions>
          <ns3:TrackPointExtension>
            <ns3:atemp>30.0</ns3:atemp>
            <ns3:hr>94</ns3:hr>
          </ns3:TrackPointExtension>
        </extensions>
      </trkpt>
      <trkpt lat="48.68900910951197147369384765625" lon="-1.8213937617838382720947265625">
        <ele>1.39999997615814208984375</ele>
        <time>2026-08-22T15:11:31.000Z</time>
        <extensions>
          <ns3:TrackPointExtension>
            <ns3:atemp>30.0</ns3:atemp>
            <ns3:hr>93</ns3:hr>
          </ns3:TrackPointExtension>
        </extensions>
      </trkpt>
      <trkpt lat="48.68909913115203380584716796875" lon="-1.82155544869601726531982421875">
        <ele>0.800000011920928955078125</ele>
        <time>2026-08-22T15:11:36.000Z</time>
        <extensions>
          <ns3:TrackPointExtension>
            <ns3:atemp>30.0</ns3:atemp>
            <ns3:hr>93</ns3:hr>
          </ns3:TrackPointExtension>
        </extensions>
      </trkpt>
      <trkpt lat="48.68917666375637054443359375" lon="-1.82170481421053409576416015625">
        <ele>0.4000000059604644775390625</ele>
        <time>2026-08-22T15:11:40.000Z</time>
        <extensions>
          <ns3:TrackPointExtension>
            <ns3:atemp>30.0</ns3:atemp>
            <ns3:hr>96</ns3:hr>
          </ns3:TrackPointExtension>
        </extensions>
      </trkpt>
      <trkpt lat="48.68927917443215847015380859375" lon="-1.82188971899449825286865234375">
        <ele>1.2000000476837158203125</ele>
        <time>2026-08-22T15:11:44.000Z</time>
        <extensions>
          <ns3:TrackPointExtension>
            <ns3:atemp>30.0</ns3:atemp>
            <ns3:hr>95</ns3:hr>
          </ns3:TrackPointExtension>
        </extensions>
      </trkpt>
      <trkpt lat="48.68930046446621417999267578125" lon="-1.82192928157746791839599609375">
        <ele>1.60000002384185791015625</ele>
        <time>2026-08-22T15:11:45.000Z</time>
        <extensions>
          <ns3:TrackPointExtension>
            <ns3:atemp>29.0</ns3:atemp>
            <ns3:hr>95</ns3:hr>
          </ns3:TrackPointExtension>
        </extensions>
      </trkpt>
      <trkpt lat="48.68932141922414302825927734375" lon="-1.82196767069399356842041015625">
        <ele>1.60000002384185791015625</ele>
        <time>2026-08-22T15:11:46.000Z</time>
        <extensions>
          <ns3:TrackPointExtension>
            <ns3:atemp>30.0</ns3:atemp>
            <ns3:hr>94</ns3:hr>
          </ns3:TrackPointExtension>
        </extensions>
      </trkpt>
      <trkpt lat="48.68940305896103382110595703125" lon="-1.82210169732570648193359375">
        <ele>1.39999997615814208984375</ele>
        <time>2026-08-22T15:11:49.000Z</time>
        <extensions>
          <ns3:TrackPointExtension>
            <ns3:atemp>29.0</ns3:atemp>
            <ns3:hr>93</ns3:hr>
          </ns3:TrackPointExtension>
        </extensions>
      </trkpt>
      <trkpt lat="48.68948503397405147552490234375" lon="-1.82224025018513202667236328125">
        <ele>1.2000000476837158203125</ele>
        <time>2026-08-22T15:11:52.000Z</time>
        <extensions>
          <ns3:TrackPointExtension>
            <ns3:atemp>29.0</ns3:atemp>
            <ns3:hr>94</ns3:hr>
          </ns3:TrackPointExtension>
        </extensions>
      </trkpt>
      <trkpt lat="48.6896373331546783447265625" lon="-1.8225360475480556488037109375">
        <ele>1.2000000476837158203125</ele>
        <time>2026-08-22T15:11:58.000Z</time>
        <extensions>
          <ns3:TrackPointExtension>
            <ns3:atemp>29.0</ns3:atemp>
            <ns3:hr>96</ns3:hr>
          </ns3:TrackPointExtension>
        </extensions>
      </trkpt>
      <trkpt lat="48.68966884911060333251953125" lon="-1.82258591987192630767822265625">
        <ele>1.2000000476837158203125</ele>
        <time>2026-08-22T15:11:59.000Z</time>
        <extensions>
          <ns3:TrackPointExtension>
            <ns3:atemp>29.0</ns3:atemp>
            <ns3:hr>95</ns3:hr>
          </ns3:TrackPointExtension>
        </extensions>
      </trkpt>
      <trkpt lat="48.689697347581386566162109375" lon="-1.82264660485088825225830078125">
        <ele>1.2000000476837158203125</ele>
        <time>2026-08-22T15:12:00.000Z</time>
        <extensions>
          <ns3:TrackPointExtension>
            <ns3:atemp>29.0</ns3:atemp>
            <ns3:hr>96</ns3:hr>
          </ns3:TrackPointExtension>
        </extensions>
      </trkpt>
      <trkpt lat="48.6897903867065906524658203125" lon="-1.82284106500446796417236328125">
        <ele>1.39999997615814208984375</ele>
        <time>2026-08-22T15:12:04.000Z</time>
        <extensions>
          <ns3:TrackPointExtension>
            <ns3:atemp>29.0</ns3:atemp>
            <ns3:hr>97</ns3:hr>
          </ns3:TrackPointExtension>
        </extensions>
      </trkpt>
      <trkpt lat="48.68982885964214801788330078125" lon="-1.822944916784763336181640625">
        <ele>1.39999997615814208984375</ele>
        <time>2026-08-22T15:12:06.000Z</time>
        <extensions>
          <ns3:TrackPointExtension>
            <ns3:atemp>29.0</ns3:atemp>
            <ns3:hr>96</ns3:hr>
          </ns3:TrackPointExtension>
        </extensions>
      </trkpt>
      <trkpt lat="48.68987412191927433013916015625" lon="-1.8230397999286651611328125">
        <ele>1.2000000476837158203125</ele>
        <time>2026-08-22T15:12:08.000Z</time>
        <extensions>
          <ns3:TrackPointExtension>
            <ns3:atemp>29.0</ns3:atemp>
            <ns3:hr>96</ns3:hr>
          </ns3:TrackPointExtension>
        </extensions>
      </trkpt>
      <trkpt lat="48.68989591486752033233642578125" lon="-1.82308900170028209686279296875">
        <ele>1.2000000476837158203125</ele>
        <time>2026-08-22T15:12:09.000Z</time>
        <extensions>
          <ns3:TrackPointExtension>
            <ns3:atemp>29.0</ns3:atemp>
            <ns3:hr>96</ns3:hr>
          </ns3:TrackPointExtension>
        </extensions>
      </trkpt>
      <trkpt lat="48.6900343000888824462890625" lon="-1.8233697116374969482421875">
        <ele>1.2000000476837158203125</ele>
        <time>2026-08-22T15:12:15.000Z</time>
        <extensions>
          <ns3:TrackPointExtension>
            <ns3:atemp>29.0</ns3:atemp>
            <ns3:hr>97</ns3:hr>
          </ns3:TrackPointExtension>
        </extensions>
      </trkpt>
      <trkpt lat="48.69007050991058349609375" lon="-1.82346853427588939666748046875">
        <ele>1</ele>
        <time>2026-08-22T15:12:17.000Z</time>
        <extensions>
          <ns3:TrackPointExtension>
            <ns3:atemp>29.0</ns3:atemp>
            <ns3:hr>90</ns3:hr>
          </ns3:TrackPointExtension>
        </extensions>
      </trkpt>
      <trkpt lat="48.69010076858103275299072265625" lon="-1.823539026081562042236328125">
        <ele>1</ele>
        <time>2026-08-22T15:12:18.000Z</time>
        <extensions>
          <ns3:TrackPointExtension>
            <ns3:atemp>29.0</ns3:atemp>
            <ns3:hr>88</ns3:hr>
          </ns3:TrackPointExtension>
        </extensions>
      </trkpt>
      <trkpt lat="48.6901363916695117950439453125" lon="-1.823646314442157745361328125">
        <ele>1.2000000476837158203125</ele>
        <time>2026-08-22T15:12:20.000Z</time>
        <extensions>
          <ns3:TrackPointExtension>
            <ns3:atemp>29.0</ns3:atemp>
            <ns3:hr>93</ns3:hr>
          </ns3:TrackPointExtension>
        </extensions>
      </trkpt>
      <trkpt lat="48.690157346427440643310546875" lon="-1.82371043600142002105712890625">
        <ele>1.2000000476837158203125</ele>
        <time>2026-08-22T15:12:21.000Z</time>
        <extensions>
          <ns3:TrackPointExtension>
            <ns3:atemp>29.0</ns3:atemp>
            <ns3:hr>94</ns3:hr>
          </ns3:TrackPointExtension>
        </extensions>
      </trkpt>
      <trkpt lat="48.6902004294097423553466796875" lon="-1.8238248489797115325927734375">
        <ele>1.39999997615814208984375</ele>
        <time>2026-08-22T15:12:23.000Z</time>
        <extensions>
          <ns3:TrackPointExtension>
            <ns3:atemp>29.0</ns3:atemp>
            <ns3:hr>97</ns3:hr>
          </ns3:TrackPointExtension>
        </extensions>
      </trkpt>
      <trkpt lat="48.6902453564107418060302734375" lon="-1.82392031885683536529541015625">
        <ele>1.39999997615814208984375</ele>
        <time>2026-08-22T15:12:25.000Z</time>
        <extensions>
          <ns3:TrackPointExtension>
            <ns3:atemp>29.0</ns3:atemp>
            <ns3:hr>100</ns3:hr>
          </ns3:TrackPointExtension>
        </extensions>
      </trkpt>
      <trkpt lat="48.69026320986449718475341796875" lon="-1.82397094555199146270751953125">
        <ele>1.39999997615814208984375</ele>
        <time>2026-08-22T15:12:26.000Z</time>
        <extensions>
          <ns3:TrackPointExtension>
            <ns3:atemp>29.0</ns3:atemp>
            <ns3:hr>100</ns3:hr>
          </ns3:TrackPointExtension>
        </extensions>
      </trkpt>
      <trkpt lat="48.69037837721407413482666015625" lon="-1.8242194689810276031494140625">
        <ele>1.7999999523162841796875</ele>
        <time>2026-08-22T15:12:31.000Z</time>
        <extensions>
          <ns3:TrackPointExtension>
            <ns3:atemp>29.0</ns3:atemp>
            <ns3:hr>102</ns3:hr>
          </ns3:TrackPointExtension>
        </extensions>
      </trkpt>
      <trkpt lat="48.69044442661106586456298828125" lon="-1.8243757076561450958251953125">
        <ele>1.7999999523162841796875</ele>
        <time>2026-08-22T15:12:34.000Z</time>
        <extensions>
          <ns3:TrackPointExtension>
            <ns3:atemp>29.0</ns3:atemp>
            <ns3:hr>105</ns3:hr>
          </ns3:TrackPointExtension>
        </extensions>
      </trkpt>
      <trkpt lat="48.690480552613735198974609375" lon="-1.8244702555239200592041015625">
        <ele>1.39999997615814208984375</ele>
        <time>2026-08-22T15:12:36.000Z</time>
        <extensions>
          <ns3:TrackPointExtension>
            <ns3:atemp>29.0</ns3:atemp>
            <ns3:hr>106</ns3:hr>
          </ns3:TrackPointExtension>
        </extensions>
      </trkpt>
      <trkpt lat="48.69058172218501567840576171875" lon="-1.82473688386380672454833984375">
        <ele>1.39999997615814208984375</ele>
        <time>2026-08-22T15:12:41.000Z</time>
        <extensions>
          <ns3:TrackPointExtension>
            <ns3:atemp>29.0</ns3:atemp>
            <ns3:hr>107</ns3:hr>
          </ns3:TrackPointExtension>
        </extensions>
      </trkpt>
      <trkpt lat="48.69059949181973934173583984375" lon="-1.8247834034264087677001953125">
        <ele>1.39999997615814208984375</ele>
        <time>2026-08-22T15:12:42.000Z</time>
        <extensions>
          <ns3:TrackPointExtension>
            <ns3:atemp>29.0</ns3:atemp>
            <ns3:hr>107</ns3:hr>
          </ns3:TrackPointExtension>
        </extensions>
      </trkpt>
      <trkpt lat="48.69072161614894866943359375" lon="-1.82504986412823200225830078125">
        <ele>1.39999997615814208984375</ele>
        <time>2026-08-22T15:12:48.000Z</time>
        <extensions>
          <ns3:TrackPointExtension>
            <ns3:atemp>29.0</ns3:atemp>
            <ns3:hr>108</ns3:hr>
          </ns3:TrackPointExtension>
        </extensions>
      </trkpt>
      <trkpt lat="48.6908404715359210968017578125" lon="-1.82528070174157619476318359375">
        <ele>1.39999997615814208984375</ele>
        <time>2026-08-22T15:12:53.000Z</time>
        <extensions>
          <ns3:TrackPointExtension>
            <ns3:atemp>29.0</ns3:atemp>
            <ns3:hr>105</ns3:hr>
          </ns3:TrackPointExtension>
        </extensions>
      </trkpt>
      <trkpt lat="48.6909491010010242462158203125" lon="-1.82550483383238315582275390625">
        <ele>1.60000002384185791015625</ele>
        <time>2026-08-22T15:12:58.000Z</time>
        <extensions>
          <ns3:TrackPointExtension>
            <ns3:atemp>29.0</ns3:atemp>
            <ns3:hr>106</ns3:hr>
          </ns3:TrackPointExtension>
        </extensions>
      </trkpt>
      <trkpt lat="48.6910181678831577301025390625" lon="-1.8256403692066669464111328125">
        <ele>1.60000002384185791015625</ele>
        <time>2026-08-22T15:13:01.000Z</time>
        <extensions>
          <ns3:TrackPointExtension>
            <ns3:atemp>29.0</ns3:atemp>
            <ns3:hr>109</ns3:hr>
          </ns3:TrackPointExtension>
        </extensions>
      </trkpt>
      <trkpt lat="48.6910704709589481353759765625" lon="-1.8257154710590839385986328125">
        <ele>1.60000002384185791015625</ele>
        <time>2026-08-22T15:13:03.000Z</time>
        <extensions>
          <ns3:TrackPointExtension>
            <ns3:atemp>29.0</ns3:atemp>
            <ns3:hr>107</ns3:hr>
          </ns3:TrackPointExtension>
        </extensions>
      </trkpt>
      <trkpt lat="48.69122092612087726593017578125" lon="-1.8259005434811115264892578125">
        <ele>1.60000002384185791015625</ele>
        <time>2026-08-22T15:13:09.000Z</time>
        <extensions>
          <ns3:TrackPointExtension>
            <ns3:atemp>29.0</ns3:atemp>
            <ns3:hr>104</ns3:hr>
          </ns3:TrackPointExtension>
        </extensions>
      </trkpt>
      <trkpt lat="48.69126820005476474761962890625" lon="-1.82597606442868709564208984375">
        <ele>1.60000002384185791015625</ele>
        <time>2026-08-22T15:13:11.000Z</time>
        <extensions>
          <ns3:TrackPointExtension>
            <ns3:atemp>29.0</ns3:atemp>
            <ns3:hr>100</ns3:hr>
          </ns3:TrackPointExtension>
        </extensions>
      </trkpt>
      <trkpt lat="48.6913440562784671783447265625" lon="-1.8261385895311832427978515625">
        <ele>1.7999999523162841796875</ele>
        <time>2026-08-22T15:13:15.000Z</time>
        <extensions>
          <ns3:TrackPointExtension>
            <ns3:atemp>28.0</ns3:atemp>
            <ns3:hr>100</ns3:hr>
          </ns3:TrackPointExtension>
        </extensions>
      </trkpt>
      <trkpt lat="48.69140666909515857696533203125" lon="-1.8262656591832637786865234375">
        <ele>2</ele>
        <time>2026-08-22T15:13:18.000Z</time>
        <extensions>
          <ns3:TrackPointExtension>
            <ns3:atemp>28.0</ns3:atemp>
            <ns3:hr>99</ns3:hr>
          </ns3:TrackPointExtension>
        </extensions>
      </trkpt>
      <trkpt lat="48.6914612352848052978515625" lon="-1.826343946158885955810546875">
        <ele>2.400000095367431640625</ele>
        <time>2026-08-22T15:13:20.000Z</time>
        <extensions>
          <ns3:TrackPointExtension>
            <ns3:atemp>28.0</ns3:atemp>
            <ns3:hr>100</ns3:hr>
          </ns3:TrackPointExtension>
        </extensions>
      </trkpt>
      <trkpt lat="48.69149954058229923248291015625" lon="-1.82638778351247310638427734375">
        <ele>2.400000095367431640625</ele>
        <time>2026-08-22T15:13:21.000Z</time>
        <extensions>
          <ns3:TrackPointExtension>
            <ns3:atemp>28.0</ns3:atemp>
            <ns3:hr>99</ns3:hr>
          </ns3:TrackPointExtension>
        </extensions>
      </trkpt>
      <trkpt lat="48.69157464243471622467041015625" lon="-1.826488785445690155029296875">
        <ele>2.400000095367431640625</ele>
        <time>2026-08-22T15:13:23.000Z</time>
        <extensions>
          <ns3:TrackPointExtension>
            <ns3:atemp>28.0</ns3:atemp>
            <ns3:hr>96</ns3:hr>
          </ns3:TrackPointExtension>
        </extensions>
      </trkpt>
      <trkpt lat="48.691674135625362396240234375" lon="-1.8266371451318264007568359375">
        <ele>2.2000000476837158203125</ele>
        <time>2026-08-22T15:13:26.000Z</time>
        <extensions>
          <ns3:TrackPointExtension>
            <ns3:atemp>28.0</ns3:atemp>
            <ns3:hr>93</ns3:hr>
          </ns3:TrackPointExtension>
        </extensions>
      </trkpt>
      <trkpt lat="48.6917078308761119842529296875" lon="-1.82669355534017086029052734375">
        <ele>2</ele>
        <time>2026-08-22T15:13:27.000Z</time>
        <extensions>
          <ns3:TrackPointExtension>
            <ns3:atemp>28.0</ns3:atemp>
            <ns3:hr>94</ns3:hr>
          </ns3:TrackPointExtension>
        </extensions>
      </trkpt>
      <trkpt lat="48.69174085557460784912109375" lon="-1.826746948063373565673828125">
        <ele>2</ele>
        <time>2026-08-22T15:13:28.000Z</time>
        <extensions>
          <ns3:TrackPointExtension>
            <ns3:atemp>28.0</ns3:atemp>
            <ns3:hr>97</ns3:hr>
          </ns3:TrackPointExtension>
        </extensions>
      </trkpt>
      <trkpt lat="48.6917742155492305755615234375" lon="-1.82679564692080020904541015625">
        <ele>1.7999999523162841796875</ele>
        <time>2026-08-22T15:13:29.000Z</time>
        <extensions>
          <ns3:TrackPointExtension>
            <ns3:atemp>28.0</ns3:atemp>
            <ns3:hr>101</ns3:hr>
          </ns3:TrackPointExtension>
        </extensions>
      </trkpt>
      <trkpt lat="48.69181352667510509490966796875" lon="-1.826838813722133636474609375">
        <ele>1.60000002384185791015625</ele>
        <time>2026-08-22T15:13:30.000Z</time>
        <extensions>
          <ns3:TrackPointExtension>
            <ns3:atemp>28.0</ns3:atemp>
            <ns3:hr>107</ns3:hr>
          </ns3:TrackPointExtension>
        </extensions>
      </trkpt>
      <trkpt lat="48.69184856303036212921142578125" lon="-1.82689011096954345703125">
        <ele>1.39999997615814208984375</ele>
        <time>2026-08-22T15:13:31.000Z</time>
        <extensions>
          <ns3:TrackPointExtension>
            <ns3:atemp>28.0</ns3:atemp>
            <ns3:hr>115</ns3:hr>
          </ns3:TrackPointExtension>
        </extensions>
      </trkpt>
      <trkpt lat="48.69187890551984310150146484375" lon="-1.8269455991685390472412109375">
        <ele>1</ele>
        <time>2026-08-22T15:13:32.000Z</time>
        <extensions>
          <ns3:TrackPointExtension>
            <ns3:atemp>28.0</ns3:atemp>
            <ns3:hr>118</ns3:hr>
          </ns3:TrackPointExtension>
        </extensions>
      </trkpt>
      <trkpt lat="48.69191109202802181243896484375" lon="-1.8270059488713741302490234375">
        <ele>0.800000011920928955078125</ele>
        <time>2026-08-22T15:13:33.000Z</time>
        <extensions>
          <ns3:TrackPointExtension>
            <ns3:atemp>28.0</ns3:atemp>
            <ns3:hr>118</ns3:hr>
          </ns3:TrackPointExtension>
        </extensions>
      </trkpt>
      <trkpt lat="48.69211359880864620208740234375" lon="-1.82737450115382671356201171875">
        <ele>0.4000000059604644775390625</ele>
        <time>2026-08-22T15:13:39.000Z</time>
        <extensions>
          <ns3:TrackPointExtension>
            <ns3:atemp>28.0</ns3:atemp>
            <ns3:hr>116</ns3:hr>
          </ns3:TrackPointExtension>
        </extensions>
      </trkpt>
      <trkpt lat="48.69221015833318233489990234375" lon="-1.827560327947139739990234375">
        <ele>0.4000000059604644775390625</ele>
        <time>2026-08-22T15:13:42.000Z</time>
        <extensions>
          <ns3:TrackPointExtension>
            <ns3:atemp>28.0</ns3:atemp>
            <ns3:hr>113</ns3:hr>
          </ns3:TrackPointExtension>
        </extensions>
      </trkpt>
      <trkpt lat="48.6923005990684032440185546875" lon="-1.82776375673711299896240234375">
        <ele>0.4000000059604644775390625</ele>
        <time>2026-08-22T15:13:45.000Z</time>
        <extensions>
          <ns3:TrackPointExtension>
            <ns3:atemp>28.0</ns3:atemp>
            <ns3:hr>108</ns3:hr>
          </ns3:TrackPointExtension>
        </extensions>
      </trkpt>
      <trkpt lat="48.69233203120529651641845703125" lon="-1.827836930751800537109375">
        <ele>0.20000000298023223876953125</ele>
        <time>2026-08-22T15:13:46.000Z</time>
        <extensions>
          <ns3:TrackPointExtension>
            <ns3:atemp>28.0</ns3:atemp>
            <ns3:hr>103</ns3:hr>
          </ns3:TrackPointExtension>
        </extensions>
      </trkpt>
      <trkpt lat="48.69236187078058719635009765625" lon="-1.8278991244733333587646484375">
        <ele>0.4000000059604644775390625</ele>
        <time>2026-08-22T15:13:47.000Z</time>
        <extensions>
          <ns3:TrackPointExtension>
            <ns3:atemp>28.0</ns3:atemp>
            <ns3:hr>97</ns3:hr>
          </ns3:TrackPointExtension>
        </extensions>
      </trkpt>
      <trkpt lat="48.6924883536994457244873046875" lon="-1.828175224363803863525390625">
        <ele>1</ele>
        <time>2026-08-22T15:13:51.000Z</time>
        <extensions>
          <ns3:TrackPointExtension>
            <ns3:atemp>28.0</ns3:atemp>
            <ns3:hr>96</ns3:hr>
          </ns3:TrackPointExtension>
        </extensions>
      </trkpt>
      <trkpt lat="48.69251878000795841217041015625" lon="-1.828250996768474578857421875">
        <ele>1.60000002384185791015625</ele>
        <time>2026-08-22T15:13:52.000Z</time>
        <extensions>
          <ns3:TrackPointExtension>
            <ns3:atemp>28.0</ns3:atemp>
            <ns3:hr>95</ns3:hr>
          </ns3:TrackPointExtension>
        </extensions>
      </trkpt>
      <trkpt lat="48.69255029596388339996337890625" lon="-1.82831947691738605499267578125">
        <ele>2.2000000476837158203125</ele>
        <time>2026-08-22T15:13:53.000Z</time>
        <extensions>
          <ns3:TrackPointExtension>
            <ns3:atemp>28.0</ns3:atemp>
            <ns3:hr>96</ns3:hr>
          </ns3:TrackPointExtension>
        </extensions>
      </trkpt>
      <trkpt lat="48.69258038699626922607421875" lon="-1.8283773958683013916015625">
        <ele>3</ele>
        <time>2026-08-22T15:13:54.000Z</time>
        <extensions>
          <ns3:TrackPointExtension>
            <ns3:atemp>28.0</ns3:atemp>
            <ns3:hr>95</ns3:hr>
          </ns3:TrackPointExtension>
        </extensions>
      </trkpt>
      <trkpt lat="48.692607879638671875" lon="-1.8284402601420879364013671875">
        <ele>3</ele>
        <time>2026-08-22T15:13:55.000Z</time>
        <extensions>
          <ns3:TrackPointExtension>
            <ns3:atemp>28.0</ns3:atemp>
            <ns3:hr>95</ns3:hr>
          </ns3:TrackPointExtension>
        </extensions>
      </trkpt>
      <trkpt lat="48.6926687322556972503662109375" lon="-1.8285597860813140869140625">
        <ele>2.400000095367431640625</ele>
        <time>2026-08-22T15:13:57.000Z</time>
        <extensions>
          <ns3:TrackPointExtension>
            <ns3:atemp>28.0</ns3:atemp>
            <ns3:hr>95</ns3:hr>
          </ns3:TrackPointExtension>
        </extensions>
      </trkpt>
      <trkpt lat="48.69272329844534397125244140625" lon="-1.8286860175430774688720703125">
        <ele>1.7999999523162841796875</ele>
        <time>2026-08-22T15:13:59.000Z</time>
        <extensions>
          <ns3:TrackPointExtension>
            <ns3:atemp>28.0</ns3:atemp>
            <ns3:hr>99</ns3:hr>
          </ns3:TrackPointExtension>
        </extensions>
      </trkpt>
      <trkpt lat="48.69275246746838092803955078125" lon="-1.828741170465946197509765625">
        <ele>1.2000000476837158203125</ele>
        <time>2026-08-22T15:14:00.000Z</time>
        <extensions>
          <ns3:TrackPointExtension>
            <ns3:atemp>28.0</ns3:atemp>
            <ns3:hr>104</ns3:hr>
          </ns3:TrackPointExtension>
        </extensions>
      </trkpt>
      <trkpt lat="48.69278465397655963897705078125" lon="-1.828794144093990325927734375">
        <ele>1.2000000476837158203125</ele>
        <time>2026-08-22T15:14:01.000Z</time>
        <extensions>
          <ns3:TrackPointExtension>
            <ns3:atemp>28.0</ns3:atemp>
            <ns3:hr>108</ns3:hr>
          </ns3:TrackPointExtension>
        </extensions>
      </trkpt>
      <trkpt lat="48.6929284036159515380859375" lon="-1.82916420511901378631591796875">
        <ele>0.60000002384185791015625</ele>
        <time>2026-08-22T15:14:07.000Z</time>
        <extensions>
          <ns3:TrackPointExtension>
            <ns3:atemp>28.0</ns3:atemp>
            <ns3:hr>109</ns3:hr>
          </ns3:TrackPointExtension>
        </extensions>
      </trkpt>
      <trkpt lat="48.6930150724947452545166015625" lon="-1.82935548014938831329345703125">
        <ele>1</ele>
        <time>2026-08-22T15:14:10.000Z</time>
        <extensions>
          <ns3:TrackPointExtension>
            <ns3:atemp>28.0</ns3:atemp>
            <ns3:hr>105</ns3:hr>
          </ns3:TrackPointExtension>
        </extensions>
      </trkpt>
      <trkpt lat="48.69306578300893306732177734375" lon="-1.82946972548961639404296875">
        <ele>1.2000000476837158203125</ele>
        <time>2026-08-22T15:14:12.000Z</time>
        <extensions>
          <ns3:TrackPointExtension>
            <ns3:atemp>28.0</ns3:atemp>
            <ns3:hr>103</ns3:hr>
          </ns3:TrackPointExtension>
        </extensions>
      </trkpt>
      <trkpt lat="48.6931810341775417327880859375" lon="-1.82980055920779705047607421875">
        <ele>0.4000000059604644775390625</ele>
        <time>2026-08-22T15:14:17.000Z</time>
        <extensions>
          <ns3:TrackPointExtension>
            <ns3:atemp>28.0</ns3:atemp>
            <ns3:hr>103</ns3:hr>
          </ns3:TrackPointExtension>
        </extensions>
      </trkpt>
      <trkpt lat="48.6933406256139278411865234375" lon="-1.83021965436637401580810546875">
        <ele>0.60000002384185791015625</ele>
        <time>2026-08-22T15:14:23.000Z</time>
        <extensions>
          <ns3:TrackPointExtension>
            <ns3:atemp>28.0</ns3:atemp>
            <ns3:hr>102</ns3:hr>
          </ns3:TrackPointExtension>
        </extensions>
      </trkpt>
      <trkpt lat="48.69342704303562641143798828125" lon="-1.83044663630425930023193359375">
        <ele>0.60000002384185791015625</ele>
        <time>2026-08-22T15:14:26.000Z</time>
        <extensions>
          <ns3:TrackPointExtension>
            <ns3:atemp>28.0</ns3:atemp>
            <ns3:hr>99</ns3:hr>
          </ns3:TrackPointExtension>
        </extensions>
      </trkpt>
      <trkpt lat="48.69348169304430484771728515625" lon="-1.83060161769390106201171875">
        <ele>0.800000011920928955078125</ele>
        <time>2026-08-22T15:14:28.000Z</time>
        <extensions>
          <ns3:TrackPointExtension>
            <ns3:atemp>28.0</ns3:atemp>
            <ns3:hr>98</ns3:hr>
          </ns3:TrackPointExtension>
        </extensions>
      </trkpt>
      <trkpt lat="48.6935082636773586273193359375" lon="-1.83067143894731998443603515625">
        <ele>0.800000011920928955078125</ele>
        <time>2026-08-22T15:14:29.000Z</time>
        <extensions>
          <ns3:TrackPointExtension>
            <ns3:atemp>28.0</ns3:atemp>
            <ns3:hr>98</ns3:hr>
          </ns3:TrackPointExtension>
        </extensions>
      </trkpt>
      <trkpt lat="48.69359769858419895172119140625" lon="-1.8308651447296142578125">
        <ele>1</ele>
        <time>2026-08-22T15:14:32.000Z</time>
        <extensions>
          <ns3:TrackPointExtension>
            <ns3:atemp>28.0</ns3:atemp>
            <ns3:hr>97</ns3:hr>
          </ns3:TrackPointExtension>
        </extensions>
      </trkpt>
      <trkpt lat="48.69362636469304561614990234375" lon="-1.83093043975532054901123046875">
        <ele>0.800000011920928955078125</ele>
        <time>2026-08-22T15:14:33.000Z</time>
        <extensions>
          <ns3:TrackPointExtension>
            <ns3:atemp>28.0</ns3:atemp>
            <ns3:hr>97</ns3:hr>
          </ns3:TrackPointExtension>
        </extensions>
      </trkpt>
      <trkpt lat="48.69382233358919620513916015625" lon="-1.83134266175329685211181640625">
        <ele>0.60000002384185791015625</ele>
        <time>2026-08-22T15:14:39.000Z</time>
        <extensions>
          <ns3:TrackPointExtension>
            <ns3:atemp>27.0</ns3:atemp>
            <ns3:hr>95</ns3:hr>
          </ns3:TrackPointExtension>
        </extensions>
      </trkpt>
      <trkpt lat="48.69392392225563526153564453125" lon="-1.8315489403903484344482421875">
        <ele>0.4000000059604644775390625</ele>
        <time>2026-08-22T15:14:42.000Z</time>
        <extensions>
          <ns3:TrackPointExtension>
            <ns3:atemp>28.0</ns3:atemp>
            <ns3:hr>94</ns3:hr>
          </ns3:TrackPointExtension>
        </extensions>
      </trkpt>
      <trkpt lat="48.69397915899753570556640625" lon="-1.83168590068817138671875">
        <ele>0.60000002384185791015625</ele>
        <time>2026-08-22T15:14:44.000Z</time>
        <extensions>
          <ns3:TrackPointExtension>
            <ns3:atemp>27.0</ns3:atemp>
            <ns3:hr>95</ns3:hr>
          </ns3:TrackPointExtension>
        </extensions>
      </trkpt>
      <trkpt lat="48.6941144429147243499755859375" lon="-1.83201522566378116607666015625">
        <ele>0.60000002384185791015625</ele>
        <time>2026-08-22T15:14:49.000Z</time>
        <extensions>
          <ns3:TrackPointExtension>
            <ns3:atemp>27.0</ns3:atemp>
            <ns3:hr>99</ns3:hr>
          </ns3:TrackPointExtension>
        </extensions>
      </trkpt>
      <trkpt lat="48.6941449530422687530517578125" lon="-1.83207423426210880279541015625">
        <ele>0.60000002384185791015625</ele>
        <time>2026-08-22T15:14:50.000Z</time>
        <extensions>
          <ns3:TrackPointExtension>
            <ns3:atemp>27.0</ns3:atemp>
            <ns3:hr>102</ns3:hr>
          </ns3:TrackPointExtension>
        </extensions>
      </trkpt>
      <trkpt lat="48.694243021309375762939453125" lon="-1.832268945872783660888671875">
        <ele>1.7999999523162841796875</ele>
        <time>2026-08-22T15:14:53.000Z</time>
        <extensions>
          <ns3:TrackPointExtension>
            <ns3:atemp>27.0</ns3:atemp>
            <ns3:hr>103</ns3:hr>
          </ns3:TrackPointExtension>
        </extensions>
      </trkpt>
      <trkpt lat="48.69429859332740306854248046875" lon="-1.83240699581801891326904296875">
        <ele>2.2000000476837158203125</ele>
        <time>2026-08-22T15:14:55.000Z</time>
        <extensions>
          <ns3:TrackPointExtension>
            <ns3:atemp>27.0</ns3:atemp>
            <ns3:hr>100</ns3:hr>
          </ns3:TrackPointExtension>
        </extensions>
      </trkpt>
      <trkpt lat="48.69434452615678310394287109375" lon="-1.83252744376659393310546875">
        <ele>1.39999997615814208984375</ele>
        <time>2026-08-22T15:14:57.000Z</time>
        <extensions>
          <ns3:TrackPointExtension>
            <ns3:atemp>27.0</ns3:atemp>
            <ns3:hr>104</ns3:hr>
          </ns3:TrackPointExtension>
        </extensions>
      </trkpt>
      <trkpt lat="48.69436631910502910614013671875" lon="-1.832590810954570770263671875">
        <ele>0.60000002384185791015625</ele>
        <time>2026-08-22T15:14:58.000Z</time>
        <extensions>
          <ns3:TrackPointExtension>
            <ns3:atemp>27.0</ns3:atemp>
            <ns3:hr>103</ns3:hr>
          </ns3:TrackPointExtension>
        </extensions>
      </trkpt>
      <trkpt lat="48.6944379843771457672119140625" lon="-1.83278418146073818206787109375">
        <ele>0.4000000059604644775390625</ele>
        <time>2026-08-22T15:15:01.000Z</time>
        <extensions>
          <ns3:TrackPointExtension>
            <ns3:atemp>27.0</ns3:atemp>
            <ns3:hr>105</ns3:hr>
          </ns3:TrackPointExtension>
        </extensions>
      </trkpt>
      <trkpt lat="48.694534040987491607666015625" lon="-1.8330630473792552947998046875">
        <ele>0.20000000298023223876953125</ele>
        <time>2026-08-22T15:15:05.000Z</time>
        <extensions>
          <ns3:TrackPointExtension>
            <ns3:atemp>27.0</ns3:atemp>
            <ns3:hr>101</ns3:hr>
          </ns3:TrackPointExtension>
        </extensions>
      </trkpt>
      <trkpt lat="48.69458290748298168182373046875" lon="-1.83321534655988216400146484375">
        <ele>0.4000000059604644775390625</ele>
        <time>2026-08-22T15:15:07.000Z</time>
        <extensions>
          <ns3:TrackPointExtension>
            <ns3:atemp>27.0</ns3:atemp>
            <ns3:hr>97</ns3:hr>
          </ns3:TrackPointExtension>
        </extensions>
      </trkpt>
      <trkpt lat="48.694654069840908050537109375" lon="-1.8334610201418399810791015625">
        <ele>0.60000002384185791015625</ele>
        <time>2026-08-22T15:15:10.000Z</time>
        <extensions>
          <ns3:TrackPointExtension>
            <ns3:atemp>27.0</ns3:atemp>
            <ns3:hr>96</ns3:hr>
          </ns3:TrackPointExtension>
        </extensions>
      </trkpt>
      <trkpt lat="48.69469472207129001617431640625" lon="-1.8336192704737186431884765625">
        <ele>0.60000002384185791015625</ele>
        <time>2026-08-22T15:15:12.000Z</time>
        <extensions>
          <ns3:TrackPointExtension>
            <ns3:atemp>27.0</ns3:atemp>
            <ns3:hr>96</ns3:hr>
          </ns3:TrackPointExtension>
        </extensions>
      </trkpt>
      <trkpt lat="48.6947373859584331512451171875" lon="-1.83376452885568141937255859375">
        <ele>0.60000002384185791015625</ele>
        <time>2026-08-22T15:15:14.000Z</time>
        <extensions>
          <ns3:TrackPointExtension>
            <ns3:atemp>27.0</ns3:atemp>
            <ns3:hr>96</ns3:hr>
          </ns3:TrackPointExtension>
        </extensions>
      </trkpt>
      <trkpt lat="48.6947910301387310028076171875" lon="-1.83391280472278594970703125">
        <ele>0.60000002384185791015625</ele>
        <time>2026-08-22T15:15:16.000Z</time>
        <extensions>
          <ns3:TrackPointExtension>
            <ns3:atemp>27.0</ns3:atemp>
            <ns3:hr>95</ns3:hr>
          </ns3:TrackPointExtension>
        </extensions>
      </trkpt>
      <trkpt lat="48.6948473565280437469482421875" lon="-1.83405823074281215667724609375">
        <ele>0.60000002384185791015625</ele>
        <time>2026-08-22T15:15:18.000Z</time>
        <extensions>
          <ns3:TrackPointExtension>
            <ns3:atemp>27.0</ns3:atemp>
            <ns3:hr>95</ns3:hr>
          </ns3:TrackPointExtension>
        </extensions>
      </trkpt>
      <trkpt lat="48.69492254219949245452880859375" lon="-1.83426140807569026947021484375">
        <ele>0.800000011920928955078125</ele>
        <time>2026-08-22T15:15:21.000Z</time>
        <extensions>
          <ns3:TrackPointExtension>
            <ns3:atemp>27.0</ns3:atemp>
            <ns3:hr>93</ns3:hr>
          </ns3:TrackPointExtension>
        </extensions>
      </trkpt>
      <trkpt lat="48.69504340924322605133056640625" lon="-1.83469022624194622039794921875">
        <ele>2</ele>
        <time>2026-08-22T15:15:27.000Z</time>
        <extensions>
          <ns3:TrackPointExtension>
            <ns3:atemp>27.0</ns3:atemp>
            <ns3:hr>95</ns3:hr>
          </ns3:TrackPointExtension>
        </extensions>
      </trkpt>
      <trkpt lat="48.6950569041073322296142578125" lon="-1.8347468040883541107177734375">
        <ele>2.2000000476837158203125</ele>
        <time>2026-08-22T15:15:28.000Z</time>
        <extensions>
          <ns3:TrackPointExtension>
            <ns3:atemp>27.0</ns3:atemp>
            <ns3:hr>98</ns3:hr>
          </ns3:TrackPointExtension>
        </extensions>
      </trkpt>
      <trkpt lat="48.695075176656246185302734375" lon="-1.834815032780170440673828125">
        <ele>2.400000095367431640625</ele>
        <time>2026-08-22T15:15:29.000Z</time>
        <extensions>
          <ns3:TrackPointExtension>
            <ns3:atemp>27.0</ns3:atemp>
            <ns3:hr>103</ns3:hr>
          </ns3:TrackPointExtension>
        </extensions>
      </trkpt>
      <trkpt lat="48.6950934492051601409912109375" lon="-1.8348852731287479400634765625">
        <ele>2.599999904632568359375</ele>
        <time>2026-08-22T15:15:30.000Z</time>
        <extensions>
          <ns3:TrackPointExtension>
            <ns3:atemp>27.0</ns3:atemp>
            <ns3:hr>111</ns3:hr>
          </ns3:TrackPointExtension>
        </extensions>
      </trkpt>
      <trkpt lat="48.69511482305824756622314453125" lon="-1.834953837096691131591796875">
        <ele>2.599999904632568359375</ele>
        <time>2026-08-22T15:15:31.000Z</time>
        <extensions>
          <ns3:TrackPointExtension>
            <ns3:atemp>27.0</ns3:atemp>
            <ns3:hr>114</ns3:hr>
          </ns3:TrackPointExtension>
        </extensions>
      </trkpt>
      <trkpt lat="48.69514189660549163818359375" lon="-1.83502332307398319244384765625">
        <ele>2.7999999523162841796875</ele>
        <time>2026-08-22T15:15:32.000Z</time>
        <extensions>
          <ns3:TrackPointExtension>
            <ns3:atemp>27.0</ns3:atemp>
            <ns3:hr>114</ns3:hr>
          </ns3:TrackPointExtension>
        </extensions>
      </trkpt>
      <trkpt lat="48.69516561739146709442138671875" lon="-1.83509037829935550689697265625">
        <ele>2.7999999523162841796875</ele>
        <time>2026-08-22T15:15:33.000Z</time>
        <extensions>
          <ns3:TrackPointExtension>
            <ns3:atemp>27.0</ns3:atemp>
            <ns3:hr>114</ns3:hr>
          </ns3:TrackPointExtension>
        </extensions>
      </trkpt>
      <trkpt lat="48.69521205313503742218017578125" lon="-1.8352396599948406219482421875">
        <ele>2.7999999523162841796875</ele>
        <time>2026-08-22T15:15:35.000Z</time>
        <extensions>
          <ns3:TrackPointExtension>
            <ns3:atemp>27.0</ns3:atemp>
            <ns3:hr>109</ns3:hr>
          </ns3:TrackPointExtension>
        </extensions>
      </trkpt>
      <trkpt lat="48.69523703120648860931396484375" lon="-1.83530897833406925201416015625">
        <ele>2.400000095367431640625</ele>
        <time>2026-08-22T15:15:36.000Z</time>
        <extensions>
          <ns3:TrackPointExtension>
            <ns3:atemp>27.0</ns3:atemp>
            <ns3:hr>106</ns3:hr>
          </ns3:TrackPointExtension>
        </extensions>
      </trkpt>
      <trkpt lat="48.695290423929691314697265625" lon="-1.83544308878481388092041015625">
        <ele>1.2000000476837158203125</ele>
        <time>2026-08-22T15:15:38.000Z</time>
        <extensions>
          <ns3:TrackPointExtension>
            <ns3:atemp>27.0</ns3:atemp>
            <ns3:hr>103</ns3:hr>
          </ns3:TrackPointExtension>
        </extensions>
      </trkpt>
      <trkpt lat="48.6953167431056499481201171875" lon="-1.8355169333517551422119140625">
        <ele>0.60000002384185791015625</ele>
        <time>2026-08-22T15:15:39.000Z</time>
        <extensions>
          <ns3:TrackPointExtension>
            <ns3:atemp>27.0</ns3:atemp>
            <ns3:hr>103</ns3:hr>
          </ns3:TrackPointExtension>
        </extensions>
      </trkpt>
      <trkpt lat="48.69544071145355701446533203125" lon="-1.83592001907527446746826171875">
        <ele>1.39999997615814208984375</ele>
        <time>2026-08-22T15:15:44.000Z</time>
        <extensions>
          <ns3:TrackPointExtension>
            <ns3:atemp>27.0</ns3:atemp>
            <ns3:hr>100</ns3:hr>
          </ns3:TrackPointExtension>
        </extensions>
      </trkpt>
      <trkpt lat="48.695480860769748687744140625" lon="-1.836080364882946014404296875">
        <ele>1.2000000476837158203125</ele>
        <time>2026-08-22T15:15:46.000Z</time>
        <extensions>
          <ns3:TrackPointExtension>
            <ns3:atemp>27.0</ns3:atemp>
            <ns3:hr>97</ns3:hr>
          </ns3:TrackPointExtension>
        </extensions>
      </trkpt>
      <trkpt lat="48.69552151300013065338134765625" lon="-1.8362552113831043243408203125">
        <ele>1.60000002384185791015625</ele>
        <time>2026-08-22T15:15:48.000Z</time>
        <extensions>
          <ns3:TrackPointExtension>
            <ns3:atemp>27.0</ns3:atemp>
            <ns3:hr>95</ns3:hr>
          </ns3:TrackPointExtension>
        </extensions>
      </trkpt>
      <trkpt lat="48.69555738754570484161376953125" lon="-1.83642930351197719573974609375">
        <ele>2.400000095367431640625</ele>
        <time>2026-08-22T15:15:50.000Z</time>
        <extensions>
          <ns3:TrackPointExtension>
            <ns3:atemp>27.0</ns3:atemp>
            <ns3:hr>93</ns3:hr>
          </ns3:TrackPointExtension>
        </extensions>
      </trkpt>
      <trkpt lat="48.6955765821039676666259765625" lon="-1.836513541638851165771484375">
        <ele>2.7999999523162841796875</ele>
        <time>2026-08-22T15:15:51.000Z</time>
        <extensions>
          <ns3:TrackPointExtension>
            <ns3:atemp>27.0</ns3:atemp>
            <ns3:hr>94</ns3:hr>
          </ns3:TrackPointExtension>
        </extensions>
      </trkpt>
      <trkpt lat="48.695633746683597564697265625" lon="-1.836745552718639373779296875">
        <ele>2.599999904632568359375</ele>
        <time>2026-08-22T15:15:54.000Z</time>
        <extensions>
          <ns3:TrackPointExtension>
            <ns3:atemp>27.0</ns3:atemp>
            <ns3:hr>94</ns3:hr>
          </ns3:TrackPointExtension>
        </extensions>
      </trkpt>
      <trkpt lat="48.69564950466156005859375" lon="-1.8368312157690525054931640625">
        <ele>2.400000095367431640625</ele>
        <time>2026-08-22T15:15:55.000Z</time>
        <extensions>
          <ns3:TrackPointExtension>
            <ns3:atemp>27.0</ns3:atemp>
            <ns3:hr>93</ns3:hr>
          </ns3:TrackPointExtension>
        </extensions>
      </trkpt>
      <trkpt lat="48.69576861150562763214111328125" lon="-1.83727922849357128143310546875">
        <ele>2</ele>
        <time>2026-08-22T15:16:01.000Z</time>
        <extensions>
          <ns3:TrackPointExtension>
            <ns3:atemp>27.0</ns3:atemp>
            <ns3:hr>90</ns3:hr>
          </ns3:TrackPointExtension>
        </extensions>
      </trkpt>
      <trkpt lat="48.6957864649593830108642578125" lon="-1.8373451940715312957763671875">
        <ele>1.60000002384185791015625</ele>
        <time>2026-08-22T15:16:02.000Z</time>
        <extensions>
          <ns3:TrackPointExtension>
            <ns3:atemp>27.0</ns3:atemp>
            <ns3:hr>89</ns3:hr>
          </ns3:TrackPointExtension>
        </extensions>
      </trkpt>
      <trkpt lat="48.69589417241513729095458984375" lon="-1.83769547380506992340087890625">
        <ele>1.2000000476837158203125</ele>
        <time>2026-08-22T15:16:07.000Z</time>
        <extensions>
          <ns3:TrackPointExtension>
            <ns3:atemp>27.0</ns3:atemp>
            <ns3:hr>87</ns3:hr>
          </ns3:TrackPointExtension>
        </extensions>
      </trkpt>
      <trkpt lat="48.69593314826488494873046875" lon="-1.8378482758998870849609375">
        <ele>1.39999997615814208984375</ele>
        <time>2026-08-22T15:16:09.000Z</time>
        <extensions>
          <ns3:TrackPointExtension>
            <ns3:atemp>26.0</ns3:atemp>
            <ns3:hr>91</ns3:hr>
          </ns3:TrackPointExtension>
        </extensions>
      </trkpt>
      <trkpt lat="48.69600833393633365631103515625" lon="-1.83805757202208042144775390625">
        <ele>1</ele>
        <time>2026-08-22T15:16:12.000Z</time>
        <extensions>
          <ns3:TrackPointExtension>
            <ns3:atemp>26.0</ns3:atemp>
            <ns3:hr>92</ns3:hr>
          </ns3:TrackPointExtension>
        </extensions>
      </trkpt>
      <trkpt lat="48.69612618349492549896240234375" lon="-1.8383176624774932861328125">
        <ele>2.599999904632568359375</ele>
        <time>2026-08-22T15:16:16.000Z</time>
        <extensions>
          <ns3:TrackPointExtension>
            <ns3:atemp>26.0</ns3:atemp>
            <ns3:hr>93</ns3:hr>
          </ns3:TrackPointExtension>
        </extensions>
      </trkpt>
      <trkpt lat="48.696153424680233001708984375" lon="-1.838388405740261077880859375">
        <ele>2.400000095367431640625</ele>
        <time>2026-08-22T15:16:17.000Z</time>
        <extensions>
          <ns3:TrackPointExtension>
            <ns3:atemp>26.0</ns3:atemp>
            <ns3:hr>92</ns3:hr>
          </ns3:TrackPointExtension>
        </extensions>
      </trkpt>
      <trkpt lat="48.69619742967188358306884765625" lon="-1.838535256683826446533203125">
        <ele>1.39999997615814208984375</ele>
        <time>2026-08-22T15:16:19.000Z</time>
        <extensions>
          <ns3:TrackPointExtension>
            <ns3:atemp>26.0</ns3:atemp>
            <ns3:hr>95</ns3:hr>
          </ns3:TrackPointExtension>
        </extensions>
      </trkpt>
      <trkpt lat="48.6962706036865711212158203125" lon="-1.8387677706778049468994140625">
        <ele>1</ele>
        <time>2026-08-22T15:16:22.000Z</time>
        <extensions>
          <ns3:TrackPointExtension>
            <ns3:atemp>26.0</ns3:atemp>
            <ns3:hr>94</ns3:hr>
          </ns3:TrackPointExtension>
        </extensions>
      </trkpt>
      <trkpt lat="48.69632869027554988861083984375" lon="-1.838909424841403961181640625">
        <ele>1.60000002384185791015625</ele>
        <time>2026-08-22T15:16:24.000Z</time>
        <extensions>
          <ns3:TrackPointExtension>
            <ns3:atemp>26.0</ns3:atemp>
            <ns3:hr>94</ns3:hr>
          </ns3:TrackPointExtension>
        </extensions>
      </trkpt>
      <trkpt lat="48.6963785625994205474853515625" lon="-1.83904328383505344390869140625">
        <ele>1.60000002384185791015625</ele>
        <time>2026-08-22T15:16:26.000Z</time>
        <extensions>
          <ns3:TrackPointExtension>
            <ns3:atemp>26.0</ns3:atemp>
            <ns3:hr>95</ns3:hr>
          </ns3:TrackPointExtension>
        </extensions>
      </trkpt>
      <trkpt lat="48.69646263308823108673095703125" lon="-1.8392591178417205810546875">
        <ele>0.60000002384185791015625</ele>
        <time>2026-08-22T15:16:29.000Z</time>
        <extensions>
          <ns3:TrackPointExtension>
            <ns3:atemp>26.0</ns3:atemp>
            <ns3:hr>97</ns3:hr>
          </ns3:TrackPointExtension>
        </extensions>
      </trkpt>
      <trkpt lat="48.69656883180141448974609375" lon="-1.83953396044671535491943359375">
        <ele>1</ele>
        <time>2026-08-22T15:16:33.000Z</time>
        <extensions>
          <ns3:TrackPointExtension>
            <ns3:atemp>26.0</ns3:atemp>
            <ns3:hr>98</ns3:hr>
          </ns3:TrackPointExtension>
        </extensions>
      </trkpt>
      <trkpt lat="48.69659070856869220733642578125" lon="-1.83960939757525920867919921875">
        <ele>1</ele>
        <time>2026-08-22T15:16:34.000Z</time>
        <extensions>
          <ns3:TrackPointExtension>
            <ns3:atemp>26.0</ns3:atemp>
            <ns3:hr>98</ns3:hr>
          </ns3:TrackPointExtension>
        </extensions>
      </trkpt>
      <trkpt lat="48.6966092325747013092041015625" lon="-1.839687936007976531982421875">
        <ele>1.2000000476837158203125</ele>
        <time>2026-08-22T15:16:35.000Z</time>
        <extensions>
          <ns3:TrackPointExtension>
            <ns3:atemp>26.0</ns3:atemp>
            <ns3:hr>98</ns3:hr>
          </ns3:TrackPointExtension>
        </extensions>
      </trkpt>
      <trkpt lat="48.6966588534414768218994140625" lon="-1.8398661352694034576416015625">
        <ele>1.7999999523162841796875</ele>
        <time>2026-08-22T15:16:37.000Z</time>
        <extensions>
          <ns3:TrackPointExtension>
            <ns3:atemp>26.0</ns3:atemp>
            <ns3:hr>103</ns3:hr>
          </ns3:TrackPointExtension>
        </extensions>
      </trkpt>
      <trkpt lat="48.69667821563780307769775390625" lon="-1.83993662707507610321044921875">
        <ele>2.2000000476837158203125</ele>
        <time>2026-08-22T15:16:38.000Z</time>
        <extensions>
          <ns3:TrackPointExtension>
            <ns3:atemp>26.0</ns3:atemp>
            <ns3:hr>103</ns3:hr>
          </ns3:TrackPointExtension>
        </extensions>
      </trkpt>
      <trkpt lat="48.6967000924050807952880859375" lon="-1.84001960791647434234619140625">
        <ele>2.599999904632568359375</ele>
        <time>2026-08-22T15:16:39.000Z</time>
        <extensions>
          <ns3:TrackPointExtension>
            <ns3:atemp>26.0</ns3:atemp>
            <ns3:hr>106</ns3:hr>
          </ns3:TrackPointExtension>
        </extensions>
      </trkpt>
      <trkpt lat="48.6967235617339611053466796875" lon="-1.84010141529142856597900390625">
        <ele>2.7999999523162841796875</ele>
        <time>2026-08-22T15:16:40.000Z</time>
        <extensions>
          <ns3:TrackPointExtension>
            <ns3:atemp>26.0</ns3:atemp>
            <ns3:hr>106</ns3:hr>
          </ns3:TrackPointExtension>
        </extensions>
      </trkpt>
      <trkpt lat="48.696750886738300323486328125" lon="-1.8401678837835788726806640625">
        <ele>2.7999999523162841796875</ele>
        <time>2026-08-22T15:16:41.000Z</time>
        <extensions>
          <ns3:TrackPointExtension>
            <ns3:atemp>26.0</ns3:atemp>
            <ns3:hr>104</ns3:hr>
          </ns3:TrackPointExtension>
        </extensions>
      </trkpt>
      <trkpt lat="48.69681819342076778411865234375" lon="-1.840351782739162445068359375">
        <ele>2.599999904632568359375</ele>
        <time>2026-08-22T15:16:44.000Z</time>
        <extensions>
          <ns3:TrackPointExtension>
            <ns3:atemp>26.0</ns3:atemp>
            <ns3:hr>101</ns3:hr>
          </ns3:TrackPointExtension>
        </extensions>
      </trkpt>
      <trkpt lat="48.6968828178942203521728515625" lon="-1.8405433930456638336181640625">
        <ele>2.7999999523162841796875</ele>
        <time>2026-08-22T15:16:47.000Z</time>
        <extensions>
          <ns3:TrackPointExtension>
            <ns3:atemp>26.0</ns3:atemp>
            <ns3:hr>98</ns3:hr>
          </ns3:TrackPointExtension>
        </extensions>
      </trkpt>
      <trkpt lat="48.69690469466149806976318359375" lon="-1.840607263147830963134765625">
        <ele>2.7999999523162841796875</ele>
        <time>2026-08-22T15:16:48.000Z</time>
        <extensions>
          <ns3:TrackPointExtension>
            <ns3:atemp>26.0</ns3:atemp>
            <ns3:hr>97</ns3:hr>
          </ns3:TrackPointExtension>
        </extensions>
      </trkpt>
      <trkpt lat="48.69691927917301654815673828125" lon="-1.84064925648272037506103515625">
        <ele>2.7999999523162841796875</ele>
        <time>2026-08-22T15:16:49.000Z</time>
        <extensions>
          <ns3:TrackPointExtension>
            <ns3:atemp>26.0</ns3:atemp>
            <ns3:hr>97</ns3:hr>
          </ns3:TrackPointExtension>
        </extensions>
      </trkpt>
      <trkpt lat="48.69709513150155544281005859375" lon="-1.8410825170576572418212890625">
        <ele>3</ele>
        <time>2026-08-22T15:16:56.000Z</time>
        <extensions>
          <ns3:TrackPointExtension>
            <ns3:atemp>26.0</ns3:atemp>
            <ns3:hr>96</ns3:hr>
          </ns3:TrackPointExtension>
        </extensions>
      </trkpt>
      <trkpt lat="48.6971285752952098846435546875" lon="-1.8411388434469699859619140625">
        <ele>3</ele>
        <time>2026-08-22T15:16:57.000Z</time>
        <extensions>
          <ns3:TrackPointExtension>
            <ns3:atemp>26.0</ns3:atemp>
            <ns3:hr>97</ns3:hr>
          </ns3:TrackPointExtension>
        </extensions>
      </trkpt>
      <trkpt lat="48.697180040180683135986328125" lon="-1.84119039215147495269775390625">
        <ele>3</ele>
        <time>2026-08-22T15:16:59.000Z</time>
        <extensions>
          <ns3:TrackPointExtension>
            <ns3:atemp>26.0</ns3:atemp>
            <ns3:hr>99</ns3:hr>
          </ns3:TrackPointExtension>
        </extensions>
      </trkpt>
      <trkpt lat="48.697233013808727264404296875" lon="-1.84119709767401218414306640625">
        <ele>2.7999999523162841796875</ele>
        <time>2026-08-22T15:17:03.000Z</time>
        <extensions>
          <ns3:TrackPointExtension>
            <ns3:atemp>26.0</ns3:atemp>
            <ns3:hr>101</ns3:hr>
          </ns3:TrackPointExtension>
        </extensions>
      </trkpt>
      <trkpt lat="48.69723401963710784912109375" lon="-1.84116960503160953521728515625">
        <ele>1.60000002384185791015625</ele>
        <time>2026-08-22T15:17:08.000Z</time>
        <extensions>
          <ns3:TrackPointExtension>
            <ns3:atemp>26.0</ns3:atemp>
            <ns3:hr>102</ns3:hr>
          </ns3:TrackPointExtension>
        </extensions>
      </trkpt>
      <trkpt lat="48.6972365342080593109130859375" lon="-1.84114362113177776336669921875">
        <ele>2</ele>
        <time>2026-08-22T15:17:13.000Z</time>
        <extensions>
          <ns3:TrackPointExtension>
            <ns3:atemp>26.0</ns3:atemp>
            <ns3:hr>99</ns3:hr>
          </ns3:TrackPointExtension>
        </extensions>
      </trkpt>
      <trkpt lat="48.6972439102828502655029296875" lon="-1.841054521501064300537109375">
        <ele>2.2000000476837158203125</ele>
        <time>2026-08-22T15:17:21.000Z</time>
        <extensions>
          <ns3:TrackPointExtension>
            <ns3:atemp>26.0</ns3:atemp>
            <ns3:hr>106</ns3:hr>
          </ns3:TrackPointExtension>
        </extensions>
      </trkpt>
      <trkpt lat="48.6972462572157382965087890625" lon="-1.84104572050273418426513671875">
        <ele>2</ele>
        <time>2026-08-22T15:17:22.000Z</time>
        <extensions>
          <ns3:TrackPointExtension>
            <ns3:atemp>26.0</ns3:atemp>
            <ns3:hr>114</ns3:hr>
          </ns3:TrackPointExtension>
        </extensions>
      </trkpt>
      <trkpt lat="48.69724499993026256561279296875" lon="-1.84104211628437042236328125">
        <ele>2.2000000476837158203125</ele>
        <time>2026-08-22T15:17:23.000Z</time>
        <extensions>
          <ns3:TrackPointExtension>
            <ns3:atemp>26.0</ns3:atemp>
            <ns3:hr>118</ns3:hr>
          </ns3:TrackPointExtension>
        </extensions>
      </trkpt>
      <trkpt lat="48.69724743068218231201171875" lon="-1.84103465639054775238037109375">
        <ele>2.2000000476837158203125</ele>
        <time>2026-08-22T15:17:24.000Z</time>
        <extensions>
          <ns3:TrackPointExtension>
            <ns3:atemp>26.0</ns3:atemp>
            <ns3:hr>123</ns3:hr>
          </ns3:TrackPointExtension>
        </extensions>
      </trkpt>
      <trkpt lat="48.69725354947149753570556640625" lon="-1.84101638384163379669189453125">
        <ele>2.2000000476837158203125</ele>
        <time>2026-08-22T15:17:27.000Z</time>
        <extensions>
          <ns3:TrackPointExtension>
            <ns3:atemp>26.0</ns3:atemp>
            <ns3:hr>124</ns3:hr>
          </ns3:TrackPointExtension>
        </extensions>
      </trkpt>
      <trkpt lat="48.69725606404244899749755859375" lon="-1.8409366719424724578857421875">
        <ele>2</ele>
        <time>2026-08-22T15:17:31.000Z</time>
        <extensions>
          <ns3:TrackPointExtension>
            <ns3:atemp>26.0</ns3:atemp>
            <ns3:hr>121</ns3:hr>
          </ns3:TrackPointExtension>
        </extensions>
      </trkpt>
      <trkpt lat="48.69724868796765804290771484375" lon="-1.84089266695082187652587890625">
        <ele>2.2000000476837158203125</ele>
        <time>2026-08-22T15:17:32.000Z</time>
        <extensions>
          <ns3:TrackPointExtension>
            <ns3:atemp>26.0</ns3:atemp>
            <ns3:hr>120</ns3:hr>
          </ns3:TrackPointExtension>
        </extensions>
      </trkpt>
      <trkpt lat="48.69724449701607227325439453125" lon="-1.8408116139471530914306640625">
        <ele>2.2000000476837158203125</ele>
        <time>2026-08-22T15:17:34.000Z</time>
        <extensions>
          <ns3:TrackPointExtension>
            <ns3:atemp>26.0</ns3:atemp>
            <ns3:hr>116</ns3:hr>
          </ns3:TrackPointExtension>
        </extensions>
      </trkpt>
      <trkpt lat="48.697201497852802276611328125" lon="-1.8406040780246257781982421875">
        <ele>2</ele>
        <time>2026-08-22T15:17:38.000Z</time>
        <extensions>
          <ns3:TrackPointExtension>
            <ns3:atemp>26.0</ns3:atemp>
            <ns3:hr>116</ns3:hr>
          </ns3:TrackPointExtension>
        </extensions>
      </trkpt>
      <trkpt lat="48.6971289105713367462158203125" lon="-1.840302161872386932373046875">
        <ele>1.7999999523162841796875</ele>
        <time>2026-08-22T15:17:43.000Z</time>
        <extensions>
          <ns3:TrackPointExtension>
            <ns3:atemp>26.0</ns3:atemp>
            <ns3:hr>113</ns3:hr>
          </ns3:TrackPointExtension>
        </extensions>
      </trkpt>
      <trkpt lat="48.6971084587275981903076171875" lon="-1.8402453325688838958740234375">
        <ele>2</ele>
        <time>2026-08-22T15:17:44.000Z</time>
        <extensions>
          <ns3:TrackPointExtension>
            <ns3:atemp>26.0</ns3:atemp>
            <ns3:hr>109</ns3:hr>
          </ns3:TrackPointExtension>
        </extensions>
      </trkpt>
      <trkpt lat="48.69708649814128875732421875" lon="-1.8401816301047801971435546875">
        <ele>1.7999999523162841796875</ele>
        <time>2026-08-22T15:17:45.000Z</time>
        <extensions>
          <ns3:TrackPointExtension>
            <ns3:atemp>26.0</ns3:atemp>
            <ns3:hr>108</ns3:hr>
          </ns3:TrackPointExtension>
        </extensions>
      </trkpt>
      <trkpt lat="48.6970196105539798736572265625" lon="-1.83999069035053253173828125">
        <ele>1.7999999523162841796875</ele>
        <time>2026-08-22T15:17:48.000Z</time>
        <extensions>
          <ns3:TrackPointExtension>
            <ns3:atemp>26.0</ns3:atemp>
            <ns3:hr>105</ns3:hr>
          </ns3:TrackPointExtension>
        </extensions>
      </trkpt>
      <trkpt lat="48.69692665524780750274658203125" lon="-1.8397357128560543060302734375">
        <ele>1.7999999523162841796875</ele>
        <time>2026-08-22T15:17:52.000Z</time>
        <extensions>
          <ns3:TrackPointExtension>
            <ns3:atemp>26.0</ns3:atemp>
            <ns3:hr>108</ns3:hr>
          </ns3:TrackPointExtension>
        </extensions>
      </trkpt>
      <trkpt lat="48.69690268300473690032958984375" lon="-1.83967695571482181549072265625">
        <ele>1.60000002384185791015625</ele>
        <time>2026-08-22T15:17:53.000Z</time>
        <extensions>
          <ns3:TrackPointExtension>
            <ns3:atemp>26.0</ns3:atemp>
            <ns3:hr>108</ns3:hr>
          </ns3:TrackPointExtension>
        </extensions>
      </trkpt>
      <trkpt lat="48.69684970937669277191162109375" lon="-1.839559860527515411376953125">
        <ele>1.7999999523162841796875</ele>
        <time>2026-08-22T15:17:55.000Z</time>
        <extensions>
          <ns3:TrackPointExtension>
            <ns3:atemp>25.0</ns3:atemp>
            <ns3:hr>111</ns3:hr>
          </ns3:TrackPointExtension>
        </extensions>
      </trkpt>
      <trkpt lat="48.69671367108821868896484375" lon="-1.8392618000507354736328125">
        <ele>1.60000002384185791015625</ele>
        <time>2026-08-22T15:18:00.000Z</time>
        <extensions>
          <ns3:TrackPointExtension>
            <ns3:atemp>26.0</ns3:atemp>
            <ns3:hr>113</ns3:hr>
          </ns3:TrackPointExtension>
        </extensions>
      </trkpt>
      <trkpt lat="48.69656187482178211212158203125" lon="-1.83893465436995029449462890625">
        <ele>1.7999999523162841796875</ele>
        <time>2026-08-22T15:18:06.000Z</time>
        <extensions>
          <ns3:TrackPointExtension>
            <ns3:atemp>25.0</ns3:atemp>
            <ns3:hr>107</ns3:hr>
          </ns3:TrackPointExtension>
        </extensions>
      </trkpt>
      <trkpt lat="48.6965435184538364410400390625" lon="-1.83887422084808349609375">
        <ele>1.7999999523162841796875</ele>
        <time>2026-08-22T15:18:07.000Z</time>
        <extensions>
          <ns3:TrackPointExtension>
            <ns3:atemp>26.0</ns3:atemp>
            <ns3:hr>103</ns3:hr>
          </ns3:TrackPointExtension>
        </extensions>
      </trkpt>
      <trkpt lat="48.69650043547153472900390625" lon="-1.83875192888081073760986328125">
        <ele>1.7999999523162841796875</ele>
        <time>2026-08-22T15:18:09.000Z</time>
        <extensions>
          <ns3:TrackPointExtension>
            <ns3:atemp>25.0</ns3:atemp>
            <ns3:hr>100</ns3:hr>
          </ns3:TrackPointExtension>
        </extensions>
      </trkpt>
      <trkpt lat="48.6964422650635242462158203125" lon="-1.83862653560936450958251953125">
        <ele>1.7999999523162841796875</ele>
        <time>2026-08-22T15:18:11.000Z</time>
        <extensions>
          <ns3:TrackPointExtension>
            <ns3:atemp>25.0</ns3:atemp>
            <ns3:hr>98</ns3:hr>
          </ns3:TrackPointExtension>
        </extensions>
      </trkpt>
      <trkpt lat="48.6964161135256290435791015625" lon="-1.8385605700314044952392578125">
        <ele>1.7999999523162841796875</ele>
        <time>2026-08-22T15:18:12.000Z</time>
        <extensions>
          <ns3:TrackPointExtension>
            <ns3:atemp>25.0</ns3:atemp>
            <ns3:hr>94</ns3:hr>
          </ns3:TrackPointExtension>
        </extensions>
      </trkpt>
      <trkpt lat="48.6963884532451629638671875" lon="-1.8384995497763156890869140625">
        <ele>1.7999999523162841796875</ele>
        <time>2026-08-22T15:18:13.000Z</time>
        <extensions>
          <ns3:TrackPointExtension>
            <ns3:atemp>25.0</ns3:atemp>
            <ns3:hr>91</ns3:hr>
          </ns3:TrackPointExtension>
        </extensions>
      </trkpt>
      <trkpt lat="48.69634025730192661285400390625" lon="-1.83838010765612125396728515625">
        <ele>1.7999999523162841796875</ele>
        <time>2026-08-22T15:18:15.000Z</time>
        <extensions>
          <ns3:TrackPointExtension>
            <ns3:atemp>25.0</ns3:atemp>
            <ns3:hr>87</ns3:hr>
          </ns3:TrackPointExtension>
        </extensions>
      </trkpt>
      <trkpt lat="48.6962977610528469085693359375" lon="-1.83825588785111904144287109375">
        <ele>1.7999999523162841796875</ele>
        <time>2026-08-22T15:18:17.000Z</time>
        <extensions>
          <ns3:TrackPointExtension>
            <ns3:atemp>25.0</ns3:atemp>
            <ns3:hr>84</ns3:hr>
          </ns3:TrackPointExtension>
        </extensions>
      </trkpt>
      <trkpt lat="48.696269430220127105712890625" lon="-1.83815279044210910797119140625">
        <ele>1.7999999523162841796875</ele>
        <time>2026-08-22T15:18:19.000Z</time>
        <extensions>
          <ns3:TrackPointExtension>
            <ns3:atemp>26.0</ns3:atemp>
            <ns3:hr>83</ns3:hr>
          </ns3:TrackPointExtension>
        </extensions>
      </trkpt>
      <trkpt lat="48.69622240774333477020263671875" lon="-1.8379305861890316009521484375">
        <ele>1.7999999523162841796875</ele>
        <time>2026-08-22T15:18:23.000Z</time>
        <extensions>
          <ns3:TrackPointExtension>
            <ns3:atemp>25.0</ns3:atemp>
            <ns3:hr>80</ns3:hr>
          </ns3:TrackPointExtension>
        </extensions>
      </trkpt>
      <trkpt lat="48.6961928196251392364501953125" lon="-1.837807707488536834716796875">
        <ele>1.7999999523162841796875</ele>
        <time>2026-08-22T15:18:25.000Z</time>
        <extensions>
          <ns3:TrackPointExtension>
            <ns3:atemp>25.0</ns3:atemp>
            <ns3:hr>80</ns3:hr>
          </ns3:TrackPointExtension>
        </extensions>
      </trkpt>
      <trkpt lat="48.6961388401687145233154296875" lon="-1.83761718682944774627685546875">
        <ele>1.7999999523162841796875</ele>
        <time>2026-08-22T15:18:28.000Z</time>
        <extensions>
          <ns3:TrackPointExtension>
            <ns3:atemp>25.0</ns3:atemp>
            <ns3:hr>86</ns3:hr>
          </ns3:TrackPointExtension>
        </extensions>
      </trkpt>
      <trkpt lat="48.6961160413920879364013671875" lon="-1.83755231089890003204345703125">
        <ele>2</ele>
        <time>2026-08-22T15:18:29.000Z</time>
        <extensions>
          <ns3:TrackPointExtension>
            <ns3:atemp>25.0</ns3:atemp>
            <ns3:hr>87</ns3:hr>
          </ns3:TrackPointExtension>
        </extensions>
      </trkpt>
      <trkpt lat="48.696078993380069732666015625" lon="-1.8374142609536647796630859375">
        <ele>2</ele>
        <time>2026-08-22T15:18:31.000Z</time>
        <extensions>
          <ns3:TrackPointExtension>
            <ns3:atemp>25.0</ns3:atemp>
            <ns3:hr>90</ns3:hr>
          </ns3:TrackPointExtension>
        </extensions>
      </trkpt>
      <trkpt lat="48.696035407483577728271484375" lon="-1.83726414106786251068115234375">
        <ele>2.2000000476837158203125</ele>
        <time>2026-08-22T15:18:33.000Z</time>
        <extensions>
          <ns3:TrackPointExtension>
            <ns3:atemp>25.0</ns3:atemp>
            <ns3:hr>93</ns3:hr>
          </ns3:TrackPointExtension>
        </extensions>
      </trkpt>
      <trkpt lat="48.6959980241954326629638671875" lon="-1.83710505254566669464111328125">
        <ele>2</ele>
        <time>2026-08-22T15:18:35.000Z</time>
        <extensions>
          <ns3:TrackPointExtension>
            <ns3:atemp>25.0</ns3:atemp>
            <ns3:hr>94</ns3:hr>
          </ns3:TrackPointExtension>
        </extensions>
      </trkpt>
      <trkpt lat="48.69591881521046161651611328125" lon="-1.83686248026788234710693359375">
        <ele>2</ele>
        <time>2026-08-22T15:18:38.000Z</time>
        <extensions>
          <ns3:TrackPointExtension>
            <ns3:atemp>25.0</ns3:atemp>
            <ns3:hr>95</ns3:hr>
          </ns3:TrackPointExtension>
        </extensions>
      </trkpt>
      <trkpt lat="48.69584999978542327880859375" lon="-1.8366307206451892852783203125">
        <ele>2</ele>
        <time>2026-08-22T15:18:41.000Z</time>
        <extensions>
          <ns3:TrackPointExtension>
            <ns3:atemp>25.0</ns3:atemp>
            <ns3:hr>96</ns3:hr>
          </ns3:TrackPointExtension>
        </extensions>
      </trkpt>
      <trkpt lat="48.6957205832004547119140625" lon="-1.83626518584787845611572265625">
        <ele>1.7999999523162841796875</ele>
        <time>2026-08-22T15:18:46.000Z</time>
        <extensions>
          <ns3:TrackPointExtension>
            <ns3:atemp>25.0</ns3:atemp>
            <ns3:hr>94</ns3:hr>
          </ns3:TrackPointExtension>
        </extensions>
      </trkpt>
      <trkpt lat="48.69554330594837665557861328125" lon="-1.83574047870934009552001953125">
        <ele>2</ele>
        <time>2026-08-22T15:18:53.000Z</time>
        <extensions>
          <ns3:TrackPointExtension>
            <ns3:atemp>25.0</ns3:atemp>
            <ns3:hr>91</ns3:hr>
          </ns3:TrackPointExtension>
        </extensions>
      </trkpt>
      <trkpt lat="48.6954304017126560211181640625" lon="-1.835325658321380615234375">
        <ele>1.7999999523162841796875</ele>
        <time>2026-08-22T15:18:59.000Z</time>
        <extensions>
          <ns3:TrackPointExtension>
            <ns3:atemp>25.0</ns3:atemp>
            <ns3:hr>91</ns3:hr>
          </ns3:TrackPointExtension>
        </extensions>
      </trkpt>
      <trkpt lat="48.69537231512367725372314453125" lon="-1.8350421823561191558837890625">
        <ele>1.7999999523162841796875</ele>
        <time>2026-08-22T15:19:03.000Z</time>
        <extensions>
          <ns3:TrackPointExtension>
            <ns3:atemp>25.0</ns3:atemp>
            <ns3:hr>96</ns3:hr>
          </ns3:TrackPointExtension>
        </extensions>
      </trkpt>
      <trkpt lat="48.69534431956708431243896484375" lon="-1.8349040485918521881103515625">
        <ele>1.7999999523162841796875</ele>
        <time>2026-08-22T15:19:05.000Z</time>
        <extensions>
          <ns3:TrackPointExtension>
            <ns3:atemp>25.0</ns3:atemp>
            <ns3:hr>97</ns3:hr>
          </ns3:TrackPointExtension>
        </extensions>
      </trkpt>
      <trkpt lat="48.695284388959407806396484375" lon="-1.83463356457650661468505859375">
        <ele>1.7999999523162841796875</ele>
        <time>2026-08-22T15:19:09.000Z</time>
        <extensions>
          <ns3:TrackPointExtension>
            <ns3:atemp>25.0</ns3:atemp>
            <ns3:hr>94</ns3:hr>
          </ns3:TrackPointExtension>
        </extensions>
      </trkpt>
      <trkpt lat="48.69522546418011188507080078125" lon="-1.83444363065063953399658203125">
        <ele>1.60000002384185791015625</ele>
        <time>2026-08-22T15:19:12.000Z</time>
        <extensions>
          <ns3:TrackPointExtension>
            <ns3:atemp>25.0</ns3:atemp>
            <ns3:hr>96</ns3:hr>
          </ns3:TrackPointExtension>
        </extensions>
      </trkpt>
      <trkpt lat="48.6951675452291965484619140625" lon="-1.83420776389539241790771484375">
        <ele>1.7999999523162841796875</ele>
        <time>2026-08-22T15:19:16.000Z</time>
        <extensions>
          <ns3:TrackPointExtension>
            <ns3:atemp>25.0</ns3:atemp>
            <ns3:hr>97</ns3:hr>
          </ns3:TrackPointExtension>
        </extensions>
      </trkpt>
      <trkpt lat="48.6951474286615848541259765625" lon="-1.8340940214693546295166015625">
        <ele>1.7999999523162841796875</ele>
        <time>2026-08-22T15:19:18.000Z</time>
        <extensions>
          <ns3:TrackPointExtension>
            <ns3:atemp>25.0</ns3:atemp>
            <ns3:hr>96</ns3:hr>
          </ns3:TrackPointExtension>
        </extensions>
      </trkpt>
      <trkpt lat="48.69513443671166896820068359375" lon="-1.8340283073484897613525390625">
        <ele>1.60000002384185791015625</ele>
        <time>2026-08-22T15:19:19.000Z</time>
        <extensions>
          <ns3:TrackPointExtension>
            <ns3:atemp>25.0</ns3:atemp>
            <ns3:hr>95</ns3:hr>
          </ns3:TrackPointExtension>
        </extensions>
      </trkpt>
      <trkpt lat="48.69505967013537883758544921875" lon="-1.8337476812303066253662109375">
        <ele>2</ele>
        <time>2026-08-22T15:19:23.000Z</time>
        <extensions>
          <ns3:TrackPointExtension>
            <ns3:atemp>25.0</ns3:atemp>
            <ns3:hr>96</ns3:hr>
          </ns3:TrackPointExtension>
        </extensions>
      </trkpt>
      <trkpt lat="48.69496093131601810455322265625" lon="-1.83327485807240009307861328125">
        <ele>2.2000000476837158203125</ele>
        <time>2026-08-22T15:19:29.000Z</time>
        <extensions>
          <ns3:TrackPointExtension>
            <ns3:atemp>25.0</ns3:atemp>
            <ns3:hr>96</ns3:hr>
          </ns3:TrackPointExtension>
        </extensions>
      </trkpt>
      <trkpt lat="48.6949462629854679107666015625" lon="-1.83319707401096820831298828125">
        <ele>2.2000000476837158203125</ele>
        <time>2026-08-22T15:19:30.000Z</time>
        <extensions>
          <ns3:TrackPointExtension>
            <ns3:atemp>25.0</ns3:atemp>
            <ns3:hr>92</ns3:hr>
          </ns3:TrackPointExtension>
        </extensions>
      </trkpt>
      <trkpt lat="48.69492086581885814666748046875" lon="-1.83303966186940670013427734375">
        <ele>2.2000000476837158203125</ele>
        <time>2026-08-22T15:19:32.000Z</time>
        <extensions>
          <ns3:TrackPointExtension>
            <ns3:atemp>25.0</ns3:atemp>
            <ns3:hr>89</ns3:hr>
          </ns3:TrackPointExtension>
        </extensions>
      </trkpt>
      <trkpt lat="48.69489722885191440582275390625" lon="-1.8327874504029750823974609375">
        <ele>2.2000000476837158203125</ele>
        <time>2026-08-22T15:19:35.000Z</time>
        <extensions>
          <ns3:TrackPointExtension>
            <ns3:atemp>25.0</ns3:atemp>
            <ns3:hr>88</ns3:hr>
          </ns3:TrackPointExtension>
        </extensions>
      </trkpt>
      <trkpt lat="48.6948622763156890869140625" lon="-1.83246131055057048797607421875">
        <ele>2.2000000476837158203125</ele>
        <time>2026-08-22T15:19:39.000Z</time>
        <extensions>
          <ns3:TrackPointExtension>
            <ns3:atemp>25.0</ns3:atemp>
            <ns3:hr>88</ns3:hr>
          </ns3:TrackPointExtension>
        </extensions>
      </trkpt>
      <trkpt lat="48.6948483623564243316650390625" lon="-1.8323740549385547637939453125">
        <ele>2.2000000476837158203125</ele>
        <time>2026-08-22T15:19:40.000Z</time>
        <extensions>
          <ns3:TrackPointExtension>
            <ns3:atemp>25.0</ns3:atemp>
            <ns3:hr>87</ns3:hr>
          </ns3:TrackPointExtension>
        </extensions>
      </trkpt>
      <trkpt lat="48.69481156580150127410888671875" lon="-1.83205001056194305419921875">
        <ele>2.2000000476837158203125</ele>
        <time>2026-08-22T15:19:44.000Z</time>
        <extensions>
          <ns3:TrackPointExtension>
            <ns3:atemp>25.0</ns3:atemp>
            <ns3:hr>84</ns3:hr>
          </ns3:TrackPointExtension>
        </extensions>
      </trkpt>
      <trkpt lat="48.69479262270033359527587890625" lon="-1.83180986903607845306396484375">
        <ele>2</ele>
        <time>2026-08-22T15:19:47.000Z</time>
        <extensions>
          <ns3:TrackPointExtension>
            <ns3:atemp>25.0</ns3:atemp>
            <ns3:hr>80</ns3:hr>
          </ns3:TrackPointExtension>
        </extensions>
      </trkpt>
      <trkpt lat="48.6947657167911529541015625" lon="-1.83151759207248687744140625">
        <ele>2.2000000476837158203125</ele>
        <time>2026-08-22T15:19:51.000Z</time>
        <extensions>
          <ns3:TrackPointExtension>
            <ns3:atemp>25.0</ns3:atemp>
            <ns3:hr>79</ns3:hr>
          </ns3:TrackPointExtension>
        </extensions>
      </trkpt>
      <trkpt lat="48.69476043619215488433837890625" lon="-1.83137518353760242462158203125">
        <ele>2.400000095367431640625</ele>
        <time>2026-08-22T15:19:53.000Z</time>
        <extensions>
          <ns3:TrackPointExtension>
            <ns3:atemp>25.0</ns3:atemp>
            <ns3:hr>79</ns3:hr>
          </ns3:TrackPointExtension>
        </extensions>
      </trkpt>
      <trkpt lat="48.6947576701641082763671875" lon="-1.83123185299336910247802734375">
        <ele>2.2000000476837158203125</ele>
        <time>2026-08-22T15:19:55.000Z</time>
        <extensions>
          <ns3:TrackPointExtension>
            <ns3:atemp>25.0</ns3:atemp>
            <ns3:hr>79</ns3:hr>
          </ns3:TrackPointExtension>
        </extensions>
      </trkpt>
      <trkpt lat="48.6947253160178661346435546875" lon="-1.83099858462810516357421875">
        <ele>2</ele>
        <time>2026-08-22T15:19:58.000Z</time>
        <extensions>
          <ns3:TrackPointExtension>
            <ns3:atemp>25.0</ns3:atemp>
            <ns3:hr>80</ns3:hr>
          </ns3:TrackPointExtension>
        </extensions>
      </trkpt>
      <trkpt lat="48.694704361259937286376953125" lon="-1.83084695599973201751708984375">
        <ele>2.2000000476837158203125</ele>
        <time>2026-08-22T15:20:00.000Z</time>
        <extensions>
          <ns3:TrackPointExtension>
            <ns3:atemp>25.0</ns3:atemp>
            <ns3:hr>79</ns3:hr>
          </ns3:TrackPointExtension>
        </extensions>
      </trkpt>
      <trkpt lat="48.69469874538481235504150390625" lon="-1.83057655580341815948486328125">
        <ele>2.2000000476837158203125</ele>
        <time>2026-08-22T15:20:03.000Z</time>
        <extensions>
          <ns3:TrackPointExtension>
            <ns3:atemp>25.0</ns3:atemp>
            <ns3:hr>81</ns3:hr>
          </ns3:TrackPointExtension>
        </extensions>
      </trkpt>
      <trkpt lat="48.6946917884051799774169921875" lon="-1.83040179312229156494140625">
        <ele>2.2000000476837158203125</ele>
        <time>2026-08-22T15:20:05.000Z</time>
        <extensions>
          <ns3:TrackPointExtension>
            <ns3:atemp>25.0</ns3:atemp>
            <ns3:hr>83</ns3:hr>
          </ns3:TrackPointExtension>
        </extensions>
      </trkpt>
      <trkpt lat="48.69471349753439426422119140625" lon="-1.830150671303272247314453125">
        <ele>2.2000000476837158203125</ele>
        <time>2026-08-22T15:20:08.000Z</time>
        <extensions>
          <ns3:TrackPointExtension>
            <ns3:atemp>26.0</ns3:atemp>
            <ns3:hr>80</ns3:hr>
          </ns3:TrackPointExtension>
        </extensions>
      </trkpt>
      <trkpt lat="48.694740235805511474609375" lon="-1.8297250382602214813232421875">
        <ele>2</ele>
        <time>2026-08-22T15:20:14.000Z</time>
        <extensions>
          <ns3:TrackPointExtension>
            <ns3:atemp>25.0</ns3:atemp>
            <ns3:hr>79</ns3:hr>
          </ns3:TrackPointExtension>
        </extensions>
      </trkpt>
      <trkpt lat="48.6947469413280487060546875" lon="-1.82945237495005130767822265625">
        <ele>2.2000000476837158203125</ele>
        <time>2026-08-22T15:20:18.000Z</time>
        <extensions>
          <ns3:TrackPointExtension>
            <ns3:atemp>25.0</ns3:atemp>
            <ns3:hr>82</ns3:hr>
          </ns3:TrackPointExtension>
        </extensions>
      </trkpt>
      <trkpt lat="48.694752641022205352783203125" lon="-1.82938146404922008514404296875">
        <ele>2.2000000476837158203125</ele>
        <time>2026-08-22T15:20:19.000Z</time>
        <extensions>
          <ns3:TrackPointExtension>
            <ns3:atemp>26.0</ns3:atemp>
            <ns3:hr>87</ns3:hr>
          </ns3:TrackPointExtension>
        </extensions>
      </trkpt>
      <trkpt lat="48.69475792162120342254638671875" lon="-1.82931558229029178619384765625">
        <ele>2.2000000476837158203125</ele>
        <time>2026-08-22T15:20:20.000Z</time>
        <extensions>
          <ns3:TrackPointExtension>
            <ns3:atemp>25.0</ns3:atemp>
            <ns3:hr>89</ns3:hr>
          </ns3:TrackPointExtension>
        </extensions>
      </trkpt>
      <trkpt lat="48.694782815873622894287109375" lon="-1.82894258759915828704833984375">
        <ele>2.2000000476837158203125</ele>
        <time>2026-08-22T15:20:26.000Z</time>
        <extensions>
          <ns3:TrackPointExtension>
            <ns3:atemp>25.0</ns3:atemp>
            <ns3:hr>89</ns3:hr>
          </ns3:TrackPointExtension>
        </extensions>
      </trkpt>
      <trkpt lat="48.69479061104357242584228515625" lon="-1.82873873971402645111083984375">
        <ele>2</ele>
        <time>2026-08-22T15:20:29.000Z</time>
        <extensions>
          <ns3:TrackPointExtension>
            <ns3:atemp>26.0</ns3:atemp>
            <ns3:hr>85</ns3:hr>
          </ns3:TrackPointExtension>
        </extensions>
      </trkpt>
      <trkpt lat="48.69479119777679443359375" lon="-1.82868408970534801483154296875">
        <ele>1.7999999523162841796875</ele>
        <time>2026-08-22T15:20:30.000Z</time>
        <extensions>
          <ns3:TrackPointExtension>
            <ns3:atemp>26.0</ns3:atemp>
            <ns3:hr>82</ns3:hr>
          </ns3:TrackPointExtension>
        </extensions>
      </trkpt>
      <trkpt lat="48.6947813071310520172119140625" lon="-1.82842232286930084228515625">
        <ele>1.7999999523162841796875</ele>
        <time>2026-08-22T15:20:34.000Z</time>
        <extensions>
          <ns3:TrackPointExtension>
            <ns3:atemp>26.0</ns3:atemp>
            <ns3:hr>87</ns3:hr>
          </ns3:TrackPointExtension>
        </extensions>
      </trkpt>
      <trkpt lat="48.694778792560100555419921875" lon="-1.8283534236252307891845703125">
        <ele>1.7999999523162841796875</ele>
        <time>2026-08-22T15:20:35.000Z</time>
        <extensions>
          <ns3:TrackPointExtension>
            <ns3:atemp>26.0</ns3:atemp>
            <ns3:hr>87</ns3:hr>
          </ns3:TrackPointExtension>
        </extensions>
      </trkpt>
      <trkpt lat="48.69478222914040088653564453125" lon="-1.828281171619892120361328125">
        <ele>1.7999999523162841796875</ele>
        <time>2026-08-22T15:20:36.000Z</time>
        <extensions>
          <ns3:TrackPointExtension>
            <ns3:atemp>25.0</ns3:atemp>
            <ns3:hr>86</ns3:hr>
          </ns3:TrackPointExtension>
        </extensions>
      </trkpt>
      <trkpt lat="48.69479186832904815673828125" lon="-1.82821470312774181365966796875">
        <ele>2</ele>
        <time>2026-08-22T15:20:37.000Z</time>
        <extensions>
          <ns3:TrackPointExtension>
            <ns3:atemp>26.0</ns3:atemp>
            <ns3:hr>89</ns3:hr>
          </ns3:TrackPointExtension>
        </extensions>
      </trkpt>
      <trkpt lat="48.69480402208864688873291015625" lon="-1.82809584774076938629150390625">
        <ele>1.7999999523162841796875</ele>
        <time>2026-08-22T15:20:39.000Z</time>
        <extensions>
          <ns3:TrackPointExtension>
            <ns3:atemp>25.0</ns3:atemp>
            <ns3:hr>91</ns3:hr>
          </ns3:TrackPointExtension>
        </extensions>
      </trkpt>
      <trkpt lat="48.694798909127712249755859375" lon="-1.8279822729527950286865234375">
        <ele>1.60000002384185791015625</ele>
        <time>2026-08-22T15:20:41.000Z</time>
        <extensions>
          <ns3:TrackPointExtension>
            <ns3:atemp>26.0</ns3:atemp>
            <ns3:hr>91</ns3:hr>
          </ns3:TrackPointExtension>
        </extensions>
      </trkpt>
      <trkpt lat="48.69477502070367336273193359375" lon="-1.8277851305902004241943359375">
        <ele>1.7999999523162841796875</ele>
        <time>2026-08-22T15:20:44.000Z</time>
        <extensions>
          <ns3:TrackPointExtension>
            <ns3:atemp>26.0</ns3:atemp>
            <ns3:hr>90</ns3:hr>
          </ns3:TrackPointExtension>
        </extensions>
      </trkpt>
      <trkpt lat="48.69474467821419239044189453125" lon="-1.827494613826274871826171875">
        <ele>2</ele>
        <time>2026-08-22T15:20:48.000Z</time>
        <extensions>
          <ns3:TrackPointExtension>
            <ns3:atemp>26.0</ns3:atemp>
            <ns3:hr>87</ns3:hr>
          </ns3:TrackPointExtension>
        </extensions>
      </trkpt>
      <trkpt lat="48.6947407387197017669677734375" lon="-1.82741775177419185638427734375">
        <ele>2</ele>
        <time>2026-08-22T15:20:49.000Z</time>
        <extensions>
          <ns3:TrackPointExtension>
            <ns3:atemp>26.0</ns3:atemp>
            <ns3:hr>82</ns3:hr>
          </ns3:TrackPointExtension>
        </extensions>
      </trkpt>
      <trkpt lat="48.69473311118781566619873046875" lon="-1.8273435719311237335205078125">
        <ele>2</ele>
        <time>2026-08-22T15:20:50.000Z</time>
        <extensions>
          <ns3:TrackPointExtension>
            <ns3:atemp>25.0</ns3:atemp>
            <ns3:hr>75</ns3:hr>
          </ns3:TrackPointExtension>
        </extensions>
      </trkpt>
      <trkpt lat="48.6947236396372318267822265625" lon="-1.82726469822227954864501953125">
        <ele>2</ele>
        <time>2026-08-22T15:20:51.000Z</time>
        <extensions>
          <ns3:TrackPointExtension>
            <ns3:atemp>26.0</ns3:atemp>
            <ns3:hr>71</ns3:hr>
          </ns3:TrackPointExtension>
        </extensions>
      </trkpt>
      <trkpt lat="48.69471400044858455657958984375" lon="-1.82718993164598941802978515625">
        <ele>2</ele>
        <time>2026-08-22T15:20:52.000Z</time>
        <extensions>
          <ns3:TrackPointExtension>
            <ns3:atemp>26.0</ns3:atemp>
            <ns3:hr>68</ns3:hr>
          </ns3:TrackPointExtension>
        </extensions>
      </trkpt>
      <trkpt lat="48.69466538541018962860107421875" lon="-1.82680754922330379486083984375">
        <ele>1.7999999523162841796875</ele>
        <time>2026-08-22T15:20:57.000Z</time>
        <extensions>
          <ns3:TrackPointExtension>
            <ns3:atemp>26.0</ns3:atemp>
            <ns3:hr>72</ns3:hr>
          </ns3:TrackPointExtension>
        </extensions>
      </trkpt>
      <trkpt lat="48.69465172290802001953125" lon="-1.8266502209007740020751953125">
        <ele>1.60000002384185791015625</ele>
        <time>2026-08-22T15:20:59.000Z</time>
        <extensions>
          <ns3:TrackPointExtension>
            <ns3:atemp>26.0</ns3:atemp>
            <ns3:hr>74</ns3:hr>
          </ns3:TrackPointExtension>
        </extensions>
      </trkpt>
      <trkpt lat="48.69463202543556690216064453125" lon="-1.826415695250034332275390625">
        <ele>1.7999999523162841796875</ele>
        <time>2026-08-22T15:21:02.000Z</time>
        <extensions>
          <ns3:TrackPointExtension>
            <ns3:atemp>25.0</ns3:atemp>
            <ns3:hr>71</ns3:hr>
          </ns3:TrackPointExtension>
        </extensions>
      </trkpt>
      <trkpt lat="48.694619871675968170166015625" lon="-1.82633833028376102447509765625">
        <ele>1.7999999523162841796875</ele>
        <time>2026-08-22T15:21:03.000Z</time>
        <extensions>
          <ns3:TrackPointExtension>
            <ns3:atemp>26.0</ns3:atemp>
            <ns3:hr>64</ns3:hr>
          </ns3:TrackPointExtension>
        </extensions>
      </trkpt>
      <trkpt lat="48.694611154496669769287109375" lon="-1.8262611329555511474609375">
        <ele>1.7999999523162841796875</ele>
        <time>2026-08-22T15:21:04.000Z</time>
        <extensions>
          <ns3:TrackPointExtension>
            <ns3:atemp>25.0</ns3:atemp>
            <ns3:hr>57</ns3:hr>
          </ns3:TrackPointExtension>
        </extensions>
      </trkpt>
      <trkpt lat="48.6945922113955020904541015625" lon="-1.8261055648326873779296875">
        <ele>1.60000002384185791015625</ele>
        <time>2026-08-22T15:21:06.000Z</time>
        <extensions>
          <ns3:TrackPointExtension>
            <ns3:atemp>25.0</ns3:atemp>
            <ns3:hr>55</ns3:hr>
          </ns3:TrackPointExtension>
        </extensions>
      </trkpt>
      <trkpt lat="48.69458039291203022003173828125" lon="-1.82595963589847087860107421875">
        <ele>1.60000002384185791015625</ele>
        <time>2026-08-22T15:21:08.000Z</time>
        <extensions>
          <ns3:TrackPointExtension>
            <ns3:atemp>25.0</ns3:atemp>
            <ns3:hr>52</ns3:hr>
          </ns3:TrackPointExtension>
        </extensions>
      </trkpt>
      <trkpt lat="48.69453571736812591552734375" lon="-1.82559837587177753448486328125">
        <ele>1.7999999523162841796875</ele>
        <time>2026-08-22T15:21:13.000Z</time>
        <extensions>
          <ns3:TrackPointExtension>
            <ns3:atemp>25.0</ns3:atemp>
            <ns3:hr>51</ns3:hr>
          </ns3:TrackPointExtension>
        </extensions>
      </trkpt>
      <trkpt lat="48.69450084865093231201171875" lon="-1.82524256408214569091796875">
        <ele>1.7999999523162841796875</ele>
        <time>2026-08-22T15:21:18.000Z</time>
        <extensions>
          <ns3:TrackPointExtension>
            <ns3:atemp>26.0</ns3:atemp>
            <ns3:hr>50</ns3:hr>
          </ns3:TrackPointExtension>
        </extensions>
      </trkpt>
      <trkpt lat="48.69450059719383716583251953125" lon="-1.8251776881515979766845703125">
        <ele>1.7999999523162841796875</ele>
        <time>2026-08-22T15:21:19.000Z</time>
        <extensions>
          <ns3:TrackPointExtension>
            <ns3:atemp>26.0</ns3:atemp>
            <ns3:hr>48</ns3:hr>
          </ns3:TrackPointExtension>
        </extensions>
      </trkpt>
      <trkpt lat="48.6944979988038539886474609375" lon="-1.825049109756946563720703125">
        <ele>2</ele>
        <time>2026-08-22T15:21:21.000Z</time>
        <extensions>
          <ns3:TrackPointExtension>
            <ns3:atemp>26.0</ns3:atemp>
            <ns3:hr>49</ns3:hr>
          </ns3:TrackPointExtension>
        </extensions>
      </trkpt>
      <trkpt lat="48.69449204765260219573974609375" lon="-1.82480310089886188507080078125">
        <ele>2</ele>
        <time>2026-08-22T15:21:25.000Z</time>
        <extensions>
          <ns3:TrackPointExtension>
            <ns3:atemp>26.0</ns3:atemp>
            <ns3:hr>50</ns3:hr>
          </ns3:TrackPointExtension>
        </extensions>
      </trkpt>
      <trkpt lat="48.69448416866362094879150390625" lon="-1.82474409230053424835205078125">
        <ele>2</ele>
        <time>2026-08-22T15:21:26.000Z</time>
        <extensions>
          <ns3:TrackPointExtension>
            <ns3:atemp>25.0</ns3:atemp>
            <ns3:hr>50</ns3:hr>
          </ns3:TrackPointExtension>
        </extensions>
      </trkpt>
      <trkpt lat="48.694480396807193756103515625" lon="-1.82467821054160594940185546875">
        <ele>1.7999999523162841796875</ele>
        <time>2026-08-22T15:21:27.000Z</time>
        <extensions>
          <ns3:TrackPointExtension>
            <ns3:atemp>25.0</ns3:atemp>
            <ns3:hr>53</ns3:hr>
          </ns3:TrackPointExtension>
        </extensions>
      </trkpt>
      <trkpt lat="48.6944733560085296630859375" lon="-1.82461819611489772796630859375">
        <ele>1.7999999523162841796875</ele>
        <time>2026-08-22T15:21:28.000Z</time>
        <extensions>
          <ns3:TrackPointExtension>
            <ns3:atemp>26.0</ns3:atemp>
            <ns3:hr>56</ns3:hr>
          </ns3:TrackPointExtension>
        </extensions>
      </trkpt>
      <trkpt lat="48.69447092525660991668701171875" lon="-1.8245547451078891754150390625">
        <ele>1.7999999523162841796875</ele>
        <time>2026-08-22T15:21:29.000Z</time>
        <extensions>
          <ns3:TrackPointExtension>
            <ns3:atemp>26.0</ns3:atemp>
            <ns3:hr>61</ns3:hr>
          </ns3:TrackPointExtension>
        </extensions>
      </trkpt>
      <trkpt lat="48.6944684945046901702880859375" lon="-1.82448886334896087646484375">
        <ele>1.7999999523162841796875</ele>
        <time>2026-08-22T15:21:30.000Z</time>
        <extensions>
          <ns3:TrackPointExtension>
            <ns3:atemp>26.0</ns3:atemp>
            <ns3:hr>66</ns3:hr>
          </ns3:TrackPointExtension>
        </extensions>
      </trkpt>
      <trkpt lat="48.694461286067962646484375" lon="-1.82441937737166881561279296875">
        <ele>1.7999999523162841796875</ele>
        <time>2026-08-22T15:21:31.000Z</time>
        <extensions>
          <ns3:TrackPointExtension>
            <ns3:atemp>26.0</ns3:atemp>
            <ns3:hr>77</ns3:hr>
          </ns3:TrackPointExtension>
        </extensions>
      </trkpt>
      <trkpt lat="48.694455921649932861328125" lon="-1.82434762828052043914794921875">
        <ele>1.7999999523162841796875</ele>
        <time>2026-08-22T15:21:32.000Z</time>
        <extensions>
          <ns3:TrackPointExtension>
            <ns3:atemp>25.0</ns3:atemp>
            <ns3:hr>100</ns3:hr>
          </ns3:TrackPointExtension>
        </extensions>
      </trkpt>
      <trkpt lat="48.694450221955776214599609375" lon="-1.82427353225648403167724609375">
        <ele>1.7999999523162841796875</ele>
        <time>2026-08-22T15:21:33.000Z</time>
        <extensions>
          <ns3:TrackPointExtension>
            <ns3:atemp>26.0</ns3:atemp>
            <ns3:hr>111</ns3:hr>
          </ns3:TrackPointExtension>
        </extensions>
      </trkpt>
      <trkpt lat="48.6944480426609516143798828125" lon="-1.82420362718403339385986328125">
        <ele>1.7999999523162841796875</ele>
        <time>2026-08-22T15:21:34.000Z</time>
        <extensions>
          <ns3:TrackPointExtension>
            <ns3:atemp>26.0</ns3:atemp>
            <ns3:hr>114</ns3:hr>
          </ns3:TrackPointExtension>
        </extensions>
      </trkpt>
      <trkpt lat="48.69442842900753021240234375" lon="-1.8240012042224407196044921875">
        <ele>1.7999999523162841796875</ele>
        <time>2026-08-22T15:21:37.000Z</time>
        <extensions>
          <ns3:TrackPointExtension>
            <ns3:atemp>25.0</ns3:atemp>
            <ns3:hr>115</ns3:hr>
          </ns3:TrackPointExtension>
        </extensions>
      </trkpt>
      <trkpt lat="48.69442516006529331207275390625" lon="-1.8239281140267848968505859375">
        <ele>1.7999999523162841796875</ele>
        <time>2026-08-22T15:21:38.000Z</time>
        <extensions>
          <ns3:TrackPointExtension>
            <ns3:atemp>26.0</ns3:atemp>
            <ns3:hr>115</ns3:hr>
          </ns3:TrackPointExtension>
        </extensions>
      </trkpt>
      <trkpt lat="48.69440537877380847930908203125" lon="-1.823716722428798675537109375">
        <ele>1.7999999523162841796875</ele>
        <time>2026-08-22T15:21:41.000Z</time>
        <extensions>
          <ns3:TrackPointExtension>
            <ns3:atemp>26.0</ns3:atemp>
            <ns3:hr>113</ns3:hr>
          </ns3:TrackPointExtension>
        </extensions>
      </trkpt>
      <trkpt lat="48.69439012371003627777099609375" lon="-1.82364488951861858367919921875">
        <ele>1.60000002384185791015625</ele>
        <time>2026-08-22T15:21:42.000Z</time>
        <extensions>
          <ns3:TrackPointExtension>
            <ns3:atemp>26.0</ns3:atemp>
            <ns3:hr>112</ns3:hr>
          </ns3:TrackPointExtension>
        </extensions>
      </trkpt>
      <trkpt lat="48.6943739466369152069091796875" lon="-1.82357146404683589935302734375">
        <ele>1.60000002384185791015625</ele>
        <time>2026-08-22T15:21:43.000Z</time>
        <extensions>
          <ns3:TrackPointExtension>
            <ns3:atemp>26.0</ns3:atemp>
            <ns3:hr>108</ns3:hr>
          </ns3:TrackPointExtension>
        </extensions>
      </trkpt>
      <trkpt lat="48.694356344640254974365234375" lon="-1.82350046932697296142578125">
        <ele>1.60000002384185791015625</ele>
        <time>2026-08-22T15:21:44.000Z</time>
        <extensions>
          <ns3:TrackPointExtension>
            <ns3:atemp>26.0</ns3:atemp>
            <ns3:hr>108</ns3:hr>
          </ns3:TrackPointExtension>
        </extensions>
      </trkpt>
      <trkpt lat="48.69433279149234294891357421875" lon="-1.823353953659534454345703125">
        <ele>1.7999999523162841796875</ele>
        <time>2026-08-22T15:21:46.000Z</time>
        <extensions>
          <ns3:TrackPointExtension>
            <ns3:atemp>26.0</ns3:atemp>
            <ns3:hr>107</ns3:hr>
          </ns3:TrackPointExtension>
        </extensions>
      </trkpt>
      <trkpt lat="48.69430026970803737640380859375" lon="-1.82308816350996494293212890625">
        <ele>2</ele>
        <time>2026-08-22T15:21:50.000Z</time>
        <extensions>
          <ns3:TrackPointExtension>
            <ns3:atemp>26.0</ns3:atemp>
            <ns3:hr>95</ns3:hr>
          </ns3:TrackPointExtension>
        </extensions>
      </trkpt>
      <trkpt lat="48.69429431855678558349609375" lon="-1.82301507331430912017822265625">
        <ele>2</ele>
        <time>2026-08-22T15:21:51.000Z</time>
        <extensions>
          <ns3:TrackPointExtension>
            <ns3:atemp>26.0</ns3:atemp>
            <ns3:hr>89</ns3:hr>
          </ns3:TrackPointExtension>
        </extensions>
      </trkpt>
      <trkpt lat="48.6942840926349163055419921875" lon="-1.8228673003613948822021484375">
        <ele>2</ele>
        <time>2026-08-22T15:21:53.000Z</time>
        <extensions>
          <ns3:TrackPointExtension>
            <ns3:atemp>26.0</ns3:atemp>
            <ns3:hr>88</ns3:hr>
          </ns3:TrackPointExtension>
        </extensions>
      </trkpt>
      <trkpt lat="48.69427596218883991241455078125" lon="-1.82272003032267093658447265625">
        <ele>2</ele>
        <time>2026-08-22T15:21:55.000Z</time>
        <extensions>
          <ns3:TrackPointExtension>
            <ns3:atemp>26.0</ns3:atemp>
            <ns3:hr>88</ns3:hr>
          </ns3:TrackPointExtension>
        </extensions>
      </trkpt>
      <trkpt lat="48.69428652338683605194091796875" lon="-1.82258256711065769195556640625">
        <ele>2</ele>
        <time>2026-08-22T15:21:57.000Z</time>
        <extensions>
          <ns3:TrackPointExtension>
            <ns3:atemp>26.0</ns3:atemp>
            <ns3:hr>85</ns3:hr>
          </ns3:TrackPointExtension>
        </extensions>
      </trkpt>
      <trkpt lat="48.69429289363324642181396484375" lon="-1.8225176073610782623291015625">
        <ele>2</ele>
        <time>2026-08-22T15:21:58.000Z</time>
        <extensions>
          <ns3:TrackPointExtension>
            <ns3:atemp>26.0</ns3:atemp>
            <ns3:hr>76</ns3:hr>
          </ns3:TrackPointExtension>
        </extensions>
      </trkpt>
      <trkpt lat="48.6943021975457668304443359375" lon="-1.82245532982051372528076171875">
        <ele>2</ele>
        <time>2026-08-22T15:21:59.000Z</time>
        <extensions>
          <ns3:TrackPointExtension>
            <ns3:atemp>26.0</ns3:atemp>
            <ns3:hr>73</ns3:hr>
          </ns3:TrackPointExtension>
        </extensions>
      </trkpt>
      <trkpt lat="48.69430429302155971527099609375" lon="-1.82240084744989871978759765625">
        <ele>2</ele>
        <time>2026-08-22T15:22:00.000Z</time>
        <extensions>
          <ns3:TrackPointExtension>
            <ns3:atemp>26.0</ns3:atemp>
            <ns3:hr>72</ns3:hr>
          </ns3:TrackPointExtension>
        </extensions>
      </trkpt>
      <trkpt lat="48.69434385560452938079833984375" lon="-1.82212541811168193817138671875">
        <ele>2</ele>
        <time>2026-08-22T15:22:05.000Z</time>
        <extensions>
          <ns3:TrackPointExtension>
            <ns3:atemp>26.0</ns3:atemp>
            <ns3:hr>70</ns3:hr>
          </ns3:TrackPointExtension>
        </extensions>
      </trkpt>
      <trkpt lat="48.6943504773080348968505859375" lon="-1.822000779211521148681640625">
        <ele>2</ele>
        <time>2026-08-22T15:22:07.000Z</time>
        <extensions>
          <ns3:TrackPointExtension>
            <ns3:atemp>26.0</ns3:atemp>
            <ns3:hr>67</ns3:hr>
          </ns3:TrackPointExtension>
        </extensions>
      </trkpt>
      <trkpt lat="48.6943491362035274505615234375" lon="-1.821938417851924896240234375">
        <ele>2</ele>
        <time>2026-08-22T15:22:08.000Z</time>
        <extensions>
          <ns3:TrackPointExtension>
            <ns3:atemp>26.0</ns3:atemp>
            <ns3:hr>65</ns3:hr>
          </ns3:TrackPointExtension>
        </extensions>
      </trkpt>
      <trkpt lat="48.69434620253741741180419921875" lon="-1.82187597267329692840576171875">
        <ele>2</ele>
        <time>2026-08-22T15:22:09.000Z</time>
        <extensions>
          <ns3:TrackPointExtension>
            <ns3:atemp>26.0</ns3:atemp>
            <ns3:hr>62</ns3:hr>
          </ns3:TrackPointExtension>
        </extensions>
      </trkpt>
      <trkpt lat="48.69433715008199214935302734375" lon="-1.8217575363814830780029296875">
        <ele>2</ele>
        <time>2026-08-22T15:22:11.000Z</time>
        <extensions>
          <ns3:TrackPointExtension>
            <ns3:atemp>26.0</ns3:atemp>
            <ns3:hr>58</ns3:hr>
          </ns3:TrackPointExtension>
        </extensions>
      </trkpt>
      <trkpt lat="48.69431401602923870086669921875" lon="-1.82141840457916259765625">
        <ele>2</ele>
        <time>2026-08-22T15:22:16.000Z</time>
        <extensions>
          <ns3:TrackPointExtension>
            <ns3:atemp>26.0</ns3:atemp>
            <ns3:hr>61</ns3:hr>
          </ns3:TrackPointExtension>
        </extensions>
      </trkpt>
      <trkpt lat="48.6943011917173862457275390625" lon="-1.8212774209678173065185546875">
        <ele>1.7999999523162841796875</ele>
        <time>2026-08-22T15:22:18.000Z</time>
        <extensions>
          <ns3:TrackPointExtension>
            <ns3:atemp>26.0</ns3:atemp>
            <ns3:hr>61</ns3:hr>
          </ns3:TrackPointExtension>
        </extensions>
      </trkpt>
      <trkpt lat="48.694289959967136383056640625" lon="-1.82107600383460521697998046875">
        <ele>2</ele>
        <time>2026-08-22T15:22:21.000Z</time>
        <extensions>
          <ns3:TrackPointExtension>
            <ns3:atemp>26.0</ns3:atemp>
            <ns3:hr>57</ns3:hr>
          </ns3:TrackPointExtension>
        </extensions>
      </trkpt>
      <trkpt lat="48.69428493082523345947265625" lon="-1.82093627750873565673828125">
        <ele>2</ele>
        <time>2026-08-22T15:22:23.000Z</time>
        <extensions>
          <ns3:TrackPointExtension>
            <ns3:atemp>26.0</ns3:atemp>
            <ns3:hr>61</ns3:hr>
          </ns3:TrackPointExtension>
        </extensions>
      </trkpt>
      <trkpt lat="48.69427881203591823577880859375" lon="-1.82086511515080928802490234375">
        <ele>2</ele>
        <time>2026-08-22T15:22:24.000Z</time>
        <extensions>
          <ns3:TrackPointExtension>
            <ns3:atemp>26.0</ns3:atemp>
            <ns3:hr>63</ns3:hr>
          </ns3:TrackPointExtension>
        </extensions>
      </trkpt>
      <trkpt lat="48.6942629702389240264892578125" lon="-1.8207171745598316192626953125">
        <ele>1.7999999523162841796875</ele>
        <time>2026-08-22T15:22:26.000Z</time>
        <extensions>
          <ns3:TrackPointExtension>
            <ns3:atemp>26.0</ns3:atemp>
            <ns3:hr>69</ns3:hr>
          </ns3:TrackPointExtension>
        </extensions>
      </trkpt>
      <trkpt lat="48.69425064884126186370849609375" lon="-1.82064928114414215087890625">
        <ele>1.7999999523162841796875</ele>
        <time>2026-08-22T15:22:27.000Z</time>
        <extensions>
          <ns3:TrackPointExtension>
            <ns3:atemp>26.0</ns3:atemp>
            <ns3:hr>72</ns3:hr>
          </ns3:TrackPointExtension>
        </extensions>
      </trkpt>
      <trkpt lat="48.6942197196185588836669921875" lon="-1.8204536475241184234619140625">
        <ele>1.7999999523162841796875</ele>
        <time>2026-08-22T15:22:30.000Z</time>
        <extensions>
          <ns3:TrackPointExtension>
            <ns3:atemp>26.0</ns3:atemp>
            <ns3:hr>74</ns3:hr>
          </ns3:TrackPointExtension>
        </extensions>
      </trkpt>
      <trkpt lat="48.69419180788099765777587890625" lon="-1.82004033587872982025146484375">
        <ele>2</ele>
        <time>2026-08-22T15:22:36.000Z</time>
        <extensions>
          <ns3:TrackPointExtension>
            <ns3:atemp>26.0</ns3:atemp>
            <ns3:hr>73</ns3:hr>
          </ns3:TrackPointExtension>
        </extensions>
      </trkpt>
      <trkpt lat="48.694153167307376861572265625" lon="-1.81976549327373504638671875">
        <ele>2</ele>
        <time>2026-08-22T15:22:40.000Z</time>
        <extensions>
          <ns3:TrackPointExtension>
            <ns3:atemp>26.0</ns3:atemp>
            <ns3:hr>76</ns3:hr>
          </ns3:TrackPointExtension>
        </extensions>
      </trkpt>
      <trkpt lat="48.694144450128078460693359375" lon="-1.81969097815454006195068359375">
        <ele>1.7999999523162841796875</ele>
        <time>2026-08-22T15:22:41.000Z</time>
        <extensions>
          <ns3:TrackPointExtension>
            <ns3:atemp>26.0</ns3:atemp>
            <ns3:hr>82</ns3:hr>
          </ns3:TrackPointExtension>
        </extensions>
      </trkpt>
      <trkpt lat="48.69413472712039947509765625" lon="-1.81961269117891788482666015625">
        <ele>1.7999999523162841796875</ele>
        <time>2026-08-22T15:22:42.000Z</time>
        <extensions>
          <ns3:TrackPointExtension>
            <ns3:atemp>26.0</ns3:atemp>
            <ns3:hr>85</ns3:hr>
          </ns3:TrackPointExtension>
        </extensions>
      </trkpt>
      <trkpt lat="48.694124333560466766357421875" lon="-1.81954161264002323150634765625">
        <ele>1.7999999523162841796875</ele>
        <time>2026-08-22T15:22:43.000Z</time>
        <extensions>
          <ns3:TrackPointExtension>
            <ns3:atemp>26.0</ns3:atemp>
            <ns3:hr>85</ns3:hr>
          </ns3:TrackPointExtension>
        </extensions>
      </trkpt>
      <trkpt lat="48.69408653117716312408447265625" lon="-1.81917750276625156402587890625">
        <ele>2</ele>
        <time>2026-08-22T15:22:48.000Z</time>
        <extensions>
          <ns3:TrackPointExtension>
            <ns3:atemp>26.0</ns3:atemp>
            <ns3:hr>85</ns3:hr>
          </ns3:TrackPointExtension>
        </extensions>
      </trkpt>
      <trkpt lat="48.6940574459731578826904296875" lon="-1.81872890330851078033447265625">
        <ele>2</ele>
        <time>2026-08-22T15:22:54.000Z</time>
        <extensions>
          <ns3:TrackPointExtension>
            <ns3:atemp>26.0</ns3:atemp>
            <ns3:hr>82</ns3:hr>
          </ns3:TrackPointExtension>
        </extensions>
      </trkpt>
      <trkpt lat="48.694045878946781158447265625" lon="-1.81840452365577220916748046875">
        <ele>1.7999999523162841796875</ele>
        <time>2026-08-22T15:22:59.000Z</time>
        <extensions>
          <ns3:TrackPointExtension>
            <ns3:atemp>26.0</ns3:atemp>
            <ns3:hr>79</ns3:hr>
          </ns3:TrackPointExtension>
        </extensions>
      </trkpt>
      <trkpt lat="48.6940390057861804962158203125" lon="-1.8183405697345733642578125">
        <ele>1.7999999523162841796875</ele>
        <time>2026-08-22T15:23:00.000Z</time>
        <extensions>
          <ns3:TrackPointExtension>
            <ns3:atemp>26.0</ns3:atemp>
            <ns3:hr>79</ns3:hr>
          </ns3:TrackPointExtension>
        </extensions>
      </trkpt>
      <trkpt lat="48.69399927556514739990234375" lon="-1.818020045757293701171875">
        <ele>2</ele>
        <time>2026-08-22T15:23:05.000Z</time>
        <extensions>
          <ns3:TrackPointExtension>
            <ns3:atemp>26.0</ns3:atemp>
            <ns3:hr>75</ns3:hr>
          </ns3:TrackPointExtension>
        </extensions>
      </trkpt>
      <trkpt lat="48.69399215094745159149169921875" lon="-1.8179571814835071563720703125">
        <ele>2</ele>
        <time>2026-08-22T15:23:06.000Z</time>
        <extensions>
          <ns3:TrackPointExtension>
            <ns3:atemp>26.0</ns3:atemp>
            <ns3:hr>71</ns3:hr>
          </ns3:TrackPointExtension>
        </extensions>
      </trkpt>
      <trkpt lat="48.6939816735684871673583984375" lon="-1.81789071299135684967041015625">
        <ele>2</ele>
        <time>2026-08-22T15:23:07.000Z</time>
        <extensions>
          <ns3:TrackPointExtension>
            <ns3:atemp>26.0</ns3:atemp>
            <ns3:hr>71</ns3:hr>
          </ns3:TrackPointExtension>
        </extensions>
      </trkpt>
      <trkpt lat="48.69395594112575054168701171875" lon="-1.81761570274829864501953125">
        <ele>2</ele>
        <time>2026-08-22T15:23:11.000Z</time>
        <extensions>
          <ns3:TrackPointExtension>
            <ns3:atemp>26.0</ns3:atemp>
            <ns3:hr>67</ns3:hr>
          </ns3:TrackPointExtension>
        </extensions>
      </trkpt>
      <trkpt lat="48.6939236707985401153564453125" lon="-1.81739869527518749237060546875">
        <ele>2.2000000476837158203125</ele>
        <time>2026-08-22T15:23:14.000Z</time>
        <extensions>
          <ns3:TrackPointExtension>
            <ns3:atemp>26.0</ns3:atemp>
            <ns3:hr>64</ns3:hr>
          </ns3:TrackPointExtension>
        </extensions>
      </trkpt>
      <trkpt lat="48.693899698555469512939453125" lon="-1.81724647991359233856201171875">
        <ele>2.2000000476837158203125</ele>
        <time>2026-08-22T15:23:16.000Z</time>
        <extensions>
          <ns3:TrackPointExtension>
            <ns3:atemp>26.0</ns3:atemp>
            <ns3:hr>67</ns3:hr>
          </ns3:TrackPointExtension>
        </extensions>
      </trkpt>
      <trkpt lat="48.69386516511440277099609375" lon="-1.8169516883790493011474609375">
        <ele>2.400000095367431640625</ele>
        <time>2026-08-22T15:23:20.000Z</time>
        <extensions>
          <ns3:TrackPointExtension>
            <ns3:atemp>26.0</ns3:atemp>
            <ns3:hr>70</ns3:hr>
          </ns3:TrackPointExtension>
        </extensions>
      </trkpt>
      <trkpt lat="48.69384613819420337677001953125" lon="-1.816801317036151885986328125">
        <ele>2.2000000476837158203125</ele>
        <time>2026-08-22T15:23:22.000Z</time>
        <extensions>
          <ns3:TrackPointExtension>
            <ns3:atemp>26.0</ns3:atemp>
            <ns3:hr>71</ns3:hr>
          </ns3:TrackPointExtension>
        </extensions>
      </trkpt>
      <trkpt lat="48.69381579570472240447998046875" lon="-1.816496551036834716796875">
        <ele>2.2000000476837158203125</ele>
        <time>2026-08-22T15:23:26.000Z</time>
        <extensions>
          <ns3:TrackPointExtension>
            <ns3:atemp>26.0</ns3:atemp>
            <ns3:hr>75</ns3:hr>
          </ns3:TrackPointExtension>
        </extensions>
      </trkpt>
      <trkpt lat="48.693808503448963165283203125" lon="-1.81634609587490558624267578125">
        <ele>2.400000095367431640625</ele>
        <time>2026-08-22T15:23:28.000Z</time>
        <extensions>
          <ns3:TrackPointExtension>
            <ns3:atemp>26.0</ns3:atemp>
            <ns3:hr>77</ns3:hr>
          </ns3:TrackPointExtension>
        </extensions>
      </trkpt>
      <trkpt lat="48.6937486566603183746337890625" lon="-1.815812923014163970947265625">
        <ele>2.2000000476837158203125</ele>
        <time>2026-08-22T15:23:35.000Z</time>
        <extensions>
          <ns3:TrackPointExtension>
            <ns3:atemp>26.0</ns3:atemp>
            <ns3:hr>76</ns3:hr>
          </ns3:TrackPointExtension>
        </extensions>
      </trkpt>
      <trkpt lat="48.693725354969501495361328125" lon="-1.81557160802185535430908203125">
        <ele>2.2000000476837158203125</ele>
        <time>2026-08-22T15:23:38.000Z</time>
        <extensions>
          <ns3:TrackPointExtension>
            <ns3:atemp>26.0</ns3:atemp>
            <ns3:hr>76</ns3:hr>
          </ns3:TrackPointExtension>
        </extensions>
      </trkpt>
      <trkpt lat="48.6937089264392852783203125" lon="-1.81549063883721828460693359375">
        <ele>2.400000095367431640625</ele>
        <time>2026-08-22T15:23:39.000Z</time>
        <extensions>
          <ns3:TrackPointExtension>
            <ns3:atemp>26.0</ns3:atemp>
            <ns3:hr>75</ns3:hr>
          </ns3:TrackPointExtension>
        </extensions>
      </trkpt>
      <trkpt lat="48.6936795897781848907470703125" lon="-1.81532199494540691375732421875">
        <ele>2.2000000476837158203125</ele>
        <time>2026-08-22T15:23:41.000Z</time>
        <extensions>
          <ns3:TrackPointExtension>
            <ns3:atemp>26.0</ns3:atemp>
            <ns3:hr>76</ns3:hr>
          </ns3:TrackPointExtension>
        </extensions>
      </trkpt>
      <trkpt lat="48.6936336569488048553466796875" lon="-1.814908348023891448974609375">
        <ele>2.2000000476837158203125</ele>
        <time>2026-08-22T15:23:46.000Z</time>
        <extensions>
          <ns3:TrackPointExtension>
            <ns3:atemp>26.0</ns3:atemp>
            <ns3:hr>75</ns3:hr>
          </ns3:TrackPointExtension>
        </extensions>
      </trkpt>
      <trkpt lat="48.693605326116085052490234375" lon="-1.81467759422957897186279296875">
        <ele>2.2000000476837158203125</ele>
        <time>2026-08-22T15:23:49.000Z</time>
        <extensions>
          <ns3:TrackPointExtension>
            <ns3:atemp>26.0</ns3:atemp>
            <ns3:hr>76</ns3:hr>
          </ns3:TrackPointExtension>
        </extensions>
      </trkpt>
      <trkpt lat="48.69357624091207981109619140625" lon="-1.81438674218952655792236328125">
        <ele>2.2000000476837158203125</ele>
        <time>2026-08-22T15:23:53.000Z</time>
        <extensions>
          <ns3:TrackPointExtension>
            <ns3:atemp>26.0</ns3:atemp>
            <ns3:hr>79</ns3:hr>
          </ns3:TrackPointExtension>
        </extensions>
      </trkpt>
      <trkpt lat="48.693561069667339324951171875" lon="-1.8142513744533061981201171875">
        <ele>2</ele>
        <time>2026-08-22T15:23:55.000Z</time>
        <extensions>
          <ns3:TrackPointExtension>
            <ns3:atemp>26.0</ns3:atemp>
            <ns3:hr>78</ns3:hr>
          </ns3:TrackPointExtension>
        </extensions>
      </trkpt>
      <trkpt lat="48.693551681935787200927734375" lon="-1.81417711079120635986328125">
        <ele>2</ele>
        <time>2026-08-22T15:23:56.000Z</time>
        <extensions>
          <ns3:TrackPointExtension>
            <ns3:atemp>26.0</ns3:atemp>
            <ns3:hr>78</ns3:hr>
          </ns3:TrackPointExtension>
        </extensions>
      </trkpt>
      <trkpt lat="48.693543635308742523193359375" lon="-1.8140383064746856689453125">
        <ele>2</ele>
        <time>2026-08-22T15:23:58.000Z</time>
        <extensions>
          <ns3:TrackPointExtension>
            <ns3:atemp>26.0</ns3:atemp>
            <ns3:hr>78</ns3:hr>
          </ns3:TrackPointExtension>
        </extensions>
      </trkpt>
      <trkpt lat="48.69353382848203182220458984375" lon="-1.81377536617219448089599609375">
        <ele>2.2000000476837158203125</ele>
        <time>2026-08-22T15:24:02.000Z</time>
        <extensions>
          <ns3:TrackPointExtension>
            <ns3:atemp>26.0</ns3:atemp>
            <ns3:hr>81</ns3:hr>
          </ns3:TrackPointExtension>
        </extensions>
      </trkpt>
      <trkpt lat="48.69348655454814434051513671875" lon="-1.81326691992580890655517578125">
        <ele>2</ele>
        <time>2026-08-22T15:24:09.000Z</time>
        <extensions>
          <ns3:TrackPointExtension>
            <ns3:atemp>26.0</ns3:atemp>
            <ns3:hr>79</ns3:hr>
          </ns3:TrackPointExtension>
        </extensions>
      </trkpt>
      <trkpt lat="48.6934633366763591766357421875" lon="-1.8130470626056194305419921875">
        <ele>2.2000000476837158203125</ele>
        <time>2026-08-22T15:24:12.000Z</time>
        <extensions>
          <ns3:TrackPointExtension>
            <ns3:atemp>26.0</ns3:atemp>
            <ns3:hr>74</ns3:hr>
          </ns3:TrackPointExtension>
        </extensions>
      </trkpt>
      <trkpt lat="48.69344145990908145904541015625" lon="-1.8128070048987865447998046875">
        <ele>2</ele>
        <time>2026-08-22T15:24:15.000Z</time>
        <extensions>
          <ns3:TrackPointExtension>
            <ns3:atemp>26.0</ns3:atemp>
            <ns3:hr>76</ns3:hr>
          </ns3:TrackPointExtension>
        </extensions>
      </trkpt>
      <trkpt lat="48.69341396726667881011962890625" lon="-1.81258128024637699127197265625">
        <ele>2</ele>
        <time>2026-08-22T15:24:18.000Z</time>
        <extensions>
          <ns3:TrackPointExtension>
            <ns3:atemp>26.0</ns3:atemp>
            <ns3:hr>80</ns3:hr>
          </ns3:TrackPointExtension>
        </extensions>
      </trkpt>
      <trkpt lat="48.69338798336684703826904296875" lon="-1.81235857307910919189453125">
        <ele>1.7999999523162841796875</ele>
        <time>2026-08-22T15:24:21.000Z</time>
        <extensions>
          <ns3:TrackPointExtension>
            <ns3:atemp>26.0</ns3:atemp>
            <ns3:hr>81</ns3:hr>
          </ns3:TrackPointExtension>
        </extensions>
      </trkpt>
      <trkpt lat="48.693370632827281951904296875" lon="-1.8122159130871295928955078125">
        <ele>2</ele>
        <time>2026-08-22T15:24:23.000Z</time>
        <extensions>
          <ns3:TrackPointExtension>
            <ns3:atemp>26.0</ns3:atemp>
            <ns3:hr>84</ns3:hr>
          </ns3:TrackPointExtension>
        </extensions>
      </trkpt>
      <trkpt lat="48.69333542883396148681640625" lon="-1.8119265697896480560302734375">
        <ele>2</ele>
        <time>2026-08-22T15:24:27.000Z</time>
        <extensions>
          <ns3:TrackPointExtension>
            <ns3:atemp>26.0</ns3:atemp>
            <ns3:hr>83</ns3:hr>
          </ns3:TrackPointExtension>
        </extensions>
      </trkpt>
      <trkpt lat="48.693314976990222930908203125" lon="-1.81169346906244754791259765625">
        <ele>2</ele>
        <time>2026-08-22T15:24:30.000Z</time>
        <extensions>
          <ns3:TrackPointExtension>
            <ns3:atemp>26.0</ns3:atemp>
            <ns3:hr>86</ns3:hr>
          </ns3:TrackPointExtension>
        </extensions>
      </trkpt>
      <trkpt lat="48.6932837963104248046875" lon="-1.81146581657230854034423828125">
        <ele>2</ele>
        <time>2026-08-22T15:24:33.000Z</time>
        <extensions>
          <ns3:TrackPointExtension>
            <ns3:atemp>26.0</ns3:atemp>
            <ns3:hr>86</ns3:hr>
          </ns3:TrackPointExtension>
        </extensions>
      </trkpt>
      <trkpt lat="48.69323677383363246917724609375" lon="-1.81102308444678783416748046875">
        <ele>2.2000000476837158203125</ele>
        <time>2026-08-22T15:24:39.000Z</time>
        <extensions>
          <ns3:TrackPointExtension>
            <ns3:atemp>26.0</ns3:atemp>
            <ns3:hr>89</ns3:hr>
          </ns3:TrackPointExtension>
        </extensions>
      </trkpt>
      <trkpt lat="48.69322814047336578369140625" lon="-1.81095452047884464263916015625">
        <ele>2.2000000476837158203125</ele>
        <time>2026-08-22T15:24:40.000Z</time>
        <extensions>
          <ns3:TrackPointExtension>
            <ns3:atemp>26.0</ns3:atemp>
            <ns3:hr>88</ns3:hr>
          </ns3:TrackPointExtension>
        </extensions>
      </trkpt>
      <trkpt lat="48.69320307858288288116455078125" lon="-1.81058303453028202056884765625">
        <ele>2.2000000476837158203125</ele>
        <time>2026-08-22T15:24:46.000Z</time>
        <extensions>
          <ns3:TrackPointExtension>
            <ns3:atemp>26.0</ns3:atemp>
            <ns3:hr>87</ns3:hr>
          </ns3:TrackPointExtension>
        </extensions>
      </trkpt>
      <trkpt lat="48.6931941099464893341064453125" lon="-1.81017366237938404083251953125">
        <ele>2.2000000476837158203125</ele>
        <time>2026-08-22T15:24:52.000Z</time>
        <extensions>
          <ns3:TrackPointExtension>
            <ns3:atemp>26.0</ns3:atemp>
            <ns3:hr>87</ns3:hr>
          </ns3:TrackPointExtension>
        </extensions>
      </trkpt>
      <trkpt lat="48.69319151155650615692138671875" lon="-1.809944920241832733154296875">
        <ele>2.2000000476837158203125</ele>
        <time>2026-08-22T15:24:55.000Z</time>
        <extensions>
          <ns3:TrackPointExtension>
            <ns3:atemp>27.0</ns3:atemp>
            <ns3:hr>87</ns3:hr>
          </ns3:TrackPointExtension>
        </extensions>
      </trkpt>
      <trkpt lat="48.69318254292011260986328125" lon="-1.80970997549593448638916015625">
        <ele>2.2000000476837158203125</ele>
        <time>2026-08-22T15:24:58.000Z</time>
        <extensions>
          <ns3:TrackPointExtension>
            <ns3:atemp>26.0</ns3:atemp>
            <ns3:hr>89</ns3:hr>
          </ns3:TrackPointExtension>
        </extensions>
      </trkpt>
      <trkpt lat="48.69316988624632358551025390625" lon="-1.80950243957340717315673828125">
        <ele>2.2000000476837158203125</ele>
        <time>2026-08-22T15:25:01.000Z</time>
        <extensions>
          <ns3:TrackPointExtension>
            <ns3:atemp>27.0</ns3:atemp>
            <ns3:hr>92</ns3:hr>
          </ns3:TrackPointExtension>
        </extensions>
      </trkpt>
      <trkpt lat="48.69313082657754421234130859375" lon="-1.809205971658229827880859375">
        <ele>2</ele>
        <time>2026-08-22T15:25:05.000Z</time>
        <extensions>
          <ns3:TrackPointExtension>
            <ns3:atemp>27.0</ns3:atemp>
            <ns3:hr>95</ns3:hr>
          </ns3:TrackPointExtension>
        </extensions>
      </trkpt>
      <trkpt lat="48.693120181560516357421875" lon="-1.80913145653903484344482421875">
        <ele>2.2000000476837158203125</ele>
        <time>2026-08-22T15:25:06.000Z</time>
        <extensions>
          <ns3:TrackPointExtension>
            <ns3:atemp>27.0</ns3:atemp>
            <ns3:hr>96</ns3:hr>
          </ns3:TrackPointExtension>
        </extensions>
      </trkpt>
      <trkpt lat="48.69307215325534343719482421875" lon="-1.8087575398385524749755859375">
        <ele>2</ele>
        <time>2026-08-22T15:25:11.000Z</time>
        <extensions>
          <ns3:TrackPointExtension>
            <ns3:atemp>27.0</ns3:atemp>
            <ns3:hr>94</ns3:hr>
          </ns3:TrackPointExtension>
        </extensions>
      </trkpt>
      <trkpt lat="48.69305136613547801971435546875" lon="-1.80861689150333404541015625">
        <ele>2</ele>
        <time>2026-08-22T15:25:13.000Z</time>
        <extensions>
          <ns3:TrackPointExtension>
            <ns3:atemp>27.0</ns3:atemp>
            <ns3:hr>95</ns3:hr>
          </ns3:TrackPointExtension>
        </extensions>
      </trkpt>
      <trkpt lat="48.69301113300025463104248046875" lon="-1.80835948325693607330322265625">
        <ele>2</ele>
        <time>2026-08-22T15:25:17.000Z</time>
        <extensions>
          <ns3:TrackPointExtension>
            <ns3:atemp>26.0</ns3:atemp>
            <ns3:hr>92</ns3:hr>
          </ns3:TrackPointExtension>
        </extensions>
      </trkpt>
      <trkpt lat="48.6929748393595218658447265625" lon="-1.80808522738516330718994140625">
        <ele>2.2000000476837158203125</ele>
        <time>2026-08-22T15:25:21.000Z</time>
        <extensions>
          <ns3:TrackPointExtension>
            <ns3:atemp>27.0</ns3:atemp>
            <ns3:hr>91</ns3:hr>
          </ns3:TrackPointExtension>
        </extensions>
      </trkpt>
      <trkpt lat="48.69296553544700145721435546875" lon="-1.807949356734752655029296875">
        <ele>2.2000000476837158203125</ele>
        <time>2026-08-22T15:25:23.000Z</time>
        <extensions>
          <ns3:TrackPointExtension>
            <ns3:atemp>27.0</ns3:atemp>
            <ns3:hr>90</ns3:hr>
          </ns3:TrackPointExtension>
        </extensions>
      </trkpt>
      <trkpt lat="48.692962266504764556884765625" lon="-1.80787819437682628631591796875">
        <ele>2.2000000476837158203125</ele>
        <time>2026-08-22T15:25:24.000Z</time>
        <extensions>
          <ns3:TrackPointExtension>
            <ns3:atemp>27.0</ns3:atemp>
            <ns3:hr>90</ns3:hr>
          </ns3:TrackPointExtension>
        </extensions>
      </trkpt>
      <trkpt lat="48.69295245967805385589599609375" lon="-1.8075150065124034881591796875">
        <ele>2.400000095367431640625</ele>
        <time>2026-08-22T15:25:29.000Z</time>
        <extensions>
          <ns3:TrackPointExtension>
            <ns3:atemp>27.0</ns3:atemp>
            <ns3:hr>86</ns3:hr>
          </ns3:TrackPointExtension>
        </extensions>
      </trkpt>
      <trkpt lat="48.69290417991578578948974609375" lon="-1.807014606893062591552734375">
        <ele>2.2000000476837158203125</ele>
        <time>2026-08-22T15:25:36.000Z</time>
        <extensions>
          <ns3:TrackPointExtension>
            <ns3:atemp>27.0</ns3:atemp>
            <ns3:hr>86</ns3:hr>
          </ns3:TrackPointExtension>
        </extensions>
      </trkpt>
      <trkpt lat="48.69287886656820774078369140625" lon="-1.806809417903423309326171875">
        <ele>2.2000000476837158203125</ele>
        <time>2026-08-22T15:25:39.000Z</time>
        <extensions>
          <ns3:TrackPointExtension>
            <ns3:atemp>27.0</ns3:atemp>
            <ns3:hr>85</ns3:hr>
          </ns3:TrackPointExtension>
        </extensions>
      </trkpt>
      <trkpt lat="48.6928558163344860076904296875" lon="-1.80666801519691944122314453125">
        <ele>2.2000000476837158203125</ele>
        <time>2026-08-22T15:25:41.000Z</time>
        <extensions>
          <ns3:TrackPointExtension>
            <ns3:atemp>27.0</ns3:atemp>
            <ns3:hr>85</ns3:hr>
          </ns3:TrackPointExtension>
        </extensions>
      </trkpt>
      <trkpt lat="48.6928330175578594207763671875" lon="-1.80646500550210475921630859375">
        <ele>2.2000000476837158203125</ele>
        <time>2026-08-22T15:25:44.000Z</time>
        <extensions>
          <ns3:TrackPointExtension>
            <ns3:atemp>27.0</ns3:atemp>
            <ns3:hr>84</ns3:hr>
          </ns3:TrackPointExtension>
        </extensions>
      </trkpt>
      <trkpt lat="48.69283293373882770538330078125" lon="-1.8063378520309925079345703125">
        <ele>2.400000095367431640625</ele>
        <time>2026-08-22T15:25:46.000Z</time>
        <extensions>
          <ns3:TrackPointExtension>
            <ns3:atemp>27.0</ns3:atemp>
            <ns3:hr>84</ns3:hr>
          </ns3:TrackPointExtension>
        </extensions>
      </trkpt>
      <trkpt lat="48.69283243082463741302490234375" lon="-1.80606636218726634979248046875">
        <ele>2.599999904632568359375</ele>
        <time>2026-08-22T15:25:50.000Z</time>
        <extensions>
          <ns3:TrackPointExtension>
            <ns3:atemp>27.0</ns3:atemp>
            <ns3:hr>85</ns3:hr>
          </ns3:TrackPointExtension>
        </extensions>
      </trkpt>
      <trkpt lat="48.69281868450343608856201171875" lon="-1.8059314973652362823486328125">
        <ele>2.599999904632568359375</ele>
        <time>2026-08-22T15:25:52.000Z</time>
        <extensions>
          <ns3:TrackPointExtension>
            <ns3:atemp>27.0</ns3:atemp>
            <ns3:hr>85</ns3:hr>
          </ns3:TrackPointExtension>
        </extensions>
      </trkpt>
      <trkpt lat="48.69277887046337127685546875" lon="-1.80555783212184906005859375">
        <ele>2.400000095367431640625</ele>
        <time>2026-08-22T15:25:57.000Z</time>
        <extensions>
          <ns3:TrackPointExtension>
            <ns3:atemp>27.0</ns3:atemp>
            <ns3:hr>82</ns3:hr>
          </ns3:TrackPointExtension>
        </extensions>
      </trkpt>
      <trkpt lat="48.6927652917802333831787109375" lon="-1.80541341193020343780517578125">
        <ele>2.599999904632568359375</ele>
        <time>2026-08-22T15:25:59.000Z</time>
        <extensions>
          <ns3:TrackPointExtension>
            <ns3:atemp>27.0</ns3:atemp>
            <ns3:hr>76</ns3:hr>
          </ns3:TrackPointExtension>
        </extensions>
      </trkpt>
      <trkpt lat="48.69276235811412334442138671875" lon="-1.80534266866743564605712890625">
        <ele>2.599999904632568359375</ele>
        <time>2026-08-22T15:26:00.000Z</time>
        <extensions>
          <ns3:TrackPointExtension>
            <ns3:atemp>27.0</ns3:atemp>
            <ns3:hr>73</ns3:hr>
          </ns3:TrackPointExtension>
        </extensions>
      </trkpt>
      <trkpt lat="48.69276118464767932891845703125" lon="-1.8052793852984905242919921875">
        <ele>2.599999904632568359375</ele>
        <time>2026-08-22T15:26:01.000Z</time>
        <extensions>
          <ns3:TrackPointExtension>
            <ns3:atemp>27.0</ns3:atemp>
            <ns3:hr>73</ns3:hr>
          </ns3:TrackPointExtension>
        </extensions>
      </trkpt>
      <trkpt lat="48.69275129400193691253662109375" lon="-1.805059276521205902099609375">
        <ele>2.7999999523162841796875</ele>
        <time>2026-08-22T15:26:04.000Z</time>
        <extensions>
          <ns3:TrackPointExtension>
            <ns3:atemp>27.0</ns3:atemp>
            <ns3:hr>72</ns3:hr>
          </ns3:TrackPointExtension>
        </extensions>
      </trkpt>
      <trkpt lat="48.69276286102831363677978515625" lon="-1.8049967475235462188720703125">
        <ele>2.7999999523162841796875</ele>
        <time>2026-08-22T15:26:05.000Z</time>
        <extensions>
          <ns3:TrackPointExtension>
            <ns3:atemp>27.0</ns3:atemp>
            <ns3:hr>71</ns3:hr>
          </ns3:TrackPointExtension>
        </extensions>
      </trkpt>
      <trkpt lat="48.6927862465381622314453125" lon="-1.8048799037933349609375">
        <ele>3</ele>
        <time>2026-08-22T15:26:07.000Z</time>
        <extensions>
          <ns3:TrackPointExtension>
            <ns3:atemp>27.0</ns3:atemp>
            <ns3:hr>72</ns3:hr>
          </ns3:TrackPointExtension>
        </extensions>
      </trkpt>
      <trkpt lat="48.69279521517455577850341796875" lon="-1.80481930263340473175048828125">
        <ele>2.7999999523162841796875</ele>
        <time>2026-08-22T15:26:08.000Z</time>
        <extensions>
          <ns3:TrackPointExtension>
            <ns3:atemp>27.0</ns3:atemp>
            <ns3:hr>72</ns3:hr>
          </ns3:TrackPointExtension>
        </extensions>
      </trkpt>
      <trkpt lat="48.69280971586704254150390625" lon="-1.80462819524109363555908203125">
        <ele>2.599999904632568359375</ele>
        <time>2026-08-22T15:26:11.000Z</time>
        <extensions>
          <ns3:TrackPointExtension>
            <ns3:atemp>27.0</ns3:atemp>
            <ns3:hr>76</ns3:hr>
          </ns3:TrackPointExtension>
        </extensions>
      </trkpt>
      <trkpt lat="48.69281482882797718048095703125" lon="-1.80442862212657928466796875">
        <ele>2.599999904632568359375</ele>
        <time>2026-08-22T15:26:14.000Z</time>
        <extensions>
          <ns3:TrackPointExtension>
            <ns3:atemp>27.0</ns3:atemp>
            <ns3:hr>76</ns3:hr>
          </ns3:TrackPointExtension>
        </extensions>
      </trkpt>
      <trkpt lat="48.69282220490276813507080078125" lon="-1.80436198599636554718017578125">
        <ele>2.7999999523162841796875</ele>
        <time>2026-08-22T15:26:15.000Z</time>
        <extensions>
          <ns3:TrackPointExtension>
            <ns3:atemp>27.0</ns3:atemp>
            <ns3:hr>76</ns3:hr>
          </ns3:TrackPointExtension>
        </extensions>
      </trkpt>
      <trkpt lat="48.69285372085869312286376953125" lon="-1.8040693737566471099853515625">
        <ele>2.7999999523162841796875</ele>
        <time>2026-08-22T15:26:20.000Z</time>
        <extensions>
          <ns3:TrackPointExtension>
            <ns3:atemp>27.0</ns3:atemp>
            <ns3:hr>77</ns3:hr>
          </ns3:TrackPointExtension>
        </extensions>
      </trkpt>
      <trkpt lat="48.69286713190376758575439453125" lon="-1.80390215478837490081787109375">
        <ele>2.7999999523162841796875</ele>
        <time>2026-08-22T15:26:23.000Z</time>
        <extensions>
          <ns3:TrackPointExtension>
            <ns3:atemp>27.0</ns3:atemp>
            <ns3:hr>80</ns3:hr>
          </ns3:TrackPointExtension>
        </extensions>
      </trkpt>
      <trkpt lat="48.6928883381187915802001953125" lon="-1.8037153221666812896728515625">
        <ele>2.7999999523162841796875</ele>
        <time>2026-08-22T15:26:26.000Z</time>
        <extensions>
          <ns3:TrackPointExtension>
            <ns3:atemp>27.0</ns3:atemp>
            <ns3:hr>81</ns3:hr>
          </ns3:TrackPointExtension>
        </extensions>
      </trkpt>
      <trkpt lat="48.69290552102029323577880859375" lon="-1.80358950980007648468017578125">
        <ele>3</ele>
        <time>2026-08-22T15:26:28.000Z</time>
        <extensions>
          <ns3:TrackPointExtension>
            <ns3:atemp>27.0</ns3:atemp>
            <ns3:hr>79</ns3:hr>
          </ns3:TrackPointExtension>
        </extensions>
      </trkpt>
      <trkpt lat="48.69292111136019229888916015625" lon="-1.80339437909424304962158203125">
        <ele>3</ele>
        <time>2026-08-22T15:26:31.000Z</time>
        <extensions>
          <ns3:TrackPointExtension>
            <ns3:atemp>27.0</ns3:atemp>
            <ns3:hr>78</ns3:hr>
          </ns3:TrackPointExtension>
        </extensions>
      </trkpt>
      <trkpt lat="48.69295061565935611724853515625" lon="-1.8031329475343227386474609375">
        <ele>3.2000000476837158203125</ele>
        <time>2026-08-22T15:26:35.000Z</time>
        <extensions>
          <ns3:TrackPointExtension>
            <ns3:atemp>27.0</ns3:atemp>
            <ns3:hr>74</ns3:hr>
          </ns3:TrackPointExtension>
        </extensions>
      </trkpt>
      <trkpt lat="48.6929610930383205413818359375" lon="-1.80306195281445980072021484375">
        <ele>3.2000000476837158203125</ele>
        <time>2026-08-22T15:26:36.000Z</time>
        <extensions>
          <ns3:TrackPointExtension>
            <ns3:atemp>27.0</ns3:atemp>
            <ns3:hr>71</ns3:hr>
          </ns3:TrackPointExtension>
        </extensions>
      </trkpt>
      <trkpt lat="48.6929713189601898193359375" lon="-1.80299724452197551727294921875">
        <ele>3</ele>
        <time>2026-08-22T15:26:37.000Z</time>
        <extensions>
          <ns3:TrackPointExtension>
            <ns3:atemp>27.0</ns3:atemp>
            <ns3:hr>68</ns3:hr>
          </ns3:TrackPointExtension>
        </extensions>
      </trkpt>
      <trkpt lat="48.69298011995851993560791015625" lon="-1.80293085984885692596435546875">
        <ele>2.7999999523162841796875</ele>
        <time>2026-08-22T15:26:38.000Z</time>
        <extensions>
          <ns3:TrackPointExtension>
            <ns3:atemp>27.0</ns3:atemp>
            <ns3:hr>65</ns3:hr>
          </ns3:TrackPointExtension>
        </extensions>
      </trkpt>
      <trkpt lat="48.69301347993314266204833984375" lon="-1.8026362359523773193359375">
        <ele>2.7999999523162841796875</ele>
        <time>2026-08-22T15:26:43.000Z</time>
        <extensions>
          <ns3:TrackPointExtension>
            <ns3:atemp>27.0</ns3:atemp>
            <ns3:hr>67</ns3:hr>
          </ns3:TrackPointExtension>
        </extensions>
      </trkpt>
      <trkpt lat="48.69301783852279186248779296875" lon="-1.80257529951632022857666015625">
        <ele>2.7999999523162841796875</ele>
        <time>2026-08-22T15:26:44.000Z</time>
        <extensions>
          <ns3:TrackPointExtension>
            <ns3:atemp>27.0</ns3:atemp>
            <ns3:hr>71</ns3:hr>
          </ns3:TrackPointExtension>
        </extensions>
      </trkpt>
      <trkpt lat="48.69302337057888507843017578125" lon="-1.80252199061214923858642578125">
        <ele>2.599999904632568359375</ele>
        <time>2026-08-22T15:26:45.000Z</time>
        <extensions>
          <ns3:TrackPointExtension>
            <ns3:atemp>27.0</ns3:atemp>
            <ns3:hr>75</ns3:hr>
          </ns3:TrackPointExtension>
        </extensions>
      </trkpt>
      <trkpt lat="48.6930355243384838104248046875" lon="-1.80241637863218784332275390625">
        <ele>2.400000095367431640625</ele>
        <time>2026-08-22T15:26:47.000Z</time>
        <extensions>
          <ns3:TrackPointExtension>
            <ns3:atemp>27.0</ns3:atemp>
            <ns3:hr>79</ns3:hr>
          </ns3:TrackPointExtension>
        </extensions>
      </trkpt>
      <trkpt lat="48.6930569820106029510498046875" lon="-1.802332811057567596435546875">
        <ele>2.400000095367431640625</ele>
        <time>2026-08-22T15:26:49.000Z</time>
        <extensions>
          <ns3:TrackPointExtension>
            <ns3:atemp>27.0</ns3:atemp>
            <ns3:hr>81</ns3:hr>
          </ns3:TrackPointExtension>
        </extensions>
      </trkpt>
      <trkpt lat="48.6931054294109344482421875" lon="-1.80211261846125125885009765625">
        <ele>2.7999999523162841796875</ele>
        <time>2026-08-22T15:26:55.000Z</time>
        <extensions>
          <ns3:TrackPointExtension>
            <ns3:atemp>27.0</ns3:atemp>
            <ns3:hr>84</ns3:hr>
          </ns3:TrackPointExtension>
        </extensions>
      </trkpt>
      <trkpt lat="48.6931176669895648956298828125" lon="-1.80207858793437480926513671875">
        <ele>2.599999904632568359375</ele>
        <time>2026-08-22T15:26:56.000Z</time>
        <extensions>
          <ns3:TrackPointExtension>
            <ns3:atemp>27.0</ns3:atemp>
            <ns3:hr>85</ns3:hr>
          </ns3:TrackPointExtension>
        </extensions>
      </trkpt>
      <trkpt lat="48.69317458011209964752197265625" lon="-1.8019400350749492645263671875">
        <ele>2.599999904632568359375</ele>
        <time>2026-08-22T15:27:02.000Z</time>
        <extensions>
          <ns3:TrackPointExtension>
            <ns3:atemp>27.0</ns3:atemp>
            <ns3:hr>82</ns3:hr>
          </ns3:TrackPointExtension>
        </extensions>
      </trkpt>
      <trkpt lat="48.693172819912433624267578125" lon="-1.80194330401718616485595703125">
        <ele>2.599999904632568359375</ele>
        <time>2026-08-22T15:27:03.000Z</time>
        <extensions>
          <ns3:TrackPointExtension>
            <ns3:atemp>27.0</ns3:atemp>
            <ns3:hr>81</ns3:hr>
          </ns3:TrackPointExtension>
        </extensions>
      </trkpt>
      <trkpt lat="48.693172819912433624267578125" lon="-1.80194330401718616485595703125">
        <ele>2.599999904632568359375</ele>
        <time>2026-08-22T15:27:04.000Z</time>
        <extensions>
          <ns3:TrackPointExtension>
            <ns3:atemp>27.0</ns3:atemp>
            <ns3:hr>75</ns3:hr>
          </ns3:TrackPointExtension>
        </extensions>
      </trkpt>
      <trkpt lat="48.693172819912433624267578125" lon="-1.80194330401718616485595703125">
        <ele>2.599999904632568359375</ele>
        <time>2026-08-22T15:27:05.000Z</time>
        <extensions>
          <ns3:TrackPointExtension>
            <ns3:atemp>27.0</ns3:atemp>
            <ns3:hr>75</ns3:hr>
          </ns3:TrackPointExtension>
        </extensions>
      </trkpt>
      <trkpt lat="48.693172819912433624267578125" lon="-1.80194330401718616485595703125">
        <ele>2.400000095367431640625</ele>
        <time>2026-08-22T15:27:07.000Z</time>
        <extensions>
          <ns3:TrackPointExtension>
            <ns3:atemp>27.0</ns3:atemp>
            <ns3:hr>72</ns3:hr>
          </ns3:TrackPointExtension>
        </extensions>
      </trkpt>
      <trkpt lat="48.69317608885467052459716796875" lon="-1.80195294320583343505859375">
        <ele>2.400000095367431640625</ele>
        <time>2026-08-22T15:27:08.000Z</time>
        <extensions>
          <ns3:TrackPointExtension>
            <ns3:atemp>27.0</ns3:atemp>
            <ns3:hr>70</ns3:hr>
          </ns3:TrackPointExtension>
        </extensions>
      </trkpt>
      <trkpt lat="48.6931857280433177947998046875" lon="-1.801990829408168792724609375">
        <ele>2</ele>
        <time>2026-08-22T15:27:11.000Z</time>
        <extensions>
          <ns3:TrackPointExtension>
            <ns3:atemp>27.0</ns3:atemp>
            <ns3:hr>67</ns3:hr>
          </ns3:TrackPointExtension>
        </extensions>
      </trkpt>
      <trkpt lat="48.6931994743645191192626953125" lon="-1.80203743278980255126953125">
        <ele>1.7999999523162841796875</ele>
        <time>2026-08-22T15:27:13.000Z</time>
        <extensions>
          <ns3:TrackPointExtension>
            <ns3:atemp>27.0</ns3:atemp>
            <ns3:hr>67</ns3:hr>
          </ns3:TrackPointExtension>
        </extensions>
      </trkpt>
      <trkpt lat="48.69321498088538646697998046875" lon="-1.80208747275173664093017578125">
        <ele>1.7999999523162841796875</ele>
        <time>2026-08-22T15:27:15.000Z</time>
        <extensions>
          <ns3:TrackPointExtension>
            <ns3:atemp>27.0</ns3:atemp>
            <ns3:hr>71</ns3:hr>
          </ns3:TrackPointExtension>
        </extensions>
      </trkpt>
      <trkpt lat="48.69324557483196258544921875" lon="-1.80215008556842803955078125">
        <ele>2</ele>
        <time>2026-08-22T15:27:17.000Z</time>
        <extensions>
          <ns3:TrackPointExtension>
            <ns3:atemp>27.0</ns3:atemp>
            <ns3:hr>75</ns3:hr>
          </ns3:TrackPointExtension>
        </extensions>
      </trkpt>
      <trkpt lat="48.69325722567737102508544921875" lon="-1.8021968565881252288818359375">
        <ele>1.7999999523162841796875</ele>
        <time>2026-08-22T15:27:18.000Z</time>
        <extensions>
          <ns3:TrackPointExtension>
            <ns3:atemp>27.0</ns3:atemp>
            <ns3:hr>77</ns3:hr>
          </ns3:TrackPointExtension>
        </extensions>
      </trkpt>
      <trkpt lat="48.69329117238521575927734375" lon="-1.80230406112968921661376953125">
        <ele>2</ele>
        <time>2026-08-22T15:27:20.000Z</time>
        <extensions>
          <ns3:TrackPointExtension>
            <ns3:atemp>27.0</ns3:atemp>
            <ns3:hr>80</ns3:hr>
          </ns3:TrackPointExtension>
        </extensions>
      </trkpt>
      <trkpt lat="48.69332210160791873931884765625" lon="-1.802474968135356903076171875">
        <ele>2.400000095367431640625</ele>
        <time>2026-08-22T15:27:23.000Z</time>
        <extensions>
          <ns3:TrackPointExtension>
            <ns3:atemp>27.0</ns3:atemp>
            <ns3:hr>84</ns3:hr>
          </ns3:TrackPointExtension>
        </extensions>
      </trkpt>
      <trkpt lat="48.69334221817553043365478515625" lon="-1.80258569307625293731689453125">
        <ele>2.400000095367431640625</ele>
        <time>2026-08-22T15:27:25.000Z</time>
        <extensions>
          <ns3:TrackPointExtension>
            <ns3:atemp>27.0</ns3:atemp>
            <ns3:hr>87</ns3:hr>
          </ns3:TrackPointExtension>
        </extensions>
      </trkpt>
      <trkpt lat="48.6933972872793674468994140625" lon="-1.802895404398441314697265625">
        <ele>2.599999904632568359375</ele>
        <time>2026-08-22T15:27:30.000Z</time>
        <extensions>
          <ns3:TrackPointExtension>
            <ns3:atemp>27.0</ns3:atemp>
            <ns3:hr>89</ns3:hr>
          </ns3:TrackPointExtension>
        </extensions>
      </trkpt>
      <trkpt lat="48.693434335291385650634765625" lon="-1.80324149318039417266845703125">
        <ele>2.7999999523162841796875</ele>
        <time>2026-08-22T15:27:35.000Z</time>
        <extensions>
          <ns3:TrackPointExtension>
            <ns3:atemp>27.0</ns3:atemp>
            <ns3:hr>91</ns3:hr>
          </ns3:TrackPointExtension>
        </extensions>
      </trkpt>
      <trkpt lat="48.693440370261669158935546875" lon="-1.8033207021653652191162109375">
        <ele>2.7999999523162841796875</ele>
        <time>2026-08-22T15:27:36.000Z</time>
        <extensions>
          <ns3:TrackPointExtension>
            <ns3:atemp>27.0</ns3:atemp>
            <ns3:hr>93</ns3:hr>
          </ns3:TrackPointExtension>
        </extensions>
      </trkpt>
      <trkpt lat="48.69346023537218570709228515625" lon="-1.8034940399229526519775390625">
        <ele>2.599999904632568359375</ele>
        <time>2026-08-22T15:27:38.000Z</time>
        <extensions>
          <ns3:TrackPointExtension>
            <ns3:atemp>27.0</ns3:atemp>
            <ns3:hr>94</ns3:hr>
          </ns3:TrackPointExtension>
        </extensions>
      </trkpt>
      <trkpt lat="48.69350449182093143463134765625" lon="-1.80371775291860103607177734375">
        <ele>2.7999999523162841796875</ele>
        <time>2026-08-22T15:27:41.000Z</time>
        <extensions>
          <ns3:TrackPointExtension>
            <ns3:atemp>27.0</ns3:atemp>
            <ns3:hr>95</ns3:hr>
          </ns3:TrackPointExtension>
        </extensions>
      </trkpt>
      <trkpt lat="48.693559058010578155517578125" lon="-1.80396166630089282989501953125">
        <ele>3.400000095367431640625</ele>
        <time>2026-08-22T15:27:44.000Z</time>
        <extensions>
          <ns3:TrackPointExtension>
            <ns3:atemp>27.0</ns3:atemp>
            <ns3:hr>96</ns3:hr>
          </ns3:TrackPointExtension>
        </extensions>
      </trkpt>
      <trkpt lat="48.69359836913645267486572265625" lon="-1.8041163124144077301025390625">
        <ele>3.2000000476837158203125</ele>
        <time>2026-08-22T15:27:46.000Z</time>
        <extensions>
          <ns3:TrackPointExtension>
            <ns3:atemp>27.0</ns3:atemp>
            <ns3:hr>95</ns3:hr>
          </ns3:TrackPointExtension>
        </extensions>
      </trkpt>
      <trkpt lat="48.69363625533878803253173828125" lon="-1.80425821803510189056396484375">
        <ele>3.2000000476837158203125</ele>
        <time>2026-08-22T15:27:48.000Z</time>
        <extensions>
          <ns3:TrackPointExtension>
            <ns3:atemp>27.0</ns3:atemp>
            <ns3:hr>95</ns3:hr>
          </ns3:TrackPointExtension>
        </extensions>
      </trkpt>
      <trkpt lat="48.6936909891664981842041015625" lon="-1.804494671523571014404296875">
        <ele>3.599999904632568359375</ele>
        <time>2026-08-22T15:27:51.000Z</time>
        <extensions>
          <ns3:TrackPointExtension>
            <ns3:atemp>27.0</ns3:atemp>
            <ns3:hr>94</ns3:hr>
          </ns3:TrackPointExtension>
        </extensions>
      </trkpt>
      <trkpt lat="48.69370934553444385528564453125" lon="-1.80457689799368381500244140625">
        <ele>3.599999904632568359375</ele>
        <time>2026-08-22T15:27:52.000Z</time>
        <extensions>
          <ns3:TrackPointExtension>
            <ns3:atemp>27.0</ns3:atemp>
            <ns3:hr>95</ns3:hr>
          </ns3:TrackPointExtension>
        </extensions>
      </trkpt>
      <trkpt lat="48.69379634968936443328857421875" lon="-1.8050413392484188079833984375">
        <ele>3.2000000476837158203125</ele>
        <time>2026-08-22T15:27:58.000Z</time>
        <extensions>
          <ns3:TrackPointExtension>
            <ns3:atemp>27.0</ns3:atemp>
            <ns3:hr>94</ns3:hr>
          </ns3:TrackPointExtension>
        </extensions>
      </trkpt>
      <trkpt lat="48.6938314698636531829833984375" lon="-1.8052083067595958709716796875">
        <ele>2.7999999523162841796875</ele>
        <time>2026-08-22T15:28:00.000Z</time>
        <extensions>
          <ns3:TrackPointExtension>
            <ns3:atemp>27.0</ns3:atemp>
            <ns3:hr>93</ns3:hr>
          </ns3:TrackPointExtension>
        </extensions>
      </trkpt>
      <trkpt lat="48.69385049678385257720947265625" lon="-1.8052835762500762939453125">
        <ele>2.599999904632568359375</ele>
        <time>2026-08-22T15:28:01.000Z</time>
        <extensions>
          <ns3:TrackPointExtension>
            <ns3:atemp>27.0</ns3:atemp>
            <ns3:hr>92</ns3:hr>
          </ns3:TrackPointExtension>
        </extensions>
      </trkpt>
      <trkpt lat="48.69388536550104618072509765625" lon="-1.80543537251651287078857421875">
        <ele>2.2000000476837158203125</ele>
        <time>2026-08-22T15:28:03.000Z</time>
        <extensions>
          <ns3:TrackPointExtension>
            <ns3:atemp>27.0</ns3:atemp>
            <ns3:hr>91</ns3:hr>
          </ns3:TrackPointExtension>
        </extensions>
      </trkpt>
      <trkpt lat="48.69392341934144496917724609375" lon="-1.805678866803646087646484375">
        <ele>2.7999999523162841796875</ele>
        <time>2026-08-22T15:28:06.000Z</time>
        <extensions>
          <ns3:TrackPointExtension>
            <ns3:atemp>27.0</ns3:atemp>
            <ns3:hr>91</ns3:hr>
          </ns3:TrackPointExtension>
        </extensions>
      </trkpt>
      <trkpt lat="48.69394487701356410980224609375" lon="-1.80575841106474399566650390625">
        <ele>3.2000000476837158203125</ele>
        <time>2026-08-22T15:28:07.000Z</time>
        <extensions>
          <ns3:TrackPointExtension>
            <ns3:atemp>27.0</ns3:atemp>
            <ns3:hr>91</ns3:hr>
          </ns3:TrackPointExtension>
        </extensions>
      </trkpt>
      <trkpt lat="48.693998940289020538330078125" lon="-1.80598891340196132659912109375">
        <ele>2</ele>
        <time>2026-08-22T15:28:11.000Z</time>
        <extensions>
          <ns3:TrackPointExtension>
            <ns3:atemp>27.0</ns3:atemp>
            <ns3:hr>91</ns3:hr>
          </ns3:TrackPointExtension>
        </extensions>
      </trkpt>
      <trkpt lat="48.69400891475379467010498046875" lon="-1.80615269578993320465087890625">
        <ele>1.7999999523162841796875</ele>
        <time>2026-08-22T15:28:14.000Z</time>
        <extensions>
          <ns3:TrackPointExtension>
            <ns3:atemp>27.0</ns3:atemp>
            <ns3:hr>92</ns3:hr>
          </ns3:TrackPointExtension>
        </extensions>
      </trkpt>
      <trkpt lat="48.69400824420154094696044921875" lon="-1.80628060363233089447021484375">
        <ele>1.7999999523162841796875</ele>
        <time>2026-08-22T15:28:16.000Z</time>
        <extensions>
          <ns3:TrackPointExtension>
            <ns3:atemp>27.0</ns3:atemp>
            <ns3:hr>92</ns3:hr>
          </ns3:TrackPointExtension>
        </extensions>
      </trkpt>
      <trkpt lat="48.69400556199252605438232421875" lon="-1.80633994750678539276123046875">
        <ele>1.7999999523162841796875</ele>
        <time>2026-08-22T15:28:17.000Z</time>
        <extensions>
          <ns3:TrackPointExtension>
            <ns3:atemp>27.0</ns3:atemp>
            <ns3:hr>93</ns3:hr>
          </ns3:TrackPointExtension>
        </extensions>
      </trkpt>
      <trkpt lat="48.69401260279119014739990234375" lon="-1.80650532245635986328125">
        <ele>1.60000002384185791015625</ele>
        <time>2026-08-22T15:28:20.000Z</time>
        <extensions>
          <ns3:TrackPointExtension>
            <ns3:atemp>27.0</ns3:atemp>
            <ns3:hr>93</ns3:hr>
          </ns3:TrackPointExtension>
        </extensions>
      </trkpt>
      <trkpt lat="48.6940510757267475128173828125" lon="-1.80667824111878871917724609375">
        <ele>2.2000000476837158203125</ele>
        <time>2026-08-22T15:28:23.000Z</time>
        <extensions>
          <ns3:TrackPointExtension>
            <ns3:atemp>27.0</ns3:atemp>
            <ns3:hr>96</ns3:hr>
          </ns3:TrackPointExtension>
        </extensions>
      </trkpt>
      <trkpt lat="48.69409390725195407867431640625" lon="-1.80686968378722667694091796875">
        <ele>2.2000000476837158203125</ele>
        <time>2026-08-22T15:28:26.000Z</time>
        <extensions>
          <ns3:TrackPointExtension>
            <ns3:atemp>27.0</ns3:atemp>
            <ns3:hr>98</ns3:hr>
          </ns3:TrackPointExtension>
        </extensions>
      </trkpt>
      <trkpt lat="48.6941144429147243499755859375" lon="-1.8069986812770366668701171875">
        <ele>2</ele>
        <time>2026-08-22T15:28:28.000Z</time>
        <extensions>
          <ns3:TrackPointExtension>
            <ns3:atemp>27.0</ns3:atemp>
            <ns3:hr>100</ns3:hr>
          </ns3:TrackPointExtension>
        </extensions>
      </trkpt>
      <trkpt lat="48.69413070380687713623046875" lon="-1.80706682614982128143310546875">
        <ele>2</ele>
        <time>2026-08-22T15:28:29.000Z</time>
        <extensions>
          <ns3:TrackPointExtension>
            <ns3:atemp>27.0</ns3:atemp>
            <ns3:hr>100</ns3:hr>
          </ns3:TrackPointExtension>
        </extensions>
      </trkpt>
      <trkpt lat="48.69420471601188182830810546875" lon="-1.8073943071067333221435546875">
        <ele>2.599999904632568359375</ele>
        <time>2026-08-22T15:28:34.000Z</time>
        <extensions>
          <ns3:TrackPointExtension>
            <ns3:atemp>27.0</ns3:atemp>
            <ns3:hr>96</ns3:hr>
          </ns3:TrackPointExtension>
        </extensions>
      </trkpt>
      <trkpt lat="48.69422315619885921478271484375" lon="-1.807458512485027313232421875">
        <ele>2.599999904632568359375</ele>
        <time>2026-08-22T15:28:35.000Z</time>
        <extensions>
          <ns3:TrackPointExtension>
            <ns3:atemp>27.0</ns3:atemp>
            <ns3:hr>94</ns3:hr>
          </ns3:TrackPointExtension>
        </extensions>
      </trkpt>
      <trkpt lat="48.69425919838249683380126953125" lon="-1.8075867556035518646240234375">
        <ele>2.599999904632568359375</ele>
        <time>2026-08-22T15:28:37.000Z</time>
        <extensions>
          <ns3:TrackPointExtension>
            <ns3:atemp>27.0</ns3:atemp>
            <ns3:hr>92</ns3:hr>
          </ns3:TrackPointExtension>
        </extensions>
      </trkpt>
      <trkpt lat="48.694309405982494354248046875" lon="-1.80770703591406345367431640625">
        <ele>2.599999904632568359375</ele>
        <time>2026-08-22T15:28:39.000Z</time>
        <extensions>
          <ns3:TrackPointExtension>
            <ns3:atemp>27.0</ns3:atemp>
            <ns3:hr>91</ns3:hr>
          </ns3:TrackPointExtension>
        </extensions>
      </trkpt>
      <trkpt lat="48.69433396495878696441650390625" lon="-1.807766295969486236572265625">
        <ele>2.599999904632568359375</ele>
        <time>2026-08-22T15:28:40.000Z</time>
        <extensions>
          <ns3:TrackPointExtension>
            <ns3:atemp>27.0</ns3:atemp>
            <ns3:hr>90</ns3:hr>
          </ns3:TrackPointExtension>
        </extensions>
      </trkpt>
      <trkpt lat="48.69447981007397174835205078125" lon="-1.80815689265727996826171875">
        <ele>3.599999904632568359375</ele>
        <time>2026-08-22T15:28:46.000Z</time>
        <extensions>
          <ns3:TrackPointExtension>
            <ns3:atemp>27.0</ns3:atemp>
            <ns3:hr>88</ns3:hr>
          </ns3:TrackPointExtension>
        </extensions>
      </trkpt>
      <trkpt lat="48.694573938846588134765625" lon="-1.80844388902187347412109375">
        <ele>3.7999999523162841796875</ele>
        <time>2026-08-22T15:28:50.000Z</time>
        <extensions>
          <ns3:TrackPointExtension>
            <ns3:atemp>27.0</ns3:atemp>
            <ns3:hr>92</ns3:hr>
          </ns3:TrackPointExtension>
        </extensions>
      </trkpt>
      <trkpt lat="48.69462280534207820892333984375" lon="-1.80858797393739223480224609375">
        <ele>3.599999904632568359375</ele>
        <time>2026-08-22T15:28:52.000Z</time>
        <extensions>
          <ns3:TrackPointExtension>
            <ns3:atemp>27.0</ns3:atemp>
            <ns3:hr>94</ns3:hr>
          </ns3:TrackPointExtension>
        </extensions>
      </trkpt>
      <trkpt lat="48.69477015919983386993408203125" lon="-1.8090586178004741668701171875">
        <ele>3.2000000476837158203125</ele>
        <time>2026-08-22T15:28:59.000Z</time>
        <extensions>
          <ns3:TrackPointExtension>
            <ns3:atemp>27.0</ns3:atemp>
            <ns3:hr>91</ns3:hr>
          </ns3:TrackPointExtension>
        </extensions>
      </trkpt>
      <trkpt lat="48.69482581503689289093017578125" lon="-1.80924318730831146240234375">
        <ele>2.7999999523162841796875</ele>
        <time>2026-08-22T15:29:02.000Z</time>
        <extensions>
          <ns3:TrackPointExtension>
            <ns3:atemp>27.0</ns3:atemp>
            <ns3:hr>91</ns3:hr>
          </ns3:TrackPointExtension>
        </extensions>
      </trkpt>
      <trkpt lat="48.69485045783221721649169921875" lon="-1.80936916731297969818115234375">
        <ele>2.599999904632568359375</ele>
        <time>2026-08-22T15:29:04.000Z</time>
        <extensions>
          <ns3:TrackPointExtension>
            <ns3:atemp>27.0</ns3:atemp>
            <ns3:hr>93</ns3:hr>
          </ns3:TrackPointExtension>
        </extensions>
      </trkpt>
      <trkpt lat="48.694885410368442535400390625" lon="-1.8094807304441928863525390625">
        <ele>2.599999904632568359375</ele>
        <time>2026-08-22T15:29:06.000Z</time>
        <extensions>
          <ns3:TrackPointExtension>
            <ns3:atemp>27.0</ns3:atemp>
            <ns3:hr>92</ns3:hr>
          </ns3:TrackPointExtension>
        </extensions>
      </trkpt>
      <trkpt lat="48.69495858438313007354736328125" lon="-1.80971081368625164031982421875">
        <ele>2.599999904632568359375</ele>
        <time>2026-08-22T15:29:10.000Z</time>
        <extensions>
          <ns3:TrackPointExtension>
            <ns3:atemp>27.0</ns3:atemp>
            <ns3:hr>93</ns3:hr>
          </ns3:TrackPointExtension>
        </extensions>
      </trkpt>
      <trkpt lat="48.695101998746395111083984375" lon="-1.81013292632997035980224609375">
        <ele>3.2000000476837158203125</ele>
        <time>2026-08-22T15:29:17.000Z</time>
        <extensions>
          <ns3:TrackPointExtension>
            <ns3:atemp>27.0</ns3:atemp>
            <ns3:hr>94</ns3:hr>
          </ns3:TrackPointExtension>
        </extensions>
      </trkpt>
      <trkpt lat="48.6952808685600757598876953125" lon="-1.81061505340039730072021484375">
        <ele>3.2000000476837158203125</ele>
        <time>2026-08-22T15:29:25.000Z</time>
        <extensions>
          <ns3:TrackPointExtension>
            <ns3:atemp>27.0</ns3:atemp>
            <ns3:hr>96</ns3:hr>
          </ns3:TrackPointExtension>
        </extensions>
      </trkpt>
      <trkpt lat="48.6953683756291866302490234375" lon="-1.81088813580572605133056640625">
        <ele>3.2000000476837158203125</ele>
        <time>2026-08-22T15:29:29.000Z</time>
        <extensions>
          <ns3:TrackPointExtension>
            <ns3:atemp>26.0</ns3:atemp>
            <ns3:hr>97</ns3:hr>
          </ns3:TrackPointExtension>
        </extensions>
      </trkpt>
      <trkpt lat="48.695400394499301910400390625" lon="-1.8110367469489574432373046875">
        <ele>3</ele>
        <time>2026-08-22T15:29:31.000Z</time>
        <extensions>
          <ns3:TrackPointExtension>
            <ns3:atemp>26.0</ns3:atemp>
            <ns3:hr>98</ns3:hr>
          </ns3:TrackPointExtension>
        </extensions>
      </trkpt>
      <trkpt lat="48.69543149136006832122802734375" lon="-1.8111737072467803955078125">
        <ele>3</ele>
        <time>2026-08-22T15:29:33.000Z</time>
        <extensions>
          <ns3:TrackPointExtension>
            <ns3:atemp>26.0</ns3:atemp>
            <ns3:hr>98</ns3:hr>
          </ns3:TrackPointExtension>
        </extensions>
      </trkpt>
      <trkpt lat="48.6954783461987972259521484375" lon="-1.81136925704777240753173828125">
        <ele>2.7999999523162841796875</ele>
        <time>2026-08-22T15:29:36.000Z</time>
        <extensions>
          <ns3:TrackPointExtension>
            <ns3:atemp>26.0</ns3:atemp>
            <ns3:hr>99</ns3:hr>
          </ns3:TrackPointExtension>
        </extensions>
      </trkpt>
      <trkpt lat="48.695513047277927398681640625" lon="-1.8115007691085338592529296875">
        <ele>2.599999904632568359375</ele>
        <time>2026-08-22T15:29:38.000Z</time>
        <extensions>
          <ns3:TrackPointExtension>
            <ns3:atemp>26.0</ns3:atemp>
            <ns3:hr>99</ns3:hr>
          </ns3:TrackPointExtension>
        </extensions>
      </trkpt>
      <trkpt lat="48.6955923400819301605224609375" lon="-1.8118335306644439697265625">
        <ele>2.7999999523162841796875</ele>
        <time>2026-08-22T15:29:43.000Z</time>
        <extensions>
          <ns3:TrackPointExtension>
            <ns3:atemp>26.0</ns3:atemp>
            <ns3:hr>100</ns3:hr>
          </ns3:TrackPointExtension>
        </extensions>
      </trkpt>
      <trkpt lat="48.6956857144832611083984375" lon="-1.81223644874989986419677734375">
        <ele>3</ele>
        <time>2026-08-22T15:29:49.000Z</time>
        <extensions>
          <ns3:TrackPointExtension>
            <ns3:atemp>26.0</ns3:atemp>
            <ns3:hr>97</ns3:hr>
          </ns3:TrackPointExtension>
        </extensions>
      </trkpt>
      <trkpt lat="48.6957026459276676177978515625" lon="-1.81230719201266765594482421875">
        <ele>3</ele>
        <time>2026-08-22T15:29:50.000Z</time>
        <extensions>
          <ns3:TrackPointExtension>
            <ns3:atemp>26.0</ns3:atemp>
            <ns3:hr>97</ns3:hr>
          </ns3:TrackPointExtension>
        </extensions>
      </trkpt>
      <trkpt lat="48.69575746357440948486328125" lon="-1.81251858361065387725830078125">
        <ele>3</ele>
        <time>2026-08-22T15:29:53.000Z</time>
        <extensions>
          <ns3:TrackPointExtension>
            <ns3:atemp>26.0</ns3:atemp>
            <ns3:hr>96</ns3:hr>
          </ns3:TrackPointExtension>
        </extensions>
      </trkpt>
      <trkpt lat="48.69578428566455841064453125" lon="-1.81264967657625675201416015625">
        <ele>2.7999999523162841796875</ele>
        <time>2026-08-22T15:29:55.000Z</time>
        <extensions>
          <ns3:TrackPointExtension>
            <ns3:atemp>26.0</ns3:atemp>
            <ns3:hr>94</ns3:hr>
          </ns3:TrackPointExtension>
        </extensions>
      </trkpt>
      <trkpt lat="48.695835582911968231201171875" lon="-1.81284363381564617156982421875">
        <ele>2.599999904632568359375</ele>
        <time>2026-08-22T15:29:58.000Z</time>
        <extensions>
          <ns3:TrackPointExtension>
            <ns3:atemp>26.0</ns3:atemp>
            <ns3:hr>90</ns3:hr>
          </ns3:TrackPointExtension>
        </extensions>
      </trkpt>
      <trkpt lat="48.695904314517974853515625" lon="-1.81303256191313266754150390625">
        <ele>2.599999904632568359375</ele>
        <time>2026-08-22T15:30:01.000Z</time>
        <extensions>
          <ns3:TrackPointExtension>
            <ns3:atemp>26.0</ns3:atemp>
            <ns3:hr>87</ns3:hr>
          </ns3:TrackPointExtension>
        </extensions>
      </trkpt>
      <trkpt lat="48.69592099450528621673583984375" lon="-1.81309458799660205841064453125">
        <ele>2.7999999523162841796875</ele>
        <time>2026-08-22T15:30:02.000Z</time>
        <extensions>
          <ns3:TrackPointExtension>
            <ns3:atemp>26.0</ns3:atemp>
            <ns3:hr>86</ns3:hr>
          </ns3:TrackPointExtension>
        </extensions>
      </trkpt>
      <trkpt lat="48.69597447104752063751220703125" lon="-1.81327932514250278472900390625">
        <ele>2.599999904632568359375</ele>
        <time>2026-08-22T15:30:05.000Z</time>
        <extensions>
          <ns3:TrackPointExtension>
            <ns3:atemp>26.0</ns3:atemp>
            <ns3:hr>90</ns3:hr>
          </ns3:TrackPointExtension>
        </extensions>
      </trkpt>
      <trkpt lat="48.6960077472031116485595703125" lon="-1.8134108372032642364501953125">
        <ele>2.599999904632568359375</ele>
        <time>2026-08-22T15:30:07.000Z</time>
        <extensions>
          <ns3:TrackPointExtension>
            <ns3:atemp>26.0</ns3:atemp>
            <ns3:hr>91</ns3:hr>
          </ns3:TrackPointExtension>
        </extensions>
      </trkpt>
      <trkpt lat="48.69602509774267673492431640625" lon="-1.81347244419157505035400390625">
        <ele>2.400000095367431640625</ele>
        <time>2026-08-22T15:30:08.000Z</time>
        <extensions>
          <ns3:TrackPointExtension>
            <ns3:atemp>26.0</ns3:atemp>
            <ns3:hr>90</ns3:hr>
          </ns3:TrackPointExtension>
        </extensions>
      </trkpt>
      <trkpt lat="48.69608360342681407928466796875" lon="-1.81374234147369861602783203125">
        <ele>2.400000095367431640625</ele>
        <time>2026-08-22T15:30:12.000Z</time>
        <extensions>
          <ns3:TrackPointExtension>
            <ns3:atemp>26.0</ns3:atemp>
            <ns3:hr>90</ns3:hr>
          </ns3:TrackPointExtension>
        </extensions>
      </trkpt>
      <trkpt lat="48.6961160413920879364013671875" lon="-1.81386605836451053619384765625">
        <ele>2.599999904632568359375</ele>
        <time>2026-08-22T15:30:14.000Z</time>
        <extensions>
          <ns3:TrackPointExtension>
            <ns3:atemp>26.0</ns3:atemp>
            <ns3:hr>89</ns3:hr>
          </ns3:TrackPointExtension>
        </extensions>
      </trkpt>
      <trkpt lat="48.69613842107355594635009765625" lon="-1.81392406113445758819580078125">
        <ele>2.599999904632568359375</ele>
        <time>2026-08-22T15:30:15.000Z</time>
        <extensions>
          <ns3:TrackPointExtension>
            <ns3:atemp>26.0</ns3:atemp>
            <ns3:hr>87</ns3:hr>
          </ns3:TrackPointExtension>
        </extensions>
      </trkpt>
      <trkpt lat="48.69624336250126361846923828125" lon="-1.8141306750476360321044921875">
        <ele>2.7999999523162841796875</ele>
        <time>2026-08-22T15:30:19.000Z</time>
        <extensions>
          <ns3:TrackPointExtension>
            <ns3:atemp>26.0</ns3:atemp>
            <ns3:hr>87</ns3:hr>
          </ns3:TrackPointExtension>
        </extensions>
      </trkpt>
      <trkpt lat="48.69631678797304630279541015625" lon="-1.8142609298229217529296875">
        <ele>2.400000095367431640625</ele>
        <time>2026-08-22T15:30:22.000Z</time>
        <extensions>
          <ns3:TrackPointExtension>
            <ns3:atemp>26.0</ns3:atemp>
            <ns3:hr>88</ns3:hr>
          </ns3:TrackPointExtension>
        </extensions>
      </trkpt>
      <trkpt lat="48.696365654468536376953125" lon="-1.81439328007400035858154296875">
        <ele>2.400000095367431640625</ele>
        <time>2026-08-22T15:30:25.000Z</time>
        <extensions>
          <ns3:TrackPointExtension>
            <ns3:atemp>26.0</ns3:atemp>
            <ns3:hr>85</ns3:hr>
          </ns3:TrackPointExtension>
        </extensions>
      </trkpt>
      <trkpt lat="48.6964023672044277191162109375" lon="-1.81456427089869976043701171875">
        <ele>2.2000000476837158203125</ele>
        <time>2026-08-22T15:30:28.000Z</time>
        <extensions>
          <ns3:TrackPointExtension>
            <ns3:atemp>26.0</ns3:atemp>
            <ns3:hr>86</ns3:hr>
          </ns3:TrackPointExtension>
        </extensions>
      </trkpt>
      <trkpt lat="48.6964519880712032318115234375" lon="-1.8148322403430938720703125">
        <ele>2.7999999523162841796875</ele>
        <time>2026-08-22T15:30:32.000Z</time>
        <extensions>
          <ns3:TrackPointExtension>
            <ns3:atemp>26.0</ns3:atemp>
            <ns3:hr>89</ns3:hr>
          </ns3:TrackPointExtension>
        </extensions>
      </trkpt>
      <trkpt lat="48.696483671665191650390625" lon="-1.81495738215744495391845703125">
        <ele>3.2000000476837158203125</ele>
        <time>2026-08-22T15:30:34.000Z</time>
        <extensions>
          <ns3:TrackPointExtension>
            <ns3:atemp>26.0</ns3:atemp>
            <ns3:hr>90</ns3:hr>
          </ns3:TrackPointExtension>
        </extensions>
      </trkpt>
      <trkpt lat="48.6965234018862247467041015625" lon="-1.81509115733206272125244140625">
        <ele>3.400000095367431640625</ele>
        <time>2026-08-22T15:30:36.000Z</time>
        <extensions>
          <ns3:TrackPointExtension>
            <ns3:atemp>26.0</ns3:atemp>
            <ns3:hr>91</ns3:hr>
          </ns3:TrackPointExtension>
        </extensions>
      </trkpt>
      <trkpt lat="48.69656690396368503570556640625" lon="-1.81522711180150508880615234375">
        <ele>3.2000000476837158203125</ele>
        <time>2026-08-22T15:30:38.000Z</time>
        <extensions>
          <ns3:TrackPointExtension>
            <ns3:atemp>26.0</ns3:atemp>
            <ns3:hr>88</ns3:hr>
          </ns3:TrackPointExtension>
        </extensions>
      </trkpt>
      <trkpt lat="48.69662515819072723388671875" lon="-1.81542433798313140869140625">
        <ele>3</ele>
        <time>2026-08-22T15:30:41.000Z</time>
        <extensions>
          <ns3:TrackPointExtension>
            <ns3:atemp>26.0</ns3:atemp>
            <ns3:hr>87</ns3:hr>
          </ns3:TrackPointExtension>
        </extensions>
      </trkpt>
      <trkpt lat="48.69675868190824985504150390625" lon="-1.81589481420814990997314453125">
        <ele>2.599999904632568359375</ele>
        <time>2026-08-22T15:30:48.000Z</time>
        <extensions>
          <ns3:TrackPointExtension>
            <ns3:atemp>26.0</ns3:atemp>
            <ns3:hr>86</ns3:hr>
          </ns3:TrackPointExtension>
        </extensions>
      </trkpt>
      <trkpt lat="48.69688558392226696014404296875" lon="-1.81627484969794750213623046875">
        <ele>3.400000095367431640625</ele>
        <time>2026-08-22T15:30:54.000Z</time>
        <extensions>
          <ns3:TrackPointExtension>
            <ns3:atemp>26.0</ns3:atemp>
            <ns3:hr>87</ns3:hr>
          </ns3:TrackPointExtension>
        </extensions>
      </trkpt>
      <trkpt lat="48.69693093001842498779296875" lon="-1.81640879251062870025634765625">
        <ele>3.400000095367431640625</ele>
        <time>2026-08-22T15:30:56.000Z</time>
        <extensions>
          <ns3:TrackPointExtension>
            <ns3:atemp>26.0</ns3:atemp>
            <ns3:hr>86</ns3:hr>
          </ns3:TrackPointExtension>
        </extensions>
      </trkpt>
      <trkpt lat="48.69698113761842250823974609375" lon="-1.81654625572264194488525390625">
        <ele>3.2000000476837158203125</ele>
        <time>2026-08-22T15:30:58.000Z</time>
        <extensions>
          <ns3:TrackPointExtension>
            <ns3:atemp>26.0</ns3:atemp>
            <ns3:hr>87</ns3:hr>
          </ns3:TrackPointExtension>
        </extensions>
      </trkpt>
      <trkpt lat="48.69702480733394622802734375" lon="-1.816685311496257781982421875">
        <ele>3.400000095367431640625</ele>
        <time>2026-08-22T15:31:00.000Z</time>
        <extensions>
          <ns3:TrackPointExtension>
            <ns3:atemp>26.0</ns3:atemp>
            <ns3:hr>86</ns3:hr>
          </ns3:TrackPointExtension>
        </extensions>
      </trkpt>
      <trkpt lat="48.6970400623977184295654296875" lon="-1.81675094179809093475341796875">
        <ele>3.599999904632568359375</ele>
        <time>2026-08-22T15:31:01.000Z</time>
        <extensions>
          <ns3:TrackPointExtension>
            <ns3:atemp>26.0</ns3:atemp>
            <ns3:hr>87</ns3:hr>
          </ns3:TrackPointExtension>
        </extensions>
      </trkpt>
      <trkpt lat="48.69708691723644733428955078125" lon="-1.81686895899474620819091796875">
        <ele>3.599999904632568359375</ele>
        <time>2026-08-22T15:31:03.000Z</time>
        <extensions>
          <ns3:TrackPointExtension>
            <ns3:atemp>26.0</ns3:atemp>
            <ns3:hr>88</ns3:hr>
          </ns3:TrackPointExtension>
        </extensions>
      </trkpt>
      <trkpt lat="48.6971144936978816986083984375" lon="-1.8169141374528408050537109375">
        <ele>3.2000000476837158203125</ele>
        <time>2026-08-22T15:31:04.000Z</time>
        <extensions>
          <ns3:TrackPointExtension>
            <ns3:atemp>26.0</ns3:atemp>
            <ns3:hr>88</ns3:hr>
          </ns3:TrackPointExtension>
        </extensions>
      </trkpt>
      <trkpt lat="48.69713637046515941619873046875" lon="-1.81696920655667781829833984375">
        <ele>2.7999999523162841796875</ele>
        <time>2026-08-22T15:31:05.000Z</time>
        <extensions>
          <ns3:TrackPointExtension>
            <ns3:atemp>26.0</ns3:atemp>
            <ns3:hr>88</ns3:hr>
          </ns3:TrackPointExtension>
        </extensions>
      </trkpt>
      <trkpt lat="48.69715363718569278717041015625" lon="-1.81702167727053165435791015625">
        <ele>2.400000095367431640625</ele>
        <time>2026-08-22T15:31:06.000Z</time>
        <extensions>
          <ns3:TrackPointExtension>
            <ns3:atemp>26.0</ns3:atemp>
            <ns3:hr>86</ns3:hr>
          </ns3:TrackPointExtension>
        </extensions>
      </trkpt>
      <trkpt lat="48.6971788667142391204833984375" lon="-1.817134916782379150390625">
        <ele>2.2000000476837158203125</ele>
        <time>2026-08-22T15:31:08.000Z</time>
        <extensions>
          <ns3:TrackPointExtension>
            <ns3:atemp>26.0</ns3:atemp>
            <ns3:hr>87</ns3:hr>
          </ns3:TrackPointExtension>
        </extensions>
      </trkpt>
      <trkpt lat="48.6972100473940372467041015625" lon="-1.8172581307590007781982421875">
        <ele>2.400000095367431640625</ele>
        <time>2026-08-22T15:31:10.000Z</time>
        <extensions>
          <ns3:TrackPointExtension>
            <ns3:atemp>26.0</ns3:atemp>
            <ns3:hr>83</ns3:hr>
          </ns3:TrackPointExtension>
        </extensions>
      </trkpt>
      <trkpt lat="48.69722538627684116363525390625" lon="-1.81732560507953166961669921875">
        <ele>2.400000095367431640625</ele>
        <time>2026-08-22T15:31:11.000Z</time>
        <extensions>
          <ns3:TrackPointExtension>
            <ns3:atemp>26.0</ns3:atemp>
            <ns3:hr>82</ns3:hr>
          </ns3:TrackPointExtension>
        </extensions>
      </trkpt>
      <trkpt lat="48.697261847555637359619140625" lon="-1.817451417446136474609375">
        <ele>2.7999999523162841796875</ele>
        <time>2026-08-22T15:31:13.000Z</time>
        <extensions>
          <ns3:TrackPointExtension>
            <ns3:atemp>26.0</ns3:atemp>
            <ns3:hr>82</ns3:hr>
          </ns3:TrackPointExtension>
        </extensions>
      </trkpt>
      <trkpt lat="48.69728322140872478485107421875" lon="-1.81752375327050685882568359375">
        <ele>3</ele>
        <time>2026-08-22T15:31:14.000Z</time>
        <extensions>
          <ns3:TrackPointExtension>
            <ns3:atemp>26.0</ns3:atemp>
            <ns3:hr>85</ns3:hr>
          </ns3:TrackPointExtension>
        </extensions>
      </trkpt>
      <trkpt lat="48.69730241596698760986328125" lon="-1.81758217513561248779296875">
        <ele>3.400000095367431640625</ele>
        <time>2026-08-22T15:31:15.000Z</time>
        <extensions>
          <ns3:TrackPointExtension>
            <ns3:atemp>26.0</ns3:atemp>
            <ns3:hr>87</ns3:hr>
          </ns3:TrackPointExtension>
        </extensions>
      </trkpt>
      <trkpt lat="48.69738715700805187225341796875" lon="-1.8177037127315998077392578125">
        <ele>3.2000000476837158203125</ele>
        <time>2026-08-22T15:31:18.000Z</time>
        <extensions>
          <ns3:TrackPointExtension>
            <ns3:atemp>26.0</ns3:atemp>
            <ns3:hr>90</ns3:hr>
          </ns3:TrackPointExtension>
        </extensions>
      </trkpt>
      <trkpt lat="48.6975453235208988189697265625" lon="-1.81795324198901653289794921875">
        <ele>3</ele>
        <time>2026-08-22T15:31:24.000Z</time>
        <extensions>
          <ns3:TrackPointExtension>
            <ns3:atemp>26.0</ns3:atemp>
            <ns3:hr>90</ns3:hr>
          </ns3:TrackPointExtension>
        </extensions>
      </trkpt>
      <trkpt lat="48.697644062340259552001953125" lon="-1.8181673996150493621826171875">
        <ele>2.400000095367431640625</ele>
        <time>2026-08-22T15:31:29.000Z</time>
        <extensions>
          <ns3:TrackPointExtension>
            <ns3:atemp>26.0</ns3:atemp>
            <ns3:hr>92</ns3:hr>
          </ns3:TrackPointExtension>
        </extensions>
      </trkpt>
      <trkpt lat="48.697701729834079742431640625" lon="-1.818312071263790130615234375">
        <ele>1.2000000476837158203125</ele>
        <time>2026-08-22T15:31:32.000Z</time>
        <extensions>
          <ns3:TrackPointExtension>
            <ns3:atemp>25.0</ns3:atemp>
            <ns3:hr>93</ns3:hr>
          </ns3:TrackPointExtension>
        </extensions>
      </trkpt>
      <trkpt lat="48.69774137623608112335205078125" lon="-1.818424724042415618896484375">
        <ele>1.2000000476837158203125</ele>
        <time>2026-08-22T15:31:34.000Z</time>
        <extensions>
          <ns3:TrackPointExtension>
            <ns3:atemp>25.0</ns3:atemp>
            <ns3:hr>93</ns3:hr>
          </ns3:TrackPointExtension>
        </extensions>
      </trkpt>
      <trkpt lat="48.6978541128337383270263671875" lon="-1.81857987307012081146240234375">
        <ele>1.39999997615814208984375</ele>
        <time>2026-08-22T15:31:38.000Z</time>
        <extensions>
          <ns3:TrackPointExtension>
            <ns3:atemp>25.0</ns3:atemp>
            <ns3:hr>92</ns3:hr>
          </ns3:TrackPointExtension>
        </extensions>
      </trkpt>
      <trkpt lat="48.6979677714407444000244140625" lon="-1.81879880838096141815185546875">
        <ele>1</ele>
        <time>2026-08-22T15:31:43.000Z</time>
        <extensions>
          <ns3:TrackPointExtension>
            <ns3:atemp>25.0</ns3:atemp>
            <ns3:hr>90</ns3:hr>
          </ns3:TrackPointExtension>
        </extensions>
      </trkpt>
      <trkpt lat="48.69803876616060733795166015625" lon="-1.8189335055649280548095703125">
        <ele>1</ele>
        <time>2026-08-22T15:31:46.000Z</time>
        <extensions>
          <ns3:TrackPointExtension>
            <ns3:atemp>25.0</ns3:atemp>
            <ns3:hr>86</ns3:hr>
          </ns3:TrackPointExtension>
        </extensions>
      </trkpt>
      <trkpt lat="48.6980867944657802581787109375" lon="-1.819017827510833740234375">
        <ele>1.60000002384185791015625</ele>
        <time>2026-08-22T15:31:48.000Z</time>
        <extensions>
          <ns3:TrackPointExtension>
            <ns3:atemp>25.0</ns3:atemp>
            <ns3:hr>83</ns3:hr>
          </ns3:TrackPointExtension>
        </extensions>
      </trkpt>
      <trkpt lat="48.69810573756694793701171875" lon="-1.81905143894255161285400390625">
        <ele>1.60000002384185791015625</ele>
        <time>2026-08-22T15:31:49.000Z</time>
        <extensions>
          <ns3:TrackPointExtension>
            <ns3:atemp>25.0</ns3:atemp>
            <ns3:hr>82</ns3:hr>
          </ns3:TrackPointExtension>
        </extensions>
      </trkpt>
      <trkpt lat="48.69818964041769504547119140625" lon="-1.8193090148270130157470703125">
        <ele>1.7999999523162841796875</ele>
        <time>2026-08-22T15:31:54.000Z</time>
        <extensions>
          <ns3:TrackPointExtension>
            <ns3:atemp>25.0</ns3:atemp>
            <ns3:hr>80</ns3:hr>
          </ns3:TrackPointExtension>
        </extensions>
      </trkpt>
      <trkpt lat="48.6982205696403980255126953125" lon="-1.819448657333850860595703125">
        <ele>2</ele>
        <time>2026-08-22T15:31:56.000Z</time>
        <extensions>
          <ns3:TrackPointExtension>
            <ns3:atemp>25.0</ns3:atemp>
            <ns3:hr>82</ns3:hr>
          </ns3:TrackPointExtension>
        </extensions>
      </trkpt>
      <trkpt lat="48.69826088659465312957763671875" lon="-1.81966491043567657470703125">
        <ele>1.60000002384185791015625</ele>
        <time>2026-08-22T15:31:59.000Z</time>
        <extensions>
          <ns3:TrackPointExtension>
            <ns3:atemp>25.0</ns3:atemp>
            <ns3:hr>86</ns3:hr>
          </ns3:TrackPointExtension>
        </extensions>
      </trkpt>
      <trkpt lat="48.698280416429042816162109375" lon="-1.81973892264068126678466796875">
        <ele>1.60000002384185791015625</ele>
        <time>2026-08-22T15:32:00.000Z</time>
        <extensions>
          <ns3:TrackPointExtension>
            <ns3:atemp>25.0</ns3:atemp>
            <ns3:hr>88</ns3:hr>
          </ns3:TrackPointExtension>
        </extensions>
      </trkpt>
      <trkpt lat="48.698393404483795166015625" lon="-1.82020545937120914459228515625">
        <ele>2</ele>
        <time>2026-08-22T15:32:06.000Z</time>
        <extensions>
          <ns3:TrackPointExtension>
            <ns3:atemp>25.0</ns3:atemp>
            <ns3:hr>89</ns3:hr>
          </ns3:TrackPointExtension>
        </extensions>
      </trkpt>
      <trkpt lat="48.69844981469213962554931640625" lon="-1.8205515481531620025634765625">
        <ele>2</ele>
        <time>2026-08-22T15:32:10.000Z</time>
        <extensions>
          <ns3:TrackPointExtension>
            <ns3:atemp>25.0</ns3:atemp>
            <ns3:hr>92</ns3:hr>
          </ns3:TrackPointExtension>
        </extensions>
      </trkpt>
      <trkpt lat="48.698475547134876251220703125" lon="-1.8207188509404659271240234375">
        <ele>2</ele>
        <time>2026-08-22T15:32:12.000Z</time>
        <extensions>
          <ns3:TrackPointExtension>
            <ns3:atemp>25.0</ns3:atemp>
            <ns3:hr>92</ns3:hr>
          </ns3:TrackPointExtension>
        </extensions>
      </trkpt>
      <trkpt lat="48.6984981782734394073486328125" lon="-1.82090811431407928466796875">
        <ele>2</ele>
        <time>2026-08-22T15:32:14.000Z</time>
        <extensions>
          <ns3:TrackPointExtension>
            <ns3:atemp>25.0</ns3:atemp>
            <ns3:hr>92</ns3:hr>
          </ns3:TrackPointExtension>
        </extensions>
      </trkpt>
      <trkpt lat="48.6985159479081630706787109375" lon="-1.82118563912808895111083984375">
        <ele>1.7999999523162841796875</ele>
        <time>2026-08-22T15:32:17.000Z</time>
        <extensions>
          <ns3:TrackPointExtension>
            <ns3:atemp>25.0</ns3:atemp>
            <ns3:hr>91</ns3:hr>
          </ns3:TrackPointExtension>
        </extensions>
      </trkpt>
      <trkpt lat="48.6985303647816181182861328125" lon="-1.82127482257783412933349609375">
        <ele>2</ele>
        <time>2026-08-22T15:32:18.000Z</time>
        <extensions>
          <ns3:TrackPointExtension>
            <ns3:atemp>25.0</ns3:atemp>
            <ns3:hr>90</ns3:hr>
          </ns3:TrackPointExtension>
        </extensions>
      </trkpt>
      <trkpt lat="48.698566742241382598876953125" lon="-1.82155787944793701171875">
        <ele>2</ele>
        <time>2026-08-22T15:32:21.000Z</time>
        <extensions>
          <ns3:TrackPointExtension>
            <ns3:atemp>25.0</ns3:atemp>
            <ns3:hr>90</ns3:hr>
          </ns3:TrackPointExtension>
        </extensions>
      </trkpt>
      <trkpt lat="48.6985825002193450927734375" lon="-1.82165787555277347564697265625">
        <ele>2</ele>
        <time>2026-08-22T15:32:22.000Z</time>
        <extensions>
          <ns3:TrackPointExtension>
            <ns3:atemp>25.0</ns3:atemp>
            <ns3:hr>96</ns3:hr>
          </ns3:TrackPointExtension>
        </extensions>
      </trkpt>
      <trkpt lat="48.69860194623470306396484375" lon="-1.82174940593540668487548828125">
        <ele>2</ele>
        <time>2026-08-22T15:32:23.000Z</time>
        <extensions>
          <ns3:TrackPointExtension>
            <ns3:atemp>25.0</ns3:atemp>
            <ns3:hr>99</ns3:hr>
          </ns3:TrackPointExtension>
        </extensions>
      </trkpt>
      <trkpt lat="48.69861560873687267303466796875" lon="-1.82184160687029361724853515625">
        <ele>2</ele>
        <time>2026-08-22T15:32:24.000Z</time>
        <extensions>
          <ns3:TrackPointExtension>
            <ns3:atemp>25.0</ns3:atemp>
            <ns3:hr>102</ns3:hr>
          </ns3:TrackPointExtension>
        </extensions>
      </trkpt>
      <trkpt lat="48.69862298481166362762451171875" lon="-1.82193565182387828826904296875">
        <ele>2</ele>
        <time>2026-08-22T15:32:25.000Z</time>
        <extensions>
          <ns3:TrackPointExtension>
            <ns3:atemp>25.0</ns3:atemp>
            <ns3:hr>103</ns3:hr>
          </ns3:TrackPointExtension>
        </extensions>
      </trkpt>
      <trkpt lat="48.69865022599697113037109375" lon="-1.8223073892295360565185546875">
        <ele>2</ele>
        <time>2026-08-22T15:32:29.000Z</time>
        <extensions>
          <ns3:TrackPointExtension>
            <ns3:atemp>25.0</ns3:atemp>
            <ns3:hr>106</ns3:hr>
          </ns3:TrackPointExtension>
        </extensions>
      </trkpt>
      <trkpt lat="48.698656260967254638671875" lon="-1.82239447720348834991455078125">
        <ele>2</ele>
        <time>2026-08-22T15:32:30.000Z</time>
        <extensions>
          <ns3:TrackPointExtension>
            <ns3:atemp>25.0</ns3:atemp>
            <ns3:hr>107</ns3:hr>
          </ns3:TrackPointExtension>
        </extensions>
      </trkpt>
      <trkpt lat="48.69866791181266307830810546875" lon="-1.8226490356028079986572265625">
        <ele>2.400000095367431640625</ele>
        <time>2026-08-22T15:32:33.000Z</time>
        <extensions>
          <ns3:TrackPointExtension>
            <ns3:atemp>25.0</ns3:atemp>
            <ns3:hr>107</ns3:hr>
          </ns3:TrackPointExtension>
        </extensions>
      </trkpt>
      <trkpt lat="48.6987073905766010284423828125" lon="-1.82296863757073879241943359375">
        <ele>2.599999904632568359375</ele>
        <time>2026-08-22T15:32:37.000Z</time>
        <extensions>
          <ns3:TrackPointExtension>
            <ns3:atemp>25.0</ns3:atemp>
            <ns3:hr>109</ns3:hr>
          </ns3:TrackPointExtension>
        </extensions>
      </trkpt>
      <trkpt lat="48.6987788043916225433349609375" lon="-1.82351094670593738555908203125">
        <ele>2.7999999523162841796875</ele>
        <time>2026-08-22T15:32:43.000Z</time>
        <extensions>
          <ns3:TrackPointExtension>
            <ns3:atemp>25.0</ns3:atemp>
            <ns3:hr>107</ns3:hr>
          </ns3:TrackPointExtension>
        </extensions>
      </trkpt>
      <trkpt lat="48.69880579411983489990234375" lon="-1.8238808400928974151611328125">
        <ele>2.400000095367431640625</ele>
        <time>2026-08-22T15:32:47.000Z</time>
        <extensions>
          <ns3:TrackPointExtension>
            <ns3:atemp>25.0</ns3:atemp>
            <ns3:hr>103</ns3:hr>
          </ns3:TrackPointExtension>
        </extensions>
      </trkpt>
      <trkpt lat="48.6988106556236743927001953125" lon="-1.82406197302043437957763671875">
        <ele>2.400000095367431640625</ele>
        <time>2026-08-22T15:32:49.000Z</time>
        <extensions>
          <ns3:TrackPointExtension>
            <ns3:atemp>25.0</ns3:atemp>
            <ns3:hr>100</ns3:hr>
          </ns3:TrackPointExtension>
        </extensions>
      </trkpt>
      <trkpt lat="48.698810152709484100341796875" lon="-1.82422642596065998077392578125">
        <ele>2</ele>
        <time>2026-08-22T15:32:51.000Z</time>
        <extensions>
          <ns3:TrackPointExtension>
            <ns3:atemp>25.0</ns3:atemp>
            <ns3:hr>99</ns3:hr>
          </ns3:TrackPointExtension>
        </extensions>
      </trkpt>
      <trkpt lat="48.69881895370781421661376953125" lon="-1.82440102100372314453125">
        <ele>1.7999999523162841796875</ele>
        <time>2026-08-22T15:32:53.000Z</time>
        <extensions>
          <ns3:TrackPointExtension>
            <ns3:atemp>25.0</ns3:atemp>
            <ns3:hr>98</ns3:hr>
          </ns3:TrackPointExtension>
        </extensions>
      </trkpt>
      <trkpt lat="48.6988539062440395355224609375" lon="-1.82463294826447963714599609375">
        <ele>2.599999904632568359375</ele>
        <time>2026-08-22T15:32:56.000Z</time>
        <extensions>
          <ns3:TrackPointExtension>
            <ns3:atemp>25.0</ns3:atemp>
            <ns3:hr>98</ns3:hr>
          </ns3:TrackPointExtension>
        </extensions>
      </trkpt>
      <trkpt lat="48.69889489375054836273193359375" lon="-1.82477460242807865142822265625">
        <ele>3</ele>
        <time>2026-08-22T15:32:58.000Z</time>
        <extensions>
          <ns3:TrackPointExtension>
            <ns3:atemp>25.0</ns3:atemp>
            <ns3:hr>99</ns3:hr>
          </ns3:TrackPointExtension>
        </extensions>
      </trkpt>
      <trkpt lat="48.698960356414318084716796875" lon="-1.824988424777984619140625">
        <ele>3</ele>
        <time>2026-08-22T15:33:01.000Z</time>
        <extensions>
          <ns3:TrackPointExtension>
            <ns3:atemp>25.0</ns3:atemp>
            <ns3:hr>99</ns3:hr>
          </ns3:TrackPointExtension>
        </extensions>
      </trkpt>
      <trkpt lat="48.6990071274340152740478515625" lon="-1.82514072395861148834228515625">
        <ele>2.7999999523162841796875</ele>
        <time>2026-08-22T15:33:03.000Z</time>
        <extensions>
          <ns3:TrackPointExtension>
            <ns3:atemp>25.0</ns3:atemp>
            <ns3:hr>98</ns3:hr>
          </ns3:TrackPointExtension>
        </extensions>
      </trkpt>
      <trkpt lat="48.699056245386600494384765625" lon="-1.82529076002538204193115234375">
        <ele>2.7999999523162841796875</ele>
        <time>2026-08-22T15:33:05.000Z</time>
        <extensions>
          <ns3:TrackPointExtension>
            <ns3:atemp>25.0</ns3:atemp>
            <ns3:hr>98</ns3:hr>
          </ns3:TrackPointExtension>
        </extensions>
      </trkpt>
      <trkpt lat="48.6991134099662303924560546875" lon="-1.82552780024707317352294921875">
        <ele>2.599999904632568359375</ele>
        <time>2026-08-22T15:33:08.000Z</time>
        <extensions>
          <ns3:TrackPointExtension>
            <ns3:atemp>25.0</ns3:atemp>
            <ns3:hr>96</ns3:hr>
          </ns3:TrackPointExtension>
        </extensions>
      </trkpt>
      <trkpt lat="48.69914199225604534149169921875" lon="-1.82569451630115509033203125">
        <ele>2.7999999523162841796875</ele>
        <time>2026-08-22T15:33:10.000Z</time>
        <extensions>
          <ns3:TrackPointExtension>
            <ns3:atemp>25.0</ns3:atemp>
            <ns3:hr>93</ns3:hr>
          </ns3:TrackPointExtension>
        </extensions>
      </trkpt>
      <trkpt lat="48.6992052756249904632568359375" lon="-1.82611051015555858612060546875">
        <ele>2.7999999523162841796875</ele>
        <time>2026-08-22T15:33:15.000Z</time>
        <extensions>
          <ns3:TrackPointExtension>
            <ns3:atemp>25.0</ns3:atemp>
            <ns3:hr>92</ns3:hr>
          </ns3:TrackPointExtension>
        </extensions>
      </trkpt>
      <trkpt lat="48.699267804622650146484375" lon="-1.826648376882076263427734375">
        <ele>3</ele>
        <time>2026-08-22T15:33:21.000Z</time>
        <extensions>
          <ns3:TrackPointExtension>
            <ns3:atemp>25.0</ns3:atemp>
            <ns3:hr>93</ns3:hr>
          </ns3:TrackPointExtension>
        </extensions>
      </trkpt>
      <trkpt lat="48.6992773599922657012939453125" lon="-1.826846860349178314208984375">
        <ele>2.7999999523162841796875</ele>
        <time>2026-08-22T15:33:23.000Z</time>
        <extensions>
          <ns3:TrackPointExtension>
            <ns3:atemp>25.0</ns3:atemp>
            <ns3:hr>96</ns3:hr>
          </ns3:TrackPointExtension>
        </extensions>
      </trkpt>
      <trkpt lat="48.699303008615970611572265625" lon="-1.82723184116184711456298828125">
        <ele>2.7999999523162841796875</ele>
        <time>2026-08-22T15:33:27.000Z</time>
        <extensions>
          <ns3:TrackPointExtension>
            <ns3:atemp>25.0</ns3:atemp>
            <ns3:hr>97</ns3:hr>
          </ns3:TrackPointExtension>
        </extensions>
      </trkpt>
      <trkpt lat="48.69931750930845737457275390625" lon="-1.82760399766266345977783203125">
        <ele>2.599999904632568359375</ele>
        <time>2026-08-22T15:33:31.000Z</time>
        <extensions>
          <ns3:TrackPointExtension>
            <ns3:atemp>25.0</ns3:atemp>
            <ns3:hr>96</ns3:hr>
          </ns3:TrackPointExtension>
        </extensions>
      </trkpt>
      <trkpt lat="48.6993254721164703369140625" lon="-1.827790327370166778564453125">
        <ele>2.599999904632568359375</ele>
        <time>2026-08-22T15:33:33.000Z</time>
        <extensions>
          <ns3:TrackPointExtension>
            <ns3:atemp>25.0</ns3:atemp>
            <ns3:hr>94</ns3:hr>
          </ns3:TrackPointExtension>
        </extensions>
      </trkpt>
      <trkpt lat="48.69933276437222957611083984375" lon="-1.8279819376766681671142578125">
        <ele>2.599999904632568359375</ele>
        <time>2026-08-22T15:33:35.000Z</time>
        <extensions>
          <ns3:TrackPointExtension>
            <ns3:atemp>25.0</ns3:atemp>
            <ns3:hr>91</ns3:hr>
          </ns3:TrackPointExtension>
        </extensions>
      </trkpt>
      <trkpt lat="48.69933695532381534576416015625" lon="-1.82817430235445499420166015625">
        <ele>2.7999999523162841796875</ele>
        <time>2026-08-22T15:33:37.000Z</time>
        <extensions>
          <ns3:TrackPointExtension>
            <ns3:atemp>25.0</ns3:atemp>
            <ns3:hr>87</ns3:hr>
          </ns3:TrackPointExtension>
        </extensions>
      </trkpt>
      <trkpt lat="48.69934248737990856170654296875" lon="-1.8282659165561199188232421875">
        <ele>2.7999999523162841796875</ele>
        <time>2026-08-22T15:33:38.000Z</time>
        <extensions>
          <ns3:TrackPointExtension>
            <ns3:atemp>25.0</ns3:atemp>
            <ns3:hr>87</ns3:hr>
          </ns3:TrackPointExtension>
        </extensions>
      </trkpt>
      <trkpt lat="48.69935028254985809326171875" lon="-1.82845056988298892974853515625">
        <ele>2.400000095367431640625</ele>
        <time>2026-08-22T15:33:40.000Z</time>
        <extensions>
          <ns3:TrackPointExtension>
            <ns3:atemp>25.0</ns3:atemp>
            <ns3:hr>87</ns3:hr>
          </ns3:TrackPointExtension>
        </extensions>
      </trkpt>
      <trkpt lat="48.69935053400695323944091796875" lon="-1.82874661870300769805908203125">
        <ele>1.60000002384185791015625</ele>
        <time>2026-08-22T15:33:43.000Z</time>
        <extensions>
          <ns3:TrackPointExtension>
            <ns3:atemp>25.0</ns3:atemp>
            <ns3:hr>86</ns3:hr>
          </ns3:TrackPointExtension>
        </extensions>
      </trkpt>
      <trkpt lat="48.6993469297885894775390625" lon="-1.829100586473941802978515625">
        <ele>1.2000000476837158203125</ele>
        <time>2026-08-22T15:33:47.000Z</time>
        <extensions>
          <ns3:TrackPointExtension>
            <ns3:atemp>25.0</ns3:atemp>
            <ns3:hr>87</ns3:hr>
          </ns3:TrackPointExtension>
        </extensions>
      </trkpt>
      <trkpt lat="48.6993417330086231231689453125" lon="-1.829198487102985382080078125">
        <ele>0.800000011920928955078125</ele>
        <time>2026-08-22T15:33:48.000Z</time>
        <extensions>
          <ns3:TrackPointExtension>
            <ns3:atemp>25.0</ns3:atemp>
            <ns3:hr>87</ns3:hr>
          </ns3:TrackPointExtension>
        </extensions>
      </trkpt>
      <trkpt lat="48.69934919290244579315185546875" lon="-1.82935598306357860565185546875">
        <ele>0.60000002384185791015625</ele>
        <time>2026-08-22T15:33:50.000Z</time>
        <extensions>
          <ns3:TrackPointExtension>
            <ns3:atemp>25.0</ns3:atemp>
            <ns3:hr>88</ns3:hr>
          </ns3:TrackPointExtension>
        </extensions>
      </trkpt>
      <trkpt lat="48.69939613156020641326904296875" lon="-1.82960115373134613037109375">
        <ele>1</ele>
        <time>2026-08-22T15:33:53.000Z</time>
        <extensions>
          <ns3:TrackPointExtension>
            <ns3:atemp>25.0</ns3:atemp>
            <ns3:hr>90</ns3:hr>
          </ns3:TrackPointExtension>
        </extensions>
      </trkpt>
      <trkpt lat="48.69941197335720062255859375" lon="-1.8296797759830951690673828125">
        <ele>1</ele>
        <time>2026-08-22T15:33:54.000Z</time>
        <extensions>
          <ns3:TrackPointExtension>
            <ns3:atemp>25.0</ns3:atemp>
            <ns3:hr>93</ns3:hr>
          </ns3:TrackPointExtension>
        </extensions>
      </trkpt>
      <trkpt lat="48.69943787343800067901611328125" lon="-1.82985185645520687103271484375">
        <ele>0.800000011920928955078125</ele>
        <time>2026-08-22T15:33:56.000Z</time>
        <extensions>
          <ns3:TrackPointExtension>
            <ns3:atemp>25.0</ns3:atemp>
            <ns3:hr>98</ns3:hr>
          </ns3:TrackPointExtension>
        </extensions>
      </trkpt>
      <trkpt lat="48.699487410485744476318359375" lon="-1.83011052198708057403564453125">
        <ele>0.60000002384185791015625</ele>
        <time>2026-08-22T15:33:59.000Z</time>
        <extensions>
          <ns3:TrackPointExtension>
            <ns3:atemp>25.0</ns3:atemp>
            <ns3:hr>100</ns3:hr>
          </ns3:TrackPointExtension>
        </extensions>
      </trkpt>
      <trkpt lat="48.69960064999759197235107421875" lon="-1.8305863626301288604736328125">
        <ele>2.599999904632568359375</ele>
        <time>2026-08-22T15:34:04.000Z</time>
        <extensions>
          <ns3:TrackPointExtension>
            <ns3:atemp>25.0</ns3:atemp>
            <ns3:hr>101</ns3:hr>
          </ns3:TrackPointExtension>
        </extensions>
      </trkpt>
      <trkpt lat="48.69961858727037906646728515625" lon="-1.83067948557436466217041015625">
        <ele>3.400000095367431640625</ele>
        <time>2026-08-22T15:34:05.000Z</time>
        <extensions>
          <ns3:TrackPointExtension>
            <ns3:atemp>25.0</ns3:atemp>
            <ns3:hr>100</ns3:hr>
          </ns3:TrackPointExtension>
        </extensions>
      </trkpt>
      <trkpt lat="48.69964323006570339202880859375" lon="-1.830766908824443817138671875">
        <ele>4</ele>
        <time>2026-08-22T15:34:06.000Z</time>
        <extensions>
          <ns3:TrackPointExtension>
            <ns3:atemp>25.0</ns3:atemp>
            <ns3:hr>100</ns3:hr>
          </ns3:TrackPointExtension>
        </extensions>
      </trkpt>
      <trkpt lat="48.69968430139124393463134765625" lon="-1.8309400789439678192138671875">
        <ele>3.400000095367431640625</ele>
        <time>2026-08-22T15:34:08.000Z</time>
        <extensions>
          <ns3:TrackPointExtension>
            <ns3:atemp>25.0</ns3:atemp>
            <ns3:hr>100</ns3:hr>
          </ns3:TrackPointExtension>
        </extensions>
      </trkpt>
      <trkpt lat="48.6996890790760517120361328125" lon="-1.831025741994380950927734375">
        <ele>3.2000000476837158203125</ele>
        <time>2026-08-22T15:34:09.000Z</time>
        <extensions>
          <ns3:TrackPointExtension>
            <ns3:atemp>25.0</ns3:atemp>
            <ns3:hr>101</ns3:hr>
          </ns3:TrackPointExtension>
        </extensions>
      </trkpt>
      <trkpt lat="48.69969402439892292022705078125" lon="-1.83111132122576236724853515625">
        <ele>2.7999999523162841796875</ele>
        <time>2026-08-22T15:34:10.000Z</time>
        <extensions>
          <ns3:TrackPointExtension>
            <ns3:atemp>25.0</ns3:atemp>
            <ns3:hr>100</ns3:hr>
          </ns3:TrackPointExtension>
        </extensions>
      </trkpt>
      <trkpt lat="48.6996991373598575592041015625" lon="-1.83158992789685726165771484375">
        <ele>2.599999904632568359375</ele>
        <time>2026-08-22T15:34:15.000Z</time>
        <extensions>
          <ns3:TrackPointExtension>
            <ns3:atemp>25.0</ns3:atemp>
            <ns3:hr>101</ns3:hr>
          </ns3:TrackPointExtension>
        </extensions>
      </trkpt>
      <trkpt lat="48.6996853910386562347412109375" lon="-1.83198672719299793243408203125">
        <ele>1.7999999523162841796875</ele>
        <time>2026-08-22T15:34:19.000Z</time>
        <extensions>
          <ns3:TrackPointExtension>
            <ns3:atemp>25.0</ns3:atemp>
            <ns3:hr>101</ns3:hr>
          </ns3:TrackPointExtension>
        </extensions>
      </trkpt>
      <trkpt lat="48.6996756680309772491455078125" lon="-1.8320723064243793487548828125">
        <ele>1.39999997615814208984375</ele>
        <time>2026-08-22T15:34:20.000Z</time>
        <extensions>
          <ns3:TrackPointExtension>
            <ns3:atemp>25.0</ns3:atemp>
            <ns3:hr>102</ns3:hr>
          </ns3:TrackPointExtension>
        </extensions>
      </trkpt>
      <trkpt lat="48.6996907554566860198974609375" lon="-1.83254127390682697296142578125">
        <ele>0.800000011920928955078125</ele>
        <time>2026-08-22T15:34:25.000Z</time>
        <extensions>
          <ns3:TrackPointExtension>
            <ns3:atemp>25.0</ns3:atemp>
            <ns3:hr>103</ns3:hr>
          </ns3:TrackPointExtension>
        </extensions>
      </trkpt>
      <trkpt lat="48.699707686901092529296875" lon="-1.83284805156290531158447265625">
        <ele>0.60000002384185791015625</ele>
        <time>2026-08-22T15:34:28.000Z</time>
        <extensions>
          <ns3:TrackPointExtension>
            <ns3:atemp>25.0</ns3:atemp>
            <ns3:hr>101</ns3:hr>
          </ns3:TrackPointExtension>
        </extensions>
      </trkpt>
      <trkpt lat="48.69971095584332942962646484375" lon="-1.8330632150173187255859375">
        <ele>0.800000011920928955078125</ele>
        <time>2026-08-22T15:34:30.000Z</time>
        <extensions>
          <ns3:TrackPointExtension>
            <ns3:atemp>25.0</ns3:atemp>
            <ns3:hr>101</ns3:hr>
          </ns3:TrackPointExtension>
        </extensions>
      </trkpt>
      <trkpt lat="48.69970106519758701324462890625" lon="-1.83326647616922855377197265625">
        <ele>0.20000000298023223876953125</ele>
        <time>2026-08-22T15:34:32.000Z</time>
        <extensions>
          <ns3:TrackPointExtension>
            <ns3:atemp>25.0</ns3:atemp>
            <ns3:hr>100</ns3:hr>
          </ns3:TrackPointExtension>
        </extensions>
      </trkpt>
      <trkpt lat="48.69967105798423290252685546875" lon="-1.83355229906737804412841796875">
        <ele>0</ele>
        <time>2026-08-22T15:34:35.000Z</time>
        <extensions>
          <ns3:TrackPointExtension>
            <ns3:atemp>25.0</ns3:atemp>
            <ns3:hr>99</ns3:hr>
          </ns3:TrackPointExtension>
        </extensions>
      </trkpt>
      <trkpt lat="48.699670135974884033203125" lon="-1.83375413529574871063232421875">
        <ele>0.60000002384185791015625</ele>
        <time>2026-08-22T15:34:37.000Z</time>
        <extensions>
          <ns3:TrackPointExtension>
            <ns3:atemp>25.0</ns3:atemp>
            <ns3:hr>98</ns3:hr>
          </ns3:TrackPointExtension>
        </extensions>
      </trkpt>
      <trkpt lat="48.69966535829007625579833984375" lon="-1.833948008716106414794921875">
        <ele>0.800000011920928955078125</ele>
        <time>2026-08-22T15:34:39.000Z</time>
        <extensions>
          <ns3:TrackPointExtension>
            <ns3:atemp>25.0</ns3:atemp>
            <ns3:hr>98</ns3:hr>
          </ns3:TrackPointExtension>
        </extensions>
      </trkpt>
      <trkpt lat="48.699652366340160369873046875" lon="-1.8342442251741886138916015625">
        <ele>0.800000011920928955078125</ele>
        <time>2026-08-22T15:34:42.000Z</time>
        <extensions>
          <ns3:TrackPointExtension>
            <ns3:atemp>25.0</ns3:atemp>
            <ns3:hr>95</ns3:hr>
          </ns3:TrackPointExtension>
        </extensions>
      </trkpt>
      <trkpt lat="48.69963685981929302215576171875" lon="-1.83444966562092304229736328125">
        <ele>0.800000011920928955078125</ele>
        <time>2026-08-22T15:34:44.000Z</time>
        <extensions>
          <ns3:TrackPointExtension>
            <ns3:atemp>25.0</ns3:atemp>
            <ns3:hr>91</ns3:hr>
          </ns3:TrackPointExtension>
        </extensions>
      </trkpt>
      <trkpt lat="48.69962730444967746734619140625" lon="-1.83454622514545917510986328125">
        <ele>0.800000011920928955078125</ele>
        <time>2026-08-22T15:34:45.000Z</time>
        <extensions>
          <ns3:TrackPointExtension>
            <ns3:atemp>25.0</ns3:atemp>
            <ns3:hr>88</ns3:hr>
          </ns3:TrackPointExtension>
        </extensions>
      </trkpt>
      <trkpt lat="48.69961439631879329681396484375" lon="-1.834741942584514617919921875">
        <ele>0.800000011920928955078125</ele>
        <time>2026-08-22T15:34:47.000Z</time>
        <extensions>
          <ns3:TrackPointExtension>
            <ns3:atemp>25.0</ns3:atemp>
            <ns3:hr>84</ns3:hr>
          </ns3:TrackPointExtension>
        </extensions>
      </trkpt>
      <trkpt lat="48.699592016637325286865234375" lon="-1.83492240495979785919189453125">
        <ele>0.60000002384185791015625</ele>
        <time>2026-08-22T15:34:49.000Z</time>
        <extensions>
          <ns3:TrackPointExtension>
            <ns3:atemp>25.0</ns3:atemp>
            <ns3:hr>83</ns3:hr>
          </ns3:TrackPointExtension>
        </extensions>
      </trkpt>
      <trkpt lat="48.6995553039014339447021484375" lon="-1.8352118320763111114501953125">
        <ele>0.60000002384185791015625</ele>
        <time>2026-08-22T15:34:52.000Z</time>
        <extensions>
          <ns3:TrackPointExtension>
            <ns3:atemp>25.0</ns3:atemp>
            <ns3:hr>83</ns3:hr>
          </ns3:TrackPointExtension>
        </extensions>
      </trkpt>
      <trkpt lat="48.699550442397594451904296875" lon="-1.835403107106685638427734375">
        <ele>0.60000002384185791015625</ele>
        <time>2026-08-22T15:34:54.000Z</time>
        <extensions>
          <ns3:TrackPointExtension>
            <ns3:atemp>25.0</ns3:atemp>
            <ns3:hr>84</ns3:hr>
          </ns3:TrackPointExtension>
        </extensions>
      </trkpt>
      <trkpt lat="48.69954482652246952056884765625" lon="-1.83568314649164676666259765625">
        <ele>0.20000000298023223876953125</ele>
        <time>2026-08-22T15:34:57.000Z</time>
        <extensions>
          <ns3:TrackPointExtension>
            <ns3:atemp>25.0</ns3:atemp>
            <ns3:hr>84</ns3:hr>
          </ns3:TrackPointExtension>
        </extensions>
      </trkpt>
      <trkpt lat="48.69953527115285396575927734375" lon="-1.83587961830198764801025390625">
        <ele>0.4000000059604644775390625</ele>
        <time>2026-08-22T15:34:59.000Z</time>
        <extensions>
          <ns3:TrackPointExtension>
            <ns3:atemp>25.0</ns3:atemp>
            <ns3:hr>84</ns3:hr>
          </ns3:TrackPointExtension>
        </extensions>
      </trkpt>
      <trkpt lat="48.6995261348783969879150390625" lon="-1.8362019024789333343505859375">
        <ele>1.2000000476837158203125</ele>
        <time>2026-08-22T15:35:02.000Z</time>
        <extensions>
          <ns3:TrackPointExtension>
            <ns3:atemp>25.0</ns3:atemp>
            <ns3:hr>85</ns3:hr>
          </ns3:TrackPointExtension>
        </extensions>
      </trkpt>
      <trkpt lat="48.69952261447906494140625" lon="-1.83629888109862804412841796875">
        <ele>1.60000002384185791015625</ele>
        <time>2026-08-22T15:35:03.000Z</time>
        <extensions>
          <ns3:TrackPointExtension>
            <ns3:atemp>25.0</ns3:atemp>
            <ns3:hr>85</ns3:hr>
          </ns3:TrackPointExtension>
        </extensions>
      </trkpt>
      <trkpt lat="48.69950090534985065460205078125" lon="-1.83649602346122264862060546875">
        <ele>1.39999997615814208984375</ele>
        <time>2026-08-22T15:35:05.000Z</time>
        <extensions>
          <ns3:TrackPointExtension>
            <ns3:atemp>25.0</ns3:atemp>
            <ns3:hr>84</ns3:hr>
          </ns3:TrackPointExtension>
        </extensions>
      </trkpt>
      <trkpt lat="48.6994718201458454132080078125" lon="-1.836677826941013336181640625">
        <ele>1</ele>
        <time>2026-08-22T15:35:07.000Z</time>
        <extensions>
          <ns3:TrackPointExtension>
            <ns3:atemp>25.0</ns3:atemp>
            <ns3:hr>84</ns3:hr>
          </ns3:TrackPointExtension>
        </extensions>
      </trkpt>
      <trkpt lat="48.69945530779659748077392578125" lon="-1.83684982359409332275390625">
        <ele>0.60000002384185791015625</ele>
        <time>2026-08-22T15:35:09.000Z</time>
        <extensions>
          <ns3:TrackPointExtension>
            <ns3:atemp>25.0</ns3:atemp>
            <ns3:hr>85</ns3:hr>
          </ns3:TrackPointExtension>
        </extensions>
      </trkpt>
      <trkpt lat="48.6994476802647113800048828125" lon="-1.83710522018373012542724609375">
        <ele>1</ele>
        <time>2026-08-22T15:35:12.000Z</time>
        <extensions>
          <ns3:TrackPointExtension>
            <ns3:atemp>25.0</ns3:atemp>
            <ns3:hr>87</ns3:hr>
          </ns3:TrackPointExtension>
        </extensions>
      </trkpt>
      <trkpt lat="48.6994490213692188262939453125" lon="-1.83735072612762451171875">
        <ele>1</ele>
        <time>2026-08-22T15:35:15.000Z</time>
        <extensions>
          <ns3:TrackPointExtension>
            <ns3:atemp>25.0</ns3:atemp>
            <ns3:hr>90</ns3:hr>
          </ns3:TrackPointExtension>
        </extensions>
      </trkpt>
      <trkpt lat="48.6994547210633754730224609375" lon="-1.8375183641910552978515625">
        <ele>1</ele>
        <time>2026-08-22T15:35:17.000Z</time>
        <extensions>
          <ns3:TrackPointExtension>
            <ns3:atemp>25.0</ns3:atemp>
            <ns3:hr>92</ns3:hr>
          </ns3:TrackPointExtension>
        </extensions>
      </trkpt>
      <trkpt lat="48.699453882873058319091796875" lon="-1.837611906230449676513671875">
        <ele>0.800000011920928955078125</ele>
        <time>2026-08-22T15:35:18.000Z</time>
        <extensions>
          <ns3:TrackPointExtension>
            <ns3:atemp>25.0</ns3:atemp>
            <ns3:hr>93</ns3:hr>
          </ns3:TrackPointExtension>
        </extensions>
      </trkpt>
      <trkpt lat="48.699403591454029083251953125" lon="-1.83818799443542957305908203125">
        <ele>0.800000011920928955078125</ele>
        <time>2026-08-22T15:35:24.000Z</time>
        <extensions>
          <ns3:TrackPointExtension>
            <ns3:atemp>25.0</ns3:atemp>
            <ns3:hr>90</ns3:hr>
          </ns3:TrackPointExtension>
        </extensions>
      </trkpt>
      <trkpt lat="48.69939646683633327484130859375" lon="-1.83828338049352169036865234375">
        <ele>1</ele>
        <time>2026-08-22T15:35:25.000Z</time>
        <extensions>
          <ns3:TrackPointExtension>
            <ns3:atemp>25.0</ns3:atemp>
            <ns3:hr>89</ns3:hr>
          </ns3:TrackPointExtension>
        </extensions>
      </trkpt>
      <trkpt lat="48.69939546100795269012451171875" lon="-1.83847800828516483306884765625">
        <ele>1.7999999523162841796875</ele>
        <time>2026-08-22T15:35:27.000Z</time>
        <extensions>
          <ns3:TrackPointExtension>
            <ns3:atemp>25.0</ns3:atemp>
            <ns3:hr>88</ns3:hr>
          </ns3:TrackPointExtension>
        </extensions>
      </trkpt>
      <trkpt lat="48.69940216653048992156982421875" lon="-1.83855973184108734130859375">
        <ele>2</ele>
        <time>2026-08-22T15:35:28.000Z</time>
        <extensions>
          <ns3:TrackPointExtension>
            <ns3:atemp>25.0</ns3:atemp>
            <ns3:hr>88</ns3:hr>
          </ns3:TrackPointExtension>
        </extensions>
      </trkpt>
      <trkpt lat="48.69941440410912036895751953125" lon="-1.83863885700702667236328125">
        <ele>2.400000095367431640625</ele>
        <time>2026-08-22T15:35:29.000Z</time>
        <extensions>
          <ns3:TrackPointExtension>
            <ns3:atemp>25.0</ns3:atemp>
            <ns3:hr>88</ns3:hr>
          </ns3:TrackPointExtension>
        </extensions>
      </trkpt>
      <trkpt lat="48.6994979716837406158447265625" lon="-1.83891252614557743072509765625">
        <ele>2.2000000476837158203125</ele>
        <time>2026-08-22T15:35:33.000Z</time>
        <extensions>
          <ns3:TrackPointExtension>
            <ns3:atemp>25.0</ns3:atemp>
            <ns3:hr>88</ns3:hr>
          </ns3:TrackPointExtension>
        </extensions>
      </trkpt>
      <trkpt lat="48.6995264701545238494873046875" lon="-1.8389696069061756134033203125">
        <ele>2.2000000476837158203125</ele>
        <time>2026-08-22T15:35:34.000Z</time>
        <extensions>
          <ns3:TrackPointExtension>
            <ns3:atemp>25.0</ns3:atemp>
            <ns3:hr>88</ns3:hr>
          </ns3:TrackPointExtension>
        </extensions>
      </trkpt>
      <trkpt lat="48.69960500858724117279052734375" lon="-1.8391201458871364593505859375">
        <ele>2.400000095367431640625</ele>
        <time>2026-08-22T15:35:37.000Z</time>
        <extensions>
          <ns3:TrackPointExtension>
            <ns3:atemp>25.0</ns3:atemp>
            <ns3:hr>88</ns3:hr>
          </ns3:TrackPointExtension>
        </extensions>
      </trkpt>
      <trkpt lat="48.69973610155284404754638671875" lon="-1.839433126151561737060546875">
        <ele>2</ele>
        <time>2026-08-22T15:35:44.000Z</time>
        <extensions>
          <ns3:TrackPointExtension>
            <ns3:atemp>25.0</ns3:atemp>
            <ns3:hr>85</ns3:hr>
          </ns3:TrackPointExtension>
        </extensions>
      </trkpt>
      <trkpt lat="48.6997707188129425048828125" lon="-1.83952935039997100830078125">
        <ele>1.7999999523162841796875</ele>
        <time>2026-08-22T15:35:46.000Z</time>
        <extensions>
          <ns3:TrackPointExtension>
            <ns3:atemp>25.0</ns3:atemp>
            <ns3:hr>89</ns3:hr>
          </ns3:TrackPointExtension>
        </extensions>
      </trkpt>
      <trkpt lat="48.6998069286346435546875" lon="-1.8395868502557277679443359375">
        <ele>1.7999999523162841796875</ele>
        <time>2026-08-22T15:35:48.000Z</time>
        <extensions>
          <ns3:TrackPointExtension>
            <ns3:atemp>25.0</ns3:atemp>
            <ns3:hr>92</ns3:hr>
          </ns3:TrackPointExtension>
        </extensions>
      </trkpt>
      <trkpt lat="48.69981925003230571746826171875" lon="-1.83959514833986759185791015625">
        <ele>1.60000002384185791015625</ele>
        <time>2026-08-22T15:35:49.000Z</time>
        <extensions>
          <ns3:TrackPointExtension>
            <ns3:atemp>25.0</ns3:atemp>
            <ns3:hr>93</ns3:hr>
          </ns3:TrackPointExtension>
        </extensions>
      </trkpt>
      <trkpt lat="48.69982712902128696441650390625" lon="-1.8396210484206676483154296875">
        <ele>2</ele>
        <time>2026-08-22T15:35:54.000Z</time>
        <extensions>
          <ns3:TrackPointExtension>
            <ns3:atemp>25.0</ns3:atemp>
            <ns3:hr>94</ns3:hr>
          </ns3:TrackPointExtension>
        </extensions>
      </trkpt>
      <trkpt lat="48.6998335830867290496826171875" lon="-1.83961560018360614776611328125">
        <ele>2</ele>
        <time>2026-08-22T15:35:56.000Z</time>
        <extensions>
          <ns3:TrackPointExtension>
            <ns3:atemp>25.0</ns3:atemp>
            <ns3:hr>95</ns3:hr>
          </ns3:TrackPointExtension>
        </extensions>
      </trkpt>
      <trkpt lat="48.69985495693981647491455078125" lon="-1.8395687453448772430419921875">
        <ele>2</ele>
        <time>2026-08-22T15:35:59.000Z</time>
        <extensions>
          <ns3:TrackPointExtension>
            <ns3:atemp>25.0</ns3:atemp>
            <ns3:hr>95</ns3:hr>
          </ns3:TrackPointExtension>
        </extensions>
      </trkpt>
      <trkpt lat="48.69987373240292072296142578125" lon="-1.83951602317392826080322265625">
        <ele>2.2000000476837158203125</ele>
        <time>2026-08-22T15:36:01.000Z</time>
        <extensions>
          <ns3:TrackPointExtension>
            <ns3:atemp>25.0</ns3:atemp>
            <ns3:hr>100</ns3:hr>
          </ns3:TrackPointExtension>
        </extensions>
      </trkpt>
      <trkpt lat="48.69988161139190196990966796875" lon="-1.83948920108377933502197265625">
        <ele>2.599999904632568359375</ele>
        <time>2026-08-22T15:36:02.000Z</time>
        <extensions>
          <ns3:TrackPointExtension>
            <ns3:atemp>25.0</ns3:atemp>
            <ns3:hr>104</ns3:hr>
          </ns3:TrackPointExtension>
        </extensions>
      </trkpt>
      <trkpt lat="48.69989535771310329437255859375" lon="-1.8394155241549015045166015625">
        <ele>2.7999999523162841796875</ele>
        <time>2026-08-22T15:36:04.000Z</time>
        <extensions>
          <ns3:TrackPointExtension>
            <ns3:atemp>24.0</ns3:atemp>
            <ns3:hr>107</ns3:hr>
          </ns3:TrackPointExtension>
        </extensions>
      </trkpt>
      <trkpt lat="48.6999271251261234283447265625" lon="-1.83917923830449581146240234375">
        <ele>2</ele>
        <time>2026-08-22T15:36:09.000Z</time>
        <extensions>
          <ns3:TrackPointExtension>
            <ns3:atemp>25.0</ns3:atemp>
            <ns3:hr>107</ns3:hr>
          </ns3:TrackPointExtension>
        </extensions>
      </trkpt>
      <trkpt lat="48.6999316513538360595703125" lon="-1.83911520056426525115966796875">
        <ele>1.60000002384185791015625</ele>
        <time>2026-08-22T15:36:10.000Z</time>
        <extensions>
          <ns3:TrackPointExtension>
            <ns3:atemp>24.0</ns3:atemp>
            <ns3:hr>108</ns3:hr>
          </ns3:TrackPointExtension>
        </extensions>
      </trkpt>
      <trkpt lat="48.69994631968438625335693359375" lon="-1.8388069979846477508544921875">
        <ele>2.599999904632568359375</ele>
        <time>2026-08-22T15:36:14.000Z</time>
        <extensions>
          <ns3:TrackPointExtension>
            <ns3:atemp>24.0</ns3:atemp>
            <ns3:hr>103</ns3:hr>
          </ns3:TrackPointExtension>
        </extensions>
      </trkpt>
      <trkpt lat="48.69995403103530406951904296875" lon="-1.83872200548648834228515625">
        <ele>3.2000000476837158203125</ele>
        <time>2026-08-22T15:36:15.000Z</time>
        <extensions>
          <ns3:TrackPointExtension>
            <ns3:atemp>24.0</ns3:atemp>
            <ns3:hr>101</ns3:hr>
          </ns3:TrackPointExtension>
        </extensions>
      </trkpt>
      <trkpt lat="48.6999579705297946929931640625" lon="-1.838495694100856781005859375">
        <ele>3.400000095367431640625</ele>
        <time>2026-08-22T15:36:18.000Z</time>
        <extensions>
          <ns3:TrackPointExtension>
            <ns3:atemp>24.0</ns3:atemp>
            <ns3:hr>98</ns3:hr>
          </ns3:TrackPointExtension>
        </extensions>
      </trkpt>
      <trkpt lat="48.69996191002428531646728515625" lon="-1.83841086924076080322265625">
        <ele>3.599999904632568359375</ele>
        <time>2026-08-22T15:36:19.000Z</time>
        <extensions>
          <ns3:TrackPointExtension>
            <ns3:atemp>24.0</ns3:atemp>
            <ns3:hr>99</ns3:hr>
          </ns3:TrackPointExtension>
        </extensions>
      </trkpt>
      <trkpt lat="48.69996962137520313262939453125" lon="-1.838330738246440887451171875">
        <ele>3.599999904632568359375</ele>
        <time>2026-08-22T15:36:20.000Z</time>
        <extensions>
          <ns3:TrackPointExtension>
            <ns3:atemp>24.0</ns3:atemp>
            <ns3:hr>104</ns3:hr>
          </ns3:TrackPointExtension>
        </extensions>
      </trkpt>
      <trkpt lat="48.69997230358421802520751953125" lon="-1.8382477574050426483154296875">
        <ele>3.599999904632568359375</ele>
        <time>2026-08-22T15:36:21.000Z</time>
        <extensions>
          <ns3:TrackPointExtension>
            <ns3:atemp>24.0</ns3:atemp>
            <ns3:hr>108</ns3:hr>
          </ns3:TrackPointExtension>
        </extensions>
      </trkpt>
      <trkpt lat="48.69997632689774036407470703125" lon="-1.8381669558584690093994140625">
        <ele>3.400000095367431640625</ele>
        <time>2026-08-22T15:36:22.000Z</time>
        <extensions>
          <ns3:TrackPointExtension>
            <ns3:atemp>24.0</ns3:atemp>
            <ns3:hr>113</ns3:hr>
          </ns3:TrackPointExtension>
        </extensions>
      </trkpt>
      <trkpt lat="48.69997967965900897979736328125" lon="-1.8380103819072246551513671875">
        <ele>3.2000000476837158203125</ele>
        <time>2026-08-22T15:36:24.000Z</time>
        <extensions>
          <ns3:TrackPointExtension>
            <ns3:atemp>24.0</ns3:atemp>
            <ns3:hr>118</ns3:hr>
          </ns3:TrackPointExtension>
        </extensions>
      </trkpt>
      <trkpt lat="48.69999309070408344268798828125" lon="-1.837868057191371917724609375">
        <ele>3</ele>
        <time>2026-08-22T15:36:26.000Z</time>
        <extensions>
          <ns3:TrackPointExtension>
            <ns3:atemp>24.0</ns3:atemp>
            <ns3:hr>120</ns3:hr>
          </ns3:TrackPointExtension>
        </extensions>
      </trkpt>
      <trkpt lat="48.7000075913965702056884765625" lon="-1.8377317674458026885986328125">
        <ele>3</ele>
        <time>2026-08-22T15:36:28.000Z</time>
        <extensions>
          <ns3:TrackPointExtension>
            <ns3:atemp>24.0</ns3:atemp>
            <ns3:hr>116</ns3:hr>
          </ns3:TrackPointExtension>
        </extensions>
      </trkpt>
      <trkpt lat="48.7000578828155994415283203125" lon="-1.83739188127219676971435546875">
        <ele>3.400000095367431640625</ele>
        <time>2026-08-22T15:36:33.000Z</time>
        <extensions>
          <ns3:TrackPointExtension>
            <ns3:atemp>24.0</ns3:atemp>
            <ns3:hr>115</ns3:hr>
          </ns3:TrackPointExtension>
        </extensions>
      </trkpt>
      <trkpt lat="48.70009132660925388336181640625" lon="-1.83725626207888126373291015625">
        <ele>3.7999999523162841796875</ele>
        <time>2026-08-22T15:36:35.000Z</time>
        <extensions>
          <ns3:TrackPointExtension>
            <ns3:atemp>24.0</ns3:atemp>
            <ns3:hr>113</ns3:hr>
          </ns3:TrackPointExtension>
        </extensions>
      </trkpt>
      <trkpt lat="48.70010373182594776153564453125" lon="-1.83713288046419620513916015625">
        <ele>3.2000000476837158203125</ele>
        <time>2026-08-22T15:36:37.000Z</time>
        <extensions>
          <ns3:TrackPointExtension>
            <ns3:atemp>24.0</ns3:atemp>
            <ns3:hr>110</ns3:hr>
          </ns3:TrackPointExtension>
        </extensions>
      </trkpt>
      <trkpt lat="48.70012870989739894866943359375" lon="-1.83693976141512393951416015625">
        <ele>2.599999904632568359375</ele>
        <time>2026-08-22T15:36:40.000Z</time>
        <extensions>
          <ns3:TrackPointExtension>
            <ns3:atemp>24.0</ns3:atemp>
            <ns3:hr>109</ns3:hr>
          </ns3:TrackPointExtension>
        </extensions>
      </trkpt>
      <trkpt lat="48.7001490779221057891845703125" lon="-1.8368209898471832275390625">
        <ele>2.599999904632568359375</ele>
        <time>2026-08-22T15:36:42.000Z</time>
        <extensions>
          <ns3:TrackPointExtension>
            <ns3:atemp>24.0</ns3:atemp>
            <ns3:hr>106</ns3:hr>
          </ns3:TrackPointExtension>
        </extensions>
      </trkpt>
      <trkpt lat="48.70015888474881649017333984375" lon="-1.83675552718341350555419921875">
        <ele>2.599999904632568359375</ele>
        <time>2026-08-22T15:36:43.000Z</time>
        <extensions>
          <ns3:TrackPointExtension>
            <ns3:atemp>24.0</ns3:atemp>
            <ns3:hr>106</ns3:hr>
          </ns3:TrackPointExtension>
        </extensions>
      </trkpt>
      <trkpt lat="48.70016844011843204498291015625" lon="-1.83668486773967742919921875">
        <ele>2.599999904632568359375</ele>
        <time>2026-08-22T15:36:44.000Z</time>
        <extensions>
          <ns3:TrackPointExtension>
            <ns3:atemp>24.0</ns3:atemp>
            <ns3:hr>105</ns3:hr>
          </ns3:TrackPointExtension>
        </extensions>
      </trkpt>
      <trkpt lat="48.70018453337252140045166015625" lon="-1.83654497377574443817138671875">
        <ele>2.599999904632568359375</ele>
        <time>2026-08-22T15:36:46.000Z</time>
        <extensions>
          <ns3:TrackPointExtension>
            <ns3:atemp>24.0</ns3:atemp>
            <ns3:hr>103</ns3:hr>
          </ns3:TrackPointExtension>
        </extensions>
      </trkpt>
      <trkpt lat="48.70020029135048389434814453125" lon="-1.83640399016439914703369140625">
        <ele>2.400000095367431640625</ele>
        <time>2026-08-22T15:36:48.000Z</time>
        <extensions>
          <ns3:TrackPointExtension>
            <ns3:atemp>24.0</ns3:atemp>
            <ns3:hr>105</ns3:hr>
          </ns3:TrackPointExtension>
        </extensions>
      </trkpt>
      <trkpt lat="48.70021537877619266510009765625" lon="-1.8362684547901153564453125">
        <ele>2.7999999523162841796875</ele>
        <time>2026-08-22T15:36:50.000Z</time>
        <extensions>
          <ns3:TrackPointExtension>
            <ns3:atemp>24.0</ns3:atemp>
            <ns3:hr>105</ns3:hr>
          </ns3:TrackPointExtension>
        </extensions>
      </trkpt>
      <trkpt lat="48.70025041513144969940185546875" lon="-1.83581273071467876434326171875">
        <ele>3.400000095367431640625</ele>
        <time>2026-08-22T15:36:56.000Z</time>
        <extensions>
          <ns3:TrackPointExtension>
            <ns3:atemp>24.0</ns3:atemp>
            <ns3:hr>102</ns3:hr>
          </ns3:TrackPointExtension>
        </extensions>
      </trkpt>
      <trkpt lat="48.70024974457919597625732421875" lon="-1.835307218134403228759765625">
        <ele>3</ele>
        <time>2026-08-22T15:37:02.000Z</time>
        <extensions>
          <ns3:TrackPointExtension>
            <ns3:atemp>24.0</ns3:atemp>
            <ns3:hr>101</ns3:hr>
          </ns3:TrackPointExtension>
        </extensions>
      </trkpt>
      <trkpt lat="48.70022174902260303497314453125" lon="-1.8349576927721500396728515625">
        <ele>3.400000095367431640625</ele>
        <time>2026-08-22T15:37:06.000Z</time>
        <extensions>
          <ns3:TrackPointExtension>
            <ns3:atemp>24.0</ns3:atemp>
            <ns3:hr>102</ns3:hr>
          </ns3:TrackPointExtension>
        </extensions>
      </trkpt>
      <trkpt lat="48.70021956972777843475341796875" lon="-1.83486440218985080718994140625">
        <ele>3.400000095367431640625</ele>
        <time>2026-08-22T15:37:07.000Z</time>
        <extensions>
          <ns3:TrackPointExtension>
            <ns3:atemp>24.0</ns3:atemp>
            <ns3:hr>102</ns3:hr>
          </ns3:TrackPointExtension>
        </extensions>
      </trkpt>
      <trkpt lat="48.7002114392817020416259765625" lon="-1.8347682617604732513427734375">
        <ele>3.400000095367431640625</ele>
        <time>2026-08-22T15:37:08.000Z</time>
        <extensions>
          <ns3:TrackPointExtension>
            <ns3:atemp>24.0</ns3:atemp>
            <ns3:hr>102</ns3:hr>
          </ns3:TrackPointExtension>
        </extensions>
      </trkpt>
      <trkpt lat="48.7001829408109188079833984375" lon="-1.834498532116413116455078125">
        <ele>3.2000000476837158203125</ele>
        <time>2026-08-22T15:37:11.000Z</time>
        <extensions>
          <ns3:TrackPointExtension>
            <ns3:atemp>24.0</ns3:atemp>
            <ns3:hr>103</ns3:hr>
          </ns3:TrackPointExtension>
        </extensions>
      </trkpt>
      <trkpt lat="48.70013323612511157989501953125" lon="-1.83411053381860256195068359375">
        <ele>3.400000095367431640625</ele>
        <time>2026-08-22T15:37:16.000Z</time>
        <extensions>
          <ns3:TrackPointExtension>
            <ns3:atemp>24.0</ns3:atemp>
            <ns3:hr>103</ns3:hr>
          </ns3:TrackPointExtension>
        </extensions>
      </trkpt>
      <trkpt lat="48.7001088447868824005126953125" lon="-1.8338626809418201446533203125">
        <ele>3.400000095367431640625</ele>
        <time>2026-08-22T15:37:19.000Z</time>
        <extensions>
          <ns3:TrackPointExtension>
            <ns3:atemp>24.0</ns3:atemp>
            <ns3:hr>101</ns3:hr>
          </ns3:TrackPointExtension>
        </extensions>
      </trkpt>
      <trkpt lat="48.70008009485900402069091796875" lon="-1.83370334096252918243408203125">
        <ele>3</ele>
        <time>2026-08-22T15:37:21.000Z</time>
        <extensions>
          <ns3:TrackPointExtension>
            <ns3:atemp>24.0</ns3:atemp>
            <ns3:hr>100</ns3:hr>
          </ns3:TrackPointExtension>
        </extensions>
      </trkpt>
      <trkpt lat="48.69998931884765625" lon="-1.83326731435954570770263671875">
        <ele>1.60000002384185791015625</ele>
        <time>2026-08-22T15:37:26.000Z</time>
        <extensions>
          <ns3:TrackPointExtension>
            <ns3:atemp>24.0</ns3:atemp>
            <ns3:hr>97</ns3:hr>
          </ns3:TrackPointExtension>
        </extensions>
      </trkpt>
      <trkpt lat="48.699968867003917694091796875" lon="-1.83317762799561023712158203125">
        <ele>1.60000002384185791015625</ele>
        <time>2026-08-22T15:37:27.000Z</time>
        <extensions>
          <ns3:TrackPointExtension>
            <ns3:atemp>24.0</ns3:atemp>
            <ns3:hr>96</ns3:hr>
          </ns3:TrackPointExtension>
        </extensions>
      </trkpt>
      <trkpt lat="48.69991245679557323455810546875" lon="-1.83294125832617282867431640625">
        <ele>1.2000000476837158203125</ele>
        <time>2026-08-22T15:37:30.000Z</time>
        <extensions>
          <ns3:TrackPointExtension>
            <ns3:atemp>24.0</ns3:atemp>
            <ns3:hr>94</ns3:hr>
          </ns3:TrackPointExtension>
        </extensions>
      </trkpt>
      <trkpt lat="48.69990005157887935638427734375" lon="-1.83278786949813365936279296875">
        <ele>1.39999997615814208984375</ele>
        <time>2026-08-22T15:37:32.000Z</time>
        <extensions>
          <ns3:TrackPointExtension>
            <ns3:atemp>24.0</ns3:atemp>
            <ns3:hr>94</ns3:hr>
          </ns3:TrackPointExtension>
        </extensions>
      </trkpt>
      <trkpt lat="48.699913881719112396240234375" lon="-1.832445301115512847900390625">
        <ele>2.599999904632568359375</ele>
        <time>2026-08-22T15:37:37.000Z</time>
        <extensions>
          <ns3:TrackPointExtension>
            <ns3:atemp>24.0</ns3:atemp>
            <ns3:hr>93</ns3:hr>
          </ns3:TrackPointExtension>
        </extensions>
      </trkpt>
      <trkpt lat="48.6999174021184444427490234375" lon="-1.83238285593688488006591796875">
        <ele>2.599999904632568359375</ele>
        <time>2026-08-22T15:37:38.000Z</time>
        <extensions>
          <ns3:TrackPointExtension>
            <ns3:atemp>24.0</ns3:atemp>
            <ns3:hr>93</ns3:hr>
          </ns3:TrackPointExtension>
        </extensions>
      </trkpt>
      <trkpt lat="48.699938692152500152587890625" lon="-1.8321135453879833221435546875">
        <ele>1.60000002384185791015625</ele>
        <time>2026-08-22T15:37:43.000Z</time>
        <extensions>
          <ns3:TrackPointExtension>
            <ns3:atemp>24.0</ns3:atemp>
            <ns3:hr>91</ns3:hr>
          </ns3:TrackPointExtension>
        </extensions>
      </trkpt>
      <trkpt lat="48.69995034299790859222412109375" lon="-1.83198295533657073974609375">
        <ele>2</ele>
        <time>2026-08-22T15:37:45.000Z</time>
        <extensions>
          <ns3:TrackPointExtension>
            <ns3:atemp>24.0</ns3:atemp>
            <ns3:hr>92</ns3:hr>
          </ns3:TrackPointExtension>
        </extensions>
      </trkpt>
      <trkpt lat="48.69996023364365100860595703125" lon="-1.831917576491832733154296875">
        <ele>2.599999904632568359375</ele>
        <time>2026-08-22T15:37:46.000Z</time>
        <extensions>
          <ns3:TrackPointExtension>
            <ns3:atemp>24.0</ns3:atemp>
            <ns3:hr>91</ns3:hr>
          </ns3:TrackPointExtension>
        </extensions>
      </trkpt>
      <trkpt lat="48.6999710462987422943115234375" lon="-1.83186166919767856597900390625">
        <ele>3.400000095367431640625</ele>
        <time>2026-08-22T15:37:47.000Z</time>
        <extensions>
          <ns3:TrackPointExtension>
            <ns3:atemp>24.0</ns3:atemp>
            <ns3:hr>91</ns3:hr>
          </ns3:TrackPointExtension>
        </extensions>
      </trkpt>
      <trkpt lat="48.69997699744999408721923828125" lon="-1.83179930783808231353759765625">
        <ele>3.599999904632568359375</ele>
        <time>2026-08-22T15:37:48.000Z</time>
        <extensions>
          <ns3:TrackPointExtension>
            <ns3:atemp>25.0</ns3:atemp>
            <ns3:hr>91</ns3:hr>
          </ns3:TrackPointExtension>
        </extensions>
      </trkpt>
      <trkpt lat="48.69999141432344913482666015625" lon="-1.83160887099802494049072265625">
        <ele>2.7999999523162841796875</ele>
        <time>2026-08-22T15:37:51.000Z</time>
        <extensions>
          <ns3:TrackPointExtension>
            <ns3:atemp>24.0</ns3:atemp>
            <ns3:hr>86</ns3:hr>
          </ns3:TrackPointExtension>
        </extensions>
      </trkpt>
      <trkpt lat="48.7000121176242828369140625" lon="-1.83146755211055278778076171875">
        <ele>2.2000000476837158203125</ele>
        <time>2026-08-22T15:37:53.000Z</time>
        <extensions>
          <ns3:TrackPointExtension>
            <ns3:atemp>25.0</ns3:atemp>
            <ns3:hr>85</ns3:hr>
          </ns3:TrackPointExtension>
        </extensions>
      </trkpt>
      <trkpt lat="48.70003131218254566192626953125" lon="-1.83133528567850589752197265625">
        <ele>2.2000000476837158203125</ele>
        <time>2026-08-22T15:37:55.000Z</time>
        <extensions>
          <ns3:TrackPointExtension>
            <ns3:atemp>25.0</ns3:atemp>
            <ns3:hr>85</ns3:hr>
          </ns3:TrackPointExtension>
        </extensions>
      </trkpt>
      <trkpt lat="48.70004002936184406280517578125" lon="-1.831002272665500640869140625">
        <ele>2.400000095367431640625</ele>
        <time>2026-08-22T15:38:00.000Z</time>
        <extensions>
          <ns3:TrackPointExtension>
            <ns3:atemp>25.0</ns3:atemp>
            <ns3:hr>84</ns3:hr>
          </ns3:TrackPointExtension>
        </extensions>
      </trkpt>
      <trkpt lat="48.7000183202326297760009765625" lon="-1.83077730238437652587890625">
        <ele>2.400000095367431640625</ele>
        <time>2026-08-22T15:38:03.000Z</time>
        <extensions>
          <ns3:TrackPointExtension>
            <ns3:atemp>24.0</ns3:atemp>
            <ns3:hr>81</ns3:hr>
          </ns3:TrackPointExtension>
        </extensions>
      </trkpt>
      <trkpt lat="48.700017817318439483642578125" lon="-1.8306990154087543487548828125">
        <ele>2.400000095367431640625</ele>
        <time>2026-08-22T15:38:04.000Z</time>
        <extensions>
          <ns3:TrackPointExtension>
            <ns3:atemp>25.0</ns3:atemp>
            <ns3:hr>79</ns3:hr>
          </ns3:TrackPointExtension>
        </extensions>
      </trkpt>
      <trkpt lat="48.700011782348155975341796875" lon="-1.83062030933797359466552734375">
        <ele>2.400000095367431640625</ele>
        <time>2026-08-22T15:38:05.000Z</time>
        <extensions>
          <ns3:TrackPointExtension>
            <ns3:atemp>25.0</ns3:atemp>
            <ns3:hr>79</ns3:hr>
          </ns3:TrackPointExtension>
        </extensions>
      </trkpt>
      <trkpt lat="48.69999962858855724334716796875" lon="-1.8302232585847377777099609375">
        <ele>2.400000095367431640625</ele>
        <time>2026-08-22T15:38:10.000Z</time>
        <extensions>
          <ns3:TrackPointExtension>
            <ns3:atemp>25.0</ns3:atemp>
            <ns3:hr>82</ns3:hr>
          </ns3:TrackPointExtension>
        </extensions>
      </trkpt>
      <trkpt lat="48.70000063441693782806396484375" lon="-1.83015167713165283203125">
        <ele>2.599999904632568359375</ele>
        <time>2026-08-22T15:38:11.000Z</time>
        <extensions>
          <ns3:TrackPointExtension>
            <ns3:atemp>25.0</ns3:atemp>
            <ns3:hr>83</ns3:hr>
          </ns3:TrackPointExtension>
        </extensions>
      </trkpt>
      <trkpt lat="48.700005076825618743896484375" lon="-1.83007833547890186309814453125">
        <ele>2.599999904632568359375</ele>
        <time>2026-08-22T15:38:12.000Z</time>
        <extensions>
          <ns3:TrackPointExtension>
            <ns3:atemp>25.0</ns3:atemp>
            <ns3:hr>83</ns3:hr>
          </ns3:TrackPointExtension>
        </extensions>
      </trkpt>
      <trkpt lat="48.70000876486301422119140625" lon="-1.82992997579276561737060546875">
        <ele>3</ele>
        <time>2026-08-22T15:38:14.000Z</time>
        <extensions>
          <ns3:TrackPointExtension>
            <ns3:atemp>24.0</ns3:atemp>
            <ns3:hr>83</ns3:hr>
          </ns3:TrackPointExtension>
        </extensions>
      </trkpt>
      <trkpt lat="48.700015135109424591064453125" lon="-1.8296921811997890472412109375">
        <ele>3</ele>
        <time>2026-08-22T15:38:17.000Z</time>
        <extensions>
          <ns3:TrackPointExtension>
            <ns3:atemp>25.0</ns3:atemp>
            <ns3:hr>83</ns3:hr>
          </ns3:TrackPointExtension>
        </extensions>
      </trkpt>
      <trkpt lat="48.7000112794339656829833984375" lon="-1.82952781207859516143798828125">
        <ele>3</ele>
        <time>2026-08-22T15:38:19.000Z</time>
        <extensions>
          <ns3:TrackPointExtension>
            <ns3:atemp>25.0</ns3:atemp>
            <ns3:hr>82</ns3:hr>
          </ns3:TrackPointExtension>
        </extensions>
      </trkpt>
      <trkpt lat="48.70000499300658702850341796875" lon="-1.829352714121341705322265625">
        <ele>3</ele>
        <time>2026-08-22T15:38:21.000Z</time>
        <extensions>
          <ns3:TrackPointExtension>
            <ns3:atemp>25.0</ns3:atemp>
            <ns3:hr>79</ns3:hr>
          </ns3:TrackPointExtension>
        </extensions>
      </trkpt>
      <trkpt lat="48.69999694637954235076904296875" lon="-1.82927233166992664337158203125">
        <ele>2.7999999523162841796875</ele>
        <time>2026-08-22T15:38:22.000Z</time>
        <extensions>
          <ns3:TrackPointExtension>
            <ns3:atemp>25.0</ns3:atemp>
            <ns3:hr>78</ns3:hr>
          </ns3:TrackPointExtension>
        </extensions>
      </trkpt>
      <trkpt lat="48.699952773749828338623046875" lon="-1.82894828729331493377685546875">
        <ele>2.400000095367431640625</ele>
        <time>2026-08-22T15:38:26.000Z</time>
        <extensions>
          <ns3:TrackPointExtension>
            <ns3:atemp>25.0</ns3:atemp>
            <ns3:hr>85</ns3:hr>
          </ns3:TrackPointExtension>
        </extensions>
      </trkpt>
      <trkpt lat="48.69993626140058040618896484375" lon="-1.8288640491664409637451171875">
        <ele>2.599999904632568359375</ele>
        <time>2026-08-22T15:38:27.000Z</time>
        <extensions>
          <ns3:TrackPointExtension>
            <ns3:atemp>25.0</ns3:atemp>
            <ns3:hr>87</ns3:hr>
          </ns3:TrackPointExtension>
        </extensions>
      </trkpt>
      <trkpt lat="48.6999083496630191802978515625" lon="-1.828695572912693023681640625">
        <ele>2.400000095367431640625</ele>
        <time>2026-08-22T15:38:29.000Z</time>
        <extensions>
          <ns3:TrackPointExtension>
            <ns3:atemp>25.0</ns3:atemp>
            <ns3:hr>86</ns3:hr>
          </ns3:TrackPointExtension>
        </extensions>
      </trkpt>
      <trkpt lat="48.69987641461193561553955078125" lon="-1.828444786369800567626953125">
        <ele>2</ele>
        <time>2026-08-22T15:38:32.000Z</time>
        <extensions>
          <ns3:TrackPointExtension>
            <ns3:atemp>25.0</ns3:atemp>
            <ns3:hr>83</ns3:hr>
          </ns3:TrackPointExtension>
        </extensions>
      </trkpt>
      <trkpt lat="48.6998630873858928680419921875" lon="-1.82821470312774181365966796875">
        <ele>2</ele>
        <time>2026-08-22T15:38:35.000Z</time>
        <extensions>
          <ns3:TrackPointExtension>
            <ns3:atemp>25.0</ns3:atemp>
            <ns3:hr>84</ns3:hr>
          </ns3:TrackPointExtension>
        </extensions>
      </trkpt>
      <trkpt lat="48.69986652396619319915771484375" lon="-1.82807371951639652252197265625">
        <ele>2.2000000476837158203125</ele>
        <time>2026-08-22T15:38:37.000Z</time>
        <extensions>
          <ns3:TrackPointExtension>
            <ns3:atemp>25.0</ns3:atemp>
            <ns3:hr>88</ns3:hr>
          </ns3:TrackPointExtension>
        </extensions>
      </trkpt>
      <trkpt lat="48.6998734809458255767822265625" lon="-1.8280000425875186920166015625">
        <ele>2.400000095367431640625</ele>
        <time>2026-08-22T15:38:38.000Z</time>
        <extensions>
          <ns3:TrackPointExtension>
            <ns3:atemp>25.0</ns3:atemp>
            <ns3:hr>90</ns3:hr>
          </ns3:TrackPointExtension>
        </extensions>
      </trkpt>
      <trkpt lat="48.69989250786602497100830078125" lon="-1.8277858011424541473388671875">
        <ele>2.7999999523162841796875</ele>
        <time>2026-08-22T15:38:41.000Z</time>
        <extensions>
          <ns3:TrackPointExtension>
            <ns3:atemp>25.0</ns3:atemp>
            <ns3:hr>93</ns3:hr>
          </ns3:TrackPointExtension>
        </extensions>
      </trkpt>
      <trkpt lat="48.69989837519824504852294921875" lon="-1.8275534547865390777587890625">
        <ele>2.7999999523162841796875</ele>
        <time>2026-08-22T15:38:44.000Z</time>
        <extensions>
          <ns3:TrackPointExtension>
            <ns3:atemp>25.0</ns3:atemp>
            <ns3:hr>93</ns3:hr>
          </ns3:TrackPointExtension>
        </extensions>
      </trkpt>
      <trkpt lat="48.69986099191009998321533203125" lon="-1.82717048563063144683837890625">
        <ele>2.7999999523162841796875</ele>
        <time>2026-08-22T15:38:49.000Z</time>
        <extensions>
          <ns3:TrackPointExtension>
            <ns3:atemp>25.0</ns3:atemp>
            <ns3:hr>96</ns3:hr>
          </ns3:TrackPointExtension>
        </extensions>
      </trkpt>
      <trkpt lat="48.69983978569507598876953125" lon="-1.82694308459758758544921875">
        <ele>2.599999904632568359375</ele>
        <time>2026-08-22T15:38:52.000Z</time>
        <extensions>
          <ns3:TrackPointExtension>
            <ns3:atemp>25.0</ns3:atemp>
            <ns3:hr>99</ns3:hr>
          </ns3:TrackPointExtension>
        </extensions>
      </trkpt>
      <trkpt lat="48.69982494972646236419677734375" lon="-1.8268699944019317626953125">
        <ele>2.599999904632568359375</ele>
        <time>2026-08-22T15:38:53.000Z</time>
        <extensions>
          <ns3:TrackPointExtension>
            <ns3:atemp>25.0</ns3:atemp>
            <ns3:hr>100</ns3:hr>
          </ns3:TrackPointExtension>
        </extensions>
      </trkpt>
      <trkpt lat="48.69975856505334377288818359375" lon="-1.82648132555186748504638671875">
        <ele>2.7999999523162841796875</ele>
        <time>2026-08-22T15:38:58.000Z</time>
        <extensions>
          <ns3:TrackPointExtension>
            <ns3:atemp>25.0</ns3:atemp>
            <ns3:hr>100</ns3:hr>
          </ns3:TrackPointExtension>
        </extensions>
      </trkpt>
      <trkpt lat="48.69965136051177978515625" lon="-1.82593323290348052978515625">
        <ele>2</ele>
        <time>2026-08-22T15:39:05.000Z</time>
        <extensions>
          <ns3:TrackPointExtension>
            <ns3:atemp>25.0</ns3:atemp>
            <ns3:hr>99</ns3:hr>
          </ns3:TrackPointExtension>
        </extensions>
      </trkpt>
      <trkpt lat="48.69962462224066257476806640625" lon="-1.82571941055357456207275390625">
        <ele>2.2000000476837158203125</ele>
        <time>2026-08-22T15:39:08.000Z</time>
        <extensions>
          <ns3:TrackPointExtension>
            <ns3:atemp>25.0</ns3:atemp>
            <ns3:hr>99</ns3:hr>
          </ns3:TrackPointExtension>
        </extensions>
      </trkpt>
      <trkpt lat="48.69961992837488651275634765625" lon="-1.82556442916393280029296875">
        <ele>2.599999904632568359375</ele>
        <time>2026-08-22T15:39:10.000Z</time>
        <extensions>
          <ns3:TrackPointExtension>
            <ns3:atemp>25.0</ns3:atemp>
            <ns3:hr>97</ns3:hr>
          </ns3:TrackPointExtension>
        </extensions>
      </trkpt>
      <trkpt lat="48.6995982192456722259521484375" lon="-1.82514826767146587371826171875">
        <ele>2.7999999523162841796875</ele>
        <time>2026-08-22T15:39:15.000Z</time>
        <extensions>
          <ns3:TrackPointExtension>
            <ns3:atemp>25.0</ns3:atemp>
            <ns3:hr>100</ns3:hr>
          </ns3:TrackPointExtension>
        </extensions>
      </trkpt>
      <trkpt lat="48.69951733388006687164306640625" lon="-1.824582405388355255126953125">
        <ele>2.599999904632568359375</ele>
        <time>2026-08-22T15:39:22.000Z</time>
        <extensions>
          <ns3:TrackPointExtension>
            <ns3:atemp>25.0</ns3:atemp>
            <ns3:hr>101</ns3:hr>
          </ns3:TrackPointExtension>
        </extensions>
      </trkpt>
      <trkpt lat="48.69950107298791408538818359375" lon="-1.824345700442790985107421875">
        <ele>2.7999999523162841796875</ele>
        <time>2026-08-22T15:39:25.000Z</time>
        <extensions>
          <ns3:TrackPointExtension>
            <ns3:atemp>25.0</ns3:atemp>
            <ns3:hr>106</ns3:hr>
          </ns3:TrackPointExtension>
        </extensions>
      </trkpt>
      <trkpt lat="48.6994922719895839691162109375" lon="-1.82427118532359600067138671875">
        <ele>3</ele>
        <time>2026-08-22T15:39:26.000Z</time>
        <extensions>
          <ns3:TrackPointExtension>
            <ns3:atemp>25.0</ns3:atemp>
            <ns3:hr>111</ns3:hr>
          </ns3:TrackPointExtension>
        </extensions>
      </trkpt>
      <trkpt lat="48.69948330335319042205810546875" lon="-1.824182756245136260986328125">
        <ele>3.2000000476837158203125</ele>
        <time>2026-08-22T15:39:27.000Z</time>
        <extensions>
          <ns3:TrackPointExtension>
            <ns3:atemp>25.0</ns3:atemp>
            <ns3:hr>115</ns3:hr>
          </ns3:TrackPointExtension>
        </extensions>
      </trkpt>
      <trkpt lat="48.69948062114417552947998046875" lon="-1.82410061359405517578125">
        <ele>3.2000000476837158203125</ele>
        <time>2026-08-22T15:39:28.000Z</time>
        <extensions>
          <ns3:TrackPointExtension>
            <ns3:atemp>25.0</ns3:atemp>
            <ns3:hr>114</ns3:hr>
          </ns3:TrackPointExtension>
        </extensions>
      </trkpt>
      <trkpt lat="48.69947643019258975982666015625" lon="-1.82401553727686405181884765625">
        <ele>3.2000000476837158203125</ele>
        <time>2026-08-22T15:39:29.000Z</time>
        <extensions>
          <ns3:TrackPointExtension>
            <ns3:atemp>25.0</ns3:atemp>
            <ns3:hr>114</ns3:hr>
          </ns3:TrackPointExtension>
        </extensions>
      </trkpt>
      <trkpt lat="48.6994654498994350433349609375" lon="-1.82375402189791202545166015625">
        <ele>2.599999904632568359375</ele>
        <time>2026-08-22T15:39:32.000Z</time>
        <extensions>
          <ns3:TrackPointExtension>
            <ns3:atemp>25.0</ns3:atemp>
            <ns3:hr>110</ns3:hr>
          </ns3:TrackPointExtension>
        </extensions>
      </trkpt>
      <trkpt lat="48.6994644440710544586181640625" lon="-1.82359660975635051727294921875">
        <ele>2.599999904632568359375</ele>
        <time>2026-08-22T15:39:34.000Z</time>
        <extensions>
          <ns3:TrackPointExtension>
            <ns3:atemp>25.0</ns3:atemp>
            <ns3:hr>107</ns3:hr>
          </ns3:TrackPointExtension>
        </extensions>
      </trkpt>
      <trkpt lat="48.699455559253692626953125" lon="-1.8235147185623645782470703125">
        <ele>2.400000095367431640625</ele>
        <time>2026-08-22T15:39:35.000Z</time>
        <extensions>
          <ns3:TrackPointExtension>
            <ns3:atemp>25.0</ns3:atemp>
            <ns3:hr>105</ns3:hr>
          </ns3:TrackPointExtension>
        </extensions>
      </trkpt>
      <trkpt lat="48.69943301193416118621826171875" lon="-1.82337105274200439453125">
        <ele>2.400000095367431640625</ele>
        <time>2026-08-22T15:39:37.000Z</time>
        <extensions>
          <ns3:TrackPointExtension>
            <ns3:atemp>25.0</ns3:atemp>
            <ns3:hr>104</ns3:hr>
          </ns3:TrackPointExtension>
        </extensions>
      </trkpt>
      <trkpt lat="48.6994268931448459625244140625" lon="-1.82322747074067592620849609375">
        <ele>2.599999904632568359375</ele>
        <time>2026-08-22T15:39:39.000Z</time>
        <extensions>
          <ns3:TrackPointExtension>
            <ns3:atemp>25.0</ns3:atemp>
            <ns3:hr>102</ns3:hr>
          </ns3:TrackPointExtension>
        </extensions>
      </trkpt>
      <trkpt lat="48.6994309164583683013916015625" lon="-1.82316125370562076568603515625">
        <ele>2.7999999523162841796875</ele>
        <time>2026-08-22T15:39:40.000Z</time>
        <extensions>
          <ns3:TrackPointExtension>
            <ns3:atemp>25.0</ns3:atemp>
            <ns3:hr>102</ns3:hr>
          </ns3:TrackPointExtension>
        </extensions>
      </trkpt>
      <trkpt lat="48.69944977574050426483154296875" lon="-1.82303200475871562957763671875">
        <ele>3</ele>
        <time>2026-08-22T15:39:42.000Z</time>
        <extensions>
          <ns3:TrackPointExtension>
            <ns3:atemp>25.0</ns3:atemp>
            <ns3:hr>102</ns3:hr>
          </ns3:TrackPointExtension>
        </extensions>
      </trkpt>
      <trkpt lat="48.69948514737188816070556640625" lon="-1.82292220182716846466064453125">
        <ele>3</ele>
        <time>2026-08-22T15:39:44.000Z</time>
        <extensions>
          <ns3:TrackPointExtension>
            <ns3:atemp>25.0</ns3:atemp>
            <ns3:hr>102</ns3:hr>
          </ns3:TrackPointExtension>
        </extensions>
      </trkpt>
      <trkpt lat="48.69955035857856273651123046875" lon="-1.82265959680080413818359375">
        <ele>2.7999999523162841796875</ele>
        <time>2026-08-22T15:39:49.000Z</time>
        <extensions>
          <ns3:TrackPointExtension>
            <ns3:atemp>25.0</ns3:atemp>
            <ns3:hr>104</ns3:hr>
          </ns3:TrackPointExtension>
        </extensions>
      </trkpt>
      <trkpt lat="48.6996149830520153045654296875" lon="-1.82250411249697208404541015625">
        <ele>3</ele>
        <time>2026-08-22T15:39:53.000Z</time>
        <extensions>
          <ns3:TrackPointExtension>
            <ns3:atemp>25.0</ns3:atemp>
            <ns3:hr>109</ns3:hr>
          </ns3:TrackPointExtension>
        </extensions>
      </trkpt>
      <trkpt lat="48.69962797500193119049072265625" lon="-1.82246857322752475738525390625">
        <ele>3</ele>
        <time>2026-08-22T15:39:54.000Z</time>
        <extensions>
          <ns3:TrackPointExtension>
            <ns3:atemp>25.0</ns3:atemp>
            <ns3:hr>111</ns3:hr>
          </ns3:TrackPointExtension>
        </extensions>
      </trkpt>
      <trkpt lat="48.69968396611511707305908203125" lon="-1.82228651829063892364501953125">
        <ele>2.400000095367431640625</ele>
        <time>2026-08-22T15:39:59.000Z</time>
        <extensions>
          <ns3:TrackPointExtension>
            <ns3:atemp>25.0</ns3:atemp>
            <ns3:hr>114</ns3:hr>
          </ns3:TrackPointExtension>
        </extensions>
      </trkpt>
      <trkpt lat="48.69970408268272876739501953125" lon="-1.822180487215518951416015625">
        <ele>2.400000095367431640625</ele>
        <time>2026-08-22T15:40:01.000Z</time>
        <extensions>
          <ns3:TrackPointExtension>
            <ns3:atemp>25.0</ns3:atemp>
            <ns3:hr>110</ns3:hr>
          </ns3:TrackPointExtension>
        </extensions>
      </trkpt>
      <trkpt lat="48.699714727699756622314453125" lon="-1.82206037454307079315185546875">
        <ele>2.2000000476837158203125</ele>
        <time>2026-08-22T15:40:03.000Z</time>
        <extensions>
          <ns3:TrackPointExtension>
            <ns3:atemp>26.0</ns3:atemp>
            <ns3:hr>105</ns3:hr>
          </ns3:TrackPointExtension>
        </extensions>
      </trkpt>
      <trkpt lat="48.699720762670040130615234375" lon="-1.82199616916477680206298828125">
        <ele>2.2000000476837158203125</ele>
        <time>2026-08-22T15:40:04.000Z</time>
        <extensions>
          <ns3:TrackPointExtension>
            <ns3:atemp>25.0</ns3:atemp>
            <ns3:hr>102</ns3:hr>
          </ns3:TrackPointExtension>
        </extensions>
      </trkpt>
      <trkpt lat="48.699720092117786407470703125" lon="-1.82193464599549770355224609375">
        <ele>2.2000000476837158203125</ele>
        <time>2026-08-22T15:40:05.000Z</time>
        <extensions>
          <ns3:TrackPointExtension>
            <ns3:atemp>25.0</ns3:atemp>
            <ns3:hr>101</ns3:hr>
          </ns3:TrackPointExtension>
        </extensions>
      </trkpt>
      <trkpt lat="48.69971908628940582275390625" lon="-1.82179567404091358184814453125">
        <ele>2.2000000476837158203125</ele>
        <time>2026-08-22T15:40:07.000Z</time>
        <extensions>
          <ns3:TrackPointExtension>
            <ns3:atemp>25.0</ns3:atemp>
            <ns3:hr>99</ns3:hr>
          </ns3:TrackPointExtension>
        </extensions>
      </trkpt>
      <trkpt lat="48.69970299303531646728515625" lon="-1.82125671766698360443115234375">
        <ele>2.599999904632568359375</ele>
        <time>2026-08-22T15:40:14.000Z</time>
        <extensions>
          <ns3:TrackPointExtension>
            <ns3:atemp>25.0</ns3:atemp>
            <ns3:hr>97</ns3:hr>
          </ns3:TrackPointExtension>
        </extensions>
      </trkpt>
      <trkpt lat="48.69970391504466533660888671875" lon="-1.82071440853178501129150390625">
        <ele>2.7999999523162841796875</ele>
        <time>2026-08-22T15:40:21.000Z</time>
        <extensions>
          <ns3:TrackPointExtension>
            <ns3:atemp>25.0</ns3:atemp>
            <ns3:hr>100</ns3:hr>
          </ns3:TrackPointExtension>
        </extensions>
      </trkpt>
      <trkpt lat="48.69971103966236114501953125" lon="-1.82064182125031948089599609375">
        <ele>3</ele>
        <time>2026-08-22T15:40:22.000Z</time>
        <extensions>
          <ns3:TrackPointExtension>
            <ns3:atemp>26.0</ns3:atemp>
            <ns3:hr>100</ns3:hr>
          </ns3:TrackPointExtension>
        </extensions>
      </trkpt>
      <trkpt lat="48.699730820953845977783203125" lon="-1.8204016797244548797607421875">
        <ele>3.2000000476837158203125</ele>
        <time>2026-08-22T15:40:25.000Z</time>
        <extensions>
          <ns3:TrackPointExtension>
            <ns3:atemp>25.0</ns3:atemp>
            <ns3:hr>97</ns3:hr>
          </ns3:TrackPointExtension>
        </extensions>
      </trkpt>
      <trkpt lat="48.69974934495985507965087890625" lon="-1.82022859342396259307861328125">
        <ele>3.400000095367431640625</ele>
        <time>2026-08-22T15:40:27.000Z</time>
        <extensions>
          <ns3:TrackPointExtension>
            <ns3:atemp>26.0</ns3:atemp>
            <ns3:hr>94</ns3:hr>
          </ns3:TrackPointExtension>
        </extensions>
      </trkpt>
      <trkpt lat="48.69976979680359363555908203125" lon="-1.820063553750514984130859375">
        <ele>3.400000095367431640625</ele>
        <time>2026-08-22T15:40:29.000Z</time>
        <extensions>
          <ns3:TrackPointExtension>
            <ns3:atemp>25.0</ns3:atemp>
            <ns3:hr>90</ns3:hr>
          </ns3:TrackPointExtension>
        </extensions>
      </trkpt>
      <trkpt lat="48.69977675378322601318359375" lon="-1.8199138529598712921142578125">
        <ele>3</ele>
        <time>2026-08-22T15:40:31.000Z</time>
        <extensions>
          <ns3:TrackPointExtension>
            <ns3:atemp>25.0</ns3:atemp>
            <ns3:hr>82</ns3:hr>
          </ns3:TrackPointExtension>
        </extensions>
      </trkpt>
      <trkpt lat="48.6997816152870655059814453125" lon="-1.8198461271822452545166015625">
        <ele>2.7999999523162841796875</ele>
        <time>2026-08-22T15:40:32.000Z</time>
        <extensions>
          <ns3:TrackPointExtension>
            <ns3:atemp>25.0</ns3:atemp>
            <ns3:hr>79</ns3:hr>
          </ns3:TrackPointExtension>
        </extensions>
      </trkpt>
      <trkpt lat="48.699792511761188507080078125" lon="-1.81970053352415561676025390625">
        <ele>3</ele>
        <time>2026-08-22T15:40:34.000Z</time>
        <extensions>
          <ns3:TrackPointExtension>
            <ns3:atemp>25.0</ns3:atemp>
            <ns3:hr>76</ns3:hr>
          </ns3:TrackPointExtension>
        </extensions>
      </trkpt>
      <trkpt lat="48.69980215094983577728271484375" lon="-1.8195494078099727630615234375">
        <ele>3.2000000476837158203125</ele>
        <time>2026-08-22T15:40:36.000Z</time>
        <extensions>
          <ns3:TrackPointExtension>
            <ns3:atemp>26.0</ns3:atemp>
            <ns3:hr>76</ns3:hr>
          </ns3:TrackPointExtension>
        </extensions>
      </trkpt>
      <trkpt lat="48.6997983790934085845947265625" lon="-1.81909066624939441680908203125">
        <ele>2.7999999523162841796875</ele>
        <time>2026-08-22T15:40:42.000Z</time>
        <extensions>
          <ns3:TrackPointExtension>
            <ns3:atemp>26.0</ns3:atemp>
            <ns3:hr>78</ns3:hr>
          </ns3:TrackPointExtension>
        </extensions>
      </trkpt>
      <trkpt lat="48.6997826211154460906982421875" lon="-1.818514578044414520263671875">
        <ele>3.400000095367431640625</ele>
        <time>2026-08-22T15:40:49.000Z</time>
        <extensions>
          <ns3:TrackPointExtension>
            <ns3:atemp>26.0</ns3:atemp>
            <ns3:hr>79</ns3:hr>
          </ns3:TrackPointExtension>
        </extensions>
      </trkpt>
      <trkpt lat="48.69977868162095546722412109375" lon="-1.8183444254100322723388671875">
        <ele>3.2000000476837158203125</ele>
        <time>2026-08-22T15:40:51.000Z</time>
        <extensions>
          <ns3:TrackPointExtension>
            <ns3:atemp>26.0</ns3:atemp>
            <ns3:hr>82</ns3:hr>
          </ns3:TrackPointExtension>
        </extensions>
      </trkpt>
      <trkpt lat="48.6997759155929088592529296875" lon="-1.81817837990820407867431640625">
        <ele>3</ele>
        <time>2026-08-22T15:40:53.000Z</time>
        <extensions>
          <ns3:TrackPointExtension>
            <ns3:atemp>26.0</ns3:atemp>
            <ns3:hr>85</ns3:hr>
          </ns3:TrackPointExtension>
        </extensions>
      </trkpt>
      <trkpt lat="48.69976895861327648162841796875" lon="-1.81800730526447296142578125">
        <ele>2.7999999523162841796875</ele>
        <time>2026-08-22T15:40:55.000Z</time>
        <extensions>
          <ns3:TrackPointExtension>
            <ns3:atemp>26.0</ns3:atemp>
            <ns3:hr>88</ns3:hr>
          </ns3:TrackPointExtension>
        </extensions>
      </trkpt>
      <trkpt lat="48.69976334273815155029296875" lon="-1.81792206130921840667724609375">
        <ele>2.7999999523162841796875</ele>
        <time>2026-08-22T15:40:56.000Z</time>
        <extensions>
          <ns3:TrackPointExtension>
            <ns3:atemp>26.0</ns3:atemp>
            <ns3:hr>89</ns3:hr>
          </ns3:TrackPointExtension>
        </extensions>
      </trkpt>
      <trkpt lat="48.69975931942462921142578125" lon="-1.817591898143291473388671875">
        <ele>3</ele>
        <time>2026-08-22T15:41:00.000Z</time>
        <extensions>
          <ns3:TrackPointExtension>
            <ns3:atemp>26.0</ns3:atemp>
            <ns3:hr>92</ns3:hr>
          </ns3:TrackPointExtension>
        </extensions>
      </trkpt>
      <trkpt lat="48.6997621692717075347900390625" lon="-1.817332394421100616455078125">
        <ele>3</ele>
        <time>2026-08-22T15:41:03.000Z</time>
        <extensions>
          <ns3:TrackPointExtension>
            <ns3:atemp>26.0</ns3:atemp>
            <ns3:hr>90</ns3:hr>
          </ns3:TrackPointExtension>
        </extensions>
      </trkpt>
      <trkpt lat="48.6997380293905735015869140625" lon="-1.8168182484805583953857421875">
        <ele>2.7999999523162841796875</ele>
        <time>2026-08-22T15:41:09.000Z</time>
        <extensions>
          <ns3:TrackPointExtension>
            <ns3:atemp>26.0</ns3:atemp>
            <ns3:hr>89</ns3:hr>
          </ns3:TrackPointExtension>
        </extensions>
      </trkpt>
      <trkpt lat="48.69974456727504730224609375" lon="-1.81674406863749027252197265625">
        <ele>2.599999904632568359375</ele>
        <time>2026-08-22T15:41:10.000Z</time>
        <extensions>
          <ns3:TrackPointExtension>
            <ns3:atemp>26.0</ns3:atemp>
            <ns3:hr>89</ns3:hr>
          </ns3:TrackPointExtension>
        </extensions>
      </trkpt>
      <trkpt lat="48.69975755922496318817138671875" lon="-1.8162512965500354766845703125">
        <ele>3</ele>
        <time>2026-08-22T15:41:16.000Z</time>
        <extensions>
          <ns3:TrackPointExtension>
            <ns3:atemp>25.0</ns3:atemp>
            <ns3:hr>87</ns3:hr>
          </ns3:TrackPointExtension>
        </extensions>
      </trkpt>
      <trkpt lat="48.69969821535050868988037109375" lon="-1.8156424351036548614501953125">
        <ele>2.599999904632568359375</ele>
        <time>2026-08-22T15:41:23.000Z</time>
        <extensions>
          <ns3:TrackPointExtension>
            <ns3:atemp>25.0</ns3:atemp>
            <ns3:hr>89</ns3:hr>
          </ns3:TrackPointExtension>
        </extensions>
      </trkpt>
      <trkpt lat="48.6996619217097759246826171875" lon="-1.8153758905827999114990234375">
        <ele>2.400000095367431640625</ele>
        <time>2026-08-22T15:41:26.000Z</time>
        <extensions>
          <ns3:TrackPointExtension>
            <ns3:atemp>25.0</ns3:atemp>
            <ns3:hr>90</ns3:hr>
          </ns3:TrackPointExtension>
        </extensions>
      </trkpt>
      <trkpt lat="48.6996340937912464141845703125" lon="-1.81522845290601253509521484375">
        <ele>2.400000095367431640625</ele>
        <time>2026-08-22T15:41:28.000Z</time>
        <extensions>
          <ns3:TrackPointExtension>
            <ns3:atemp>26.0</ns3:atemp>
            <ns3:hr>87</ns3:hr>
          </ns3:TrackPointExtension>
        </extensions>
      </trkpt>
      <trkpt lat="48.69960450567305088043212890625" lon="-1.81500264443457126617431640625">
        <ele>2.7999999523162841796875</ele>
        <time>2026-08-22T15:41:31.000Z</time>
        <extensions>
          <ns3:TrackPointExtension>
            <ns3:atemp>25.0</ns3:atemp>
            <ns3:hr>84</ns3:hr>
          </ns3:TrackPointExtension>
        </extensions>
      </trkpt>
      <trkpt lat="48.69958690367639064788818359375" lon="-1.81483282707631587982177734375">
        <ele>2.7999999523162841796875</ele>
        <time>2026-08-22T15:41:33.000Z</time>
        <extensions>
          <ns3:TrackPointExtension>
            <ns3:atemp>25.0</ns3:atemp>
            <ns3:hr>87</ns3:hr>
          </ns3:TrackPointExtension>
        </extensions>
      </trkpt>
      <trkpt lat="48.69957617484033107757568359375" lon="-1.81474414654076099395751953125">
        <ele>2.7999999523162841796875</ele>
        <time>2026-08-22T15:41:34.000Z</time>
        <extensions>
          <ns3:TrackPointExtension>
            <ns3:atemp>25.0</ns3:atemp>
            <ns3:hr>87</ns3:hr>
          </ns3:TrackPointExtension>
        </extensions>
      </trkpt>
      <trkpt lat="48.69955102913081645965576171875" lon="-1.8144964613020420074462890625">
        <ele>2.599999904632568359375</ele>
        <time>2026-08-22T15:41:37.000Z</time>
        <extensions>
          <ns3:TrackPointExtension>
            <ns3:atemp>25.0</ns3:atemp>
            <ns3:hr>90</ns3:hr>
          </ns3:TrackPointExtension>
        </extensions>
      </trkpt>
      <trkpt lat="48.69953393004834651947021484375" lon="-1.81432957760989665985107421875">
        <ele>2.599999904632568359375</ele>
        <time>2026-08-22T15:41:39.000Z</time>
        <extensions>
          <ns3:TrackPointExtension>
            <ns3:atemp>25.0</ns3:atemp>
            <ns3:hr>93</ns3:hr>
          </ns3:TrackPointExtension>
        </extensions>
      </trkpt>
      <trkpt lat="48.69946436025202274322509765625" lon="-1.81377586908638477325439453125">
        <ele>2.2000000476837158203125</ele>
        <time>2026-08-22T15:41:46.000Z</time>
        <extensions>
          <ns3:TrackPointExtension>
            <ns3:atemp>26.0</ns3:atemp>
            <ns3:hr>93</ns3:hr>
          </ns3:TrackPointExtension>
        </extensions>
      </trkpt>
      <trkpt lat="48.69945949874818325042724609375" lon="-1.81368417106568813323974609375">
        <ele>2.2000000476837158203125</ele>
        <time>2026-08-22T15:41:47.000Z</time>
        <extensions>
          <ns3:TrackPointExtension>
            <ns3:atemp>26.0</ns3:atemp>
            <ns3:hr>95</ns3:hr>
          </ns3:TrackPointExtension>
        </extensions>
      </trkpt>
      <trkpt lat="48.69943971745669841766357421875" lon="-1.81351955048739910125732421875">
        <ele>2</ele>
        <time>2026-08-22T15:41:49.000Z</time>
        <extensions>
          <ns3:TrackPointExtension>
            <ns3:atemp>25.0</ns3:atemp>
            <ns3:hr>99</ns3:hr>
          </ns3:TrackPointExtension>
        </extensions>
      </trkpt>
      <trkpt lat="48.69943636469542980194091796875" lon="-1.8133695982396602630615234375">
        <ele>2.2000000476837158203125</ele>
        <time>2026-08-22T15:41:51.000Z</time>
        <extensions>
          <ns3:TrackPointExtension>
            <ns3:atemp>25.0</ns3:atemp>
            <ns3:hr>101</ns3:hr>
          </ns3:TrackPointExtension>
        </extensions>
      </trkpt>
      <trkpt lat="48.69943602941930294036865234375" lon="-1.81329332292079925537109375">
        <ele>2.400000095367431640625</ele>
        <time>2026-08-22T15:41:52.000Z</time>
        <extensions>
          <ns3:TrackPointExtension>
            <ns3:atemp>25.0</ns3:atemp>
            <ns3:hr>101</ns3:hr>
          </ns3:TrackPointExtension>
        </extensions>
      </trkpt>
      <trkpt lat="48.6994232051074504852294921875" lon="-1.81300439871847629547119140625">
        <ele>2.2000000476837158203125</ele>
        <time>2026-08-22T15:41:56.000Z</time>
        <extensions>
          <ns3:TrackPointExtension>
            <ns3:atemp>26.0</ns3:atemp>
            <ns3:hr>97</ns3:hr>
          </ns3:TrackPointExtension>
        </extensions>
      </trkpt>
      <trkpt lat="48.69942278601229190826416015625" lon="-1.81285050697624683380126953125">
        <ele>2.400000095367431640625</ele>
        <time>2026-08-22T15:41:58.000Z</time>
        <extensions>
          <ns3:TrackPointExtension>
            <ns3:atemp>25.0</ns3:atemp>
            <ns3:hr>94</ns3:hr>
          </ns3:TrackPointExtension>
        </extensions>
      </trkpt>
      <trkpt lat="48.699426390230655670166015625" lon="-1.8126261234283447265625">
        <ele>2.7999999523162841796875</ele>
        <time>2026-08-22T15:42:01.000Z</time>
        <extensions>
          <ns3:TrackPointExtension>
            <ns3:atemp>26.0</ns3:atemp>
            <ns3:hr>91</ns3:hr>
          </ns3:TrackPointExtension>
        </extensions>
      </trkpt>
      <trkpt lat="48.69942136108875274658203125" lon="-1.81249410845339298248291015625">
        <ele>2.7999999523162841796875</ele>
        <time>2026-08-22T15:42:03.000Z</time>
        <extensions>
          <ns3:TrackPointExtension>
            <ns3:atemp>26.0</ns3:atemp>
            <ns3:hr>90</ns3:hr>
          </ns3:TrackPointExtension>
        </extensions>
      </trkpt>
      <trkpt lat="48.6994228698313236236572265625" lon="-1.8124254606664180755615234375">
        <ele>2.599999904632568359375</ele>
        <time>2026-08-22T15:42:04.000Z</time>
        <extensions>
          <ns3:TrackPointExtension>
            <ns3:atemp>26.0</ns3:atemp>
            <ns3:hr>91</ns3:hr>
          </ns3:TrackPointExtension>
        </extensions>
      </trkpt>
      <trkpt lat="48.69943267665803432464599609375" lon="-1.8119882605969905853271484375">
        <ele>2.7999999523162841796875</ele>
        <time>2026-08-22T15:42:10.000Z</time>
        <extensions>
          <ns3:TrackPointExtension>
            <ns3:atemp>26.0</ns3:atemp>
            <ns3:hr>91</ns3:hr>
          </ns3:TrackPointExtension>
        </extensions>
      </trkpt>
      <trkpt lat="48.6994268931448459625244140625" lon="-1.8118440918624401092529296875">
        <ele>2.7999999523162841796875</ele>
        <time>2026-08-22T15:42:12.000Z</time>
        <extensions>
          <ns3:TrackPointExtension>
            <ns3:atemp>26.0</ns3:atemp>
            <ns3:hr>95</ns3:hr>
          </ns3:TrackPointExtension>
        </extensions>
      </trkpt>
      <trkpt lat="48.69942806661128997802734375" lon="-1.81176387704908847808837890625">
        <ele>2.7999999523162841796875</ele>
        <time>2026-08-22T15:42:13.000Z</time>
        <extensions>
          <ns3:TrackPointExtension>
            <ns3:atemp>26.0</ns3:atemp>
            <ns3:hr>98</ns3:hr>
          </ns3:TrackPointExtension>
        </extensions>
      </trkpt>
      <trkpt lat="48.6994282342493534088134765625" lon="-1.811687685549259185791015625">
        <ele>2.599999904632568359375</ele>
        <time>2026-08-22T15:42:14.000Z</time>
        <extensions>
          <ns3:TrackPointExtension>
            <ns3:atemp>26.0</ns3:atemp>
            <ns3:hr>98</ns3:hr>
          </ns3:TrackPointExtension>
        </extensions>
      </trkpt>
      <trkpt lat="48.6994218640029430389404296875" lon="-1.81160864420235157012939453125">
        <ele>2.599999904632568359375</ele>
        <time>2026-08-22T15:42:15.000Z</time>
        <extensions>
          <ns3:TrackPointExtension>
            <ns3:atemp>26.0</ns3:atemp>
            <ns3:hr>98</ns3:hr>
          </ns3:TrackPointExtension>
        </extensions>
      </trkpt>
      <trkpt lat="48.69939194060862064361572265625" lon="-1.8113146908581256866455078125">
        <ele>2.7999999523162841796875</ele>
        <time>2026-08-22T15:42:19.000Z</time>
        <extensions>
          <ns3:TrackPointExtension>
            <ns3:atemp>26.0</ns3:atemp>
            <ns3:hr>98</ns3:hr>
          </ns3:TrackPointExtension>
        </extensions>
      </trkpt>
      <trkpt lat="48.69937869720160961151123046875" lon="-1.8111607991158962249755859375">
        <ele>2.7999999523162841796875</ele>
        <time>2026-08-22T15:42:21.000Z</time>
        <extensions>
          <ns3:TrackPointExtension>
            <ns3:atemp>26.0</ns3:atemp>
            <ns3:hr>97</ns3:hr>
          </ns3:TrackPointExtension>
        </extensions>
      </trkpt>
      <trkpt lat="48.69936008937656879425048828125" lon="-1.81093708612024784088134765625">
        <ele>2.7999999523162841796875</ele>
        <time>2026-08-22T15:42:24.000Z</time>
        <extensions>
          <ns3:TrackPointExtension>
            <ns3:atemp>26.0</ns3:atemp>
            <ns3:hr>97</ns3:hr>
          </ns3:TrackPointExtension>
        </extensions>
      </trkpt>
      <trkpt lat="48.6993521265685558319091796875" lon="-1.8106935918331146240234375">
        <ele>2.599999904632568359375</ele>
        <time>2026-08-22T15:42:27.000Z</time>
        <extensions>
          <ns3:TrackPointExtension>
            <ns3:atemp>26.0</ns3:atemp>
            <ns3:hr>97</ns3:hr>
          </ns3:TrackPointExtension>
        </extensions>
      </trkpt>
      <trkpt lat="48.699342571198940277099609375" lon="-1.81053676642477512359619140625">
        <ele>2.400000095367431640625</ele>
        <time>2026-08-22T15:42:29.000Z</time>
        <extensions>
          <ns3:TrackPointExtension>
            <ns3:atemp>26.0</ns3:atemp>
            <ns3:hr>96</ns3:hr>
          </ns3:TrackPointExtension>
        </extensions>
      </trkpt>
      <trkpt lat="48.69933896698057651519775390625" lon="-1.81030911393463611602783203125">
        <ele>2.2000000476837158203125</ele>
        <time>2026-08-22T15:42:32.000Z</time>
        <extensions>
          <ns3:TrackPointExtension>
            <ns3:atemp>26.0</ns3:atemp>
            <ns3:hr>96</ns3:hr>
          </ns3:TrackPointExtension>
        </extensions>
      </trkpt>
      <trkpt lat="48.69932890869677066802978515625" lon="-1.80990141816437244415283203125">
        <ele>2.2000000476837158203125</ele>
        <time>2026-08-22T15:42:38.000Z</time>
        <extensions>
          <ns3:TrackPointExtension>
            <ns3:atemp>26.0</ns3:atemp>
            <ns3:hr>97</ns3:hr>
          </ns3:TrackPointExtension>
        </extensions>
      </trkpt>
      <trkpt lat="48.69933678768575191497802734375" lon="-1.80984408594667911529541015625">
        <ele>2.400000095367431640625</ele>
        <time>2026-08-22T15:42:39.000Z</time>
        <extensions>
          <ns3:TrackPointExtension>
            <ns3:atemp>25.0</ns3:atemp>
            <ns3:hr>96</ns3:hr>
          </ns3:TrackPointExtension>
        </extensions>
      </trkpt>
      <trkpt lat="48.69935371913015842437744140625" lon="-1.8097194470465183258056640625">
        <ele>2.599999904632568359375</ele>
        <time>2026-08-22T15:42:41.000Z</time>
        <extensions>
          <ns3:TrackPointExtension>
            <ns3:atemp>25.0</ns3:atemp>
            <ns3:hr>96</ns3:hr>
          </ns3:TrackPointExtension>
        </extensions>
      </trkpt>
      <trkpt lat="48.69937534444034099578857421875" lon="-1.809461452066898345947265625">
        <ele>2.400000095367431640625</ele>
        <time>2026-08-22T15:42:45.000Z</time>
        <extensions>
          <ns3:TrackPointExtension>
            <ns3:atemp>26.0</ns3:atemp>
            <ns3:hr>98</ns3:hr>
          </ns3:TrackPointExtension>
        </extensions>
      </trkpt>
      <trkpt lat="48.6993994005024433135986328125" lon="-1.80934502743184566497802734375">
        <ele>2.599999904632568359375</ele>
        <time>2026-08-22T15:42:47.000Z</time>
        <extensions>
          <ns3:TrackPointExtension>
            <ns3:atemp>26.0</ns3:atemp>
            <ns3:hr>98</ns3:hr>
          </ns3:TrackPointExtension>
        </extensions>
      </trkpt>
      <trkpt lat="48.69942965917289257049560546875" lon="-1.80917722173035144805908203125">
        <ele>2.400000095367431640625</ele>
        <time>2026-08-22T15:42:50.000Z</time>
        <extensions>
          <ns3:TrackPointExtension>
            <ns3:atemp>26.0</ns3:atemp>
            <ns3:hr>98</ns3:hr>
          </ns3:TrackPointExtension>
        </extensions>
      </trkpt>
      <trkpt lat="48.6994446627795696258544921875" lon="-1.80900589562952518463134765625">
        <ele>2.2000000476837158203125</ele>
        <time>2026-08-22T15:42:53.000Z</time>
        <extensions>
          <ns3:TrackPointExtension>
            <ns3:atemp>26.0</ns3:atemp>
            <ns3:hr>95</ns3:hr>
          </ns3:TrackPointExtension>
        </extensions>
      </trkpt>
      <trkpt lat="48.699443824589252471923828125" lon="-1.808882765471935272216796875">
        <ele>2.2000000476837158203125</ele>
        <time>2026-08-22T15:42:55.000Z</time>
        <extensions>
          <ns3:TrackPointExtension>
            <ns3:atemp>26.0</ns3:atemp>
            <ns3:hr>90</ns3:hr>
          </ns3:TrackPointExtension>
        </extensions>
      </trkpt>
      <trkpt lat="48.699434101581573486328125" lon="-1.80844330228865146636962890625">
        <ele>2.2000000476837158203125</ele>
        <time>2026-08-22T15:43:01.000Z</time>
        <extensions>
          <ns3:TrackPointExtension>
            <ns3:atemp>25.0</ns3:atemp>
            <ns3:hr>90</ns3:hr>
          </ns3:TrackPointExtension>
        </extensions>
      </trkpt>
      <trkpt lat="48.699432425200939178466796875" lon="-1.8083734810352325439453125">
        <ele>2.400000095367431640625</ele>
        <time>2026-08-22T15:43:02.000Z</time>
        <extensions>
          <ns3:TrackPointExtension>
            <ns3:atemp>26.0</ns3:atemp>
            <ns3:hr>90</ns3:hr>
          </ns3:TrackPointExtension>
        </extensions>
      </trkpt>
      <trkpt lat="48.699432425200939178466796875" lon="-1.808304749429225921630859375">
        <ele>2.2000000476837158203125</ele>
        <time>2026-08-22T15:43:03.000Z</time>
        <extensions>
          <ns3:TrackPointExtension>
            <ns3:atemp>25.0</ns3:atemp>
            <ns3:hr>94</ns3:hr>
          </ns3:TrackPointExtension>
        </extensions>
      </trkpt>
      <trkpt lat="48.6994262225925922393798828125" lon="-1.808169968426227569580078125">
        <ele>2.2000000476837158203125</ele>
        <time>2026-08-22T15:43:05.000Z</time>
        <extensions>
          <ns3:TrackPointExtension>
            <ns3:atemp>26.0</ns3:atemp>
            <ns3:hr>97</ns3:hr>
          </ns3:TrackPointExtension>
        </extensions>
      </trkpt>
      <trkpt lat="48.69942001998424530029296875" lon="-1.8080390430986881256103515625">
        <ele>2</ele>
        <time>2026-08-22T15:43:07.000Z</time>
        <extensions>
          <ns3:TrackPointExtension>
            <ns3:atemp>26.0</ns3:atemp>
            <ns3:hr>104</ns3:hr>
          </ns3:TrackPointExtension>
        </extensions>
      </trkpt>
      <trkpt lat="48.699421025812625885009765625" lon="-1.8079672940075397491455078125">
        <ele>2</ele>
        <time>2026-08-22T15:43:08.000Z</time>
        <extensions>
          <ns3:TrackPointExtension>
            <ns3:atemp>26.0</ns3:atemp>
            <ns3:hr>107</ns3:hr>
          </ns3:TrackPointExtension>
        </extensions>
      </trkpt>
      <trkpt lat="48.69941675104200839996337890625" lon="-1.80782002396881580352783203125">
        <ele>2</ele>
        <time>2026-08-22T15:43:10.000Z</time>
        <extensions>
          <ns3:TrackPointExtension>
            <ns3:atemp>25.0</ns3:atemp>
            <ns3:hr>106</ns3:hr>
          </ns3:TrackPointExtension>
        </extensions>
      </trkpt>
      <trkpt lat="48.69939898140728473663330078125" lon="-1.8075126595795154571533203125">
        <ele>2.400000095367431640625</ele>
        <time>2026-08-22T15:43:14.000Z</time>
        <extensions>
          <ns3:TrackPointExtension>
            <ns3:atemp>26.0</ns3:atemp>
            <ns3:hr>103</ns3:hr>
          </ns3:TrackPointExtension>
        </extensions>
      </trkpt>
      <trkpt lat="48.6993683874607086181640625" lon="-1.8072635494172573089599609375">
        <ele>2.2000000476837158203125</ele>
        <time>2026-08-22T15:43:17.000Z</time>
        <extensions>
          <ns3:TrackPointExtension>
            <ns3:atemp>25.0</ns3:atemp>
            <ns3:hr>101</ns3:hr>
          </ns3:TrackPointExtension>
        </extensions>
      </trkpt>
      <trkpt lat="48.69934081099927425384521484375" lon="-1.8068263493478298187255859375">
        <ele>2</ele>
        <time>2026-08-22T15:43:23.000Z</time>
        <extensions>
          <ns3:TrackPointExtension>
            <ns3:atemp>25.0</ns3:atemp>
            <ns3:hr>101</ns3:hr>
          </ns3:TrackPointExtension>
        </extensions>
      </trkpt>
      <trkpt lat="48.69933192618191242218017578125" lon="-1.80652267299592494964599609375">
        <ele>2</ele>
        <time>2026-08-22T15:43:27.000Z</time>
        <extensions>
          <ns3:TrackPointExtension>
            <ns3:atemp>25.0</ns3:atemp>
            <ns3:hr>101</ns3:hr>
          </ns3:TrackPointExtension>
        </extensions>
      </trkpt>
      <trkpt lat="48.69934315793216228485107421875" lon="-1.80639325641095638275146484375">
        <ele>2</ele>
        <time>2026-08-22T15:43:29.000Z</time>
        <extensions>
          <ns3:TrackPointExtension>
            <ns3:atemp>26.0</ns3:atemp>
            <ns3:hr>102</ns3:hr>
          </ns3:TrackPointExtension>
        </extensions>
      </trkpt>
      <trkpt lat="48.6993576586246490478515625" lon="-1.8059086985886096954345703125">
        <ele>2.599999904632568359375</ele>
        <time>2026-08-22T15:43:36.000Z</time>
        <extensions>
          <ns3:TrackPointExtension>
            <ns3:atemp>25.0</ns3:atemp>
            <ns3:hr>102</ns3:hr>
          </ns3:TrackPointExtension>
        </extensions>
      </trkpt>
      <trkpt lat="48.699355982244014739990234375" lon="-1.80582605302333831787109375">
        <ele>2.599999904632568359375</ele>
        <time>2026-08-22T15:43:37.000Z</time>
        <extensions>
          <ns3:TrackPointExtension>
            <ns3:atemp>25.0</ns3:atemp>
            <ns3:hr>103</ns3:hr>
          </ns3:TrackPointExtension>
        </extensions>
      </trkpt>
      <trkpt lat="48.69934751652181148529052734375" lon="-1.80566671304404735565185546875">
        <ele>2</ele>
        <time>2026-08-22T15:43:39.000Z</time>
        <extensions>
          <ns3:TrackPointExtension>
            <ns3:atemp>26.0</ns3:atemp>
            <ns3:hr>104</ns3:hr>
          </ns3:TrackPointExtension>
        </extensions>
      </trkpt>
      <trkpt lat="48.69934768415987491607666015625" lon="-1.80551894009113311767578125">
        <ele>1.7999999523162841796875</ele>
        <time>2026-08-22T15:43:41.000Z</time>
        <extensions>
          <ns3:TrackPointExtension>
            <ns3:atemp>25.0</ns3:atemp>
            <ns3:hr>102</ns3:hr>
          </ns3:TrackPointExtension>
        </extensions>
      </trkpt>
      <trkpt lat="48.69935296475887298583984375" lon="-1.80537435226142406463623046875">
        <ele>1.60000002384185791015625</ele>
        <time>2026-08-22T15:43:43.000Z</time>
        <extensions>
          <ns3:TrackPointExtension>
            <ns3:atemp>25.0</ns3:atemp>
            <ns3:hr>106</ns3:hr>
          </ns3:TrackPointExtension>
        </extensions>
      </trkpt>
      <trkpt lat="48.6993601731956005096435546875" lon="-1.80522792041301727294921875">
        <ele>1.7999999523162841796875</ele>
        <time>2026-08-22T15:43:45.000Z</time>
        <extensions>
          <ns3:TrackPointExtension>
            <ns3:atemp>26.0</ns3:atemp>
            <ns3:hr>109</ns3:hr>
          </ns3:TrackPointExtension>
        </extensions>
      </trkpt>
      <trkpt lat="48.699376769363880157470703125" lon="-1.80509339086711406707763671875">
        <ele>2</ele>
        <time>2026-08-22T15:43:47.000Z</time>
        <extensions>
          <ns3:TrackPointExtension>
            <ns3:atemp>25.0</ns3:atemp>
            <ns3:hr>109</ns3:hr>
          </ns3:TrackPointExtension>
        </extensions>
      </trkpt>
      <trkpt lat="48.699403591454029083251953125" lon="-1.8047954142093658447265625">
        <ele>2.400000095367431640625</ele>
        <time>2026-08-22T15:43:52.000Z</time>
        <extensions>
          <ns3:TrackPointExtension>
            <ns3:atemp>25.0</ns3:atemp>
            <ns3:hr>110</ns3:hr>
          </ns3:TrackPointExtension>
        </extensions>
      </trkpt>
      <trkpt lat="48.69940753094851970672607421875" lon="-1.8047265149652957916259765625">
        <ele>2.2000000476837158203125</ele>
        <time>2026-08-22T15:43:53.000Z</time>
        <extensions>
          <ns3:TrackPointExtension>
            <ns3:atemp>25.0</ns3:atemp>
            <ns3:hr>110</ns3:hr>
          </ns3:TrackPointExtension>
        </extensions>
      </trkpt>
      <trkpt lat="48.69940853677690029144287109375" lon="-1.80466197431087493896484375">
        <ele>2</ele>
        <time>2026-08-22T15:43:54.000Z</time>
        <extensions>
          <ns3:TrackPointExtension>
            <ns3:atemp>25.0</ns3:atemp>
            <ns3:hr>110</ns3:hr>
          </ns3:TrackPointExtension>
        </extensions>
      </trkpt>
      <trkpt lat="48.699407614767551422119140625" lon="-1.8045397661626338958740234375">
        <ele>2.2000000476837158203125</ele>
        <time>2026-08-22T15:43:56.000Z</time>
        <extensions>
          <ns3:TrackPointExtension>
            <ns3:atemp>25.0</ns3:atemp>
            <ns3:hr>109</ns3:hr>
          </ns3:TrackPointExtension>
        </extensions>
      </trkpt>
      <trkpt lat="48.69941172190010547637939453125" lon="-1.8043976090848445892333984375">
        <ele>2.2000000476837158203125</ele>
        <time>2026-08-22T15:43:58.000Z</time>
        <extensions>
          <ns3:TrackPointExtension>
            <ns3:atemp>25.0</ns3:atemp>
            <ns3:hr>107</ns3:hr>
          </ns3:TrackPointExtension>
        </extensions>
      </trkpt>
      <trkpt lat="48.69941272772848606109619140625" lon="-1.80410298518836498260498046875">
        <ele>2</ele>
        <time>2026-08-22T15:44:02.000Z</time>
        <extensions>
          <ns3:TrackPointExtension>
            <ns3:atemp>25.0</ns3:atemp>
            <ns3:hr>101</ns3:hr>
          </ns3:TrackPointExtension>
        </extensions>
      </trkpt>
      <trkpt lat="48.69940795004367828369140625" lon="-1.8040294758975505828857421875">
        <ele>2</ele>
        <time>2026-08-22T15:44:03.000Z</time>
        <extensions>
          <ns3:TrackPointExtension>
            <ns3:atemp>25.0</ns3:atemp>
            <ns3:hr>98</ns3:hr>
          </ns3:TrackPointExtension>
        </extensions>
      </trkpt>
      <trkpt lat="48.69940887205302715301513671875" lon="-1.803960911929607391357421875">
        <ele>1.7999999523162841796875</ele>
        <time>2026-08-22T15:44:04.000Z</time>
        <extensions>
          <ns3:TrackPointExtension>
            <ns3:atemp>25.0</ns3:atemp>
            <ns3:hr>95</ns3:hr>
          </ns3:TrackPointExtension>
        </extensions>
      </trkpt>
      <trkpt lat="48.69940836913883686065673828125" lon="-1.80389276705682277679443359375">
        <ele>1.7999999523162841796875</ele>
        <time>2026-08-22T15:44:05.000Z</time>
        <extensions>
          <ns3:TrackPointExtension>
            <ns3:atemp>25.0</ns3:atemp>
            <ns3:hr>94</ns3:hr>
          </ns3:TrackPointExtension>
        </extensions>
      </trkpt>
      <trkpt lat="48.69942001998424530029296875" lon="-1.80370501242578029632568359375">
        <ele>1.7999999523162841796875</ele>
        <time>2026-08-22T15:44:08.000Z</time>
        <extensions>
          <ns3:TrackPointExtension>
            <ns3:atemp>25.0</ns3:atemp>
            <ns3:hr>98</ns3:hr>
          </ns3:TrackPointExtension>
        </extensions>
      </trkpt>
      <trkpt lat="48.69942530058324337005615234375" lon="-1.80364298634231090545654296875">
        <ele>2</ele>
        <time>2026-08-22T15:44:09.000Z</time>
        <extensions>
          <ns3:TrackPointExtension>
            <ns3:atemp>25.0</ns3:atemp>
            <ns3:hr>101</ns3:hr>
          </ns3:TrackPointExtension>
        </extensions>
      </trkpt>
      <trkpt lat="48.6994300782680511474609375" lon="-1.80357576347887516021728515625">
        <ele>2</ele>
        <time>2026-08-22T15:44:10.000Z</time>
        <extensions>
          <ns3:TrackPointExtension>
            <ns3:atemp>25.0</ns3:atemp>
            <ns3:hr>103</ns3:hr>
          </ns3:TrackPointExtension>
        </extensions>
      </trkpt>
      <trkpt lat="48.69943032972514629364013671875" lon="-1.8035101331770420074462890625">
        <ele>2</ele>
        <time>2026-08-22T15:44:11.000Z</time>
        <extensions>
          <ns3:TrackPointExtension>
            <ns3:atemp>25.0</ns3:atemp>
            <ns3:hr>106</ns3:hr>
          </ns3:TrackPointExtension>
        </extensions>
      </trkpt>
      <trkpt lat="48.69942949153482913970947265625" lon="-1.80335833691060543060302734375">
        <ele>2</ele>
        <time>2026-08-22T15:44:13.000Z</time>
        <extensions>
          <ns3:TrackPointExtension>
            <ns3:atemp>25.0</ns3:atemp>
            <ns3:hr>107</ns3:hr>
          </ns3:TrackPointExtension>
        </extensions>
      </trkpt>
      <trkpt lat="48.69942395947873592376708984375" lon="-1.80321450345218181610107421875">
        <ele>2.2000000476837158203125</ele>
        <time>2026-08-22T15:44:15.000Z</time>
        <extensions>
          <ns3:TrackPointExtension>
            <ns3:atemp>25.0</ns3:atemp>
            <ns3:hr>106</ns3:hr>
          </ns3:TrackPointExtension>
        </extensions>
      </trkpt>
      <trkpt lat="48.69944415986537933349609375" lon="-1.80291996337473392486572265625">
        <ele>1.7999999523162841796875</ele>
        <time>2026-08-22T15:44:20.000Z</time>
        <extensions>
          <ns3:TrackPointExtension>
            <ns3:atemp>25.0</ns3:atemp>
            <ns3:hr>109</ns3:hr>
          </ns3:TrackPointExtension>
        </extensions>
      </trkpt>
      <trkpt lat="48.6994865722954273223876953125" lon="-1.8026657402515411376953125">
        <ele>1.7999999523162841796875</ele>
        <time>2026-08-22T15:44:25.000Z</time>
        <extensions>
          <ns3:TrackPointExtension>
            <ns3:atemp>25.0</ns3:atemp>
            <ns3:hr>106</ns3:hr>
          </ns3:TrackPointExtension>
        </extensions>
      </trkpt>
      <trkpt lat="48.69948598556220531463623046875" lon="-1.802617795765399932861328125">
        <ele>1.7999999523162841796875</ele>
        <time>2026-08-22T15:44:26.000Z</time>
        <extensions>
          <ns3:TrackPointExtension>
            <ns3:atemp>25.0</ns3:atemp>
            <ns3:hr>106</ns3:hr>
          </ns3:TrackPointExtension>
        </extensions>
      </trkpt>
      <trkpt lat="48.6995053477585315704345703125" lon="-1.8024167977273464202880859375">
        <ele>1.39999997615814208984375</ele>
        <time>2026-08-22T15:44:30.000Z</time>
        <extensions>
          <ns3:TrackPointExtension>
            <ns3:atemp>25.0</ns3:atemp>
            <ns3:hr>106</ns3:hr>
          </ns3:TrackPointExtension>
        </extensions>
      </trkpt>
      <trkpt lat="48.69954616762697696685791015625" lon="-1.80217782966792583465576171875">
        <ele>1.2000000476837158203125</ele>
        <time>2026-08-22T15:44:35.000Z</time>
        <extensions>
          <ns3:TrackPointExtension>
            <ns3:atemp>25.0</ns3:atemp>
            <ns3:hr>110</ns3:hr>
          </ns3:TrackPointExtension>
        </extensions>
      </trkpt>
      <trkpt lat="48.6995613388717174530029296875" lon="-1.80209702812135219573974609375">
        <ele>1.39999997615814208984375</ele>
        <time>2026-08-22T15:44:37.000Z</time>
        <extensions>
          <ns3:TrackPointExtension>
            <ns3:atemp>25.0</ns3:atemp>
            <ns3:hr>114</ns3:hr>
          </ns3:TrackPointExtension>
        </extensions>
      </trkpt>
      <trkpt lat="48.699566535651683807373046875" lon="-1.80203768424689769744873046875">
        <ele>1.39999997615814208984375</ele>
        <time>2026-08-22T15:44:39.000Z</time>
        <extensions>
          <ns3:TrackPointExtension>
            <ns3:atemp>25.0</ns3:atemp>
            <ns3:hr>115</ns3:hr>
          </ns3:TrackPointExtension>
        </extensions>
      </trkpt>
      <trkpt lat="48.699573576450347900390625" lon="-1.80199242196977138519287109375">
        <ele>1</ele>
        <time>2026-08-22T15:44:41.000Z</time>
        <extensions>
          <ns3:TrackPointExtension>
            <ns3:atemp>25.0</ns3:atemp>
            <ns3:hr>115</ns3:hr>
          </ns3:TrackPointExtension>
        </extensions>
      </trkpt>
      <trkpt lat="48.69959612376987934112548828125" lon="-1.8018557131290435791015625">
        <ele>1.2000000476837158203125</ele>
        <time>2026-08-22T15:44:47.000Z</time>
        <extensions>
          <ns3:TrackPointExtension>
            <ns3:atemp>25.0</ns3:atemp>
            <ns3:hr>113</ns3:hr>
          </ns3:TrackPointExtension>
        </extensions>
      </trkpt>
      <trkpt lat="48.699599392712116241455078125" lon="-1.80170861072838306427001953125">
        <ele>1.39999997615814208984375</ele>
        <time>2026-08-22T15:44:51.000Z</time>
        <extensions>
          <ns3:TrackPointExtension>
            <ns3:atemp>25.0</ns3:atemp>
            <ns3:hr>111</ns3:hr>
          </ns3:TrackPointExtension>
        </extensions>
      </trkpt>
      <trkpt lat="48.6995858140289783477783203125" lon="-1.8016362749040126800537109375">
        <ele>2</ele>
        <time>2026-08-22T15:44:53.000Z</time>
        <extensions>
          <ns3:TrackPointExtension>
            <ns3:atemp>25.0</ns3:atemp>
            <ns3:hr>108</ns3:hr>
          </ns3:TrackPointExtension>
        </extensions>
      </trkpt>
      <trkpt lat="48.69957935996353626251220703125" lon="-1.8015950359404087066650390625">
        <ele>2.400000095367431640625</ele>
        <time>2026-08-22T15:44:54.000Z</time>
        <extensions>
          <ns3:TrackPointExtension>
            <ns3:atemp>25.0</ns3:atemp>
            <ns3:hr>107</ns3:hr>
          </ns3:TrackPointExtension>
        </extensions>
      </trkpt>
      <trkpt lat="48.69957483373582363128662109375" lon="-1.80152236483991146087646484375">
        <ele>3.400000095367431640625</ele>
        <time>2026-08-22T15:44:56.000Z</time>
        <extensions>
          <ns3:TrackPointExtension>
            <ns3:atemp>25.0</ns3:atemp>
            <ns3:hr>106</ns3:hr>
          </ns3:TrackPointExtension>
        </extensions>
      </trkpt>
      <trkpt lat="48.69958120398223400115966796875" lon="-1.80140233598649501800537109375">
        <ele>2.400000095367431640625</ele>
        <time>2026-08-22T15:44:59.000Z</time>
        <extensions>
          <ns3:TrackPointExtension>
            <ns3:atemp>25.0</ns3:atemp>
            <ns3:hr>106</ns3:hr>
          </ns3:TrackPointExtension>
        </extensions>
      </trkpt>
      <trkpt lat="48.69958522729575634002685546875" lon="-1.80132438428699970245361328125">
        <ele>1</ele>
        <time>2026-08-22T15:45:01.000Z</time>
        <extensions>
          <ns3:TrackPointExtension>
            <ns3:atemp>25.0</ns3:atemp>
            <ns3:hr>106</ns3:hr>
          </ns3:TrackPointExtension>
        </extensions>
      </trkpt>
      <trkpt lat="48.6995821259915828704833984375" lon="-1.801248528063297271728515625">
        <ele>1</ele>
        <time>2026-08-22T15:45:03.000Z</time>
        <extensions>
          <ns3:TrackPointExtension>
            <ns3:atemp>25.0</ns3:atemp>
            <ns3:hr>106</ns3:hr>
          </ns3:TrackPointExtension>
        </extensions>
      </trkpt>
      <trkpt lat="48.699565865099430084228515625" lon="-1.8010455183684825897216796875">
        <ele>2.2000000476837158203125</ele>
        <time>2026-08-22T15:45:08.000Z</time>
        <extensions>
          <ns3:TrackPointExtension>
            <ns3:atemp>25.0</ns3:atemp>
            <ns3:hr>108</ns3:hr>
          </ns3:TrackPointExtension>
        </extensions>
      </trkpt>
      <trkpt lat="48.699562512338161468505859375" lon="-1.80099782533943653106689453125">
        <ele>2.400000095367431640625</ele>
        <time>2026-08-22T15:45:09.000Z</time>
        <extensions>
          <ns3:TrackPointExtension>
            <ns3:atemp>25.0</ns3:atemp>
            <ns3:hr>108</ns3:hr>
          </ns3:TrackPointExtension>
        </extensions>
      </trkpt>
      <trkpt lat="48.699545077979564666748046875" lon="-1.80089137516915798187255859375">
        <ele>3.400000095367431640625</ele>
        <time>2026-08-22T15:45:11.000Z</time>
        <extensions>
          <ns3:TrackPointExtension>
            <ns3:atemp>25.0</ns3:atemp>
            <ns3:hr>108</ns3:hr>
          </ns3:TrackPointExtension>
        </extensions>
      </trkpt>
      <trkpt lat="48.6995298229157924652099609375" lon="-1.80071166716516017913818359375">
        <ele>2.7999999523162841796875</ele>
        <time>2026-08-22T15:45:15.000Z</time>
        <extensions>
          <ns3:TrackPointExtension>
            <ns3:atemp>25.0</ns3:atemp>
            <ns3:hr>108</ns3:hr>
          </ns3:TrackPointExtension>
        </extensions>
      </trkpt>
      <trkpt lat="48.6995331756770610809326171875" lon="-1.8006874434649944305419921875">
        <ele>2.2000000476837158203125</ele>
        <time>2026-08-22T15:45:16.000Z</time>
        <extensions>
          <ns3:TrackPointExtension>
            <ns3:atemp>25.0</ns3:atemp>
            <ns3:hr>109</ns3:hr>
          </ns3:TrackPointExtension>
        </extensions>
      </trkpt>
      <trkpt lat="48.69953979738056659698486328125" lon="-1.8006529100239276885986328125">
        <ele>0.60000002384185791015625</ele>
        <time>2026-08-22T15:45:18.000Z</time>
        <extensions>
          <ns3:TrackPointExtension>
            <ns3:atemp>25.0</ns3:atemp>
            <ns3:hr>109</ns3:hr>
          </ns3:TrackPointExtension>
        </extensions>
      </trkpt>
      <trkpt lat="48.6995415575802326202392578125" lon="-1.800650395452976226806640625">
        <ele>0.20000000298023223876953125</ele>
        <time>2026-08-22T15:45:19.000Z</time>
        <extensions>
          <ns3:TrackPointExtension>
            <ns3:atemp>25.0</ns3:atemp>
            <ns3:hr>109</ns3:hr>
          </ns3:TrackPointExtension>
        </extensions>
      </trkpt>
      <trkpt lat="48.69953962974250316619873046875" lon="-1.800670512020587921142578125">
        <ele>0.4000000059604644775390625</ele>
        <time>2026-08-22T15:45:21.000Z</time>
        <extensions>
          <ns3:TrackPointExtension>
            <ns3:atemp>25.0</ns3:atemp>
            <ns3:hr>107</ns3:hr>
          </ns3:TrackPointExtension>
        </extensions>
      </trkpt>
      <trkpt lat="48.69953108020126819610595703125" lon="-1.80065953172743320465087890625">
        <ele>0.60000002384185791015625</ele>
        <time>2026-08-22T15:45:23.000Z</time>
        <extensions>
          <ns3:TrackPointExtension>
            <ns3:atemp>25.0</ns3:atemp>
            <ns3:hr>105</ns3:hr>
          </ns3:TrackPointExtension>
        </extensions>
      </trkpt>
      <trkpt lat="48.69953242130577564239501953125" lon="-1.8006720207631587982177734375">
        <ele>0.60000002384185791015625</ele>
        <time>2026-08-22T15:45:24.000Z</time>
        <extensions>
          <ns3:TrackPointExtension>
            <ns3:atemp>25.0</ns3:atemp>
            <ns3:hr>104</ns3:hr>
          </ns3:TrackPointExtension>
        </extensions>
      </trkpt>
      <trkpt lat="48.69952823035418987274169921875" lon="-1.80067864246666431427001953125">
        <ele>0.800000011920928955078125</ele>
        <time>2026-08-22T15:45:25.000Z</time>
        <extensions>
          <ns3:TrackPointExtension>
            <ns3:atemp>25.0</ns3:atemp>
            <ns3:hr>103</ns3:hr>
          </ns3:TrackPointExtension>
        </extensions>
      </trkpt>
      <trkpt lat="48.6995395459234714508056640625" lon="-1.80069071240723133087158203125">
        <ele>1</ele>
        <time>2026-08-22T15:45:27.000Z</time>
        <extensions>
          <ns3:TrackPointExtension>
            <ns3:atemp>25.0</ns3:atemp>
            <ns3:hr>101</ns3:hr>
          </ns3:TrackPointExtension>
        </extensions>
      </trkpt>
      <trkpt lat="48.69954834692180156707763671875" lon="-1.8006958253681659698486328125">
        <ele>1.2000000476837158203125</ele>
        <time>2026-08-22T15:45:28.000Z</time>
        <extensions>
          <ns3:TrackPointExtension>
            <ns3:atemp>24.0</ns3:atemp>
            <ns3:hr>100</ns3:hr>
          </ns3:TrackPointExtension>
        </extensions>
      </trkpt>
      <trkpt lat="48.69957097806036472320556640625" lon="-1.8007021956145763397216796875">
        <ele>1.60000002384185791015625</ele>
        <time>2026-08-22T15:45:30.000Z</time>
        <extensions>
          <ns3:TrackPointExtension>
            <ns3:atemp>24.0</ns3:atemp>
            <ns3:hr>93</ns3:hr>
          </ns3:TrackPointExtension>
        </extensions>
      </trkpt>
      <trkpt lat="48.69959310628473758697509765625" lon="-1.80071250535547733306884765625">
        <ele>1.60000002384185791015625</ele>
        <time>2026-08-22T15:45:31.000Z</time>
        <extensions>
          <ns3:TrackPointExtension>
            <ns3:atemp>25.0</ns3:atemp>
            <ns3:hr>89</ns3:hr>
          </ns3:TrackPointExtension>
        </extensions>
      </trkpt>
      <trkpt lat="48.69961506687104701995849609375" lon="-1.80072717368602752685546875">
        <ele>1.7999999523162841796875</ele>
        <time>2026-08-22T15:45:32.000Z</time>
        <extensions>
          <ns3:TrackPointExtension>
            <ns3:atemp>25.0</ns3:atemp>
            <ns3:hr>92</ns3:hr>
          </ns3:TrackPointExtension>
        </extensions>
      </trkpt>
      <trkpt lat="48.6996446549892425537109375" lon="-1.80074268020689487457275390625">
        <ele>1.7999999523162841796875</ele>
        <time>2026-08-22T15:45:33.000Z</time>
        <extensions>
          <ns3:TrackPointExtension>
            <ns3:atemp>24.0</ns3:atemp>
            <ns3:hr>92</ns3:hr>
          </ns3:TrackPointExtension>
        </extensions>
      </trkpt>
      <trkpt lat="48.6997273005545139312744140625" lon="-1.80083320476114749908447265625">
        <ele>1.60000002384185791015625</ele>
        <time>2026-08-22T15:45:36.000Z</time>
        <extensions>
          <ns3:TrackPointExtension>
            <ns3:atemp>24.0</ns3:atemp>
            <ns3:hr>94</ns3:hr>
          </ns3:TrackPointExtension>
        </extensions>
      </trkpt>
      <trkpt lat="48.69978052563965320587158203125" lon="-1.80092699825763702392578125">
        <ele>2</ele>
        <time>2026-08-22T15:45:38.000Z</time>
        <extensions>
          <ns3:TrackPointExtension>
            <ns3:atemp>24.0</ns3:atemp>
            <ns3:hr>95</ns3:hr>
          </ns3:TrackPointExtension>
        </extensions>
      </trkpt>
      <trkpt lat="48.6997973732650279998779296875" lon="-1.80099816061556339263916015625">
        <ele>2</ele>
        <time>2026-08-22T15:45:39.000Z</time>
        <extensions>
          <ns3:TrackPointExtension>
            <ns3:atemp>24.0</ns3:atemp>
            <ns3:hr>92</ns3:hr>
          </ns3:TrackPointExtension>
        </extensions>
      </trkpt>
      <trkpt lat="48.69981229305267333984375" lon="-1.80106773041188716888427734375">
        <ele>2</ele>
        <time>2026-08-22T15:45:40.000Z</time>
        <extensions>
          <ns3:TrackPointExtension>
            <ns3:atemp>24.0</ns3:atemp>
            <ns3:hr>86</ns3:hr>
          </ns3:TrackPointExtension>
        </extensions>
      </trkpt>
      <trkpt lat="48.6998228542506694793701171875" lon="-1.801138222217559814453125">
        <ele>1.7999999523162841796875</ele>
        <time>2026-08-22T15:45:41.000Z</time>
        <extensions>
          <ns3:TrackPointExtension>
            <ns3:atemp>24.0</ns3:atemp>
            <ns3:hr>80</ns3:hr>
          </ns3:TrackPointExtension>
        </extensions>
      </trkpt>
      <trkpt lat="48.699834086000919342041015625" lon="-1.801211647689342498779296875">
        <ele>1.60000002384185791015625</ele>
        <time>2026-08-22T15:45:42.000Z</time>
        <extensions>
          <ns3:TrackPointExtension>
            <ns3:atemp>24.0</ns3:atemp>
            <ns3:hr>74</ns3:hr>
          </ns3:TrackPointExtension>
        </extensions>
      </trkpt>
      <trkpt lat="48.6998379416763782501220703125" lon="-1.8012790381908416748046875">
        <ele>1.39999997615814208984375</ele>
        <time>2026-08-22T15:45:43.000Z</time>
        <extensions>
          <ns3:TrackPointExtension>
            <ns3:atemp>24.0</ns3:atemp>
            <ns3:hr>76</ns3:hr>
          </ns3:TrackPointExtension>
        </extensions>
      </trkpt>
      <trkpt lat="48.6998412944376468658447265625" lon="-1.80134064517915248870849609375">
        <ele>1.2000000476837158203125</ele>
        <time>2026-08-22T15:45:44.000Z</time>
        <extensions>
          <ns3:TrackPointExtension>
            <ns3:atemp>24.0</ns3:atemp>
            <ns3:hr>78</ns3:hr>
          </ns3:TrackPointExtension>
        </extensions>
      </trkpt>
      <trkpt lat="48.6998516879975795745849609375" lon="-1.80139864794909954071044921875">
        <ele>1.2000000476837158203125</ele>
        <time>2026-08-22T15:45:45.000Z</time>
        <extensions>
          <ns3:TrackPointExtension>
            <ns3:atemp>24.0</ns3:atemp>
            <ns3:hr>80</ns3:hr>
          </ns3:TrackPointExtension>
        </extensions>
      </trkpt>
      <trkpt lat="48.699864260852336883544921875" lon="-1.80153225548565387725830078125">
        <ele>1.2000000476837158203125</ele>
        <time>2026-08-22T15:45:47.000Z</time>
        <extensions>
          <ns3:TrackPointExtension>
            <ns3:atemp>24.0</ns3:atemp>
            <ns3:hr>84</ns3:hr>
          </ns3:TrackPointExtension>
        </extensions>
      </trkpt>
      <trkpt lat="48.69987725280225276947021484375" lon="-1.80159679614007472991943359375">
        <ele>1.2000000476837158203125</ele>
        <time>2026-08-22T15:45:48.000Z</time>
        <extensions>
          <ns3:TrackPointExtension>
            <ns3:atemp>24.0</ns3:atemp>
            <ns3:hr>86</ns3:hr>
          </ns3:TrackPointExtension>
        </extensions>
      </trkpt>
      <trkpt lat="48.69991463609039783477783203125" lon="-1.80180408060550689697265625">
        <ele>1.39999997615814208984375</ele>
        <time>2026-08-22T15:45:52.000Z</time>
        <extensions>
          <ns3:TrackPointExtension>
            <ns3:atemp>24.0</ns3:atemp>
            <ns3:hr>89</ns3:hr>
          </ns3:TrackPointExtension>
        </extensions>
      </trkpt>
      <trkpt lat="48.6999241076409816741943359375" lon="-1.80186635814607143402099609375">
        <ele>1.39999997615814208984375</ele>
        <time>2026-08-22T15:45:53.000Z</time>
        <extensions>
          <ns3:TrackPointExtension>
            <ns3:atemp>24.0</ns3:atemp>
            <ns3:hr>90</ns3:hr>
          </ns3:TrackPointExtension>
        </extensions>
      </trkpt>
      <trkpt lat="48.6999341659247875213623046875" lon="-1.801922433078289031982421875">
        <ele>1.2000000476837158203125</ele>
        <time>2026-08-22T15:45:54.000Z</time>
        <extensions>
          <ns3:TrackPointExtension>
            <ns3:atemp>24.0</ns3:atemp>
            <ns3:hr>90</ns3:hr>
          </ns3:TrackPointExtension>
        </extensions>
      </trkpt>
      <trkpt lat="48.6999871395528316497802734375" lon="-1.80217330344021320343017578125">
        <ele>1.39999997615814208984375</ele>
        <time>2026-08-22T15:45:59.000Z</time>
        <extensions>
          <ns3:TrackPointExtension>
            <ns3:atemp>24.0</ns3:atemp>
            <ns3:hr>97</ns3:hr>
          </ns3:TrackPointExtension>
        </extensions>
      </trkpt>
      <trkpt lat="48.70000666938722133636474609375" lon="-1.8022253550589084625244140625">
        <ele>1.39999997615814208984375</ele>
        <time>2026-08-22T15:46:00.000Z</time>
        <extensions>
          <ns3:TrackPointExtension>
            <ns3:atemp>24.0</ns3:atemp>
            <ns3:hr>100</ns3:hr>
          </ns3:TrackPointExtension>
        </extensions>
      </trkpt>
      <trkpt lat="48.70009702630341053009033203125" lon="-1.8024825118482112884521484375">
        <ele>1.60000002384185791015625</ele>
        <time>2026-08-22T15:46:04.000Z</time>
        <extensions>
          <ns3:TrackPointExtension>
            <ns3:atemp>24.0</ns3:atemp>
            <ns3:hr>103</ns3:hr>
          </ns3:TrackPointExtension>
        </extensions>
      </trkpt>
      <trkpt lat="48.70014983229339122772216796875" lon="-1.80262810550630092620849609375">
        <ele>1.7999999523162841796875</ele>
        <time>2026-08-22T15:46:06.000Z</time>
        <extensions>
          <ns3:TrackPointExtension>
            <ns3:atemp>24.0</ns3:atemp>
            <ns3:hr>105</ns3:hr>
          </ns3:TrackPointExtension>
        </extensions>
      </trkpt>
      <trkpt lat="48.700228035449981689453125" lon="-1.80286028422415256500244140625">
        <ele>2.2000000476837158203125</ele>
        <time>2026-08-22T15:46:09.000Z</time>
        <extensions>
          <ns3:TrackPointExtension>
            <ns3:atemp>24.0</ns3:atemp>
            <ns3:hr>102</ns3:hr>
          </ns3:TrackPointExtension>
        </extensions>
      </trkpt>
      <trkpt lat="48.70027774013578891754150390625" lon="-1.80300998501479625701904296875">
        <ele>2</ele>
        <time>2026-08-22T15:46:11.000Z</time>
        <extensions>
          <ns3:TrackPointExtension>
            <ns3:atemp>24.0</ns3:atemp>
            <ns3:hr>101</ns3:hr>
          </ns3:TrackPointExtension>
        </extensions>
      </trkpt>
      <trkpt lat="48.70030120946466922760009765625" lon="-1.80308324284851551055908203125">
        <ele>2</ele>
        <time>2026-08-22T15:46:12.000Z</time>
        <extensions>
          <ns3:TrackPointExtension>
            <ns3:atemp>24.0</ns3:atemp>
            <ns3:hr>101</ns3:hr>
          </ns3:TrackPointExtension>
        </extensions>
      </trkpt>
      <trkpt lat="48.700463064014911651611328125" lon="-1.803603507578372955322265625">
        <ele>1.7999999523162841796875</ele>
        <time>2026-08-22T15:46:19.000Z</time>
        <extensions>
          <ns3:TrackPointExtension>
            <ns3:atemp>24.0</ns3:atemp>
            <ns3:hr>100</ns3:hr>
          </ns3:TrackPointExtension>
        </extensions>
      </trkpt>
      <trkpt lat="48.70055727660655975341796875" lon="-1.80389762856066226959228515625">
        <ele>1.7999999523162841796875</ele>
        <time>2026-08-22T15:46:23.000Z</time>
        <extensions>
          <ns3:TrackPointExtension>
            <ns3:atemp>24.0</ns3:atemp>
            <ns3:hr>100</ns3:hr>
          </ns3:TrackPointExtension>
        </extensions>
      </trkpt>
      <trkpt lat="48.7005990184843540191650390625" lon="-1.804045736789703369140625">
        <ele>1.60000002384185791015625</ele>
        <time>2026-08-22T15:46:25.000Z</time>
        <extensions>
          <ns3:TrackPointExtension>
            <ns3:atemp>24.0</ns3:atemp>
            <ns3:hr>100</ns3:hr>
          </ns3:TrackPointExtension>
        </extensions>
      </trkpt>
      <trkpt lat="48.70072667486965656280517578125" lon="-1.80438981391489505767822265625">
        <ele>1.7999999523162841796875</ele>
        <time>2026-08-22T15:46:30.000Z</time>
        <extensions>
          <ns3:TrackPointExtension>
            <ns3:atemp>24.0</ns3:atemp>
            <ns3:hr>100</ns3:hr>
          </ns3:TrackPointExtension>
        </extensions>
      </trkpt>
      <trkpt lat="48.70074209757149219512939453125" lon="-1.804467849433422088623046875">
        <ele>1.7999999523162841796875</ele>
        <time>2026-08-22T15:46:31.000Z</time>
        <extensions>
          <ns3:TrackPointExtension>
            <ns3:atemp>24.0</ns3:atemp>
            <ns3:hr>98</ns3:hr>
          </ns3:TrackPointExtension>
        </extensions>
      </trkpt>
      <trkpt lat="48.7007596157491207122802734375" lon="-1.804544627666473388671875">
        <ele>1.60000002384185791015625</ele>
        <time>2026-08-22T15:46:32.000Z</time>
        <extensions>
          <ns3:TrackPointExtension>
            <ns3:atemp>24.0</ns3:atemp>
            <ns3:hr>102</ns3:hr>
          </ns3:TrackPointExtension>
        </extensions>
      </trkpt>
      <trkpt lat="48.70079674758017063140869140625" lon="-1.80468552745878696441650390625">
        <ele>1.39999997615814208984375</ele>
        <time>2026-08-22T15:46:34.000Z</time>
        <extensions>
          <ns3:TrackPointExtension>
            <ns3:atemp>24.0</ns3:atemp>
            <ns3:hr>104</ns3:hr>
          </ns3:TrackPointExtension>
        </extensions>
      </trkpt>
      <trkpt lat="48.700845278799533843994140625" lon="-1.804805807769298553466796875">
        <ele>1.2000000476837158203125</ele>
        <time>2026-08-22T15:46:36.000Z</time>
        <extensions>
          <ns3:TrackPointExtension>
            <ns3:atemp>24.0</ns3:atemp>
            <ns3:hr>103</ns3:hr>
          </ns3:TrackPointExtension>
        </extensions>
      </trkpt>
      <trkpt lat="48.70091845281422138214111328125" lon="-1.8050031177699565887451171875">
        <ele>1.39999997615814208984375</ele>
        <time>2026-08-22T15:46:39.000Z</time>
        <extensions>
          <ns3:TrackPointExtension>
            <ns3:atemp>24.0</ns3:atemp>
            <ns3:hr>103</ns3:hr>
          </ns3:TrackPointExtension>
        </extensions>
      </trkpt>
      <trkpt lat="48.70097042061388492584228515625" lon="-1.80514854378998279571533203125">
        <ele>1.2000000476837158203125</ele>
        <time>2026-08-22T15:46:41.000Z</time>
        <extensions>
          <ns3:TrackPointExtension>
            <ns3:atemp>24.0</ns3:atemp>
            <ns3:hr>108</ns3:hr>
          </ns3:TrackPointExtension>
        </extensions>
      </trkpt>
      <trkpt lat="48.70099171064794063568115234375" lon="-1.80521140806376934051513671875">
        <ele>1.2000000476837158203125</ele>
        <time>2026-08-22T15:46:42.000Z</time>
        <extensions>
          <ns3:TrackPointExtension>
            <ns3:atemp>24.0</ns3:atemp>
            <ns3:hr>108</ns3:hr>
          </ns3:TrackPointExtension>
        </extensions>
      </trkpt>
      <trkpt lat="48.70101685635745525360107421875" lon="-1.8052763678133487701416015625">
        <ele>1.2000000476837158203125</ele>
        <time>2026-08-22T15:46:43.000Z</time>
        <extensions>
          <ns3:TrackPointExtension>
            <ns3:atemp>24.0</ns3:atemp>
            <ns3:hr>121</ns3:hr>
          </ns3:TrackPointExtension>
        </extensions>
      </trkpt>
      <trkpt lat="48.7010385654866695404052734375" lon="-1.80533562786877155303955078125">
        <ele>1.2000000476837158203125</ele>
        <time>2026-08-22T15:46:44.000Z</time>
        <extensions>
          <ns3:TrackPointExtension>
            <ns3:atemp>24.0</ns3:atemp>
            <ns3:hr>125</ns3:hr>
          </ns3:TrackPointExtension>
        </extensions>
      </trkpt>
      <trkpt lat="48.70106295682489871978759765625" lon="-1.80540519766509532928466796875">
        <ele>1.39999997615814208984375</ele>
        <time>2026-08-22T15:46:45.000Z</time>
        <extensions>
          <ns3:TrackPointExtension>
            <ns3:atemp>24.0</ns3:atemp>
            <ns3:hr>127</ns3:hr>
          </ns3:TrackPointExtension>
        </extensions>
      </trkpt>
      <trkpt lat="48.70110788382589817047119140625" lon="-1.8055357038974761962890625">
        <ele>1.39999997615814208984375</ele>
        <time>2026-08-22T15:46:47.000Z</time>
        <extensions>
          <ns3:TrackPointExtension>
            <ns3:atemp>24.0</ns3:atemp>
            <ns3:hr>118</ns3:hr>
          </ns3:TrackPointExtension>
        </extensions>
      </trkpt>
      <trkpt lat="48.701121546328067779541015625" lon="-1.8056052736937999725341796875">
        <ele>1.60000002384185791015625</ele>
        <time>2026-08-22T15:46:48.000Z</time>
        <extensions>
          <ns3:TrackPointExtension>
            <ns3:atemp>24.0</ns3:atemp>
            <ns3:hr>112</ns3:hr>
          </ns3:TrackPointExtension>
        </extensions>
      </trkpt>
      <trkpt lat="48.70113839395344257354736328125" lon="-1.8056797049939632415771484375">
        <ele>1.39999997615814208984375</ele>
        <time>2026-08-22T15:46:49.000Z</time>
        <extensions>
          <ns3:TrackPointExtension>
            <ns3:atemp>24.0</ns3:atemp>
            <ns3:hr>103</ns3:hr>
          </ns3:TrackPointExtension>
        </extensions>
      </trkpt>
      <trkpt lat="48.70115675032138824462890625" lon="-1.80576176382601261138916015625">
        <ele>1.39999997615814208984375</ele>
        <time>2026-08-22T15:46:50.000Z</time>
        <extensions>
          <ns3:TrackPointExtension>
            <ns3:atemp>24.0</ns3:atemp>
            <ns3:hr>100</ns3:hr>
          </ns3:TrackPointExtension>
        </extensions>
      </trkpt>
      <trkpt lat="48.701180554926395416259765625" lon="-1.8058503605425357818603515625">
        <ele>1.60000002384185791015625</ele>
        <time>2026-08-22T15:46:51.000Z</time>
        <extensions>
          <ns3:TrackPointExtension>
            <ns3:atemp>23.0</ns3:atemp>
            <ns3:hr>97</ns3:hr>
          </ns3:TrackPointExtension>
        </extensions>
      </trkpt>
      <trkpt lat="48.7012095563113689422607421875" lon="-1.80601590313017368316650390625">
        <ele>1.60000002384185791015625</ele>
        <time>2026-08-22T15:46:53.000Z</time>
        <extensions>
          <ns3:TrackPointExtension>
            <ns3:atemp>23.0</ns3:atemp>
            <ns3:hr>94</ns3:hr>
          </ns3:TrackPointExtension>
        </extensions>
      </trkpt>
      <trkpt lat="48.7012290023267269134521484375" lon="-1.80617339909076690673828125">
        <ele>1.39999997615814208984375</ele>
        <time>2026-08-22T15:46:55.000Z</time>
        <extensions>
          <ns3:TrackPointExtension>
            <ns3:atemp>24.0</ns3:atemp>
            <ns3:hr>93</ns3:hr>
          </ns3:TrackPointExtension>
        </extensions>
      </trkpt>
      <trkpt lat="48.701273091137409210205078125" lon="-1.80648260749876499176025390625">
        <ele>1.39999997615814208984375</ele>
        <time>2026-08-22T15:46:59.000Z</time>
        <extensions>
          <ns3:TrackPointExtension>
            <ns3:atemp>24.0</ns3:atemp>
            <ns3:hr>94</ns3:hr>
          </ns3:TrackPointExtension>
        </extensions>
      </trkpt>
      <trkpt lat="48.7013413198292255401611328125" lon="-1.80682458914816379547119140625">
        <ele>1.2000000476837158203125</ele>
        <time>2026-08-22T15:47:04.000Z</time>
        <extensions>
          <ns3:TrackPointExtension>
            <ns3:atemp>24.0</ns3:atemp>
            <ns3:hr>95</ns3:hr>
          </ns3:TrackPointExtension>
        </extensions>
      </trkpt>
      <trkpt lat="48.70138850994408130645751953125" lon="-1.80696054361760616302490234375">
        <ele>1.2000000476837158203125</ele>
        <time>2026-08-22T15:47:06.000Z</time>
        <extensions>
          <ns3:TrackPointExtension>
            <ns3:atemp>23.0</ns3:atemp>
            <ns3:hr>97</ns3:hr>
          </ns3:TrackPointExtension>
        </extensions>
      </trkpt>
      <trkpt lat="48.70145690627396106719970703125" lon="-1.8071726895868778228759765625">
        <ele>1.39999997615814208984375</ele>
        <time>2026-08-22T15:47:09.000Z</time>
        <extensions>
          <ns3:TrackPointExtension>
            <ns3:atemp>23.0</ns3:atemp>
            <ns3:hr>101</ns3:hr>
          </ns3:TrackPointExtension>
        </extensions>
      </trkpt>
      <trkpt lat="48.70153485797345638275146484375" lon="-1.80739036761224269866943359375">
        <ele>1.39999997615814208984375</ele>
        <time>2026-08-22T15:47:12.000Z</time>
        <extensions>
          <ns3:TrackPointExtension>
            <ns3:atemp>23.0</ns3:atemp>
            <ns3:hr>101</ns3:hr>
          </ns3:TrackPointExtension>
        </extensions>
      </trkpt>
      <trkpt lat="48.701609708368778228759765625" lon="-1.8076068721711635589599609375">
        <ele>1.39999997615814208984375</ele>
        <time>2026-08-22T15:47:15.000Z</time>
        <extensions>
          <ns3:TrackPointExtension>
            <ns3:atemp>23.0</ns3:atemp>
            <ns3:hr>102</ns3:hr>
          </ns3:TrackPointExtension>
        </extensions>
      </trkpt>
      <trkpt lat="48.7016668729484081268310546875" lon="-1.80774173699319362640380859375">
        <ele>1.60000002384185791015625</ele>
        <time>2026-08-22T15:47:17.000Z</time>
        <extensions>
          <ns3:TrackPointExtension>
            <ns3:atemp>23.0</ns3:atemp>
            <ns3:hr>102</ns3:hr>
          </ns3:TrackPointExtension>
        </extensions>
      </trkpt>
      <trkpt lat="48.70180492289364337921142578125" lon="-1.808090843260288238525390625">
        <ele>1.60000002384185791015625</ele>
        <time>2026-08-22T15:47:22.000Z</time>
        <extensions>
          <ns3:TrackPointExtension>
            <ns3:atemp>23.0</ns3:atemp>
            <ns3:hr>98</ns3:hr>
          </ns3:TrackPointExtension>
        </extensions>
      </trkpt>
      <trkpt lat="48.70183358900249004364013671875" lon="-1.80815865285694599151611328125">
        <ele>1.60000002384185791015625</ele>
        <time>2026-08-22T15:47:23.000Z</time>
        <extensions>
          <ns3:TrackPointExtension>
            <ns3:atemp>23.0</ns3:atemp>
            <ns3:hr>95</ns3:hr>
          </ns3:TrackPointExtension>
        </extensions>
      </trkpt>
      <trkpt lat="48.70185873471200466156005859375" lon="-1.80823191069066524505615234375">
        <ele>1.60000002384185791015625</ele>
        <time>2026-08-22T15:47:24.000Z</time>
        <extensions>
          <ns3:TrackPointExtension>
            <ns3:atemp>23.0</ns3:atemp>
            <ns3:hr>93</ns3:hr>
          </ns3:TrackPointExtension>
        </extensions>
      </trkpt>
      <trkpt lat="48.70190910995006561279296875" lon="-1.8083860538899898529052734375">
        <ele>1.60000002384185791015625</ele>
        <time>2026-08-22T15:47:26.000Z</time>
        <extensions>
          <ns3:TrackPointExtension>
            <ns3:atemp>23.0</ns3:atemp>
            <ns3:hr>91</ns3:hr>
          </ns3:TrackPointExtension>
        </extensions>
      </trkpt>
      <trkpt lat="48.7019545398652553558349609375" lon="-1.80851790122687816619873046875">
        <ele>1.39999997615814208984375</ele>
        <time>2026-08-22T15:47:28.000Z</time>
        <extensions>
          <ns3:TrackPointExtension>
            <ns3:atemp>23.0</ns3:atemp>
            <ns3:hr>90</ns3:hr>
          </ns3:TrackPointExtension>
        </extensions>
      </trkpt>
      <trkpt lat="48.70197943411767482757568359375" lon="-1.80857271887362003326416015625">
        <ele>1.2000000476837158203125</ele>
        <time>2026-08-22T15:47:29.000Z</time>
        <extensions>
          <ns3:TrackPointExtension>
            <ns3:atemp>23.0</ns3:atemp>
            <ns3:hr>89</ns3:hr>
          </ns3:TrackPointExtension>
        </extensions>
      </trkpt>
      <trkpt lat="48.70207046158611774444580078125" lon="-1.8087551929056644439697265625">
        <ele>1.39999997615814208984375</ele>
        <time>2026-08-22T15:47:32.000Z</time>
        <extensions>
          <ns3:TrackPointExtension>
            <ns3:atemp>23.0</ns3:atemp>
            <ns3:hr>88</ns3:hr>
          </ns3:TrackPointExtension>
        </extensions>
      </trkpt>
      <trkpt lat="48.70212963782250881195068359375" lon="-1.808880083262920379638671875">
        <ele>1.39999997615814208984375</ele>
        <time>2026-08-22T15:47:34.000Z</time>
        <extensions>
          <ns3:TrackPointExtension>
            <ns3:atemp>23.0</ns3:atemp>
            <ns3:hr>92</ns3:hr>
          </ns3:TrackPointExtension>
        </extensions>
      </trkpt>
      <trkpt lat="48.70215989649295806884765625" lon="-1.808943785727024078369140625">
        <ele>1.60000002384185791015625</ele>
        <time>2026-08-22T15:47:35.000Z</time>
        <extensions>
          <ns3:TrackPointExtension>
            <ns3:atemp>23.0</ns3:atemp>
            <ns3:hr>95</ns3:hr>
          </ns3:TrackPointExtension>
        </extensions>
      </trkpt>
      <trkpt lat="48.70218831114470958709716796875" lon="-1.80900849401950836181640625">
        <ele>1.60000002384185791015625</ele>
        <time>2026-08-22T15:47:36.000Z</time>
        <extensions>
          <ns3:TrackPointExtension>
            <ns3:atemp>23.0</ns3:atemp>
            <ns3:hr>99</ns3:hr>
          </ns3:TrackPointExtension>
        </extensions>
      </trkpt>
      <trkpt lat="48.7022230960428714752197265625" lon="-1.80906104855239391326904296875">
        <ele>1.60000002384185791015625</ele>
        <time>2026-08-22T15:47:37.000Z</time>
        <extensions>
          <ns3:TrackPointExtension>
            <ns3:atemp>23.0</ns3:atemp>
            <ns3:hr>100</ns3:hr>
          </ns3:TrackPointExtension>
        </extensions>
      </trkpt>
      <trkpt lat="48.70225452817976474761962890625" lon="-1.80911620147526264190673828125">
        <ele>1.60000002384185791015625</ele>
        <time>2026-08-22T15:47:38.000Z</time>
        <extensions>
          <ns3:TrackPointExtension>
            <ns3:atemp>23.0</ns3:atemp>
            <ns3:hr>100</ns3:hr>
          </ns3:TrackPointExtension>
        </extensions>
      </trkpt>
      <trkpt lat="48.70233901776373386383056640625" lon="-1.8093261681497097015380859375">
        <ele>1.60000002384185791015625</ele>
        <time>2026-08-22T15:47:41.000Z</time>
        <extensions>
          <ns3:TrackPointExtension>
            <ns3:atemp>23.0</ns3:atemp>
            <ns3:hr>100</ns3:hr>
          </ns3:TrackPointExtension>
        </extensions>
      </trkpt>
      <trkpt lat="48.70237338356673717498779296875" lon="-1.80949531495571136474609375">
        <ele>1.60000002384185791015625</ele>
        <time>2026-08-22T15:47:43.000Z</time>
        <extensions>
          <ns3:TrackPointExtension>
            <ns3:atemp>23.0</ns3:atemp>
            <ns3:hr>99</ns3:hr>
          </ns3:TrackPointExtension>
        </extensions>
      </trkpt>
      <trkpt lat="48.702381514012813568115234375" lon="-1.8095826543867588043212890625">
        <ele>1.39999997615814208984375</ele>
        <time>2026-08-22T15:47:44.000Z</time>
        <extensions>
          <ns3:TrackPointExtension>
            <ns3:atemp>23.0</ns3:atemp>
            <ns3:hr>98</ns3:hr>
          </ns3:TrackPointExtension>
        </extensions>
      </trkpt>
      <trkpt lat="48.7023920752108097076416015625" lon="-1.80974182672798633575439453125">
        <ele>1.2000000476837158203125</ele>
        <time>2026-08-22T15:47:46.000Z</time>
        <extensions>
          <ns3:TrackPointExtension>
            <ns3:atemp>23.0</ns3:atemp>
            <ns3:hr>92</ns3:hr>
          </ns3:TrackPointExtension>
        </extensions>
      </trkpt>
      <trkpt lat="48.70239802636206150054931640625" lon="-1.8098971433937549591064453125">
        <ele>1</ele>
        <time>2026-08-22T15:47:48.000Z</time>
        <extensions>
          <ns3:TrackPointExtension>
            <ns3:atemp>23.0</ns3:atemp>
            <ns3:hr>92</ns3:hr>
          </ns3:TrackPointExtension>
        </extensions>
      </trkpt>
      <trkpt lat="48.70243348181247711181640625" lon="-1.8103423900902271270751953125">
        <ele>1</ele>
        <time>2026-08-22T15:47:54.000Z</time>
        <extensions>
          <ns3:TrackPointExtension>
            <ns3:atemp>23.0</ns3:atemp>
            <ns3:hr>93</ns3:hr>
          </ns3:TrackPointExtension>
        </extensions>
      </trkpt>
      <trkpt lat="48.702454268932342529296875" lon="-1.8108546920120716094970703125">
        <ele>1</ele>
        <time>2026-08-22T15:48:01.000Z</time>
        <extensions>
          <ns3:TrackPointExtension>
            <ns3:atemp>23.0</ns3:atemp>
            <ns3:hr>92</ns3:hr>
          </ns3:TrackPointExtension>
        </extensions>
      </trkpt>
      <trkpt lat="48.70245552621781826019287109375" lon="-1.81093960069119930267333984375">
        <ele>1</ele>
        <time>2026-08-22T15:48:02.000Z</time>
        <extensions>
          <ns3:TrackPointExtension>
            <ns3:atemp>23.0</ns3:atemp>
            <ns3:hr>89</ns3:hr>
          </ns3:TrackPointExtension>
        </extensions>
      </trkpt>
      <trkpt lat="48.7024534307420253753662109375" lon="-1.8110159598290920257568359375">
        <ele>1</ele>
        <time>2026-08-22T15:48:03.000Z</time>
        <extensions>
          <ns3:TrackPointExtension>
            <ns3:atemp>23.0</ns3:atemp>
            <ns3:hr>88</ns3:hr>
          </ns3:TrackPointExtension>
        </extensions>
      </trkpt>
      <trkpt lat="48.70243943296372890472412109375" lon="-1.8111455440521240234375">
        <ele>0.800000011920928955078125</ele>
        <time>2026-08-22T15:48:05.000Z</time>
        <extensions>
          <ns3:TrackPointExtension>
            <ns3:atemp>23.0</ns3:atemp>
            <ns3:hr>85</ns3:hr>
          </ns3:TrackPointExtension>
        </extensions>
      </trkpt>
      <trkpt lat="48.70242669247090816497802734375" lon="-1.8112942390143871307373046875">
        <ele>0.800000011920928955078125</ele>
        <time>2026-08-22T15:48:07.000Z</time>
        <extensions>
          <ns3:TrackPointExtension>
            <ns3:atemp>23.0</ns3:atemp>
            <ns3:hr>81</ns3:hr>
          </ns3:TrackPointExtension>
        </extensions>
      </trkpt>
      <trkpt lat="48.7024192325770854949951171875" lon="-1.811344362795352935791015625">
        <ele>0.60000002384185791015625</ele>
        <time>2026-08-22T15:48:08.000Z</time>
        <extensions>
          <ns3:TrackPointExtension>
            <ns3:atemp>23.0</ns3:atemp>
            <ns3:hr>80</ns3:hr>
          </ns3:TrackPointExtension>
        </extensions>
      </trkpt>
      <trkpt lat="48.7024302966892719268798828125" lon="-1.81150504387915134429931640625">
        <ele>0.60000002384185791015625</ele>
        <time>2026-08-22T15:48:12.000Z</time>
        <extensions>
          <ns3:TrackPointExtension>
            <ns3:atemp>23.0</ns3:atemp>
            <ns3:hr>84</ns3:hr>
          </ns3:TrackPointExtension>
        </extensions>
      </trkpt>
      <trkpt lat="48.70247078128159046173095703125" lon="-1.81167318485677242279052734375">
        <ele>0.800000011920928955078125</ele>
        <time>2026-08-22T15:48:16.000Z</time>
        <extensions>
          <ns3:TrackPointExtension>
            <ns3:atemp>23.0</ns3:atemp>
            <ns3:hr>88</ns3:hr>
          </ns3:TrackPointExtension>
        </extensions>
      </trkpt>
      <trkpt lat="48.70249005965888500213623046875" lon="-1.811770834028720855712890625">
        <ele>0.800000011920928955078125</ele>
        <time>2026-08-22T15:48:18.000Z</time>
        <extensions>
          <ns3:TrackPointExtension>
            <ns3:atemp>23.0</ns3:atemp>
            <ns3:hr>91</ns3:hr>
          </ns3:TrackPointExtension>
        </extensions>
      </trkpt>
      <trkpt lat="48.70254353620111942291259765625" lon="-1.81197426281869411468505859375">
        <ele>0.800000011920928955078125</ele>
        <time>2026-08-22T15:48:22.000Z</time>
        <extensions>
          <ns3:TrackPointExtension>
            <ns3:atemp>23.0</ns3:atemp>
            <ns3:hr>92</ns3:hr>
          </ns3:TrackPointExtension>
        </extensions>
      </trkpt>
      <trkpt lat="48.70256281457841396331787109375" lon="-1.8120197765529155731201171875">
        <ele>0.800000011920928955078125</ele>
        <time>2026-08-22T15:48:23.000Z</time>
        <extensions>
          <ns3:TrackPointExtension>
            <ns3:atemp>23.0</ns3:atemp>
            <ns3:hr>95</ns3:hr>
          </ns3:TrackPointExtension>
        </extensions>
      </trkpt>
      <trkpt lat="48.7026594579219818115234375" lon="-1.81223460473120212554931640625">
        <ele>1</ele>
        <time>2026-08-22T15:48:27.000Z</time>
        <extensions>
          <ns3:TrackPointExtension>
            <ns3:atemp>23.0</ns3:atemp>
            <ns3:hr>95</ns3:hr>
          </ns3:TrackPointExtension>
        </extensions>
      </trkpt>
      <trkpt lat="48.70272559113800525665283203125" lon="-1.81235513649880886077880859375">
        <ele>1.2000000476837158203125</ele>
        <time>2026-08-22T15:48:29.000Z</time>
        <extensions>
          <ns3:TrackPointExtension>
            <ns3:atemp>23.0</ns3:atemp>
            <ns3:hr>99</ns3:hr>
          </ns3:TrackPointExtension>
        </extensions>
      </trkpt>
      <trkpt lat="48.70285115204751491546630859375" lon="-1.81258547119796276092529296875">
        <ele>1.2000000476837158203125</ele>
        <time>2026-08-22T15:48:33.000Z</time>
        <extensions>
          <ns3:TrackPointExtension>
            <ns3:atemp>23.0</ns3:atemp>
            <ns3:hr>97</ns3:hr>
          </ns3:TrackPointExtension>
        </extensions>
      </trkpt>
      <trkpt lat="48.70290731079876422882080078125" lon="-1.81270055472850799560546875">
        <ele>1.39999997615814208984375</ele>
        <time>2026-08-22T15:48:35.000Z</time>
        <extensions>
          <ns3:TrackPointExtension>
            <ns3:atemp>23.0</ns3:atemp>
            <ns3:hr>94</ns3:hr>
          </ns3:TrackPointExtension>
        </extensions>
      </trkpt>
      <trkpt lat="48.702996410429477691650390625" lon="-1.8128754012286663055419921875">
        <ele>1.39999997615814208984375</ele>
        <time>2026-08-22T15:48:38.000Z</time>
        <extensions>
          <ns3:TrackPointExtension>
            <ns3:atemp>23.0</ns3:atemp>
            <ns3:hr>91</ns3:hr>
          </ns3:TrackPointExtension>
        </extensions>
      </trkpt>
      <trkpt lat="48.70308333076536655426025390625" lon="-1.81304915808141231536865234375">
        <ele>1.39999997615814208984375</ele>
        <time>2026-08-22T15:48:41.000Z</time>
        <extensions>
          <ns3:TrackPointExtension>
            <ns3:atemp>23.0</ns3:atemp>
            <ns3:hr>92</ns3:hr>
          </ns3:TrackPointExtension>
        </extensions>
      </trkpt>
      <trkpt lat="48.70313622057437896728515625" lon="-1.8131533451378345489501953125">
        <ele>1.39999997615814208984375</ele>
        <time>2026-08-22T15:48:43.000Z</time>
        <extensions>
          <ns3:TrackPointExtension>
            <ns3:atemp>23.0</ns3:atemp>
            <ns3:hr>91</ns3:hr>
          </ns3:TrackPointExtension>
        </extensions>
      </trkpt>
      <trkpt lat="48.703172095119953155517578125" lon="-1.81320439092814922332763671875">
        <ele>1.39999997615814208984375</ele>
        <time>2026-08-22T15:48:44.000Z</time>
        <extensions>
          <ns3:TrackPointExtension>
            <ns3:atemp>23.0</ns3:atemp>
            <ns3:hr>92</ns3:hr>
          </ns3:TrackPointExtension>
        </extensions>
      </trkpt>
      <trkpt lat="48.70331902988255023956298828125" lon="-1.8134849332273006439208984375">
        <ele>1</ele>
        <time>2026-08-22T15:48:50.000Z</time>
        <extensions>
          <ns3:TrackPointExtension>
            <ns3:atemp>23.0</ns3:atemp>
            <ns3:hr>94</ns3:hr>
          </ns3:TrackPointExtension>
        </extensions>
      </trkpt>
      <trkpt lat="48.70337284170091152191162109375" lon="-1.8135915510356426239013671875">
        <ele>1.2000000476837158203125</ele>
        <time>2026-08-22T15:48:52.000Z</time>
        <extensions>
          <ns3:TrackPointExtension>
            <ns3:atemp>23.0</ns3:atemp>
            <ns3:hr>99</ns3:hr>
          </ns3:TrackPointExtension>
        </extensions>
      </trkpt>
      <trkpt lat="48.7034471891820430755615234375" lon="-1.813766062259674072265625">
        <ele>1.2000000476837158203125</ele>
        <time>2026-08-22T15:48:55.000Z</time>
        <extensions>
          <ns3:TrackPointExtension>
            <ns3:atemp>23.0</ns3:atemp>
            <ns3:hr>101</ns3:hr>
          </ns3:TrackPointExtension>
        </extensions>
      </trkpt>
      <trkpt lat="48.70350359939038753509521484375" lon="-1.81388583965599536895751953125">
        <ele>1.39999997615814208984375</ele>
        <time>2026-08-22T15:48:57.000Z</time>
        <extensions>
          <ns3:TrackPointExtension>
            <ns3:atemp>23.0</ns3:atemp>
            <ns3:hr>103</ns3:hr>
          </ns3:TrackPointExtension>
        </extensions>
      </trkpt>
      <trkpt lat="48.7035370431840419769287109375" lon="-1.81394786573946475982666015625">
        <ele>1.39999997615814208984375</ele>
        <time>2026-08-22T15:48:58.000Z</time>
        <extensions>
          <ns3:TrackPointExtension>
            <ns3:atemp>23.0</ns3:atemp>
            <ns3:hr>103</ns3:hr>
          </ns3:TrackPointExtension>
        </extensions>
      </trkpt>
      <trkpt lat="48.703563027083873748779296875" lon="-1.81401617825031280517578125">
        <ele>1.39999997615814208984375</ele>
        <time>2026-08-22T15:48:59.000Z</time>
        <extensions>
          <ns3:TrackPointExtension>
            <ns3:atemp>23.0</ns3:atemp>
            <ns3:hr>104</ns3:hr>
          </ns3:TrackPointExtension>
        </extensions>
      </trkpt>
      <trkpt lat="48.7035906873643398284912109375" lon="-1.8140827305614948272705078125">
        <ele>1.2000000476837158203125</ele>
        <time>2026-08-22T15:49:00.000Z</time>
        <extensions>
          <ns3:TrackPointExtension>
            <ns3:atemp>23.0</ns3:atemp>
            <ns3:hr>104</ns3:hr>
          </ns3:TrackPointExtension>
        </extensions>
      </trkpt>
      <trkpt lat="48.7036976404488086700439453125" lon="-1.8143418990075588226318359375">
        <ele>1.2000000476837158203125</ele>
        <time>2026-08-22T15:49:04.000Z</time>
        <extensions>
          <ns3:TrackPointExtension>
            <ns3:atemp>23.0</ns3:atemp>
            <ns3:hr>107</ns3:hr>
          </ns3:TrackPointExtension>
        </extensions>
      </trkpt>
      <trkpt lat="48.70372571982443332672119140625" lon="-1.81441037915647029876708984375">
        <ele>1.2000000476837158203125</ele>
        <time>2026-08-22T15:49:05.000Z</time>
        <extensions>
          <ns3:TrackPointExtension>
            <ns3:atemp>23.0</ns3:atemp>
            <ns3:hr>109</ns3:hr>
          </ns3:TrackPointExtension>
        </extensions>
      </trkpt>
      <trkpt lat="48.7038119696080684661865234375" lon="-1.81462914682924747467041015625">
        <ele>1</ele>
        <time>2026-08-22T15:49:08.000Z</time>
        <extensions>
          <ns3:TrackPointExtension>
            <ns3:atemp>23.0</ns3:atemp>
            <ns3:hr>111</ns3:hr>
          </ns3:TrackPointExtension>
        </extensions>
      </trkpt>
      <trkpt lat="48.70386754162609577178955078125" lon="-1.814782284200191497802734375">
        <ele>1.2000000476837158203125</ele>
        <time>2026-08-22T15:49:10.000Z</time>
        <extensions>
          <ns3:TrackPointExtension>
            <ns3:atemp>23.0</ns3:atemp>
            <ns3:hr>110</ns3:hr>
          </ns3:TrackPointExtension>
        </extensions>
      </trkpt>
      <trkpt lat="48.7038984708487987518310546875" lon="-1.814864091575145721435546875">
        <ele>1.2000000476837158203125</ele>
        <time>2026-08-22T15:49:11.000Z</time>
        <extensions>
          <ns3:TrackPointExtension>
            <ns3:atemp>23.0</ns3:atemp>
            <ns3:hr>111</ns3:hr>
          </ns3:TrackPointExtension>
        </extensions>
      </trkpt>
      <trkpt lat="48.70402847416698932647705078125" lon="-1.81517799384891986846923828125">
        <ele>1.39999997615814208984375</ele>
        <time>2026-08-22T15:49:15.000Z</time>
        <extensions>
          <ns3:TrackPointExtension>
            <ns3:atemp>22.0</ns3:atemp>
            <ns3:hr>113</ns3:hr>
          </ns3:TrackPointExtension>
        </extensions>
      </trkpt>
      <trkpt lat="48.7040617503225803375244140625" lon="-1.8152508325874805450439453125">
        <ele>1.39999997615814208984375</ele>
        <time>2026-08-22T15:49:16.000Z</time>
        <extensions>
          <ns3:TrackPointExtension>
            <ns3:atemp>22.0</ns3:atemp>
            <ns3:hr>113</ns3:hr>
          </ns3:TrackPointExtension>
        </extensions>
      </trkpt>
      <trkpt lat="48.7041663564741611480712890625" lon="-1.81555635295808315277099609375">
        <ele>1.2000000476837158203125</ele>
        <time>2026-08-22T15:49:20.000Z</time>
        <extensions>
          <ns3:TrackPointExtension>
            <ns3:atemp>22.0</ns3:atemp>
            <ns3:hr>110</ns3:hr>
          </ns3:TrackPointExtension>
        </extensions>
      </trkpt>
      <trkpt lat="48.7042263709008693695068359375" lon="-1.8156923912465572357177734375">
        <ele>1.2000000476837158203125</ele>
        <time>2026-08-22T15:49:22.000Z</time>
        <extensions>
          <ns3:TrackPointExtension>
            <ns3:atemp>22.0</ns3:atemp>
            <ns3:hr>109</ns3:hr>
          </ns3:TrackPointExtension>
        </extensions>
      </trkpt>
      <trkpt lat="48.70428127236664295196533203125" lon="-1.81583731435239315032958984375">
        <ele>1.2000000476837158203125</ele>
        <time>2026-08-22T15:49:24.000Z</time>
        <extensions>
          <ns3:TrackPointExtension>
            <ns3:atemp>22.0</ns3:atemp>
            <ns3:hr>106</ns3:hr>
          </ns3:TrackPointExtension>
        </extensions>
      </trkpt>
      <trkpt lat="48.7043423764407634735107421875" lon="-1.81597326882183551788330078125">
        <ele>1.39999997615814208984375</ele>
        <time>2026-08-22T15:49:26.000Z</time>
        <extensions>
          <ns3:TrackPointExtension>
            <ns3:atemp>22.0</ns3:atemp>
            <ns3:hr>109</ns3:hr>
          </ns3:TrackPointExtension>
        </extensions>
      </trkpt>
      <trkpt lat="48.70437699370086193084716796875" lon="-1.81604350917041301727294921875">
        <ele>1.39999997615814208984375</ele>
        <time>2026-08-22T15:49:27.000Z</time>
        <extensions>
          <ns3:TrackPointExtension>
            <ns3:atemp>22.0</ns3:atemp>
            <ns3:hr>106</ns3:hr>
          </ns3:TrackPointExtension>
        </extensions>
      </trkpt>
      <trkpt lat="48.70441186241805553436279296875" lon="-1.8161091394722461700439453125">
        <ele>1.60000002384185791015625</ele>
        <time>2026-08-22T15:49:28.000Z</time>
        <extensions>
          <ns3:TrackPointExtension>
            <ns3:atemp>22.0</ns3:atemp>
            <ns3:hr>112</ns3:hr>
          </ns3:TrackPointExtension>
        </extensions>
      </trkpt>
      <trkpt lat="48.704549409449100494384765625" lon="-1.81637928821146488189697265625">
        <ele>1.60000002384185791015625</ele>
        <time>2026-08-22T15:49:32.000Z</time>
        <extensions>
          <ns3:TrackPointExtension>
            <ns3:atemp>22.0</ns3:atemp>
            <ns3:hr>111</ns3:hr>
          </ns3:TrackPointExtension>
        </extensions>
      </trkpt>
      <trkpt lat="48.7046427838504314422607421875" lon="-1.81658330373466014862060546875">
        <ele>1.2000000476837158203125</ele>
        <time>2026-08-22T15:49:35.000Z</time>
        <extensions>
          <ns3:TrackPointExtension>
            <ns3:atemp>22.0</ns3:atemp>
            <ns3:hr>114</ns3:hr>
          </ns3:TrackPointExtension>
        </extensions>
      </trkpt>
      <trkpt lat="48.70475652627646923065185546875" lon="-1.816848255693912506103515625">
        <ele>1.2000000476837158203125</ele>
        <time>2026-08-22T15:49:39.000Z</time>
        <extensions>
          <ns3:TrackPointExtension>
            <ns3:atemp>22.0</ns3:atemp>
            <ns3:hr>116</ns3:hr>
          </ns3:TrackPointExtension>
        </extensions>
      </trkpt>
      <trkpt lat="48.70481486432254314422607421875" lon="-1.81698429398238658905029296875">
        <ele>1.39999997615814208984375</ele>
        <time>2026-08-22T15:49:41.000Z</time>
        <extensions>
          <ns3:TrackPointExtension>
            <ns3:atemp>22.0</ns3:atemp>
            <ns3:hr>120</ns3:hr>
          </ns3:TrackPointExtension>
        </extensions>
      </trkpt>
      <trkpt lat="48.70486758649349212646484375" lon="-1.817113123834133148193359375">
        <ele>1.39999997615814208984375</ele>
        <time>2026-08-22T15:49:43.000Z</time>
        <extensions>
          <ns3:TrackPointExtension>
            <ns3:atemp>22.0</ns3:atemp>
            <ns3:hr>121</ns3:hr>
          </ns3:TrackPointExtension>
        </extensions>
      </trkpt>
      <trkpt lat="48.70489583350718021392822265625" lon="-1.817169450223445892333984375">
        <ele>1.39999997615814208984375</ele>
        <time>2026-08-22T15:49:44.000Z</time>
        <extensions>
          <ns3:TrackPointExtension>
            <ns3:atemp>22.0</ns3:atemp>
            <ns3:hr>121</ns3:hr>
          </ns3:TrackPointExtension>
        </extensions>
      </trkpt>
      <trkpt lat="48.70495350100100040435791015625" lon="-1.8172816000878810882568359375">
        <ele>1.2000000476837158203125</ele>
        <time>2026-08-22T15:49:46.000Z</time>
        <extensions>
          <ns3:TrackPointExtension>
            <ns3:atemp>22.0</ns3:atemp>
            <ns3:hr>122</ns3:hr>
          </ns3:TrackPointExtension>
        </extensions>
      </trkpt>
      <trkpt lat="48.7049804069101810455322265625" lon="-1.8173446319997310638427734375">
        <ele>1.39999997615814208984375</ele>
        <time>2026-08-22T15:49:47.000Z</time>
        <extensions>
          <ns3:TrackPointExtension>
            <ns3:atemp>22.0</ns3:atemp>
            <ns3:hr>122</ns3:hr>
          </ns3:TrackPointExtension>
        </extensions>
      </trkpt>
      <trkpt lat="48.70509289205074310302734375" lon="-1.81760153733193874359130859375">
        <ele>1.39999997615814208984375</ele>
        <time>2026-08-22T15:49:51.000Z</time>
        <extensions>
          <ns3:TrackPointExtension>
            <ns3:atemp>22.0</ns3:atemp>
            <ns3:hr>119</ns3:hr>
          </ns3:TrackPointExtension>
        </extensions>
      </trkpt>
      <trkpt lat="48.70512239634990692138671875" lon="-1.81766943074762821197509765625">
        <ele>1.39999997615814208984375</ele>
        <time>2026-08-22T15:49:52.000Z</time>
        <extensions>
          <ns3:TrackPointExtension>
            <ns3:atemp>22.0</ns3:atemp>
            <ns3:hr>114</ns3:hr>
          </ns3:TrackPointExtension>
        </extensions>
      </trkpt>
      <trkpt lat="48.7051477096974849700927734375" lon="-1.81773841381072998046875">
        <ele>1.39999997615814208984375</ele>
        <time>2026-08-22T15:49:53.000Z</time>
        <extensions>
          <ns3:TrackPointExtension>
            <ns3:atemp>22.0</ns3:atemp>
            <ns3:hr>113</ns3:hr>
          </ns3:TrackPointExtension>
        </extensions>
      </trkpt>
      <trkpt lat="48.70517696253955364227294921875" lon="-1.81781544350087642669677734375">
        <ele>1.39999997615814208984375</ele>
        <time>2026-08-22T15:49:54.000Z</time>
        <extensions>
          <ns3:TrackPointExtension>
            <ns3:atemp>22.0</ns3:atemp>
            <ns3:hr>110</ns3:hr>
          </ns3:TrackPointExtension>
        </extensions>
      </trkpt>
      <trkpt lat="48.70520026423037052154541015625" lon="-1.81790110655128955841064453125">
        <ele>1.2000000476837158203125</ele>
        <time>2026-08-22T15:49:55.000Z</time>
        <extensions>
          <ns3:TrackPointExtension>
            <ns3:atemp>22.0</ns3:atemp>
            <ns3:hr>105</ns3:hr>
          </ns3:TrackPointExtension>
        </extensions>
      </trkpt>
      <trkpt lat="48.705222643911838531494140625" lon="-1.81797469966113567352294921875">
        <ele>1.2000000476837158203125</ele>
        <time>2026-08-22T15:49:56.000Z</time>
        <extensions>
          <ns3:TrackPointExtension>
            <ns3:atemp>22.0</ns3:atemp>
            <ns3:hr>104</ns3:hr>
          </ns3:TrackPointExtension>
        </extensions>
      </trkpt>
      <trkpt lat="48.7052429281175136566162109375" lon="-1.818043850362300872802734375">
        <ele>1.2000000476837158203125</ele>
        <time>2026-08-22T15:49:57.000Z</time>
        <extensions>
          <ns3:TrackPointExtension>
            <ns3:atemp>22.0</ns3:atemp>
            <ns3:hr>101</ns3:hr>
          </ns3:TrackPointExtension>
        </extensions>
      </trkpt>
      <trkpt lat="48.70526698417961597442626953125" lon="-1.81811057031154632568359375">
        <ele>1.2000000476837158203125</ele>
        <time>2026-08-22T15:49:58.000Z</time>
        <extensions>
          <ns3:TrackPointExtension>
            <ns3:atemp>22.0</ns3:atemp>
            <ns3:hr>99</ns3:hr>
          </ns3:TrackPointExtension>
        </extensions>
      </trkpt>
      <trkpt lat="48.7052965722978115081787109375" lon="-1.81817435659468173980712890625">
        <ele>1.2000000476837158203125</ele>
        <time>2026-08-22T15:49:59.000Z</time>
        <extensions>
          <ns3:TrackPointExtension>
            <ns3:atemp>22.0</ns3:atemp>
            <ns3:hr>101</ns3:hr>
          </ns3:TrackPointExtension>
        </extensions>
      </trkpt>
      <trkpt lat="48.70532046072185039520263671875" lon="-1.81823872961103916168212890625">
        <ele>1.2000000476837158203125</ele>
        <time>2026-08-22T15:50:00.000Z</time>
        <extensions>
          <ns3:TrackPointExtension>
            <ns3:atemp>22.0</ns3:atemp>
            <ns3:hr>104</ns3:hr>
          </ns3:TrackPointExtension>
        </extensions>
      </trkpt>
      <trkpt lat="48.70534342713654041290283203125" lon="-1.81830896995961666107177734375">
        <ele>1.39999997615814208984375</ele>
        <time>2026-08-22T15:50:01.000Z</time>
        <extensions>
          <ns3:TrackPointExtension>
            <ns3:atemp>22.0</ns3:atemp>
            <ns3:hr>104</ns3:hr>
          </ns3:TrackPointExtension>
        </extensions>
      </trkpt>
      <trkpt lat="48.70537326671183109283447265625" lon="-1.81838222779333591461181640625">
        <ele>1.39999997615814208984375</ele>
        <time>2026-08-22T15:50:02.000Z</time>
        <extensions>
          <ns3:TrackPointExtension>
            <ns3:atemp>22.0</ns3:atemp>
            <ns3:hr>97</ns3:hr>
          </ns3:TrackPointExtension>
        </extensions>
      </trkpt>
      <trkpt lat="48.7054005078971385955810546875" lon="-1.81846487335860729217529296875">
        <ele>1.39999997615814208984375</ele>
        <time>2026-08-22T15:50:03.000Z</time>
        <extensions>
          <ns3:TrackPointExtension>
            <ns3:atemp>22.0</ns3:atemp>
            <ns3:hr>93</ns3:hr>
          </ns3:TrackPointExtension>
        </extensions>
      </trkpt>
      <trkpt lat="48.70543177239596843719482421875" lon="-1.818545758724212646484375">
        <ele>1.60000002384185791015625</ele>
        <time>2026-08-22T15:50:04.000Z</time>
        <extensions>
          <ns3:TrackPointExtension>
            <ns3:atemp>22.0</ns3:atemp>
            <ns3:hr>81</ns3:hr>
          </ns3:TrackPointExtension>
        </extensions>
      </trkpt>
      <trkpt lat="48.70545960031449794769287109375" lon="-1.81863117031753063201904296875">
        <ele>1.60000002384185791015625</ele>
        <time>2026-08-22T15:50:05.000Z</time>
        <extensions>
          <ns3:TrackPointExtension>
            <ns3:atemp>22.0</ns3:atemp>
            <ns3:hr>76</ns3:hr>
          </ns3:TrackPointExtension>
        </extensions>
      </trkpt>
      <trkpt lat="48.70558910071849822998046875" lon="-1.8190535344183444976806640625">
        <ele>1.2000000476837158203125</ele>
        <time>2026-08-22T15:50:10.000Z</time>
        <extensions>
          <ns3:TrackPointExtension>
            <ns3:atemp>22.0</ns3:atemp>
            <ns3:hr>75</ns3:hr>
          </ns3:TrackPointExtension>
        </extensions>
      </trkpt>
      <trkpt lat="48.705615587532520294189453125" lon="-1.81913383305072784423828125">
        <ele>1.2000000476837158203125</ele>
        <time>2026-08-22T15:50:11.000Z</time>
        <extensions>
          <ns3:TrackPointExtension>
            <ns3:atemp>22.0</ns3:atemp>
            <ns3:hr>76</ns3:hr>
          </ns3:TrackPointExtension>
        </extensions>
      </trkpt>
      <trkpt lat="48.7056613527238368988037109375" lon="-1.819301135838031768798828125">
        <ele>1.2000000476837158203125</ele>
        <time>2026-08-22T15:50:13.000Z</time>
        <extensions>
          <ns3:TrackPointExtension>
            <ns3:atemp>22.0</ns3:atemp>
            <ns3:hr>77</ns3:hr>
          </ns3:TrackPointExtension>
        </extensions>
      </trkpt>
      <trkpt lat="48.7056925334036350250244140625" lon="-1.81938269175589084625244140625">
        <ele>1.39999997615814208984375</ele>
        <time>2026-08-22T15:50:14.000Z</time>
        <extensions>
          <ns3:TrackPointExtension>
            <ns3:atemp>22.0</ns3:atemp>
            <ns3:hr>78</ns3:hr>
          </ns3:TrackPointExtension>
        </extensions>
      </trkpt>
      <trkpt lat="48.7058491073548793792724609375" lon="-1.81979902088642120361328125">
        <ele>1.60000002384185791015625</ele>
        <time>2026-08-22T15:50:19.000Z</time>
        <extensions>
          <ns3:TrackPointExtension>
            <ns3:atemp>22.0</ns3:atemp>
            <ns3:hr>75</ns3:hr>
          </ns3:TrackPointExtension>
        </extensions>
      </trkpt>
      <trkpt lat="48.7059049308300018310546875" lon="-1.8199815787374973297119140625">
        <ele>1.39999997615814208984375</ele>
        <time>2026-08-22T15:50:21.000Z</time>
        <extensions>
          <ns3:TrackPointExtension>
            <ns3:atemp>22.0</ns3:atemp>
            <ns3:hr>74</ns3:hr>
          </ns3:TrackPointExtension>
        </extensions>
      </trkpt>
      <trkpt lat="48.70598766021430492401123046875" lon="-1.8202310241758823394775390625">
        <ele>1.39999997615814208984375</ele>
        <time>2026-08-22T15:50:24.000Z</time>
        <extensions>
          <ns3:TrackPointExtension>
            <ns3:atemp>22.0</ns3:atemp>
            <ns3:hr>81</ns3:hr>
          </ns3:TrackPointExtension>
        </extensions>
      </trkpt>
      <trkpt lat="48.7060154043138027191162109375" lon="-1.820316016674041748046875">
        <ele>1.2000000476837158203125</ele>
        <time>2026-08-22T15:50:25.000Z</time>
        <extensions>
          <ns3:TrackPointExtension>
            <ns3:atemp>22.0</ns3:atemp>
            <ns3:hr>85</ns3:hr>
          </ns3:TrackPointExtension>
        </extensions>
      </trkpt>
      <trkpt lat="48.70607114396989345550537109375" lon="-1.82049647904932498931884765625">
        <ele>1.2000000476837158203125</ele>
        <time>2026-08-22T15:50:27.000Z</time>
        <extensions>
          <ns3:TrackPointExtension>
            <ns3:atemp>22.0</ns3:atemp>
            <ns3:hr>88</ns3:hr>
          </ns3:TrackPointExtension>
        </extensions>
      </trkpt>
      <trkpt lat="48.706153370440006256103515625" lon="-1.8207760155200958251953125">
        <ele>1</ele>
        <time>2026-08-22T15:50:30.000Z</time>
        <extensions>
          <ns3:TrackPointExtension>
            <ns3:atemp>22.0</ns3:atemp>
            <ns3:hr>90</ns3:hr>
          </ns3:TrackPointExtension>
        </extensions>
      </trkpt>
      <trkpt lat="48.70623542927205562591552734375" lon="-1.821040213108062744140625">
        <ele>1</ele>
        <time>2026-08-22T15:50:33.000Z</time>
        <extensions>
          <ns3:TrackPointExtension>
            <ns3:atemp>22.0</ns3:atemp>
            <ns3:hr>93</ns3:hr>
          </ns3:TrackPointExtension>
        </extensions>
      </trkpt>
      <trkpt lat="48.70626308955252170562744140625" lon="-1.8211312405765056610107421875">
        <ele>1</ele>
        <time>2026-08-22T15:50:34.000Z</time>
        <extensions>
          <ns3:TrackPointExtension>
            <ns3:atemp>22.0</ns3:atemp>
            <ns3:hr>95</ns3:hr>
          </ns3:TrackPointExtension>
        </extensions>
      </trkpt>
      <trkpt lat="48.70630935765802860260009765625" lon="-1.82131312787532806396484375">
        <ele>1</ele>
        <time>2026-08-22T15:50:36.000Z</time>
        <extensions>
          <ns3:TrackPointExtension>
            <ns3:atemp>22.0</ns3:atemp>
            <ns3:hr>97</ns3:hr>
          </ns3:TrackPointExtension>
        </extensions>
      </trkpt>
      <trkpt lat="48.706434331834316253662109375" lon="-1.82173850946128368377685546875">
        <ele>1</ele>
        <time>2026-08-22T15:50:41.000Z</time>
        <extensions>
          <ns3:TrackPointExtension>
            <ns3:atemp>22.0</ns3:atemp>
            <ns3:hr>96</ns3:hr>
          </ns3:TrackPointExtension>
        </extensions>
      </trkpt>
      <trkpt lat="48.70650247670710086822509765625" lon="-1.82198703289031982421875">
        <ele>1</ele>
        <time>2026-08-22T15:50:44.000Z</time>
        <extensions>
          <ns3:TrackPointExtension>
            <ns3:atemp>22.0</ns3:atemp>
            <ns3:hr>92</ns3:hr>
          </ns3:TrackPointExtension>
        </extensions>
      </trkpt>
      <trkpt lat="48.70657104067504405975341796875" lon="-1.8222265876829624176025390625">
        <ele>0.800000011920928955078125</ele>
        <time>2026-08-22T15:50:47.000Z</time>
        <extensions>
          <ns3:TrackPointExtension>
            <ns3:atemp>22.0</ns3:atemp>
            <ns3:hr>89</ns3:hr>
          </ns3:TrackPointExtension>
        </extensions>
      </trkpt>
      <trkpt lat="48.7066701985895633697509765625" lon="-1.82264794595539569854736328125">
        <ele>1</ele>
        <time>2026-08-22T15:50:52.000Z</time>
        <extensions>
          <ns3:TrackPointExtension>
            <ns3:atemp>22.0</ns3:atemp>
            <ns3:hr>89</ns3:hr>
          </ns3:TrackPointExtension>
        </extensions>
      </trkpt>
      <trkpt lat="48.706696517765522003173828125" lon="-1.82273067533969879150390625">
        <ele>1</ele>
        <time>2026-08-22T15:50:53.000Z</time>
        <extensions>
          <ns3:TrackPointExtension>
            <ns3:atemp>22.0</ns3:atemp>
            <ns3:hr>88</ns3:hr>
          </ns3:TrackPointExtension>
        </extensions>
      </trkpt>
      <trkpt lat="48.706768937408924102783203125" lon="-1.82301825843751430511474609375">
        <ele>1.39999997615814208984375</ele>
        <time>2026-08-22T15:50:56.000Z</time>
        <extensions>
          <ns3:TrackPointExtension>
            <ns3:atemp>22.0</ns3:atemp>
            <ns3:hr>85</ns3:hr>
          </ns3:TrackPointExtension>
        </extensions>
      </trkpt>
      <trkpt lat="48.70680548250675201416015625" lon="-1.82321942411363124847412109375">
        <ele>1.2000000476837158203125</ele>
        <time>2026-08-22T15:50:58.000Z</time>
        <extensions>
          <ns3:TrackPointExtension>
            <ns3:atemp>22.0</ns3:atemp>
            <ns3:hr>82</ns3:hr>
          </ns3:TrackPointExtension>
        </extensions>
      </trkpt>
      <trkpt lat="48.70681914500892162322998046875" lon="-1.82332637719810009002685546875">
        <ele>1.2000000476837158203125</ele>
        <time>2026-08-22T15:50:59.000Z</time>
        <extensions>
          <ns3:TrackPointExtension>
            <ns3:atemp>22.0</ns3:atemp>
            <ns3:hr>81</ns3:hr>
          </ns3:TrackPointExtension>
        </extensions>
      </trkpt>
      <trkpt lat="48.70683942921459674835205078125" lon="-1.82352217845618724822998046875">
        <ele>0.60000002384185791015625</ele>
        <time>2026-08-22T15:51:01.000Z</time>
        <extensions>
          <ns3:TrackPointExtension>
            <ns3:atemp>22.0</ns3:atemp>
            <ns3:hr>80</ns3:hr>
          </ns3:TrackPointExtension>
        </extensions>
      </trkpt>
      <trkpt lat="48.706903047859668731689453125" lon="-1.82385913096368312835693359375">
        <ele>0.60000002384185791015625</ele>
        <time>2026-08-22T15:51:05.000Z</time>
        <extensions>
          <ns3:TrackPointExtension>
            <ns3:atemp>22.0</ns3:atemp>
            <ns3:hr>83</ns3:hr>
          </ns3:TrackPointExtension>
        </extensions>
      </trkpt>
      <trkpt lat="48.70693364180624485015869140625" lon="-1.8240461312234401702880859375">
        <ele>0.60000002384185791015625</ele>
        <time>2026-08-22T15:51:07.000Z</time>
        <extensions>
          <ns3:TrackPointExtension>
            <ns3:atemp>22.0</ns3:atemp>
            <ns3:hr>85</ns3:hr>
          </ns3:TrackPointExtension>
        </extensions>
      </trkpt>
      <trkpt lat="48.70702483691275119781494140625" lon="-1.8246955610811710357666015625">
        <ele>0.60000002384185791015625</ele>
        <time>2026-08-22T15:51:14.000Z</time>
        <extensions>
          <ns3:TrackPointExtension>
            <ns3:atemp>22.0</ns3:atemp>
            <ns3:hr>82</ns3:hr>
          </ns3:TrackPointExtension>
        </extensions>
      </trkpt>
      <trkpt lat="48.707083426415920257568359375" lon="-1.8252997286617755889892578125">
        <ele>0.20000000298023223876953125</ele>
        <time>2026-08-22T15:51:21.000Z</time>
        <extensions>
          <ns3:TrackPointExtension>
            <ns3:atemp>22.0</ns3:atemp>
            <ns3:hr>82</ns3:hr>
          </ns3:TrackPointExtension>
        </extensions>
      </trkpt>
      <trkpt lat="48.70717051438987255096435546875" lon="-1.82576836086809635162353515625">
        <ele>0.4000000059604644775390625</ele>
        <time>2026-08-22T15:51:27.000Z</time>
        <extensions>
          <ns3:TrackPointExtension>
            <ns3:atemp>22.0</ns3:atemp>
            <ns3:hr>86</ns3:hr>
          </ns3:TrackPointExtension>
        </extensions>
      </trkpt>
      <trkpt lat="48.70718727819621562957763671875" lon="-1.8258438818156719207763671875">
        <ele>0.60000002384185791015625</ele>
        <time>2026-08-22T15:51:28.000Z</time>
        <extensions>
          <ns3:TrackPointExtension>
            <ns3:atemp>22.0</ns3:atemp>
            <ns3:hr>86</ns3:hr>
          </ns3:TrackPointExtension>
        </extensions>
      </trkpt>
      <trkpt lat="48.70725919492542743682861328125" lon="-1.82619734667241573333740234375">
        <ele>0.60000002384185791015625</ele>
        <time>2026-08-22T15:51:32.000Z</time>
        <extensions>
          <ns3:TrackPointExtension>
            <ns3:atemp>22.0</ns3:atemp>
            <ns3:hr>89</ns3:hr>
          </ns3:TrackPointExtension>
        </extensions>
      </trkpt>
      <trkpt lat="48.70727092958986759185791015625" lon="-1.8262894637882709503173828125">
        <ele>0.4000000059604644775390625</ele>
        <time>2026-08-22T15:51:33.000Z</time>
        <extensions>
          <ns3:TrackPointExtension>
            <ns3:atemp>22.0</ns3:atemp>
            <ns3:hr>90</ns3:hr>
          </ns3:TrackPointExtension>
        </extensions>
      </trkpt>
      <trkpt lat="48.707280568778514862060546875" lon="-1.826377809047698974609375">
        <ele>0.4000000059604644775390625</ele>
        <time>2026-08-22T15:51:34.000Z</time>
        <extensions>
          <ns3:TrackPointExtension>
            <ns3:atemp>22.0</ns3:atemp>
            <ns3:hr>91</ns3:hr>
          </ns3:TrackPointExtension>
        </extensions>
      </trkpt>
      <trkpt lat="48.70729858987033367156982421875" lon="-1.8267642147839069366455078125">
        <ele>0</ele>
        <time>2026-08-22T15:51:39.000Z</time>
        <extensions>
          <ns3:TrackPointExtension>
            <ns3:atemp>22.0</ns3:atemp>
            <ns3:hr>93</ns3:hr>
          </ns3:TrackPointExtension>
        </extensions>
      </trkpt>
      <trkpt lat="48.70731283910572528839111328125" lon="-1.82683252729475498199462890625">
        <ele>0</ele>
        <time>2026-08-22T15:51:40.000Z</time>
        <extensions>
          <ns3:TrackPointExtension>
            <ns3:atemp>22.0</ns3:atemp>
            <ns3:hr>96</ns3:hr>
          </ns3:TrackPointExtension>
        </extensions>
      </trkpt>
      <trkpt lat="48.707314431667327880859375" lon="-1.8268941342830657958984375">
        <ele>0</ele>
        <time>2026-08-22T15:51:41.000Z</time>
        <extensions>
          <ns3:TrackPointExtension>
            <ns3:atemp>22.0</ns3:atemp>
            <ns3:hr>99</ns3:hr>
          </ns3:TrackPointExtension>
        </extensions>
      </trkpt>
      <trkpt lat="48.70734058320522308349609375" lon="-1.8270260654389858245849609375">
        <ele>0.4000000059604644775390625</ele>
        <time>2026-08-22T15:51:43.000Z</time>
        <extensions>
          <ns3:TrackPointExtension>
            <ns3:atemp>22.0</ns3:atemp>
            <ns3:hr>101</ns3:hr>
          </ns3:TrackPointExtension>
        </extensions>
      </trkpt>
      <trkpt lat="48.70735927484929561614990234375" lon="-1.8270984850823879241943359375">
        <ele>0.60000002384185791015625</ele>
        <time>2026-08-22T15:51:44.000Z</time>
        <extensions>
          <ns3:TrackPointExtension>
            <ns3:atemp>22.0</ns3:atemp>
            <ns3:hr>101</ns3:hr>
          </ns3:TrackPointExtension>
        </extensions>
      </trkpt>
      <trkpt lat="48.707451559603214263916015625" lon="-1.82740199379622936248779296875">
        <ele>1.39999997615814208984375</ele>
        <time>2026-08-22T15:51:48.000Z</time>
        <extensions>
          <ns3:TrackPointExtension>
            <ns3:atemp>22.0</ns3:atemp>
            <ns3:hr>100</ns3:hr>
          </ns3:TrackPointExtension>
        </extensions>
      </trkpt>
      <trkpt lat="48.70747712440788745880126953125" lon="-1.8275809474289417266845703125">
        <ele>1.60000002384185791015625</ele>
        <time>2026-08-22T15:51:50.000Z</time>
        <extensions>
          <ns3:TrackPointExtension>
            <ns3:atemp>22.0</ns3:atemp>
            <ns3:hr>99</ns3:hr>
          </ns3:TrackPointExtension>
        </extensions>
      </trkpt>
      <trkpt lat="48.70750428177416324615478515625" lon="-1.8279095180332660675048828125">
        <ele>1</ele>
        <time>2026-08-22T15:51:54.000Z</time>
        <extensions>
          <ns3:TrackPointExtension>
            <ns3:atemp>22.0</ns3:atemp>
            <ns3:hr>99</ns3:hr>
          </ns3:TrackPointExtension>
        </extensions>
      </trkpt>
      <trkpt lat="48.70751559734344482421875" lon="-1.82798537425696849822998046875">
        <ele>0.800000011920928955078125</ele>
        <time>2026-08-22T15:51:55.000Z</time>
        <extensions>
          <ns3:TrackPointExtension>
            <ns3:atemp>22.0</ns3:atemp>
            <ns3:hr>99</ns3:hr>
          </ns3:TrackPointExtension>
        </extensions>
      </trkpt>
      <trkpt lat="48.707546778023242950439453125" lon="-1.82812384329736232757568359375">
        <ele>0.800000011920928955078125</ele>
        <time>2026-08-22T15:51:57.000Z</time>
        <extensions>
          <ns3:TrackPointExtension>
            <ns3:atemp>22.0</ns3:atemp>
            <ns3:hr>99</ns3:hr>
          </ns3:TrackPointExtension>
        </extensions>
      </trkpt>
      <trkpt lat="48.7076056189835071563720703125" lon="-1.82833104394376277923583984375">
        <ele>1.2000000476837158203125</ele>
        <time>2026-08-22T15:52:00.000Z</time>
        <extensions>
          <ns3:TrackPointExtension>
            <ns3:atemp>22.0</ns3:atemp>
            <ns3:hr>99</ns3:hr>
          </ns3:TrackPointExtension>
        </extensions>
      </trkpt>
      <trkpt lat="48.70764258317649364471435546875" lon="-1.82847605086863040924072265625">
        <ele>1.39999997615814208984375</ele>
        <time>2026-08-22T15:52:02.000Z</time>
        <extensions>
          <ns3:TrackPointExtension>
            <ns3:atemp>22.0</ns3:atemp>
            <ns3:hr>98</ns3:hr>
          </ns3:TrackPointExtension>
        </extensions>
      </trkpt>
      <trkpt lat="48.70769807137548923492431640625" lon="-1.828615106642246246337890625">
        <ele>1.39999997615814208984375</ele>
        <time>2026-08-22T15:52:04.000Z</time>
        <extensions>
          <ns3:TrackPointExtension>
            <ns3:atemp>22.0</ns3:atemp>
            <ns3:hr>98</ns3:hr>
          </ns3:TrackPointExtension>
        </extensions>
      </trkpt>
      <trkpt lat="48.70780686847865581512451171875" lon="-1.82898282073438167572021484375">
        <ele>1.2000000476837158203125</ele>
        <time>2026-08-22T15:52:09.000Z</time>
        <extensions>
          <ns3:TrackPointExtension>
            <ns3:atemp>22.0</ns3:atemp>
            <ns3:hr>97</ns3:hr>
          </ns3:TrackPointExtension>
        </extensions>
      </trkpt>
      <trkpt lat="48.707827068865299224853515625" lon="-1.82905356399714946746826171875">
        <ele>0.800000011920928955078125</ele>
        <time>2026-08-22T15:52:10.000Z</time>
        <extensions>
          <ns3:TrackPointExtension>
            <ns3:atemp>22.0</ns3:atemp>
            <ns3:hr>93</ns3:hr>
          </ns3:TrackPointExtension>
        </extensions>
      </trkpt>
      <trkpt lat="48.70784643106162548065185546875" lon="-1.8291245587170124053955078125">
        <ele>1</ele>
        <time>2026-08-22T15:52:11.000Z</time>
        <extensions>
          <ns3:TrackPointExtension>
            <ns3:atemp>22.0</ns3:atemp>
            <ns3:hr>92</ns3:hr>
          </ns3:TrackPointExtension>
        </extensions>
      </trkpt>
      <trkpt lat="48.70789973996579647064208984375" lon="-1.8293602578341960906982421875">
        <ele>1.2000000476837158203125</ele>
        <time>2026-08-22T15:52:14.000Z</time>
        <extensions>
          <ns3:TrackPointExtension>
            <ns3:atemp>22.0</ns3:atemp>
            <ns3:hr>90</ns3:hr>
          </ns3:TrackPointExtension>
        </extensions>
      </trkpt>
      <trkpt lat="48.70793058536946773529052734375" lon="-1.82950383983552455902099609375">
        <ele>1.39999997615814208984375</ele>
        <time>2026-08-22T15:52:16.000Z</time>
        <extensions>
          <ns3:TrackPointExtension>
            <ns3:atemp>22.0</ns3:atemp>
            <ns3:hr>94</ns3:hr>
          </ns3:TrackPointExtension>
        </extensions>
      </trkpt>
      <trkpt lat="48.70795740745961666107177734375" lon="-1.8297270499169826507568359375">
        <ele>1.39999997615814208984375</ele>
        <time>2026-08-22T15:52:19.000Z</time>
        <extensions>
          <ns3:TrackPointExtension>
            <ns3:atemp>22.0</ns3:atemp>
            <ns3:hr>96</ns3:hr>
          </ns3:TrackPointExtension>
        </extensions>
      </trkpt>
      <trkpt lat="48.7080009095370769500732421875" lon="-1.830173470079898834228515625">
        <ele>1</ele>
        <time>2026-08-22T15:52:25.000Z</time>
        <extensions>
          <ns3:TrackPointExtension>
            <ns3:atemp>22.0</ns3:atemp>
            <ns3:hr>97</ns3:hr>
          </ns3:TrackPointExtension>
        </extensions>
      </trkpt>
      <trkpt lat="48.7080290727317333221435546875" lon="-1.83055057190358638763427734375">
        <ele>0.60000002384185791015625</ele>
        <time>2026-08-22T15:52:30.000Z</time>
        <extensions>
          <ns3:TrackPointExtension>
            <ns3:atemp>22.0</ns3:atemp>
            <ns3:hr>93</ns3:hr>
          </ns3:TrackPointExtension>
        </extensions>
      </trkpt>
      <trkpt lat="48.708027899265289306640625" lon="-1.83062667958438396453857421875">
        <ele>0.4000000059604644775390625</ele>
        <time>2026-08-22T15:52:31.000Z</time>
        <extensions>
          <ns3:TrackPointExtension>
            <ns3:atemp>22.0</ns3:atemp>
            <ns3:hr>90</ns3:hr>
          </ns3:TrackPointExtension>
        </extensions>
      </trkpt>
      <trkpt lat="48.7080203555524349212646484375" lon="-1.8307010270655155181884765625">
        <ele>0.4000000059604644775390625</ele>
        <time>2026-08-22T15:52:32.000Z</time>
        <extensions>
          <ns3:TrackPointExtension>
            <ns3:atemp>22.0</ns3:atemp>
            <ns3:hr>88</ns3:hr>
          </ns3:TrackPointExtension>
        </extensions>
      </trkpt>
      <trkpt lat="48.70796813629567623138427734375" lon="-1.8309099040925502777099609375">
        <ele>0</ele>
        <time>2026-08-22T15:52:35.000Z</time>
        <extensions>
          <ns3:TrackPointExtension>
            <ns3:atemp>22.0</ns3:atemp>
            <ns3:hr>86</ns3:hr>
          </ns3:TrackPointExtension>
        </extensions>
      </trkpt>
      <trkpt lat="48.70787895284593105316162109375" lon="-1.8310205452144145965576171875">
        <ele>0.20000000298023223876953125</ele>
        <time>2026-08-22T15:52:39.000Z</time>
        <extensions>
          <ns3:TrackPointExtension>
            <ns3:atemp>22.0</ns3:atemp>
            <ns3:hr>87</ns3:hr>
          </ns3:TrackPointExtension>
        </extensions>
      </trkpt>
      <trkpt lat="48.7077672220766544342041015625" lon="-1.83105315081775188446044921875">
        <ele>0.20000000298023223876953125</ele>
        <time>2026-08-22T15:52:43.000Z</time>
        <extensions>
          <ns3:TrackPointExtension>
            <ns3:atemp>22.0</ns3:atemp>
            <ns3:hr>87</ns3:hr>
          </ns3:TrackPointExtension>
        </extensions>
      </trkpt>
      <trkpt lat="48.7077341973781585693359375" lon="-1.8310158513486385345458984375">
        <ele>0.20000000298023223876953125</ele>
        <time>2026-08-22T15:52:44.000Z</time>
        <extensions>
          <ns3:TrackPointExtension>
            <ns3:atemp>22.0</ns3:atemp>
            <ns3:hr>88</ns3:hr>
          </ns3:TrackPointExtension>
        </extensions>
      </trkpt>
      <trkpt lat="48.70760343968868255615234375" lon="-1.83081979863345623016357421875">
        <ele>0.4000000059604644775390625</ele>
        <time>2026-08-22T15:52:49.000Z</time>
        <extensions>
          <ns3:TrackPointExtension>
            <ns3:atemp>22.0</ns3:atemp>
            <ns3:hr>88</ns3:hr>
          </ns3:TrackPointExtension>
        </extensions>
      </trkpt>
      <trkpt lat="48.707410655915737152099609375" lon="-1.8305199779570102691650390625">
        <ele>0.20000000298023223876953125</ele>
        <time>2026-08-22T15:52:56.000Z</time>
        <extensions>
          <ns3:TrackPointExtension>
            <ns3:atemp>22.0</ns3:atemp>
            <ns3:hr>89</ns3:hr>
          </ns3:TrackPointExtension>
        </extensions>
      </trkpt>
      <trkpt lat="48.70729087851941585540771484375" lon="-1.8303493224084377288818359375">
        <ele>0.4000000059604644775390625</ele>
        <time>2026-08-22T15:53:00.000Z</time>
        <extensions>
          <ns3:TrackPointExtension>
            <ns3:atemp>22.0</ns3:atemp>
            <ns3:hr>90</ns3:hr>
          </ns3:TrackPointExtension>
        </extensions>
      </trkpt>
      <trkpt lat="48.70726640336215496063232421875" lon="-1.8303137831389904022216796875">
        <ele>0.4000000059604644775390625</ele>
        <time>2026-08-22T15:53:01.000Z</time>
        <extensions>
          <ns3:TrackPointExtension>
            <ns3:atemp>22.0</ns3:atemp>
            <ns3:hr>87</ns3:hr>
          </ns3:TrackPointExtension>
        </extensions>
      </trkpt>
      <trkpt lat="48.70723287574946880340576171875" lon="-1.830275058746337890625">
        <ele>0.4000000059604644775390625</ele>
        <time>2026-08-22T15:53:02.000Z</time>
        <extensions>
          <ns3:TrackPointExtension>
            <ns3:atemp>22.0</ns3:atemp>
            <ns3:hr>89</ns3:hr>
          </ns3:TrackPointExtension>
        </extensions>
      </trkpt>
      <trkpt lat="48.70718040503561496734619140625" lon="-1.83019987307488918304443359375">
        <ele>0.4000000059604644775390625</ele>
        <time>2026-08-22T15:53:04.000Z</time>
        <extensions>
          <ns3:TrackPointExtension>
            <ns3:atemp>22.0</ns3:atemp>
            <ns3:hr>86</ns3:hr>
          </ns3:TrackPointExtension>
        </extensions>
      </trkpt>
      <trkpt lat="48.707153163850307464599609375" lon="-1.8301548622548580169677734375">
        <ele>0.4000000059604644775390625</ele>
        <time>2026-08-22T15:53:05.000Z</time>
        <extensions>
          <ns3:TrackPointExtension>
            <ns3:atemp>22.0</ns3:atemp>
            <ns3:hr>82</ns3:hr>
          </ns3:TrackPointExtension>
        </extensions>
      </trkpt>
      <trkpt lat="48.70708451606333255767822265625" lon="-1.83001019060611724853515625">
        <ele>0.60000002384185791015625</ele>
        <time>2026-08-22T15:53:08.000Z</time>
        <extensions>
          <ns3:TrackPointExtension>
            <ns3:atemp>22.0</ns3:atemp>
            <ns3:hr>80</ns3:hr>
          </ns3:TrackPointExtension>
        </extensions>
      </trkpt>
      <trkpt lat="48.70698225684463977813720703125" lon="-1.829818077385425567626953125">
        <ele>0.20000000298023223876953125</ele>
        <time>2026-08-22T15:53:12.000Z</time>
        <extensions>
          <ns3:TrackPointExtension>
            <ns3:atemp>22.0</ns3:atemp>
            <ns3:hr>85</ns3:hr>
          </ns3:TrackPointExtension>
        </extensions>
      </trkpt>
      <trkpt lat="48.70695157907903194427490234375" lon="-1.8297669477760791778564453125">
        <ele>0.20000000298023223876953125</ele>
        <time>2026-08-22T15:53:13.000Z</time>
        <extensions>
          <ns3:TrackPointExtension>
            <ns3:atemp>22.0</ns3:atemp>
            <ns3:hr>85</ns3:hr>
          </ns3:TrackPointExtension>
        </extensions>
      </trkpt>
      <trkpt lat="48.7068931572139263153076171875" lon="-1.82964633218944072723388671875">
        <ele>0.20000000298023223876953125</ele>
        <time>2026-08-22T15:53:15.000Z</time>
        <extensions>
          <ns3:TrackPointExtension>
            <ns3:atemp>22.0</ns3:atemp>
            <ns3:hr>84</ns3:hr>
          </ns3:TrackPointExtension>
        </extensions>
      </trkpt>
      <trkpt lat="48.70681344531476497650146484375" lon="-1.8294447474181652069091796875">
        <ele>0.20000000298023223876953125</ele>
        <time>2026-08-22T15:53:18.000Z</time>
        <extensions>
          <ns3:TrackPointExtension>
            <ns3:atemp>22.0</ns3:atemp>
            <ns3:hr>86</ns3:hr>
          </ns3:TrackPointExtension>
        </extensions>
      </trkpt>
      <trkpt lat="48.70678662322461605072021484375" lon="-1.829373836517333984375">
        <ele>0.20000000298023223876953125</ele>
        <time>2026-08-22T15:53:19.000Z</time>
        <extensions>
          <ns3:TrackPointExtension>
            <ns3:atemp>22.0</ns3:atemp>
            <ns3:hr>89</ns3:hr>
          </ns3:TrackPointExtension>
        </extensions>
      </trkpt>
      <trkpt lat="48.70670221745967864990234375" lon="-1.82916688732802867889404296875">
        <ele>0.4000000059604644775390625</ele>
        <time>2026-08-22T15:53:22.000Z</time>
        <extensions>
          <ns3:TrackPointExtension>
            <ns3:atemp>22.0</ns3:atemp>
            <ns3:hr>90</ns3:hr>
          </ns3:TrackPointExtension>
        </extensions>
      </trkpt>
      <trkpt lat="48.706619739532470703125" lon="-1.82904182933270931243896484375">
        <ele>0.4000000059604644775390625</ele>
        <time>2026-08-22T15:53:24.000Z</time>
        <extensions>
          <ns3:TrackPointExtension>
            <ns3:atemp>22.0</ns3:atemp>
            <ns3:hr>90</ns3:hr>
          </ns3:TrackPointExtension>
        </extensions>
      </trkpt>
      <trkpt lat="48.70654455386102199554443359375" lon="-1.82893102057278156280517578125">
        <ele>0.20000000298023223876953125</ele>
        <time>2026-08-22T15:53:26.000Z</time>
        <extensions>
          <ns3:TrackPointExtension>
            <ns3:atemp>22.0</ns3:atemp>
            <ns3:hr>89</ns3:hr>
          </ns3:TrackPointExtension>
        </extensions>
      </trkpt>
      <trkpt lat="48.706392757594585418701171875" lon="-1.82869079522788524627685546875">
        <ele>0</ele>
        <time>2026-08-22T15:53:30.000Z</time>
        <extensions>
          <ns3:TrackPointExtension>
            <ns3:atemp>22.0</ns3:atemp>
            <ns3:hr>88</ns3:hr>
          </ns3:TrackPointExtension>
        </extensions>
      </trkpt>
      <trkpt lat="48.7063587270677089691162109375" lon="-1.82863228954374790191650390625">
        <ele>0</ele>
        <time>2026-08-22T15:53:31.000Z</time>
        <extensions>
          <ns3:TrackPointExtension>
            <ns3:atemp>22.0</ns3:atemp>
            <ns3:hr>85</ns3:hr>
          </ns3:TrackPointExtension>
        </extensions>
      </trkpt>
      <trkpt lat="48.70632193051278591156005859375" lon="-1.8285680003464221954345703125">
        <ele>0</ele>
        <time>2026-08-22T15:53:32.000Z</time>
        <extensions>
          <ns3:TrackPointExtension>
            <ns3:atemp>22.0</ns3:atemp>
            <ns3:hr>82</ns3:hr>
          </ns3:TrackPointExtension>
        </extensions>
      </trkpt>
      <trkpt lat="48.70628639124333858489990234375" lon="-1.8285039626061916351318359375">
        <ele>0.20000000298023223876953125</ele>
        <time>2026-08-22T15:53:33.000Z</time>
        <extensions>
          <ns3:TrackPointExtension>
            <ns3:atemp>22.0</ns3:atemp>
            <ns3:hr>77</ns3:hr>
          </ns3:TrackPointExtension>
        </extensions>
      </trkpt>
      <trkpt lat="48.70621246285736560821533203125" lon="-1.82837806642055511474609375">
        <ele>0.20000000298023223876953125</ele>
        <time>2026-08-22T15:53:35.000Z</time>
        <extensions>
          <ns3:TrackPointExtension>
            <ns3:atemp>22.0</ns3:atemp>
            <ns3:hr>75</ns3:hr>
          </ns3:TrackPointExtension>
        </extensions>
      </trkpt>
      <trkpt lat="48.70607055723667144775390625" lon="-1.82812384329736232757568359375">
        <ele>0.20000000298023223876953125</ele>
        <time>2026-08-22T15:53:39.000Z</time>
        <extensions>
          <ns3:TrackPointExtension>
            <ns3:atemp>22.0</ns3:atemp>
            <ns3:hr>78</ns3:hr>
          </ns3:TrackPointExtension>
        </extensions>
      </trkpt>
      <trkpt lat="48.70600040070712566375732421875" lon="-1.8279842846095561981201171875">
        <ele>0.4000000059604644775390625</ele>
        <time>2026-08-22T15:53:41.000Z</time>
        <extensions>
          <ns3:TrackPointExtension>
            <ns3:atemp>22.0</ns3:atemp>
            <ns3:hr>83</ns3:hr>
          </ns3:TrackPointExtension>
        </extensions>
      </trkpt>
      <trkpt lat="48.7059666216373443603515625" lon="-1.82790993712842464447021484375">
        <ele>0.4000000059604644775390625</ele>
        <time>2026-08-22T15:53:42.000Z</time>
        <extensions>
          <ns3:TrackPointExtension>
            <ns3:atemp>21.0</ns3:atemp>
            <ns3:hr>83</ns3:hr>
          </ns3:TrackPointExtension>
        </extensions>
      </trkpt>
      <trkpt lat="48.70585153810679912567138671875" lon="-1.82762076146900653839111328125">
        <ele>0.4000000059604644775390625</ele>
        <time>2026-08-22T15:53:46.000Z</time>
        <extensions>
          <ns3:TrackPointExtension>
            <ns3:atemp>22.0</ns3:atemp>
            <ns3:hr>79</ns3:hr>
          </ns3:TrackPointExtension>
        </extensions>
      </trkpt>
      <trkpt lat="48.705824129283428192138671875" lon="-1.82754792273044586181640625">
        <ele>0.20000000298023223876953125</ele>
        <time>2026-08-22T15:53:47.000Z</time>
        <extensions>
          <ns3:TrackPointExtension>
            <ns3:atemp>22.0</ns3:atemp>
            <ns3:hr>76</ns3:hr>
          </ns3:TrackPointExtension>
        </extensions>
      </trkpt>
      <trkpt lat="48.70579286478459835052490234375" lon="-1.82748212479054927825927734375">
        <ele>0.20000000298023223876953125</ele>
        <time>2026-08-22T15:53:48.000Z</time>
        <extensions>
          <ns3:TrackPointExtension>
            <ns3:atemp>22.0</ns3:atemp>
            <ns3:hr>76</ns3:hr>
          </ns3:TrackPointExtension>
        </extensions>
      </trkpt>
      <trkpt lat="48.70565355755388736724853515625" lon="-1.8271078728139400482177734375">
        <ele>0.4000000059604644775390625</ele>
        <time>2026-08-22T15:53:53.000Z</time>
        <extensions>
          <ns3:TrackPointExtension>
            <ns3:atemp>22.0</ns3:atemp>
            <ns3:hr>75</ns3:hr>
          </ns3:TrackPointExtension>
        </extensions>
      </trkpt>
      <trkpt lat="48.70555850677192211151123046875" lon="-1.82672314345836639404296875">
        <ele>0.60000002384185791015625</ele>
        <time>2026-08-22T15:53:58.000Z</time>
        <extensions>
          <ns3:TrackPointExtension>
            <ns3:atemp>22.0</ns3:atemp>
            <ns3:hr>78</ns3:hr>
          </ns3:TrackPointExtension>
        </extensions>
      </trkpt>
      <trkpt lat="48.7055406533181667327880859375" lon="-1.8266505561769008636474609375">
        <ele>0.4000000059604644775390625</ele>
        <time>2026-08-22T15:53:59.000Z</time>
        <extensions>
          <ns3:TrackPointExtension>
            <ns3:atemp>22.0</ns3:atemp>
            <ns3:hr>78</ns3:hr>
          </ns3:TrackPointExtension>
        </extensions>
      </trkpt>
      <trkpt lat="48.70543487370014190673828125" lon="-1.82618804275989532470703125">
        <ele>0.4000000059604644775390625</ele>
        <time>2026-08-22T15:54:05.000Z</time>
        <extensions>
          <ns3:TrackPointExtension>
            <ns3:atemp>22.0</ns3:atemp>
            <ns3:hr>80</ns3:hr>
          </ns3:TrackPointExtension>
        </extensions>
      </trkpt>
      <trkpt lat="48.7053834088146686553955078125" lon="-1.82595259509980678558349609375">
        <ele>0.60000002384185791015625</ele>
        <time>2026-08-22T15:54:08.000Z</time>
        <extensions>
          <ns3:TrackPointExtension>
            <ns3:atemp>22.0</ns3:atemp>
            <ns3:hr>84</ns3:hr>
          </ns3:TrackPointExtension>
        </extensions>
      </trkpt>
      <trkpt lat="48.70536488480865955352783203125" lon="-1.82587950490415096282958984375">
        <ele>0.60000002384185791015625</ele>
        <time>2026-08-22T15:54:09.000Z</time>
        <extensions>
          <ns3:TrackPointExtension>
            <ns3:atemp>22.0</ns3:atemp>
            <ns3:hr>84</ns3:hr>
          </ns3:TrackPointExtension>
        </extensions>
      </trkpt>
      <trkpt lat="48.70533940382301807403564453125" lon="-1.82580457068979740142822265625">
        <ele>0.4000000059604644775390625</ele>
        <time>2026-08-22T15:54:10.000Z</time>
        <extensions>
          <ns3:TrackPointExtension>
            <ns3:atemp>22.0</ns3:atemp>
            <ns3:hr>83</ns3:hr>
          </ns3:TrackPointExtension>
        </extensions>
      </trkpt>
      <trkpt lat="48.70531476102769374847412109375" lon="-1.8257255293428897857666015625">
        <ele>0.60000002384185791015625</ele>
        <time>2026-08-22T15:54:11.000Z</time>
        <extensions>
          <ns3:TrackPointExtension>
            <ns3:atemp>21.0</ns3:atemp>
            <ns3:hr>83</ns3:hr>
          </ns3:TrackPointExtension>
        </extensions>
      </trkpt>
      <trkpt lat="48.70526514016091823577880859375" lon="-1.8255696259438991546630859375">
        <ele>0.60000002384185791015625</ele>
        <time>2026-08-22T15:54:13.000Z</time>
        <extensions>
          <ns3:TrackPointExtension>
            <ns3:atemp>22.0</ns3:atemp>
            <ns3:hr>82</ns3:hr>
          </ns3:TrackPointExtension>
        </extensions>
      </trkpt>
      <trkpt lat="48.7052047066390514373779296875" lon="-1.82541313581168651580810546875">
        <ele>0.60000002384185791015625</ele>
        <time>2026-08-22T15:54:15.000Z</time>
        <extensions>
          <ns3:TrackPointExtension>
            <ns3:atemp>22.0</ns3:atemp>
            <ns3:hr>84</ns3:hr>
          </ns3:TrackPointExtension>
        </extensions>
      </trkpt>
      <trkpt lat="48.70509901084005832672119140625" lon="-1.82506646029651165008544921875">
        <ele>0.60000002384185791015625</ele>
        <time>2026-08-22T15:54:19.000Z</time>
        <extensions>
          <ns3:TrackPointExtension>
            <ns3:atemp>22.0</ns3:atemp>
            <ns3:hr>83</ns3:hr>
          </ns3:TrackPointExtension>
        </extensions>
      </trkpt>
      <trkpt lat="48.7050519883632659912109375" lon="-1.82488842867314815521240234375">
        <ele>1</ele>
        <time>2026-08-22T15:54:21.000Z</time>
        <extensions>
          <ns3:TrackPointExtension>
            <ns3:atemp>22.0</ns3:atemp>
            <ns3:hr>84</ns3:hr>
          </ns3:TrackPointExtension>
        </extensions>
      </trkpt>
      <trkpt lat="48.705042935907840728759765625" lon="-1.82480125688016414642333984375">
        <ele>1</ele>
        <time>2026-08-22T15:54:22.000Z</time>
        <extensions>
          <ns3:TrackPointExtension>
            <ns3:atemp>22.0</ns3:atemp>
            <ns3:hr>84</ns3:hr>
          </ns3:TrackPointExtension>
        </extensions>
      </trkpt>
      <trkpt lat="48.705036900937557220458984375" lon="-1.82471710257232189178466796875">
        <ele>1</ele>
        <time>2026-08-22T15:54:23.000Z</time>
        <extensions>
          <ns3:TrackPointExtension>
            <ns3:atemp>21.0</ns3:atemp>
            <ns3:hr>87</ns3:hr>
          </ns3:TrackPointExtension>
        </extensions>
      </trkpt>
      <trkpt lat="48.7050099112093448638916015625" lon="-1.82455725967884063720703125">
        <ele>1.2000000476837158203125</ele>
        <time>2026-08-22T15:54:25.000Z</time>
        <extensions>
          <ns3:TrackPointExtension>
            <ns3:atemp>22.0</ns3:atemp>
            <ns3:hr>90</ns3:hr>
          </ns3:TrackPointExtension>
        </extensions>
      </trkpt>
      <trkpt lat="48.7050052173435688018798828125" lon="-1.8244853429496288299560546875">
        <ele>1.2000000476837158203125</ele>
        <time>2026-08-22T15:54:26.000Z</time>
        <extensions>
          <ns3:TrackPointExtension>
            <ns3:atemp>22.0</ns3:atemp>
            <ns3:hr>87</ns3:hr>
          </ns3:TrackPointExtension>
        </extensions>
      </trkpt>
      <trkpt lat="48.7050052173435688018798828125" lon="-1.824435889720916748046875">
        <ele>1.2000000476837158203125</ele>
        <time>2026-08-22T15:54:27.000Z</time>
        <extensions>
          <ns3:TrackPointExtension>
            <ns3:atemp>22.0</ns3:atemp>
            <ns3:hr>84</ns3:hr>
          </ns3:TrackPointExtension>
        </extensions>
      </trkpt>
      <trkpt lat="48.705001361668109893798828125" lon="-1.8243733607232570648193359375">
        <ele>1</ele>
        <time>2026-08-22T15:54:28.000Z</time>
        <extensions>
          <ns3:TrackPointExtension>
            <ns3:atemp>22.0</ns3:atemp>
            <ns3:hr>84</ns3:hr>
          </ns3:TrackPointExtension>
        </extensions>
      </trkpt>
      <trkpt lat="48.70497445575892925262451171875" lon="-1.82418401353061199188232421875">
        <ele>0.20000000298023223876953125</ele>
        <time>2026-08-22T15:54:31.000Z</time>
        <extensions>
          <ns3:TrackPointExtension>
            <ns3:atemp>22.0</ns3:atemp>
            <ns3:hr>87</ns3:hr>
          </ns3:TrackPointExtension>
        </extensions>
      </trkpt>
      <trkpt lat="48.704956434667110443115234375" lon="-1.824060045182704925537109375">
        <ele>0.20000000298023223876953125</ele>
        <time>2026-08-22T15:54:33.000Z</time>
        <extensions>
          <ns3:TrackPointExtension>
            <ns3:atemp>22.0</ns3:atemp>
            <ns3:hr>87</ns3:hr>
          </ns3:TrackPointExtension>
        </extensions>
      </trkpt>
      <trkpt lat="48.70491796173155307769775390625" lon="-1.82385183870792388916015625">
        <ele>0.4000000059604644775390625</ele>
        <time>2026-08-22T15:54:36.000Z</time>
        <extensions>
          <ns3:TrackPointExtension>
            <ns3:atemp>22.0</ns3:atemp>
            <ns3:hr>83</ns3:hr>
          </ns3:TrackPointExtension>
        </extensions>
      </trkpt>
      <trkpt lat="48.70490220375359058380126953125" lon="-1.8237775750458240509033203125">
        <ele>0.4000000059604644775390625</ele>
        <time>2026-08-22T15:54:37.000Z</time>
        <extensions>
          <ns3:TrackPointExtension>
            <ns3:atemp>22.0</ns3:atemp>
            <ns3:hr>82</ns3:hr>
          </ns3:TrackPointExtension>
        </extensions>
      </trkpt>
      <trkpt lat="48.7048861943185329437255859375" lon="-1.82369685731828212738037109375">
        <ele>0.4000000059604644775390625</ele>
        <time>2026-08-22T15:54:38.000Z</time>
        <extensions>
          <ns3:TrackPointExtension>
            <ns3:atemp>22.0</ns3:atemp>
            <ns3:hr>60</ns3:hr>
          </ns3:TrackPointExtension>
        </extensions>
      </trkpt>
      <trkpt lat="48.7048687599599361419677734375" lon="-1.82361873798072338104248046875">
        <ele>0.4000000059604644775390625</ele>
        <time>2026-08-22T15:54:39.000Z</time>
        <extensions>
          <ns3:TrackPointExtension>
            <ns3:atemp>22.0</ns3:atemp>
            <ns3:hr>56</ns3:hr>
          </ns3:TrackPointExtension>
        </extensions>
      </trkpt>
      <trkpt lat="48.70483028702437877655029296875" lon="-1.82346618734300136566162109375">
        <ele>0.4000000059604644775390625</ele>
        <time>2026-08-22T15:54:41.000Z</time>
        <extensions>
          <ns3:TrackPointExtension>
            <ns3:atemp>22.0</ns3:atemp>
            <ns3:hr>54</ns3:hr>
          </ns3:TrackPointExtension>
        </extensions>
      </trkpt>
      <trkpt lat="48.7048104219138622283935546875" lon="-1.82340231724083423614501953125">
        <ele>0.4000000059604644775390625</ele>
        <time>2026-08-22T15:54:42.000Z</time>
        <extensions>
          <ns3:TrackPointExtension>
            <ns3:atemp>22.0</ns3:atemp>
            <ns3:hr>51</ns3:hr>
          </ns3:TrackPointExtension>
        </extensions>
      </trkpt>
      <trkpt lat="48.70476323179900646209716796875" lon="-1.8232659436762332916259765625">
        <ele>0.4000000059604644775390625</ele>
        <time>2026-08-22T15:54:44.000Z</time>
        <extensions>
          <ns3:TrackPointExtension>
            <ns3:atemp>22.0</ns3:atemp>
            <ns3:hr>53</ns3:hr>
          </ns3:TrackPointExtension>
        </extensions>
      </trkpt>
      <trkpt lat="48.7047504074871540069580078125" lon="-1.8231911770999431610107421875">
        <ele>0.4000000059604644775390625</ele>
        <time>2026-08-22T15:54:45.000Z</time>
        <extensions>
          <ns3:TrackPointExtension>
            <ns3:atemp>22.0</ns3:atemp>
            <ns3:hr>53</ns3:hr>
          </ns3:TrackPointExtension>
        </extensions>
      </trkpt>
      <trkpt lat="48.7046877108514308929443359375" lon="-1.82296092621982097625732421875">
        <ele>0.4000000059604644775390625</ele>
        <time>2026-08-22T15:54:48.000Z</time>
        <extensions>
          <ns3:TrackPointExtension>
            <ns3:atemp>22.0</ns3:atemp>
            <ns3:hr>52</ns3:hr>
          </ns3:TrackPointExtension>
        </extensions>
      </trkpt>
      <trkpt lat="48.704638592898845672607421875" lon="-1.822818182408809661865234375">
        <ele>0.4000000059604644775390625</ele>
        <time>2026-08-22T15:54:50.000Z</time>
        <extensions>
          <ns3:TrackPointExtension>
            <ns3:atemp>22.0</ns3:atemp>
            <ns3:hr>69</ns3:hr>
          </ns3:TrackPointExtension>
        </extensions>
      </trkpt>
      <trkpt lat="48.704614453017711639404296875" lon="-1.8227429129183292388916015625">
        <ele>0.4000000059604644775390625</ele>
        <time>2026-08-22T15:54:51.000Z</time>
        <extensions>
          <ns3:TrackPointExtension>
            <ns3:atemp>22.0</ns3:atemp>
            <ns3:hr>81</ns3:hr>
          </ns3:TrackPointExtension>
        </extensions>
      </trkpt>
      <trkpt lat="48.7045861221849918365478515625" lon="-1.822661273181438446044921875">
        <ele>0.4000000059604644775390625</ele>
        <time>2026-08-22T15:54:52.000Z</time>
        <extensions>
          <ns3:TrackPointExtension>
            <ns3:atemp>22.0</ns3:atemp>
            <ns3:hr>85</ns3:hr>
          </ns3:TrackPointExtension>
        </extensions>
      </trkpt>
      <trkpt lat="48.704563491046428680419921875" lon="-1.82257108390331268310546875">
        <ele>0.4000000059604644775390625</ele>
        <time>2026-08-22T15:54:53.000Z</time>
        <extensions>
          <ns3:TrackPointExtension>
            <ns3:atemp>22.0</ns3:atemp>
            <ns3:hr>88</ns3:hr>
          </ns3:TrackPointExtension>
        </extensions>
      </trkpt>
      <trkpt lat="48.7045368365943431854248046875" lon="-1.82249195873737335205078125">
        <ele>0.4000000059604644775390625</ele>
        <time>2026-08-22T15:54:54.000Z</time>
        <extensions>
          <ns3:TrackPointExtension>
            <ns3:atemp>22.0</ns3:atemp>
            <ns3:hr>88</ns3:hr>
          </ns3:TrackPointExtension>
        </extensions>
      </trkpt>
      <trkpt lat="48.704452179372310638427734375" lon="-1.8222577683627605438232421875">
        <ele>0.20000000298023223876953125</ele>
        <time>2026-08-22T15:54:57.000Z</time>
        <extensions>
          <ns3:TrackPointExtension>
            <ns3:atemp>22.0</ns3:atemp>
            <ns3:hr>84</ns3:hr>
          </ns3:TrackPointExtension>
        </extensions>
      </trkpt>
      <trkpt lat="48.70442502200603485107421875" lon="-1.82218216359615325927734375">
        <ele>0.20000000298023223876953125</ele>
        <time>2026-08-22T15:54:58.000Z</time>
        <extensions>
          <ns3:TrackPointExtension>
            <ns3:atemp>22.0</ns3:atemp>
            <ns3:hr>88</ns3:hr>
          </ns3:TrackPointExtension>
        </extensions>
      </trkpt>
      <trkpt lat="48.70436794124543666839599609375" lon="-1.82202718220651149749755859375">
        <ele>0</ele>
        <time>2026-08-22T15:55:00.000Z</time>
        <extensions>
          <ns3:TrackPointExtension>
            <ns3:atemp>22.0</ns3:atemp>
            <ns3:hr>81</ns3:hr>
          </ns3:TrackPointExtension>
        </extensions>
      </trkpt>
      <trkpt lat="48.70434413664042949676513671875" lon="-1.821959875524044036865234375">
        <ele>0</ele>
        <time>2026-08-22T15:55:01.000Z</time>
        <extensions>
          <ns3:TrackPointExtension>
            <ns3:atemp>22.0</ns3:atemp>
            <ns3:hr>71</ns3:hr>
          </ns3:TrackPointExtension>
        </extensions>
      </trkpt>
      <trkpt lat="48.70431329123675823211669921875" lon="-1.8218926526606082916259765625">
        <ele>0</ele>
        <time>2026-08-22T15:55:02.000Z</time>
        <extensions>
          <ns3:TrackPointExtension>
            <ns3:atemp>22.0</ns3:atemp>
            <ns3:hr>67</ns3:hr>
          </ns3:TrackPointExtension>
        </extensions>
      </trkpt>
      <trkpt lat="48.7042810209095478057861328125" lon="-1.82182769291102886199951171875">
        <ele>0</ele>
        <time>2026-08-22T15:55:03.000Z</time>
        <extensions>
          <ns3:TrackPointExtension>
            <ns3:atemp>22.0</ns3:atemp>
            <ns3:hr>62</ns3:hr>
          </ns3:TrackPointExtension>
        </extensions>
      </trkpt>
      <trkpt lat="48.70425143279135227203369140625" lon="-1.8217595480382442474365234375">
        <ele>0</ele>
        <time>2026-08-22T15:55:04.000Z</time>
        <extensions>
          <ns3:TrackPointExtension>
            <ns3:atemp>22.0</ns3:atemp>
            <ns3:hr>60</ns3:hr>
          </ns3:TrackPointExtension>
        </extensions>
      </trkpt>
      <trkpt lat="48.70410793460905551910400390625" lon="-1.82142385281622409820556640625">
        <ele>0.20000000298023223876953125</ele>
        <time>2026-08-22T15:55:09.000Z</time>
        <extensions>
          <ns3:TrackPointExtension>
            <ns3:atemp>22.0</ns3:atemp>
            <ns3:hr>59</ns3:hr>
          </ns3:TrackPointExtension>
        </extensions>
      </trkpt>
      <trkpt lat="48.704083375632762908935546875" lon="-1.82134975679218769073486328125">
        <ele>0</ele>
        <time>2026-08-22T15:55:10.000Z</time>
        <extensions>
          <ns3:TrackPointExtension>
            <ns3:atemp>22.0</ns3:atemp>
            <ns3:hr>59</ns3:hr>
          </ns3:TrackPointExtension>
        </extensions>
      </trkpt>
      <trkpt lat="48.70399025268852710723876953125" lon="-1.821139119565486907958984375">
        <ele>0</ele>
        <time>2026-08-22T15:55:13.000Z</time>
        <extensions>
          <ns3:TrackPointExtension>
            <ns3:atemp>22.0</ns3:atemp>
            <ns3:hr>60</ns3:hr>
          </ns3:TrackPointExtension>
        </extensions>
      </trkpt>
      <trkpt lat="48.70393644087016582489013671875" lon="-1.82100710459053516387939453125">
        <ele>0</ele>
        <time>2026-08-22T15:55:15.000Z</time>
        <extensions>
          <ns3:TrackPointExtension>
            <ns3:atemp>22.0</ns3:atemp>
            <ns3:hr>60</ns3:hr>
          </ns3:TrackPointExtension>
        </extensions>
      </trkpt>
      <trkpt lat="48.70378791354596614837646484375" lon="-1.82066663168370723724365234375">
        <ele>0.20000000298023223876953125</ele>
        <time>2026-08-22T15:55:20.000Z</time>
        <extensions>
          <ns3:TrackPointExtension>
            <ns3:atemp>22.0</ns3:atemp>
            <ns3:hr>63</ns3:hr>
          </ns3:TrackPointExtension>
        </extensions>
      </trkpt>
      <trkpt lat="48.703752458095550537109375" lon="-1.82059907354414463043212890625">
        <ele>0</ele>
        <time>2026-08-22T15:55:21.000Z</time>
        <extensions>
          <ns3:TrackPointExtension>
            <ns3:atemp>22.0</ns3:atemp>
            <ns3:hr>63</ns3:hr>
          </ns3:TrackPointExtension>
        </extensions>
      </trkpt>
      <trkpt lat="48.70354299433529376983642578125" lon="-1.8201850913465023040771484375">
        <ele>-0.20000000298023223876953125</ele>
        <time>2026-08-22T15:55:27.000Z</time>
        <extensions>
          <ns3:TrackPointExtension>
            <ns3:atemp>22.0</ns3:atemp>
            <ns3:hr>63</ns3:hr>
          </ns3:TrackPointExtension>
        </extensions>
      </trkpt>
      <trkpt lat="48.7034909427165985107421875" lon="-1.8200627155601978302001953125">
        <ele>0</ele>
        <time>2026-08-22T15:55:29.000Z</time>
        <extensions>
          <ns3:TrackPointExtension>
            <ns3:atemp>22.0</ns3:atemp>
            <ns3:hr>68</ns3:hr>
          </ns3:TrackPointExtension>
        </extensions>
      </trkpt>
      <trkpt lat="48.70346546173095703125" lon="-1.819993816316127777099609375">
        <ele>0.20000000298023223876953125</ele>
        <time>2026-08-22T15:55:30.000Z</time>
        <extensions>
          <ns3:TrackPointExtension>
            <ns3:atemp>22.0</ns3:atemp>
            <ns3:hr>69</ns3:hr>
          </ns3:TrackPointExtension>
        </extensions>
      </trkpt>
      <trkpt lat="48.70342330075800418853759765625" lon="-1.81985895149409770965576171875">
        <ele>0.4000000059604644775390625</ele>
        <time>2026-08-22T15:55:32.000Z</time>
        <extensions>
          <ns3:TrackPointExtension>
            <ns3:atemp>22.0</ns3:atemp>
            <ns3:hr>73</ns3:hr>
          </ns3:TrackPointExtension>
        </extensions>
      </trkpt>
      <trkpt lat="48.70340854860842227935791015625" lon="-1.8197961710393428802490234375">
        <ele>0.4000000059604644775390625</ele>
        <time>2026-08-22T15:55:33.000Z</time>
        <extensions>
          <ns3:TrackPointExtension>
            <ns3:atemp>22.0</ns3:atemp>
            <ns3:hr>76</ns3:hr>
          </ns3:TrackPointExtension>
        </extensions>
      </trkpt>
      <trkpt lat="48.7033918686211109161376953125" lon="-1.819730289280414581298828125">
        <ele>0.4000000059604644775390625</ele>
        <time>2026-08-22T15:55:34.000Z</time>
        <extensions>
          <ns3:TrackPointExtension>
            <ns3:atemp>22.0</ns3:atemp>
            <ns3:hr>76</ns3:hr>
          </ns3:TrackPointExtension>
        </extensions>
      </trkpt>
      <trkpt lat="48.7033529765903949737548828125" lon="-1.81959827430546283721923828125">
        <ele>0.4000000059604644775390625</ele>
        <time>2026-08-22T15:55:36.000Z</time>
        <extensions>
          <ns3:TrackPointExtension>
            <ns3:atemp>22.0</ns3:atemp>
            <ns3:hr>73</ns3:hr>
          </ns3:TrackPointExtension>
        </extensions>
      </trkpt>
      <trkpt lat="48.703323639929294586181640625" lon="-1.8195302970707416534423828125">
        <ele>0.20000000298023223876953125</ele>
        <time>2026-08-22T15:55:37.000Z</time>
        <extensions>
          <ns3:TrackPointExtension>
            <ns3:atemp>22.0</ns3:atemp>
            <ns3:hr>70</ns3:hr>
          </ns3:TrackPointExtension>
        </extensions>
      </trkpt>
      <trkpt lat="48.7032926268875598907470703125" lon="-1.8194639123976230621337890625">
        <ele>0</ele>
        <time>2026-08-22T15:55:38.000Z</time>
        <extensions>
          <ns3:TrackPointExtension>
            <ns3:atemp>22.0</ns3:atemp>
            <ns3:hr>70</ns3:hr>
          </ns3:TrackPointExtension>
        </extensions>
      </trkpt>
      <trkpt lat="48.7032071314752101898193359375" lon="-1.8192570470273494720458984375">
        <ele>0</ele>
        <time>2026-08-22T15:55:41.000Z</time>
        <extensions>
          <ns3:TrackPointExtension>
            <ns3:atemp>22.0</ns3:atemp>
            <ns3:hr>70</ns3:hr>
          </ns3:TrackPointExtension>
        </extensions>
      </trkpt>
      <trkpt lat="48.7031085602939128875732421875" lon="-1.81906166486442089080810546875">
        <ele>0</ele>
        <time>2026-08-22T15:55:44.000Z</time>
        <extensions>
          <ns3:TrackPointExtension>
            <ns3:atemp>22.0</ns3:atemp>
            <ns3:hr>69</ns3:hr>
          </ns3:TrackPointExtension>
        </extensions>
      </trkpt>
      <trkpt lat="48.7030736915767192840576171875" lon="-1.818985641002655029296875">
        <ele>0</ele>
        <time>2026-08-22T15:55:45.000Z</time>
        <extensions>
          <ns3:TrackPointExtension>
            <ns3:atemp>22.0</ns3:atemp>
            <ns3:hr>72</ns3:hr>
          </ns3:TrackPointExtension>
        </extensions>
      </trkpt>
      <trkpt lat="48.70292566716670989990234375" lon="-1.81870157830417156219482421875">
        <ele>0</ele>
        <time>2026-08-22T15:55:49.000Z</time>
        <extensions>
          <ns3:TrackPointExtension>
            <ns3:atemp>22.0</ns3:atemp>
            <ns3:hr>72</ns3:hr>
          </ns3:TrackPointExtension>
        </extensions>
      </trkpt>
      <trkpt lat="48.70289037935435771942138671875" lon="-1.8186310864984989166259765625">
        <ele>0</ele>
        <time>2026-08-22T15:55:50.000Z</time>
        <extensions>
          <ns3:TrackPointExtension>
            <ns3:atemp>22.0</ns3:atemp>
            <ns3:hr>75</ns3:hr>
          </ns3:TrackPointExtension>
        </extensions>
      </trkpt>
      <trkpt lat="48.702854253351688385009765625" lon="-1.818562857806682586669921875">
        <ele>-0.20000000298023223876953125</ele>
        <time>2026-08-22T15:55:51.000Z</time>
        <extensions>
          <ns3:TrackPointExtension>
            <ns3:atemp>22.0</ns3:atemp>
            <ns3:hr>81</ns3:hr>
          </ns3:TrackPointExtension>
        </extensions>
      </trkpt>
      <trkpt lat="48.70277873240411281585693359375" lon="-1.8184339441359043121337890625">
        <ele>-0.20000000298023223876953125</ele>
        <time>2026-08-22T15:55:53.000Z</time>
        <extensions>
          <ns3:TrackPointExtension>
            <ns3:atemp>22.0</ns3:atemp>
            <ns3:hr>77</ns3:hr>
          </ns3:TrackPointExtension>
        </extensions>
      </trkpt>
      <trkpt lat="48.7027491442859172821044921875" lon="-1.81836445815861225128173828125">
        <ele>0</ele>
        <time>2026-08-22T15:55:54.000Z</time>
        <extensions>
          <ns3:TrackPointExtension>
            <ns3:atemp>22.0</ns3:atemp>
            <ns3:hr>70</ns3:hr>
          </ns3:TrackPointExtension>
        </extensions>
      </trkpt>
      <trkpt lat="48.70271704159677028656005859375" lon="-1.8182954750955104827880859375">
        <ele>0</ele>
        <time>2026-08-22T15:55:55.000Z</time>
        <extensions>
          <ns3:TrackPointExtension>
            <ns3:atemp>22.0</ns3:atemp>
            <ns3:hr>68</ns3:hr>
          </ns3:TrackPointExtension>
        </extensions>
      </trkpt>
      <trkpt lat="48.70263732969760894775390625" lon="-1.81817955337464809417724609375">
        <ele>0</ele>
        <time>2026-08-22T15:55:57.000Z</time>
        <extensions>
          <ns3:TrackPointExtension>
            <ns3:atemp>22.0</ns3:atemp>
            <ns3:hr>71</ns3:hr>
          </ns3:TrackPointExtension>
        </extensions>
      </trkpt>
      <trkpt lat="48.70259709656238555908203125" lon="-1.81811501272022724151611328125">
        <ele>0</ele>
        <time>2026-08-22T15:55:58.000Z</time>
        <extensions>
          <ns3:TrackPointExtension>
            <ns3:atemp>22.0</ns3:atemp>
            <ns3:hr>78</ns3:hr>
          </ns3:TrackPointExtension>
        </extensions>
      </trkpt>
      <trkpt lat="48.70246038772165775299072265625" lon="-1.81795340962707996368408203125">
        <ele>-0.4000000059604644775390625</ele>
        <time>2026-08-22T15:56:01.000Z</time>
        <extensions>
          <ns3:TrackPointExtension>
            <ns3:atemp>22.0</ns3:atemp>
            <ns3:hr>87</ns3:hr>
          </ns3:TrackPointExtension>
        </extensions>
      </trkpt>
      <trkpt lat="48.70241244323551654815673828125" lon="-1.81790429167449474334716796875">
        <ele>-0.4000000059604644775390625</ele>
        <time>2026-08-22T15:56:02.000Z</time>
        <extensions>
          <ns3:TrackPointExtension>
            <ns3:atemp>22.0</ns3:atemp>
            <ns3:hr>90</ns3:hr>
          </ns3:TrackPointExtension>
        </extensions>
      </trkpt>
      <trkpt lat="48.7023672647774219512939453125" lon="-1.81784712709486484527587890625">
        <ele>-0.4000000059604644775390625</ele>
        <time>2026-08-22T15:56:03.000Z</time>
        <extensions>
          <ns3:TrackPointExtension>
            <ns3:atemp>22.0</ns3:atemp>
            <ns3:hr>94</ns3:hr>
          </ns3:TrackPointExtension>
        </extensions>
      </trkpt>
      <trkpt lat="48.70233298279345035552978515625" lon="-1.817790381610393524169921875">
        <ele>-0.4000000059604644775390625</ele>
        <time>2026-08-22T15:56:04.000Z</time>
        <extensions>
          <ns3:TrackPointExtension>
            <ns3:atemp>22.0</ns3:atemp>
            <ns3:hr>93</ns3:hr>
          </ns3:TrackPointExtension>
        </extensions>
      </trkpt>
      <trkpt lat="48.70226592756807804107666015625" lon="-1.8176732026040554046630859375">
        <ele>-0.60000002384185791015625</ele>
        <time>2026-08-22T15:56:06.000Z</time>
        <extensions>
          <ns3:TrackPointExtension>
            <ns3:atemp>22.0</ns3:atemp>
            <ns3:hr>93</ns3:hr>
          </ns3:TrackPointExtension>
        </extensions>
      </trkpt>
      <trkpt lat="48.7022029794752597808837890625" lon="-1.8175307102501392364501953125">
        <ele>-0.4000000059604644775390625</ele>
        <time>2026-08-22T15:56:08.000Z</time>
        <extensions>
          <ns3:TrackPointExtension>
            <ns3:atemp>22.0</ns3:atemp>
            <ns3:hr>92</ns3:hr>
          </ns3:TrackPointExtension>
        </extensions>
      </trkpt>
      <trkpt lat="48.70210465975105762481689453125" lon="-1.81731035001575946807861328125">
        <ele>-0.20000000298023223876953125</ele>
        <time>2026-08-22T15:56:11.000Z</time>
        <extensions>
          <ns3:TrackPointExtension>
            <ns3:atemp>22.0</ns3:atemp>
            <ns3:hr>91</ns3:hr>
          </ns3:TrackPointExtension>
        </extensions>
      </trkpt>
      <trkpt lat="48.70197155512869358062744140625" lon="-1.8168889917433261871337890625">
        <ele>-0.20000000298023223876953125</ele>
        <time>2026-08-22T15:56:17.000Z</time>
        <extensions>
          <ns3:TrackPointExtension>
            <ns3:atemp>22.0</ns3:atemp>
            <ns3:hr>94</ns3:hr>
          </ns3:TrackPointExtension>
        </extensions>
      </trkpt>
      <trkpt lat="48.70194640941917896270751953125" lon="-1.81681514717638492584228515625">
        <ele>-0.20000000298023223876953125</ele>
        <time>2026-08-22T15:56:18.000Z</time>
        <extensions>
          <ns3:TrackPointExtension>
            <ns3:atemp>22.0</ns3:atemp>
            <ns3:hr>92</ns3:hr>
          </ns3:TrackPointExtension>
        </extensions>
      </trkpt>
      <trkpt lat="48.70186745189130306243896484375" lon="-1.8165986426174640655517578125">
        <ele>-0.20000000298023223876953125</ele>
        <time>2026-08-22T15:56:21.000Z</time>
        <extensions>
          <ns3:TrackPointExtension>
            <ns3:atemp>22.0</ns3:atemp>
            <ns3:hr>88</ns3:hr>
          </ns3:TrackPointExtension>
        </extensions>
      </trkpt>
      <trkpt lat="48.7018023245036602020263671875" lon="-1.8163559027016162872314453125">
        <ele>-0.20000000298023223876953125</ele>
        <time>2026-08-22T15:56:24.000Z</time>
        <extensions>
          <ns3:TrackPointExtension>
            <ns3:atemp>22.0</ns3:atemp>
            <ns3:hr>88</ns3:hr>
          </ns3:TrackPointExtension>
        </extensions>
      </trkpt>
      <trkpt lat="48.70177474804222583770751953125" lon="-1.816284321248531341552734375">
        <ele>-0.20000000298023223876953125</ele>
        <time>2026-08-22T15:56:25.000Z</time>
        <extensions>
          <ns3:TrackPointExtension>
            <ns3:atemp>22.0</ns3:atemp>
            <ns3:hr>91</ns3:hr>
          </ns3:TrackPointExtension>
        </extensions>
      </trkpt>
      <trkpt lat="48.70173744857311248779296875" lon="-1.81615062989294528961181640625">
        <ele>-0.20000000298023223876953125</ele>
        <time>2026-08-22T15:56:27.000Z</time>
        <extensions>
          <ns3:TrackPointExtension>
            <ns3:atemp>22.0</ns3:atemp>
            <ns3:hr>96</ns3:hr>
          </ns3:TrackPointExtension>
        </extensions>
      </trkpt>
      <trkpt lat="48.70171708054840564727783203125" lon="-1.81609078310430049896240234375">
        <ele>-0.20000000298023223876953125</ele>
        <time>2026-08-22T15:56:28.000Z</time>
        <extensions>
          <ns3:TrackPointExtension>
            <ns3:atemp>22.0</ns3:atemp>
            <ns3:hr>98</ns3:hr>
          </ns3:TrackPointExtension>
        </extensions>
      </trkpt>
      <trkpt lat="48.70167248882353305816650390625" lon="-1.815971173346042633056640625">
        <ele>0</ele>
        <time>2026-08-22T15:56:30.000Z</time>
        <extensions>
          <ns3:TrackPointExtension>
            <ns3:atemp>22.0</ns3:atemp>
            <ns3:hr>93</ns3:hr>
          </ns3:TrackPointExtension>
        </extensions>
      </trkpt>
      <trkpt lat="48.701617084443569183349609375" lon="-1.8158583529293537139892578125">
        <ele>-0.20000000298023223876953125</ele>
        <time>2026-08-22T15:56:32.000Z</time>
        <extensions>
          <ns3:TrackPointExtension>
            <ns3:atemp>22.0</ns3:atemp>
            <ns3:hr>90</ns3:hr>
          </ns3:TrackPointExtension>
        </extensions>
      </trkpt>
      <trkpt lat="48.70158188045024871826171875" lon="-1.8157924711704254150390625">
        <ele>-0.20000000298023223876953125</ele>
        <time>2026-08-22T15:56:33.000Z</time>
        <extensions>
          <ns3:TrackPointExtension>
            <ns3:atemp>22.0</ns3:atemp>
            <ns3:hr>79</ns3:hr>
          </ns3:TrackPointExtension>
        </extensions>
      </trkpt>
      <trkpt lat="48.7015455029904842376708984375" lon="-1.81573539040982723236083984375">
        <ele>-0.20000000298023223876953125</ele>
        <time>2026-08-22T15:56:34.000Z</time>
        <extensions>
          <ns3:TrackPointExtension>
            <ns3:atemp>22.0</ns3:atemp>
            <ns3:hr>76</ns3:hr>
          </ns3:TrackPointExtension>
        </extensions>
      </trkpt>
      <trkpt lat="48.70151088573038578033447265625" lon="-1.81566841900348663330078125">
        <ele>-0.20000000298023223876953125</ele>
        <time>2026-08-22T15:56:35.000Z</time>
        <extensions>
          <ns3:TrackPointExtension>
            <ns3:atemp>22.0</ns3:atemp>
            <ns3:hr>76</ns3:hr>
          </ns3:TrackPointExtension>
        </extensions>
      </trkpt>
      <trkpt lat="48.70143393985927104949951171875" lon="-1.81556205265223979949951171875">
        <ele>-0.20000000298023223876953125</ele>
        <time>2026-08-22T15:56:37.000Z</time>
        <extensions>
          <ns3:TrackPointExtension>
            <ns3:atemp>22.0</ns3:atemp>
            <ns3:hr>76</ns3:hr>
          </ns3:TrackPointExtension>
        </extensions>
      </trkpt>
      <trkpt lat="48.70132463984191417694091796875" lon="-1.81540690362453460693359375">
        <ele>-0.4000000059604644775390625</ele>
        <time>2026-08-22T15:56:40.000Z</time>
        <extensions>
          <ns3:TrackPointExtension>
            <ns3:atemp>22.0</ns3:atemp>
            <ns3:hr>78</ns3:hr>
          </ns3:TrackPointExtension>
        </extensions>
      </trkpt>
      <trkpt lat="48.7011388130486011505126953125" lon="-1.815077327191829681396484375">
        <ele>-0.4000000059604644775390625</ele>
        <time>2026-08-22T15:56:46.000Z</time>
        <extensions>
          <ns3:TrackPointExtension>
            <ns3:atemp>22.0</ns3:atemp>
            <ns3:hr>89</ns3:hr>
          </ns3:TrackPointExtension>
        </extensions>
      </trkpt>
      <trkpt lat="48.7011086381971836090087890625" lon="-1.8150261975824832916259765625">
        <ele>-0.4000000059604644775390625</ele>
        <time>2026-08-22T15:56:47.000Z</time>
        <extensions>
          <ns3:TrackPointExtension>
            <ns3:atemp>22.0</ns3:atemp>
            <ns3:hr>101</ns3:hr>
          </ns3:TrackPointExtension>
        </extensions>
      </trkpt>
      <trkpt lat="48.70105440728366374969482421875" lon="-1.81490927003324031829833984375">
        <ele>-0.4000000059604644775390625</ele>
        <time>2026-08-22T15:56:49.000Z</time>
        <extensions>
          <ns3:TrackPointExtension>
            <ns3:atemp>22.0</ns3:atemp>
            <ns3:hr>105</ns3:hr>
          </ns3:TrackPointExtension>
        </extensions>
      </trkpt>
      <trkpt lat="48.70098969899117946624755859375" lon="-1.814785301685333251953125">
        <ele>-0.4000000059604644775390625</ele>
        <time>2026-08-22T15:56:51.000Z</time>
        <extensions>
          <ns3:TrackPointExtension>
            <ns3:atemp>22.0</ns3:atemp>
            <ns3:hr>105</ns3:hr>
          </ns3:TrackPointExtension>
        </extensions>
      </trkpt>
      <trkpt lat="48.70092683471739292144775390625" lon="-1.8146620877087116241455078125">
        <ele>-0.4000000059604644775390625</ele>
        <time>2026-08-22T15:56:53.000Z</time>
        <extensions>
          <ns3:TrackPointExtension>
            <ns3:atemp>22.0</ns3:atemp>
            <ns3:hr>105</ns3:hr>
          </ns3:TrackPointExtension>
        </extensions>
      </trkpt>
      <trkpt lat="48.7008588574826717376708984375" lon="-1.81450358591973781585693359375">
        <ele>-0.60000002384185791015625</ele>
        <time>2026-08-22T15:56:56.000Z</time>
        <extensions>
          <ns3:TrackPointExtension>
            <ns3:atemp>22.0</ns3:atemp>
            <ns3:hr>101</ns3:hr>
          </ns3:TrackPointExtension>
        </extensions>
      </trkpt>
      <trkpt lat="48.70084385387599468231201171875" lon="-1.81444742716848850250244140625">
        <ele>-0.60000002384185791015625</ele>
        <time>2026-08-22T15:56:57.000Z</time>
        <extensions>
          <ns3:TrackPointExtension>
            <ns3:atemp>22.0</ns3:atemp>
            <ns3:hr>101</ns3:hr>
          </ns3:TrackPointExtension>
        </extensions>
      </trkpt>
      <trkpt lat="48.70081066153943538665771484375" lon="-1.814280711114406585693359375">
        <ele>-0.4000000059604644775390625</ele>
        <time>2026-08-22T15:57:00.000Z</time>
        <extensions>
          <ns3:TrackPointExtension>
            <ns3:atemp>22.0</ns3:atemp>
            <ns3:hr>98</ns3:hr>
          </ns3:TrackPointExtension>
        </extensions>
      </trkpt>
      <trkpt lat="48.70078920386731624603271484375" lon="-1.814169399440288543701171875">
        <ele>-0.4000000059604644775390625</ele>
        <time>2026-08-22T15:57:02.000Z</time>
        <extensions>
          <ns3:TrackPointExtension>
            <ns3:atemp>22.0</ns3:atemp>
            <ns3:hr>97</ns3:hr>
          </ns3:TrackPointExtension>
        </extensions>
      </trkpt>
      <trkpt lat="48.700721226632595062255859375" lon="-1.81395306251943111419677734375">
        <ele>-0.60000002384185791015625</ele>
        <time>2026-08-22T15:57:06.000Z</time>
        <extensions>
          <ns3:TrackPointExtension>
            <ns3:atemp>22.0</ns3:atemp>
            <ns3:hr>93</ns3:hr>
          </ns3:TrackPointExtension>
        </extensions>
      </trkpt>
      <trkpt lat="48.7006975896656513214111328125" lon="-1.81383336894214153289794921875">
        <ele>-0.4000000059604644775390625</ele>
        <time>2026-08-22T15:57:08.000Z</time>
        <extensions>
          <ns3:TrackPointExtension>
            <ns3:atemp>22.0</ns3:atemp>
            <ns3:hr>90</ns3:hr>
          </ns3:TrackPointExtension>
        </extensions>
      </trkpt>
      <trkpt lat="48.70064503513276576995849609375" lon="-1.8135982565581798553466796875">
        <ele>-0.4000000059604644775390625</ele>
        <time>2026-08-22T15:57:12.000Z</time>
        <extensions>
          <ns3:TrackPointExtension>
            <ns3:atemp>22.0</ns3:atemp>
            <ns3:hr>87</ns3:hr>
          </ns3:TrackPointExtension>
        </extensions>
      </trkpt>
      <trkpt lat="48.70062307454645633697509765625" lon="-1.81348434649407863616943359375">
        <ele>-0.20000000298023223876953125</ele>
        <time>2026-08-22T15:57:14.000Z</time>
        <extensions>
          <ns3:TrackPointExtension>
            <ns3:atemp>22.0</ns3:atemp>
            <ns3:hr>83</ns3:hr>
          </ns3:TrackPointExtension>
        </extensions>
      </trkpt>
      <trkpt lat="48.700549565255641937255859375" lon="-1.81305904872715473175048828125">
        <ele>-0.4000000059604644775390625</ele>
        <time>2026-08-22T15:57:21.000Z</time>
        <extensions>
          <ns3:TrackPointExtension>
            <ns3:atemp>22.0</ns3:atemp>
            <ns3:hr>84</ns3:hr>
          </ns3:TrackPointExtension>
        </extensions>
      </trkpt>
      <trkpt lat="48.700507991015911102294921875" lon="-1.8128562904894351959228515625">
        <ele>-0.20000000298023223876953125</ele>
        <time>2026-08-22T15:57:24.000Z</time>
        <extensions>
          <ns3:TrackPointExtension>
            <ns3:atemp>23.0</ns3:atemp>
            <ns3:hr>89</ns3:hr>
          </ns3:TrackPointExtension>
        </extensions>
      </trkpt>
      <trkpt lat="48.70049600489437580108642578125" lon="-1.8127892352640628814697265625">
        <ele>-0.20000000298023223876953125</ele>
        <time>2026-08-22T15:57:25.000Z</time>
        <extensions>
          <ns3:TrackPointExtension>
            <ns3:atemp>23.0</ns3:atemp>
            <ns3:hr>93</ns3:hr>
          </ns3:TrackPointExtension>
        </extensions>
      </trkpt>
      <trkpt lat="48.70048259384930133819580078125" lon="-1.81271891109645366668701171875">
        <ele>-0.20000000298023223876953125</ele>
        <time>2026-08-22T15:57:26.000Z</time>
        <extensions>
          <ns3:TrackPointExtension>
            <ns3:atemp>23.0</ns3:atemp>
            <ns3:hr>97</ns3:hr>
          </ns3:TrackPointExtension>
        </extensions>
      </trkpt>
      <trkpt lat="48.700464069843292236328125" lon="-1.81264330632984638214111328125">
        <ele>-0.20000000298023223876953125</ele>
        <time>2026-08-22T15:57:27.000Z</time>
        <extensions>
          <ns3:TrackPointExtension>
            <ns3:atemp>23.0</ns3:atemp>
            <ns3:hr>97</ns3:hr>
          </ns3:TrackPointExtension>
        </extensions>
      </trkpt>
      <trkpt lat="48.7003951705992221832275390625" lon="-1.81238271296024322509765625">
        <ele>-0.4000000059604644775390625</ele>
        <time>2026-08-22T15:57:31.000Z</time>
        <extensions>
          <ns3:TrackPointExtension>
            <ns3:atemp>23.0</ns3:atemp>
            <ns3:hr>91</ns3:hr>
          </ns3:TrackPointExtension>
        </extensions>
      </trkpt>
      <trkpt lat="48.7003757245838642120361328125" lon="-1.812325380742549896240234375">
        <ele>-0.4000000059604644775390625</ele>
        <time>2026-08-22T15:57:32.000Z</time>
        <extensions>
          <ns3:TrackPointExtension>
            <ns3:atemp>23.0</ns3:atemp>
            <ns3:hr>88</ns3:hr>
          </ns3:TrackPointExtension>
        </extensions>
      </trkpt>
      <trkpt lat="48.70036189444363117218017578125" lon="-1.812274754047393798828125">
        <ele>-0.4000000059604644775390625</ele>
        <time>2026-08-22T15:57:33.000Z</time>
        <extensions>
          <ns3:TrackPointExtension>
            <ns3:atemp>23.0</ns3:atemp>
            <ns3:hr>88</ns3:hr>
          </ns3:TrackPointExtension>
        </extensions>
      </trkpt>
      <trkpt lat="48.70034412480890750885009765625" lon="-1.8122239597141742706298828125">
        <ele>-0.60000002384185791015625</ele>
        <time>2026-08-22T15:57:34.000Z</time>
        <extensions>
          <ns3:TrackPointExtension>
            <ns3:atemp>23.0</ns3:atemp>
            <ns3:hr>85</ns3:hr>
          </ns3:TrackPointExtension>
        </extensions>
      </trkpt>
      <trkpt lat="48.7003244273364543914794921875" lon="-1.81218079291284084320068359375">
        <ele>-0.60000002384185791015625</ele>
        <time>2026-08-22T15:57:35.000Z</time>
        <extensions>
          <ns3:TrackPointExtension>
            <ns3:atemp>23.0</ns3:atemp>
            <ns3:hr>81</ns3:hr>
          </ns3:TrackPointExtension>
        </extensions>
      </trkpt>
      <trkpt lat="48.7002590484917163848876953125" lon="-1.81203595362603664398193359375">
        <ele>-0.60000002384185791015625</ele>
        <time>2026-08-22T15:57:38.000Z</time>
        <extensions>
          <ns3:TrackPointExtension>
            <ns3:atemp>23.0</ns3:atemp>
            <ns3:hr>79</ns3:hr>
          </ns3:TrackPointExtension>
        </extensions>
      </trkpt>
      <trkpt lat="48.700147569179534912109375" lon="-1.811798326671123504638671875">
        <ele>-0.60000002384185791015625</ele>
        <time>2026-08-22T15:57:43.000Z</time>
        <extensions>
          <ns3:TrackPointExtension>
            <ns3:atemp>23.0</ns3:atemp>
            <ns3:hr>79</ns3:hr>
          </ns3:TrackPointExtension>
        </extensions>
      </trkpt>
      <trkpt lat="48.70012720115482807159423828125" lon="-1.81174929253756999969482421875">
        <ele>-0.60000002384185791015625</ele>
        <time>2026-08-22T15:57:44.000Z</time>
        <extensions>
          <ns3:TrackPointExtension>
            <ns3:atemp>23.0</ns3:atemp>
            <ns3:hr>82</ns3:hr>
          </ns3:TrackPointExtension>
        </extensions>
      </trkpt>
      <trkpt lat="48.70006517507135868072509765625" lon="-1.81161233223974704742431640625">
        <ele>-0.20000000298023223876953125</ele>
        <time>2026-08-22T15:57:47.000Z</time>
        <extensions>
          <ns3:TrackPointExtension>
            <ns3:atemp>23.0</ns3:atemp>
            <ns3:hr>85</ns3:hr>
          </ns3:TrackPointExtension>
        </extensions>
      </trkpt>
      <trkpt lat="48.70004363358020782470703125" lon="-1.81156321428716182708740234375">
        <ele>-0.4000000059604644775390625</ele>
        <time>2026-08-22T15:57:48.000Z</time>
        <extensions>
          <ns3:TrackPointExtension>
            <ns3:atemp>23.0</ns3:atemp>
            <ns3:hr>89</ns3:hr>
          </ns3:TrackPointExtension>
        </extensions>
      </trkpt>
      <trkpt lat="48.70002728886902332305908203125" lon="-1.811511330306529998779296875">
        <ele>-0.20000000298023223876953125</ele>
        <time>2026-08-22T15:57:49.000Z</time>
        <extensions>
          <ns3:TrackPointExtension>
            <ns3:atemp>23.0</ns3:atemp>
            <ns3:hr>90</ns3:hr>
          </ns3:TrackPointExtension>
        </extensions>
      </trkpt>
      <trkpt lat="48.69998303242027759552001953125" lon="-1.8113985098898410797119140625">
        <ele>-0.4000000059604644775390625</ele>
        <time>2026-08-22T15:57:51.000Z</time>
        <extensions>
          <ns3:TrackPointExtension>
            <ns3:atemp>23.0</ns3:atemp>
            <ns3:hr>92</ns3:hr>
          </ns3:TrackPointExtension>
        </extensions>
      </trkpt>
      <trkpt lat="48.69994640350341796875" lon="-1.8112804926931858062744140625">
        <ele>-0.4000000059604644775390625</ele>
        <time>2026-08-22T15:57:53.000Z</time>
        <extensions>
          <ns3:TrackPointExtension>
            <ns3:atemp>23.0</ns3:atemp>
            <ns3:hr>96</ns3:hr>
          </ns3:TrackPointExtension>
        </extensions>
      </trkpt>
      <trkpt lat="48.69993441738188266754150390625" lon="-1.8112255074083805084228515625">
        <ele>-0.60000002384185791015625</ele>
        <time>2026-08-22T15:57:54.000Z</time>
        <extensions>
          <ns3:TrackPointExtension>
            <ns3:atemp>23.0</ns3:atemp>
            <ns3:hr>95</ns3:hr>
          </ns3:TrackPointExtension>
        </extensions>
      </trkpt>
      <trkpt lat="48.69988412596285343170166015625" lon="-1.8110189773142337799072265625">
        <ele>-0.20000000298023223876953125</ele>
        <time>2026-08-22T15:57:58.000Z</time>
        <extensions>
          <ns3:TrackPointExtension>
            <ns3:atemp>23.0</ns3:atemp>
            <ns3:hr>90</ns3:hr>
          </ns3:TrackPointExtension>
        </extensions>
      </trkpt>
      <trkpt lat="48.6998402886092662811279296875" lon="-1.81091554462909698486328125">
        <ele>-0.4000000059604644775390625</ele>
        <time>2026-08-22T15:58:00.000Z</time>
        <extensions>
          <ns3:TrackPointExtension>
            <ns3:atemp>23.0</ns3:atemp>
            <ns3:hr>87</ns3:hr>
          </ns3:TrackPointExtension>
        </extensions>
      </trkpt>
      <trkpt lat="48.69981153868138790130615234375" lon="-1.810864917933940887451171875">
        <ele>-0.4000000059604644775390625</ele>
        <time>2026-08-22T15:58:01.000Z</time>
        <extensions>
          <ns3:TrackPointExtension>
            <ns3:atemp>23.0</ns3:atemp>
            <ns3:hr>84</ns3:hr>
          </ns3:TrackPointExtension>
        </extensions>
      </trkpt>
      <trkpt lat="48.69962495751678943634033203125" lon="-1.81060382165014743804931640625">
        <ele>-0.800000011920928955078125</ele>
        <time>2026-08-22T15:58:06.000Z</time>
        <extensions>
          <ns3:TrackPointExtension>
            <ns3:atemp>23.0</ns3:atemp>
            <ns3:hr>84</ns3:hr>
          </ns3:TrackPointExtension>
        </extensions>
      </trkpt>
      <trkpt lat="48.69949000887572765350341796875" lon="-1.81043668650090694427490234375">
        <ele>-0.800000011920928955078125</ele>
        <time>2026-08-22T15:58:10.000Z</time>
        <extensions>
          <ns3:TrackPointExtension>
            <ns3:atemp>23.0</ns3:atemp>
            <ns3:hr>82</ns3:hr>
          </ns3:TrackPointExtension>
        </extensions>
      </trkpt>
      <trkpt lat="48.699461929500102996826171875" lon="-1.810389496386051177978515625">
        <ele>-0.800000011920928955078125</ele>
        <time>2026-08-22T15:58:11.000Z</time>
        <extensions>
          <ns3:TrackPointExtension>
            <ns3:atemp>23.0</ns3:atemp>
            <ns3:hr>82</ns3:hr>
          </ns3:TrackPointExtension>
        </extensions>
      </trkpt>
      <trkpt lat="48.69937308132648468017578125" lon="-1.8102267198264598846435546875">
        <ele>-0.60000002384185791015625</ele>
        <time>2026-08-22T15:58:14.000Z</time>
        <extensions>
          <ns3:TrackPointExtension>
            <ns3:atemp>23.0</ns3:atemp>
            <ns3:hr>83</ns3:hr>
          </ns3:TrackPointExtension>
        </extensions>
      </trkpt>
      <trkpt lat="48.6993055231869220733642578125" lon="-1.81010509841144084930419921875">
        <ele>-0.60000002384185791015625</ele>
        <time>2026-08-22T15:58:16.000Z</time>
        <extensions>
          <ns3:TrackPointExtension>
            <ns3:atemp>23.0</ns3:atemp>
            <ns3:hr>82</ns3:hr>
          </ns3:TrackPointExtension>
        </extensions>
      </trkpt>
      <trkpt lat="48.6992637813091278076171875" lon="-1.8100493587553501129150390625">
        <ele>-0.60000002384185791015625</ele>
        <time>2026-08-22T15:58:17.000Z</time>
        <extensions>
          <ns3:TrackPointExtension>
            <ns3:atemp>23.0</ns3:atemp>
            <ns3:hr>79</ns3:hr>
          </ns3:TrackPointExtension>
        </extensions>
      </trkpt>
      <trkpt lat="48.6992300860583782196044921875" lon="-1.809999234974384307861328125">
        <ele>-0.60000002384185791015625</ele>
        <time>2026-08-22T15:58:18.000Z</time>
        <extensions>
          <ns3:TrackPointExtension>
            <ns3:atemp>23.0</ns3:atemp>
            <ns3:hr>76</ns3:hr>
          </ns3:TrackPointExtension>
        </extensions>
      </trkpt>
      <trkpt lat="48.69917166419327259063720703125" lon="-1.80990963242948055267333984375">
        <ele>-0.800000011920928955078125</ele>
        <time>2026-08-22T15:58:20.000Z</time>
        <extensions>
          <ns3:TrackPointExtension>
            <ns3:atemp>23.0</ns3:atemp>
            <ns3:hr>80</ns3:hr>
          </ns3:TrackPointExtension>
        </extensions>
      </trkpt>
      <trkpt lat="48.69914065115153789520263671875" lon="-1.80986822582781314849853515625">
        <ele>-0.800000011920928955078125</ele>
        <time>2026-08-22T15:58:21.000Z</time>
        <extensions>
          <ns3:TrackPointExtension>
            <ns3:atemp>23.0</ns3:atemp>
            <ns3:hr>85</ns3:hr>
          </ns3:TrackPointExtension>
        </extensions>
      </trkpt>
      <trkpt lat="48.699108548462390899658203125" lon="-1.8098233826458454132080078125">
        <ele>-0.800000011920928955078125</ele>
        <time>2026-08-22T15:58:22.000Z</time>
        <extensions>
          <ns3:TrackPointExtension>
            <ns3:atemp>23.0</ns3:atemp>
            <ns3:hr>89</ns3:hr>
          </ns3:TrackPointExtension>
        </extensions>
      </trkpt>
      <trkpt lat="48.699077032506465911865234375" lon="-1.80977434851229190826416015625">
        <ele>-0.800000011920928955078125</ele>
        <time>2026-08-22T15:58:23.000Z</time>
        <extensions>
          <ns3:TrackPointExtension>
            <ns3:atemp>23.0</ns3:atemp>
            <ns3:hr>95</ns3:hr>
          </ns3:TrackPointExtension>
        </extensions>
      </trkpt>
      <trkpt lat="48.6990476958453655242919921875" lon="-1.80972556583583354949951171875">
        <ele>-0.800000011920928955078125</ele>
        <time>2026-08-22T15:58:24.000Z</time>
        <extensions>
          <ns3:TrackPointExtension>
            <ns3:atemp>23.0</ns3:atemp>
            <ns3:hr>95</ns3:hr>
          </ns3:TrackPointExtension>
        </extensions>
      </trkpt>
      <trkpt lat="48.69898625649511814117431640625" lon="-1.8096185289323329925537109375">
        <ele>-0.800000011920928955078125</ele>
        <time>2026-08-22T15:58:26.000Z</time>
        <extensions>
          <ns3:TrackPointExtension>
            <ns3:atemp>23.0</ns3:atemp>
            <ns3:hr>99</ns3:hr>
          </ns3:TrackPointExtension>
        </extensions>
      </trkpt>
      <trkpt lat="48.69889439083635807037353515625" lon="-1.80945348925888538360595703125">
        <ele>-0.800000011920928955078125</ele>
        <time>2026-08-22T15:58:29.000Z</time>
        <extensions>
          <ns3:TrackPointExtension>
            <ns3:atemp>23.0</ns3:atemp>
            <ns3:hr>102</ns3:hr>
          </ns3:TrackPointExtension>
        </extensions>
      </trkpt>
      <trkpt lat="48.69883705861866474151611328125" lon="-1.80935039184987545013427734375">
        <ele>-0.60000002384185791015625</ele>
        <time>2026-08-22T15:58:31.000Z</time>
        <extensions>
          <ns3:TrackPointExtension>
            <ns3:atemp>23.0</ns3:atemp>
            <ns3:hr>100</ns3:hr>
          </ns3:TrackPointExtension>
        </extensions>
      </trkpt>
      <trkpt lat="48.6987818218767642974853515625" lon="-1.80923187173902988433837890625">
        <ele>-0.60000002384185791015625</ele>
        <time>2026-08-22T15:58:33.000Z</time>
        <extensions>
          <ns3:TrackPointExtension>
            <ns3:atemp>23.0</ns3:atemp>
            <ns3:hr>96</ns3:hr>
          </ns3:TrackPointExtension>
        </extensions>
      </trkpt>
      <trkpt lat="48.69873027317225933074951171875" lon="-1.80910882540047168731689453125">
        <ele>-0.60000002384185791015625</ele>
        <time>2026-08-22T15:58:35.000Z</time>
        <extensions>
          <ns3:TrackPointExtension>
            <ns3:atemp>23.0</ns3:atemp>
            <ns3:hr>94</ns3:hr>
          </ns3:TrackPointExtension>
        </extensions>
      </trkpt>
      <trkpt lat="48.6987047083675861358642578125" lon="-1.809050738811492919921875">
        <ele>-0.4000000059604644775390625</ele>
        <time>2026-08-22T15:58:36.000Z</time>
        <extensions>
          <ns3:TrackPointExtension>
            <ns3:atemp>23.0</ns3:atemp>
            <ns3:hr>89</ns3:hr>
          </ns3:TrackPointExtension>
        </extensions>
      </trkpt>
      <trkpt lat="48.6986755393445491790771484375" lon="-1.80899566970765590667724609375">
        <ele>-0.4000000059604644775390625</ele>
        <time>2026-08-22T15:58:37.000Z</time>
        <extensions>
          <ns3:TrackPointExtension>
            <ns3:atemp>23.0</ns3:atemp>
            <ns3:hr>85</ns3:hr>
          </ns3:TrackPointExtension>
        </extensions>
      </trkpt>
      <trkpt lat="48.69855760596692562103271484375" lon="-1.80878075771033763885498046875">
        <ele>-1</ele>
        <time>2026-08-22T15:58:41.000Z</time>
        <extensions>
          <ns3:TrackPointExtension>
            <ns3:atemp>23.0</ns3:atemp>
            <ns3:hr>84</ns3:hr>
          </ns3:TrackPointExtension>
        </extensions>
      </trkpt>
      <trkpt lat="48.69847613386809825897216796875" lon="-1.80863776244223117828369140625">
        <ele>-1.2000000476837158203125</ele>
        <time>2026-08-22T15:58:44.000Z</time>
        <extensions>
          <ns3:TrackPointExtension>
            <ns3:atemp>23.0</ns3:atemp>
            <ns3:hr>83</ns3:hr>
          </ns3:TrackPointExtension>
        </extensions>
      </trkpt>
      <trkpt lat="48.69837932288646697998046875" lon="-1.80846191011369228363037109375">
        <ele>-1</ele>
        <time>2026-08-22T15:58:47.000Z</time>
        <extensions>
          <ns3:TrackPointExtension>
            <ns3:atemp>23.0</ns3:atemp>
            <ns3:hr>82</ns3:hr>
          </ns3:TrackPointExtension>
        </extensions>
      </trkpt>
      <trkpt lat="48.6983048915863037109375" lon="-1.8083397857844829559326171875">
        <ele>-0.800000011920928955078125</ele>
        <time>2026-08-22T15:58:49.000Z</time>
        <extensions>
          <ns3:TrackPointExtension>
            <ns3:atemp>23.0</ns3:atemp>
            <ns3:hr>86</ns3:hr>
          </ns3:TrackPointExtension>
        </extensions>
      </trkpt>
      <trkpt lat="48.698264993727207183837890625" lon="-1.8082849681377410888671875">
        <ele>-0.800000011920928955078125</ele>
        <time>2026-08-22T15:58:50.000Z</time>
        <extensions>
          <ns3:TrackPointExtension>
            <ns3:atemp>23.0</ns3:atemp>
            <ns3:hr>89</ns3:hr>
          </ns3:TrackPointExtension>
        </extensions>
      </trkpt>
      <trkpt lat="48.69822232984006404876708984375" lon="-1.8082261271774768829345703125">
        <ele>-0.800000011920928955078125</ele>
        <time>2026-08-22T15:58:51.000Z</time>
        <extensions>
          <ns3:TrackPointExtension>
            <ns3:atemp>23.0</ns3:atemp>
            <ns3:hr>93</ns3:hr>
          </ns3:TrackPointExtension>
        </extensions>
      </trkpt>
      <trkpt lat="48.698179163038730621337890625" lon="-1.80817424319684505462646484375">
        <ele>-0.800000011920928955078125</ele>
        <time>2026-08-22T15:58:52.000Z</time>
        <extensions>
          <ns3:TrackPointExtension>
            <ns3:atemp>23.0</ns3:atemp>
            <ns3:hr>93</ns3:hr>
          </ns3:TrackPointExtension>
        </extensions>
      </trkpt>
      <trkpt lat="48.69813524186611175537109375" lon="-1.80812361650168895721435546875">
        <ele>-0.800000011920928955078125</ele>
        <time>2026-08-22T15:58:53.000Z</time>
        <extensions>
          <ns3:TrackPointExtension>
            <ns3:atemp>23.0</ns3:atemp>
            <ns3:hr>95</ns3:hr>
          </ns3:TrackPointExtension>
        </extensions>
      </trkpt>
      <trkpt lat="48.69800641201436519622802734375" lon="-1.807957403361797332763671875">
        <ele>-1</ele>
        <time>2026-08-22T15:58:57.000Z</time>
        <extensions>
          <ns3:TrackPointExtension>
            <ns3:atemp>23.0</ns3:atemp>
            <ns3:hr>94</ns3:hr>
          </ns3:TrackPointExtension>
        </extensions>
      </trkpt>
      <trkpt lat="48.69798227213323116302490234375" lon="-1.80790216661989688873291015625">
        <ele>-1</ele>
        <time>2026-08-22T15:58:58.000Z</time>
        <extensions>
          <ns3:TrackPointExtension>
            <ns3:atemp>23.0</ns3:atemp>
            <ns3:hr>90</ns3:hr>
          </ns3:TrackPointExtension>
        </extensions>
      </trkpt>
      <trkpt lat="48.69784556329250335693359375" lon="-1.8076343648135662078857421875">
        <ele>-1</ele>
        <time>2026-08-22T15:59:03.000Z</time>
        <extensions>
          <ns3:TrackPointExtension>
            <ns3:atemp>24.0</ns3:atemp>
            <ns3:hr>86</ns3:hr>
          </ns3:TrackPointExtension>
        </extensions>
      </trkpt>
      <trkpt lat="48.69781471788883209228515625" lon="-1.80757929570972919464111328125">
        <ele>-1</ele>
        <time>2026-08-22T15:59:04.000Z</time>
        <extensions>
          <ns3:TrackPointExtension>
            <ns3:atemp>23.0</ns3:atemp>
            <ns3:hr>86</ns3:hr>
          </ns3:TrackPointExtension>
        </extensions>
      </trkpt>
      <trkpt lat="48.69772125966846942901611328125" lon="-1.8074147589504718780517578125">
        <ele>-0.800000011920928955078125</ele>
        <time>2026-08-22T15:59:07.000Z</time>
        <extensions>
          <ns3:TrackPointExtension>
            <ns3:atemp>24.0</ns3:atemp>
            <ns3:hr>89</ns3:hr>
          </ns3:TrackPointExtension>
        </extensions>
      </trkpt>
      <trkpt lat="48.69768588803708553314208984375" lon="-1.80735935457050800323486328125">
        <ele>-0.800000011920928955078125</ele>
        <time>2026-08-22T15:59:08.000Z</time>
        <extensions>
          <ns3:TrackPointExtension>
            <ns3:atemp>24.0</ns3:atemp>
            <ns3:hr>94</ns3:hr>
          </ns3:TrackPointExtension>
        </extensions>
      </trkpt>
      <trkpt lat="48.6976492591202259063720703125" lon="-1.8073032796382904052734375">
        <ele>-0.800000011920928955078125</ele>
        <time>2026-08-22T15:59:09.000Z</time>
        <extensions>
          <ns3:TrackPointExtension>
            <ns3:atemp>23.0</ns3:atemp>
            <ns3:hr>97</ns3:hr>
          </ns3:TrackPointExtension>
        </extensions>
      </trkpt>
      <trkpt lat="48.6976160667836666107177734375" lon="-1.807254664599895477294921875">
        <ele>-1</ele>
        <time>2026-08-22T15:59:10.000Z</time>
        <extensions>
          <ns3:TrackPointExtension>
            <ns3:atemp>24.0</ns3:atemp>
            <ns3:hr>101</ns3:hr>
          </ns3:TrackPointExtension>
        </extensions>
      </trkpt>
      <trkpt lat="48.69758144952356815338134765625" lon="-1.80719875730574131011962890625">
        <ele>-1</ele>
        <time>2026-08-22T15:59:11.000Z</time>
        <extensions>
          <ns3:TrackPointExtension>
            <ns3:atemp>24.0</ns3:atemp>
            <ns3:hr>101</ns3:hr>
          </ns3:TrackPointExtension>
        </extensions>
      </trkpt>
      <trkpt lat="48.697436191141605377197265625" lon="-1.8069384992122650146484375">
        <ele>-0.60000002384185791015625</ele>
        <time>2026-08-22T15:59:15.000Z</time>
        <extensions>
          <ns3:TrackPointExtension>
            <ns3:atemp>24.0</ns3:atemp>
            <ns3:hr>102</ns3:hr>
          </ns3:TrackPointExtension>
        </extensions>
      </trkpt>
      <trkpt lat="48.697401322424411773681640625" lon="-1.806881166994571685791015625">
        <ele>-0.60000002384185791015625</ele>
        <time>2026-08-22T15:59:16.000Z</time>
        <extensions>
          <ns3:TrackPointExtension>
            <ns3:atemp>24.0</ns3:atemp>
            <ns3:hr>103</ns3:hr>
          </ns3:TrackPointExtension>
        </extensions>
      </trkpt>
      <trkpt lat="48.69726997800171375274658203125" lon="-1.80664815008640289306640625">
        <ele>-0.800000011920928955078125</ele>
        <time>2026-08-22T15:59:20.000Z</time>
        <extensions>
          <ns3:TrackPointExtension>
            <ns3:atemp>24.0</ns3:atemp>
            <ns3:hr>104</ns3:hr>
          </ns3:TrackPointExtension>
        </extensions>
      </trkpt>
      <trkpt lat="48.6971473507583141326904296875" lon="-1.80643768049776554107666015625">
        <ele>-0.800000011920928955078125</ele>
        <time>2026-08-22T15:59:24.000Z</time>
        <extensions>
          <ns3:TrackPointExtension>
            <ns3:atemp>24.0</ns3:atemp>
            <ns3:hr>101</ns3:hr>
          </ns3:TrackPointExtension>
        </extensions>
      </trkpt>
      <trkpt lat="48.69709278456866741180419921875" lon="-1.8063287995755672454833984375">
        <ele>-0.800000011920928955078125</ele>
        <time>2026-08-22T15:59:26.000Z</time>
        <extensions>
          <ns3:TrackPointExtension>
            <ns3:atemp>24.0</ns3:atemp>
            <ns3:hr>102</ns3:hr>
          </ns3:TrackPointExtension>
        </extensions>
      </trkpt>
      <trkpt lat="48.69701273739337921142578125" lon="-1.806172393262386322021484375">
        <ele>-0.800000011920928955078125</ele>
        <time>2026-08-22T15:59:29.000Z</time>
        <extensions>
          <ns3:TrackPointExtension>
            <ns3:atemp>24.0</ns3:atemp>
            <ns3:hr>97</ns3:hr>
          </ns3:TrackPointExtension>
        </extensions>
      </trkpt>
      <trkpt lat="48.69698432274162769317626953125" lon="-1.80611866526305675506591796875">
        <ele>-1</ele>
        <time>2026-08-22T15:59:30.000Z</time>
        <extensions>
          <ns3:TrackPointExtension>
            <ns3:atemp>24.0</ns3:atemp>
            <ns3:hr>94</ns3:hr>
          </ns3:TrackPointExtension>
        </extensions>
      </trkpt>
      <trkpt lat="48.69695548899471759796142578125" lon="-1.80605965666472911834716796875">
        <ele>-1</ele>
        <time>2026-08-22T15:59:31.000Z</time>
        <extensions>
          <ns3:TrackPointExtension>
            <ns3:atemp>24.0</ns3:atemp>
            <ns3:hr>94</ns3:hr>
          </ns3:TrackPointExtension>
        </extensions>
      </trkpt>
      <trkpt lat="48.696926571428775787353515625" lon="-1.80599503219127655029296875">
        <ele>-0.800000011920928955078125</ele>
        <time>2026-08-22T15:59:32.000Z</time>
        <extensions>
          <ns3:TrackPointExtension>
            <ns3:atemp>24.0</ns3:atemp>
            <ns3:hr>93</ns3:hr>
          </ns3:TrackPointExtension>
        </extensions>
      </trkpt>
      <trkpt lat="48.69686848483979701995849609375" lon="-1.80586603470146656036376953125">
        <ele>-0.60000002384185791015625</ele>
        <time>2026-08-22T15:59:34.000Z</time>
        <extensions>
          <ns3:TrackPointExtension>
            <ns3:atemp>24.0</ns3:atemp>
            <ns3:hr>88</ns3:hr>
          </ns3:TrackPointExtension>
        </extensions>
      </trkpt>
      <trkpt lat="48.696843422949314117431640625" lon="-1.805798895657062530517578125">
        <ele>-0.4000000059604644775390625</ele>
        <time>2026-08-22T15:59:35.000Z</time>
        <extensions>
          <ns3:TrackPointExtension>
            <ns3:atemp>24.0</ns3:atemp>
            <ns3:hr>88</ns3:hr>
          </ns3:TrackPointExtension>
        </extensions>
      </trkpt>
      <trkpt lat="48.696815259754657745361328125" lon="-1.8057424016296863555908203125">
        <ele>-0.4000000059604644775390625</ele>
        <time>2026-08-22T15:59:36.000Z</time>
        <extensions>
          <ns3:TrackPointExtension>
            <ns3:atemp>24.0</ns3:atemp>
            <ns3:hr>88</ns3:hr>
          </ns3:TrackPointExtension>
        </extensions>
      </trkpt>
      <trkpt lat="48.69675390422344207763671875" lon="-1.80563586764037609100341796875">
        <ele>-0.60000002384185791015625</ele>
        <time>2026-08-22T15:59:38.000Z</time>
        <extensions>
          <ns3:TrackPointExtension>
            <ns3:atemp>24.0</ns3:atemp>
            <ns3:hr>95</ns3:hr>
          </ns3:TrackPointExtension>
        </extensions>
      </trkpt>
      <trkpt lat="48.69673001579940319061279296875" lon="-1.80557685904204845428466796875">
        <ele>-0.800000011920928955078125</ele>
        <time>2026-08-22T15:59:39.000Z</time>
        <extensions>
          <ns3:TrackPointExtension>
            <ns3:atemp>24.0</ns3:atemp>
            <ns3:hr>98</ns3:hr>
          </ns3:TrackPointExtension>
        </extensions>
      </trkpt>
      <trkpt lat="48.6967057920992374420166015625" lon="-1.80551382713019847869873046875">
        <ele>-1</ele>
        <time>2026-08-22T15:59:40.000Z</time>
        <extensions>
          <ns3:TrackPointExtension>
            <ns3:atemp>24.0</ns3:atemp>
            <ns3:hr>98</ns3:hr>
          </ns3:TrackPointExtension>
        </extensions>
      </trkpt>
      <trkpt lat="48.69668441824615001678466796875" lon="-1.80544476024806499481201171875">
        <ele>-1</ele>
        <time>2026-08-22T15:59:41.000Z</time>
        <extensions>
          <ns3:TrackPointExtension>
            <ns3:atemp>24.0</ns3:atemp>
            <ns3:hr>97</ns3:hr>
          </ns3:TrackPointExtension>
        </extensions>
      </trkpt>
      <trkpt lat="48.6965978331863880157470703125" lon="-1.80527108721435070037841796875">
        <ele>-1</ele>
        <time>2026-08-22T15:59:44.000Z</time>
        <extensions>
          <ns3:TrackPointExtension>
            <ns3:atemp>24.0</ns3:atemp>
            <ns3:hr>100</ns3:hr>
          </ns3:TrackPointExtension>
        </extensions>
      </trkpt>
      <trkpt lat="48.69653589092195034027099609375" lon="-1.80517016910016536712646484375">
        <ele>-1</ele>
        <time>2026-08-22T15:59:46.000Z</time>
        <extensions>
          <ns3:TrackPointExtension>
            <ns3:atemp>24.0</ns3:atemp>
            <ns3:hr>105</ns3:hr>
          </ns3:TrackPointExtension>
        </extensions>
      </trkpt>
      <trkpt lat="48.69650722481310367584228515625" lon="-1.8051338754594326019287109375">
        <ele>-1</ele>
        <time>2026-08-22T15:59:47.000Z</time>
        <extensions>
          <ns3:TrackPointExtension>
            <ns3:atemp>24.0</ns3:atemp>
            <ns3:hr>110</ns3:hr>
          </ns3:TrackPointExtension>
        </extensions>
      </trkpt>
      <trkpt lat="48.6964764632284641265869140625" lon="-1.80509305559098720550537109375">
        <ele>-1</ele>
        <time>2026-08-22T15:59:48.000Z</time>
        <extensions>
          <ns3:TrackPointExtension>
            <ns3:atemp>24.0</ns3:atemp>
            <ns3:hr>114</ns3:hr>
          </ns3:TrackPointExtension>
        </extensions>
      </trkpt>
      <trkpt lat="48.69635081849992275238037109375" lon="-1.8048193864524364471435546875">
        <ele>-1</ele>
        <time>2026-08-22T15:59:54.000Z</time>
        <extensions>
          <ns3:TrackPointExtension>
            <ns3:atemp>24.0</ns3:atemp>
            <ns3:hr>113</ns3:hr>
          </ns3:TrackPointExtension>
        </extensions>
      </trkpt>
      <trkpt lat="48.69625459425151348114013671875" lon="-1.80456784553825855255126953125">
        <ele>-0.60000002384185791015625</ele>
        <time>2026-08-22T15:59:59.000Z</time>
        <extensions>
          <ns3:TrackPointExtension>
            <ns3:atemp>24.0</ns3:atemp>
            <ns3:hr>113</ns3:hr>
          </ns3:TrackPointExtension>
        </extensions>
      </trkpt>
      <trkpt lat="48.6961287818849086761474609375" lon="-1.8042455613613128662109375">
        <ele>-0.800000011920928955078125</ele>
        <time>2026-08-22T16:00:05.000Z</time>
        <extensions>
          <ns3:TrackPointExtension>
            <ns3:atemp>24.0</ns3:atemp>
            <ns3:hr>108</ns3:hr>
          </ns3:TrackPointExtension>
        </extensions>
      </trkpt>
      <trkpt lat="48.696107156574726104736328125" lon="-1.80418479256331920623779296875">
        <ele>-0.60000002384185791015625</ele>
        <time>2026-08-22T16:00:06.000Z</time>
        <extensions>
          <ns3:TrackPointExtension>
            <ns3:atemp>24.0</ns3:atemp>
            <ns3:hr>104</ns3:hr>
          </ns3:TrackPointExtension>
        </extensions>
      </trkpt>
      <trkpt lat="48.69602493010461330413818359375" lon="-1.80394171737134456634521484375">
        <ele>-0.4000000059604644775390625</ele>
        <time>2026-08-22T16:00:10.000Z</time>
        <extensions>
          <ns3:TrackPointExtension>
            <ns3:atemp>24.0</ns3:atemp>
            <ns3:hr>101</ns3:hr>
          </ns3:TrackPointExtension>
        </extensions>
      </trkpt>
      <trkpt lat="48.69586475193500518798828125" lon="-1.80350217036902904510498046875">
        <ele>-0.4000000059604644775390625</ele>
        <time>2026-08-22T16:00:17.000Z</time>
        <extensions>
          <ns3:TrackPointExtension>
            <ns3:atemp>24.0</ns3:atemp>
            <ns3:hr>98</ns3:hr>
          </ns3:TrackPointExtension>
        </extensions>
      </trkpt>
      <trkpt lat="48.69584069587290287017822265625" lon="-1.803443916141986846923828125">
        <ele>-0.4000000059604644775390625</ele>
        <time>2026-08-22T16:00:18.000Z</time>
        <extensions>
          <ns3:TrackPointExtension>
            <ns3:atemp>24.0</ns3:atemp>
            <ns3:hr>97</ns3:hr>
          </ns3:TrackPointExtension>
        </extensions>
      </trkpt>
      <trkpt lat="48.69582041166722774505615234375" lon="-1.80337728001177310943603515625">
        <ele>-0.4000000059604644775390625</ele>
        <time>2026-08-22T16:00:19.000Z</time>
        <extensions>
          <ns3:TrackPointExtension>
            <ns3:atemp>24.0</ns3:atemp>
            <ns3:hr>94</ns3:hr>
          </ns3:TrackPointExtension>
        </extensions>
      </trkpt>
      <trkpt lat="48.69577380828559398651123046875" lon="-1.8032558262348175048828125">
        <ele>-0.60000002384185791015625</ele>
        <time>2026-08-22T16:00:21.000Z</time>
        <extensions>
          <ns3:TrackPointExtension>
            <ns3:atemp>24.0</ns3:atemp>
            <ns3:hr>90</ns3:hr>
          </ns3:TrackPointExtension>
        </extensions>
      </trkpt>
      <trkpt lat="48.695742376148700714111328125" lon="-1.80319170467555522918701171875">
        <ele>-0.60000002384185791015625</ele>
        <time>2026-08-22T16:00:22.000Z</time>
        <extensions>
          <ns3:TrackPointExtension>
            <ns3:atemp>24.0</ns3:atemp>
            <ns3:hr>85</ns3:hr>
          </ns3:TrackPointExtension>
        </extensions>
      </trkpt>
      <trkpt lat="48.6957137100398540496826171875" lon="-1.8031259067356586456298828125">
        <ele>-0.60000002384185791015625</ele>
        <time>2026-08-22T16:00:23.000Z</time>
        <extensions>
          <ns3:TrackPointExtension>
            <ns3:atemp>24.0</ns3:atemp>
            <ns3:hr>81</ns3:hr>
          </ns3:TrackPointExtension>
        </extensions>
      </trkpt>
      <trkpt lat="48.6956818588078022003173828125" lon="-1.8030645512044429779052734375">
        <ele>-0.60000002384185791015625</ele>
        <time>2026-08-22T16:00:24.000Z</time>
        <extensions>
          <ns3:TrackPointExtension>
            <ns3:atemp>24.0</ns3:atemp>
            <ns3:hr>77</ns3:hr>
          </ns3:TrackPointExtension>
        </extensions>
      </trkpt>
      <trkpt lat="48.69564740918576717376708984375" lon="-1.80299456231296062469482421875">
        <ele>-0.4000000059604644775390625</ele>
        <time>2026-08-22T16:00:25.000Z</time>
        <extensions>
          <ns3:TrackPointExtension>
            <ns3:atemp>24.0</ns3:atemp>
            <ns3:hr>77</ns3:hr>
          </ns3:TrackPointExtension>
        </extensions>
      </trkpt>
      <trkpt lat="48.69557364843785762786865234375" lon="-1.80286330170929431915283203125">
        <ele>-0.60000002384185791015625</ele>
        <time>2026-08-22T16:00:27.000Z</time>
        <extensions>
          <ns3:TrackPointExtension>
            <ns3:atemp>24.0</ns3:atemp>
            <ns3:hr>77</ns3:hr>
          </ns3:TrackPointExtension>
        </extensions>
      </trkpt>
      <trkpt lat="48.69541506282985210418701171875" lon="-1.80255870334804058074951171875">
        <ele>-1</ele>
        <time>2026-08-22T16:00:32.000Z</time>
        <extensions>
          <ns3:TrackPointExtension>
            <ns3:atemp>24.0</ns3:atemp>
            <ns3:hr>86</ns3:hr>
          </ns3:TrackPointExtension>
        </extensions>
      </trkpt>
      <trkpt lat="48.69539377279579639434814453125" lon="-1.8024939112365245819091796875">
        <ele>-0.800000011920928955078125</ele>
        <time>2026-08-22T16:00:33.000Z</time>
        <extensions>
          <ns3:TrackPointExtension>
            <ns3:atemp>24.0</ns3:atemp>
            <ns3:hr>100</ns3:hr>
          </ns3:TrackPointExtension>
        </extensions>
      </trkpt>
      <trkpt lat="48.69534113444387912750244140625" lon="-1.80237698368728160858154296875">
        <ele>-0.800000011920928955078125</ele>
        <time>2026-08-22T16:00:35.000Z</time>
        <extensions>
          <ns3:TrackPointExtension>
            <ns3:atemp>24.0</ns3:atemp>
            <ns3:hr>106</ns3:hr>
          </ns3:TrackPointExtension>
        </extensions>
      </trkpt>
      <trkpt lat="48.69530291296541690826416015625" lon="-1.80231638252735137939453125">
        <ele>-0.60000002384185791015625</ele>
        <time>2026-08-22T16:00:36.000Z</time>
        <extensions>
          <ns3:TrackPointExtension>
            <ns3:atemp>24.0</ns3:atemp>
            <ns3:hr>108</ns3:hr>
          </ns3:TrackPointExtension>
        </extensions>
      </trkpt>
      <trkpt lat="48.69526620022952556610107421875" lon="-1.80225393734872341156005859375">
        <ele>-0.60000002384185791015625</ele>
        <time>2026-08-22T16:00:37.000Z</time>
        <extensions>
          <ns3:TrackPointExtension>
            <ns3:atemp>24.0</ns3:atemp>
            <ns3:hr>101</ns3:hr>
          </ns3:TrackPointExtension>
        </extensions>
      </trkpt>
      <trkpt lat="48.69522915221750736236572265625" lon="-1.80219526402652263641357421875">
        <ele>-0.60000002384185791015625</ele>
        <time>2026-08-22T16:00:38.000Z</time>
        <extensions>
          <ns3:TrackPointExtension>
            <ns3:atemp>24.0</ns3:atemp>
            <ns3:hr>91</ns3:hr>
          </ns3:TrackPointExtension>
        </extensions>
      </trkpt>
      <trkpt lat="48.6951903440058231353759765625" lon="-1.80212971754372119903564453125">
        <ele>-0.800000011920928955078125</ele>
        <time>2026-08-22T16:00:39.000Z</time>
        <extensions>
          <ns3:TrackPointExtension>
            <ns3:atemp>24.0</ns3:atemp>
            <ns3:hr>85</ns3:hr>
          </ns3:TrackPointExtension>
        </extensions>
      </trkpt>
      <trkpt lat="48.6951209418475627899169921875" lon="-1.8020074255764484405517578125">
        <ele>-1</ele>
        <time>2026-08-22T16:00:41.000Z</time>
        <extensions>
          <ns3:TrackPointExtension>
            <ns3:atemp>24.0</ns3:atemp>
            <ns3:hr>81</ns3:hr>
          </ns3:TrackPointExtension>
        </extensions>
      </trkpt>
      <trkpt lat="48.695085234940052032470703125" lon="-1.8019480817019939422607421875">
        <ele>-1</ele>
        <time>2026-08-22T16:00:42.000Z</time>
        <extensions>
          <ns3:TrackPointExtension>
            <ns3:atemp>24.0</ns3:atemp>
            <ns3:hr>78</ns3:hr>
          </ns3:TrackPointExtension>
        </extensions>
      </trkpt>
      <trkpt lat="48.695011474192142486572265625" lon="-1.8018169887363910675048828125">
        <ele>-0.800000011920928955078125</ele>
        <time>2026-08-22T16:00:44.000Z</time>
        <extensions>
          <ns3:TrackPointExtension>
            <ns3:atemp>24.0</ns3:atemp>
            <ns3:hr>75</ns3:hr>
          </ns3:TrackPointExtension>
        </extensions>
      </trkpt>
      <trkpt lat="48.69497635401785373687744140625" lon="-1.80174867622554302215576171875">
        <ele>-0.800000011920928955078125</ele>
        <time>2026-08-22T16:00:45.000Z</time>
        <extensions>
          <ns3:TrackPointExtension>
            <ns3:atemp>24.0</ns3:atemp>
            <ns3:hr>75</ns3:hr>
          </ns3:TrackPointExtension>
        </extensions>
      </trkpt>
      <trkpt lat="48.69493804872035980224609375" lon="-1.801681704819202423095703125">
        <ele>-0.800000011920928955078125</ele>
        <time>2026-08-22T16:00:46.000Z</time>
        <extensions>
          <ns3:TrackPointExtension>
            <ns3:atemp>24.0</ns3:atemp>
            <ns3:hr>75</ns3:hr>
          </ns3:TrackPointExtension>
        </extensions>
      </trkpt>
      <trkpt lat="48.694792874157428741455078125" lon="-1.8014441616833209991455078125">
        <ele>-0.800000011920928955078125</ele>
        <time>2026-08-22T16:00:50.000Z</time>
        <extensions>
          <ns3:TrackPointExtension>
            <ns3:atemp>24.0</ns3:atemp>
            <ns3:hr>74</ns3:hr>
          </ns3:TrackPointExtension>
        </extensions>
      </trkpt>
      <trkpt lat="48.6947206221520900726318359375" lon="-1.80133335292339324951171875">
        <ele>-0.800000011920928955078125</ele>
        <time>2026-08-22T16:00:52.000Z</time>
        <extensions>
          <ns3:TrackPointExtension>
            <ns3:atemp>24.0</ns3:atemp>
            <ns3:hr>77</ns3:hr>
          </ns3:TrackPointExtension>
        </extensions>
      </trkpt>
      <trkpt lat="48.69456228800117969512939453125" lon="-1.8010673113167285919189453125">
        <ele>-0.800000011920928955078125</ele>
        <time>2026-08-22T16:00:57.000Z</time>
        <extensions>
          <ns3:TrackPointExtension>
            <ns3:atemp>24.0</ns3:atemp>
            <ns3:hr>77</ns3:hr>
          </ns3:TrackPointExtension>
        </extensions>
      </trkpt>
      <trkpt lat="48.694399259984493255615234375" lon="-1.8007866851985454559326171875">
        <ele>-1.2000000476837158203125</ele>
        <time>2026-08-22T16:01:02.000Z</time>
        <extensions>
          <ns3:TrackPointExtension>
            <ns3:atemp>24.0</ns3:atemp>
            <ns3:hr>77</ns3:hr>
          </ns3:TrackPointExtension>
        </extensions>
      </trkpt>
      <trkpt lat="48.69432088918983936309814453125" lon="-1.800632290542125701904296875">
        <ele>-1</ele>
        <time>2026-08-22T16:01:05.000Z</time>
        <extensions>
          <ns3:TrackPointExtension>
            <ns3:atemp>24.0</ns3:atemp>
            <ns3:hr>78</ns3:hr>
          </ns3:TrackPointExtension>
        </extensions>
      </trkpt>
      <trkpt lat="48.6942626349627971649169921875" lon="-1.8005167879164218902587890625">
        <ele>-0.800000011920928955078125</ele>
        <time>2026-08-22T16:01:07.000Z</time>
        <extensions>
          <ns3:TrackPointExtension>
            <ns3:atemp>24.0</ns3:atemp>
            <ns3:hr>82</ns3:hr>
          </ns3:TrackPointExtension>
        </extensions>
      </trkpt>
      <trkpt lat="48.69419080205261707305908203125" lon="-1.80040153674781322479248046875">
        <ele>-0.800000011920928955078125</ele>
        <time>2026-08-22T16:01:09.000Z</time>
        <extensions>
          <ns3:TrackPointExtension>
            <ns3:atemp>25.0</ns3:atemp>
            <ns3:hr>80</ns3:hr>
          </ns3:TrackPointExtension>
        </extensions>
      </trkpt>
      <trkpt lat="48.6940852738916873931884765625" lon="-1.80024228058755397796630859375">
        <ele>-1</ele>
        <time>2026-08-22T16:01:12.000Z</time>
        <extensions>
          <ns3:TrackPointExtension>
            <ns3:atemp>24.0</ns3:atemp>
            <ns3:hr>78</ns3:hr>
          </ns3:TrackPointExtension>
        </extensions>
      </trkpt>
      <trkpt lat="48.69402735494077205657958984375" lon="-1.80013038218021392822265625">
        <ele>-1</ele>
        <time>2026-08-22T16:01:14.000Z</time>
        <extensions>
          <ns3:TrackPointExtension>
            <ns3:atemp>25.0</ns3:atemp>
            <ns3:hr>81</ns3:hr>
          </ns3:TrackPointExtension>
        </extensions>
      </trkpt>
      <trkpt lat="48.69390464387834072113037109375" lon="-1.79990935139358043670654296875">
        <ele>-1.2000000476837158203125</ele>
        <time>2026-08-22T16:01:18.000Z</time>
        <extensions>
          <ns3:TrackPointExtension>
            <ns3:atemp>25.0</ns3:atemp>
            <ns3:hr>83</ns3:hr>
          </ns3:TrackPointExtension>
        </extensions>
      </trkpt>
      <trkpt lat="48.69384773075580596923828125" lon="-1.79981044493615627288818359375">
        <ele>-1.2000000476837158203125</ele>
        <time>2026-08-22T16:01:20.000Z</time>
        <extensions>
          <ns3:TrackPointExtension>
            <ns3:atemp>25.0</ns3:atemp>
            <ns3:hr>84</ns3:hr>
          </ns3:TrackPointExtension>
        </extensions>
      </trkpt>
      <trkpt lat="48.693746812641620635986328125" lon="-1.7996241152286529541015625">
        <ele>-1</ele>
        <time>2026-08-22T16:01:24.000Z</time>
        <extensions>
          <ns3:TrackPointExtension>
            <ns3:atemp>25.0</ns3:atemp>
            <ns3:hr>82</ns3:hr>
          </ns3:TrackPointExtension>
        </extensions>
      </trkpt>
      <trkpt lat="48.6936879716813564300537109375" lon="-1.799525208771228790283203125">
        <ele>-1</ele>
        <time>2026-08-22T16:01:26.000Z</time>
        <extensions>
          <ns3:TrackPointExtension>
            <ns3:atemp>25.0</ns3:atemp>
            <ns3:hr>79</ns3:hr>
          </ns3:TrackPointExtension>
        </extensions>
      </trkpt>
      <trkpt lat="48.69361178018152713775634765625" lon="-1.79936570115387439727783203125">
        <ele>-1</ele>
        <time>2026-08-22T16:01:29.000Z</time>
        <extensions>
          <ns3:TrackPointExtension>
            <ns3:atemp>25.0</ns3:atemp>
            <ns3:hr>79</ns3:hr>
          </ns3:TrackPointExtension>
        </extensions>
      </trkpt>
      <trkpt lat="48.6935877241194248199462890625" lon="-1.79930971004068851470947265625">
        <ele>-0.800000011920928955078125</ele>
        <time>2026-08-22T16:01:30.000Z</time>
        <extensions>
          <ns3:TrackPointExtension>
            <ns3:atemp>25.0</ns3:atemp>
            <ns3:hr>75</ns3:hr>
          </ns3:TrackPointExtension>
        </extensions>
      </trkpt>
      <trkpt lat="48.6935739777982234954833984375" lon="-1.799250282347202301025390625">
        <ele>-0.800000011920928955078125</ele>
        <time>2026-08-22T16:01:31.000Z</time>
        <extensions>
          <ns3:TrackPointExtension>
            <ns3:atemp>25.0</ns3:atemp>
            <ns3:hr>75</ns3:hr>
          </ns3:TrackPointExtension>
        </extensions>
      </trkpt>
      <trkpt lat="48.6935587227344512939453125" lon="-1.79918825626373291015625">
        <ele>-0.60000002384185791015625</ele>
        <time>2026-08-22T16:01:32.000Z</time>
        <extensions>
          <ns3:TrackPointExtension>
            <ns3:atemp>25.0</ns3:atemp>
            <ns3:hr>76</ns3:hr>
          </ns3:TrackPointExtension>
        </extensions>
      </trkpt>
      <trkpt lat="48.69352175854146480560302734375" lon="-1.79903344251215457916259765625">
        <ele>-0.800000011920928955078125</ele>
        <time>2026-08-22T16:01:35.000Z</time>
        <extensions>
          <ns3:TrackPointExtension>
            <ns3:atemp>25.0</ns3:atemp>
            <ns3:hr>77</ns3:hr>
          </ns3:TrackPointExtension>
        </extensions>
      </trkpt>
      <trkpt lat="48.693507425487041473388671875" lon="-1.798845939338207244873046875">
        <ele>-0.60000002384185791015625</ele>
        <time>2026-08-22T16:01:40.000Z</time>
        <extensions>
          <ns3:TrackPointExtension>
            <ns3:atemp>25.0</ns3:atemp>
            <ns3:hr>77</ns3:hr>
          </ns3:TrackPointExtension>
        </extensions>
      </trkpt>
      <trkpt lat="48.69351522065699100494384765625" lon="-1.79881534539163112640380859375">
        <ele>-0.60000002384185791015625</ele>
        <time>2026-08-22T16:01:42.000Z</time>
        <extensions>
          <ns3:TrackPointExtension>
            <ns3:atemp>25.0</ns3:atemp>
            <ns3:hr>91</ns3:hr>
          </ns3:TrackPointExtension>
        </extensions>
      </trkpt>
      <trkpt lat="48.69351916015148162841796875" lon="-1.7988300137221813201904296875">
        <ele>-0.60000002384185791015625</ele>
        <time>2026-08-22T16:01:43.000Z</time>
        <extensions>
          <ns3:TrackPointExtension>
            <ns3:atemp>25.0</ns3:atemp>
            <ns3:hr>89</ns3:hr>
          </ns3:TrackPointExtension>
        </extensions>
      </trkpt>
      <trkpt lat="48.69352343492209911346435546875" lon="-1.798839233815670013427734375">
        <ele>-0.800000011920928955078125</ele>
        <time>2026-08-22T16:01:44.000Z</time>
        <extensions>
          <ns3:TrackPointExtension>
            <ns3:atemp>25.0</ns3:atemp>
            <ns3:hr>85</ns3:hr>
          </ns3:TrackPointExtension>
        </extensions>
      </trkpt>
      <trkpt lat="48.693527877330780029296875" lon="-1.79885038174688816070556640625">
        <ele>-0.800000011920928955078125</ele>
        <time>2026-08-22T16:01:47.000Z</time>
        <extensions>
          <ns3:TrackPointExtension>
            <ns3:atemp>25.0</ns3:atemp>
            <ns3:hr>93</ns3:hr>
          </ns3:TrackPointExtension>
        </extensions>
      </trkpt>
      <trkpt lat="48.6935357563197612762451171875" lon="-1.7988551594316959381103515625">
        <ele>-0.800000011920928955078125</ele>
        <time>2026-08-22T16:01:48.000Z</time>
        <extensions>
          <ns3:TrackPointExtension>
            <ns3:atemp>25.0</ns3:atemp>
            <ns3:hr>94</ns3:hr>
          </ns3:TrackPointExtension>
        </extensions>
      </trkpt>
      <trkpt lat="48.6935458146035671234130859375" lon="-1.79887955076992511749267578125">
        <ele>-1</ele>
        <time>2026-08-22T16:01:50.000Z</time>
        <extensions>
          <ns3:TrackPointExtension>
            <ns3:atemp>25.0</ns3:atemp>
            <ns3:hr>94</ns3:hr>
          </ns3:TrackPointExtension>
        </extensions>
      </trkpt>
      <trkpt lat="48.69356903247535228729248046875" lon="-1.798926405608654022216796875">
        <ele>-1.2000000476837158203125</ele>
        <time>2026-08-22T16:01:52.000Z</time>
        <extensions>
          <ns3:TrackPointExtension>
            <ns3:atemp>25.0</ns3:atemp>
            <ns3:hr>93</ns3:hr>
          </ns3:TrackPointExtension>
        </extensions>
      </trkpt>
      <trkpt lat="48.69358764030039310455322265625" lon="-1.7989416606724262237548828125">
        <ele>-1.2000000476837158203125</ele>
        <time>2026-08-22T16:01:53.000Z</time>
        <extensions>
          <ns3:TrackPointExtension>
            <ns3:atemp>25.0</ns3:atemp>
            <ns3:hr>92</ns3:hr>
          </ns3:TrackPointExtension>
        </extensions>
      </trkpt>
      <trkpt lat="48.69361949153244495391845703125" lon="-1.79899580776691436767578125">
        <ele>-1.2000000476837158203125</ele>
        <time>2026-08-22T16:01:56.000Z</time>
        <extensions>
          <ns3:TrackPointExtension>
            <ns3:atemp>25.0</ns3:atemp>
            <ns3:hr>90</ns3:hr>
          </ns3:TrackPointExtension>
        </extensions>
      </trkpt>
      <trkpt lat="48.69362921454012393951416015625" lon="-1.7990179359912872314453125">
        <ele>-1.39999997615814208984375</ele>
        <time>2026-08-22T16:01:57.000Z</time>
        <extensions>
          <ns3:TrackPointExtension>
            <ns3:atemp>25.0</ns3:atemp>
            <ns3:hr>90</ns3:hr>
          </ns3:TrackPointExtension>
        </extensions>
      </trkpt>
      <trkpt lat="48.6936671845614910125732421875" lon="-1.79912782274186611175537109375">
        <ele>-1.7999999523162841796875</ele>
        <time>2026-08-22T16:02:01.000Z</time>
        <extensions>
          <ns3:TrackPointExtension>
            <ns3:atemp>25.0</ns3:atemp>
            <ns3:hr>93</ns3:hr>
          </ns3:TrackPointExtension>
        </extensions>
      </trkpt>
      <trkpt lat="48.69375209324061870574951171875" lon="-1.79929428733885288238525390625">
        <ele>-1.7999999523162841796875</ele>
        <time>2026-08-22T16:02:06.000Z</time>
        <extensions>
          <ns3:TrackPointExtension>
            <ns3:atemp>25.0</ns3:atemp>
            <ns3:hr>96</ns3:hr>
          </ns3:TrackPointExtension>
        </extensions>
      </trkpt>
      <trkpt lat="48.6938180588185787200927734375" lon="-1.79950433783233165740966796875">
        <ele>-1.60000002384185791015625</ele>
        <time>2026-08-22T16:02:10.000Z</time>
        <extensions>
          <ns3:TrackPointExtension>
            <ns3:atemp>25.0</ns3:atemp>
            <ns3:hr>100</ns3:hr>
          </ns3:TrackPointExtension>
        </extensions>
      </trkpt>
      <trkpt lat="48.693827278912067413330078125" lon="-1.7995543777942657470703125">
        <ele>-1.39999997615814208984375</ele>
        <time>2026-08-22T16:02:11.000Z</time>
        <extensions>
          <ns3:TrackPointExtension>
            <ns3:atemp>25.0</ns3:atemp>
            <ns3:hr>101</ns3:hr>
          </ns3:TrackPointExtension>
        </extensions>
      </trkpt>
      <trkpt lat="48.693878240883350372314453125" lon="-1.799873225390911102294921875">
        <ele>-1.60000002384185791015625</ele>
        <time>2026-08-22T16:02:17.000Z</time>
        <extensions>
          <ns3:TrackPointExtension>
            <ns3:atemp>25.0</ns3:atemp>
            <ns3:hr>96</ns3:hr>
          </ns3:TrackPointExtension>
        </extensions>
      </trkpt>
      <trkpt lat="48.6938961781561374664306640625" lon="-1.79997213184833526611328125">
        <ele>-1.39999997615814208984375</ele>
        <time>2026-08-22T16:02:19.000Z</time>
        <extensions>
          <ns3:TrackPointExtension>
            <ns3:atemp>25.0</ns3:atemp>
            <ns3:hr>93</ns3:hr>
          </ns3:TrackPointExtension>
        </extensions>
      </trkpt>
      <trkpt lat="48.6939189769327640533447265625" lon="-1.8001318909227848052978515625">
        <ele>-1.39999997615814208984375</ele>
        <time>2026-08-22T16:02:22.000Z</time>
        <extensions>
          <ns3:TrackPointExtension>
            <ns3:atemp>25.0</ns3:atemp>
            <ns3:hr>97</ns3:hr>
          </ns3:TrackPointExtension>
        </extensions>
      </trkpt>
      <trkpt lat="48.69392216205596923828125" lon="-1.800179667770862579345703125">
        <ele>-1.39999997615814208984375</ele>
        <time>2026-08-22T16:02:23.000Z</time>
        <extensions>
          <ns3:TrackPointExtension>
            <ns3:atemp>25.0</ns3:atemp>
            <ns3:hr>97</ns3:hr>
          </ns3:TrackPointExtension>
        </extensions>
      </trkpt>
      <trkpt lat="48.6939449608325958251953125" lon="-1.8003910593688488006591796875">
        <ele>-1.2000000476837158203125</ele>
        <time>2026-08-22T16:02:27.000Z</time>
        <extensions>
          <ns3:TrackPointExtension>
            <ns3:atemp>25.0</ns3:atemp>
            <ns3:hr>100</ns3:hr>
          </ns3:TrackPointExtension>
        </extensions>
      </trkpt>
      <trkpt lat="48.69395476765930652618408203125" lon="-1.80048904381692409515380859375">
        <ele>-1.2000000476837158203125</ele>
        <time>2026-08-22T16:02:29.000Z</time>
        <extensions>
          <ns3:TrackPointExtension>
            <ns3:atemp>25.0</ns3:atemp>
            <ns3:hr>102</ns3:hr>
          </ns3:TrackPointExtension>
        </extensions>
      </trkpt>
      <trkpt lat="48.6939981020987033843994140625" lon="-1.800770424306392669677734375">
        <ele>-2.2000000476837158203125</ele>
        <time>2026-08-22T16:02:34.000Z</time>
        <extensions>
          <ns3:TrackPointExtension>
            <ns3:atemp>25.0</ns3:atemp>
            <ns3:hr>103</ns3:hr>
          </ns3:TrackPointExtension>
        </extensions>
      </trkpt>
      <trkpt lat="48.69401134550571441650390625" lon="-1.80083923973143100738525390625">
        <ele>-2</ele>
        <time>2026-08-22T16:02:35.000Z</time>
        <extensions>
          <ns3:TrackPointExtension>
            <ns3:atemp>25.0</ns3:atemp>
            <ns3:hr>105</ns3:hr>
          </ns3:TrackPointExtension>
        </extensions>
      </trkpt>
      <trkpt lat="48.69403188116848468780517578125" lon="-1.800902523100376129150390625">
        <ele>-1.7999999523162841796875</ele>
        <time>2026-08-22T16:02:36.000Z</time>
        <extensions>
          <ns3:TrackPointExtension>
            <ns3:atemp>25.0</ns3:atemp>
            <ns3:hr>106</ns3:hr>
          </ns3:TrackPointExtension>
        </extensions>
      </trkpt>
      <trkpt lat="48.69409793056547641754150390625" lon="-1.80109673179686069488525390625">
        <ele>-1.2000000476837158203125</ele>
        <time>2026-08-22T16:02:39.000Z</time>
        <extensions>
          <ns3:TrackPointExtension>
            <ns3:atemp>25.0</ns3:atemp>
            <ns3:hr>108</ns3:hr>
          </ns3:TrackPointExtension>
        </extensions>
      </trkpt>
      <trkpt lat="48.6941489763557910919189453125" lon="-1.80124693550169467926025390625">
        <ele>-1</ele>
        <time>2026-08-22T16:02:41.000Z</time>
        <extensions>
          <ns3:TrackPointExtension>
            <ns3:atemp>25.0</ns3:atemp>
            <ns3:hr>107</ns3:hr>
          </ns3:TrackPointExtension>
        </extensions>
      </trkpt>
      <trkpt lat="48.6942294426262378692626953125" lon="-1.80152907036244869232177734375">
        <ele>-1.39999997615814208984375</ele>
        <time>2026-08-22T16:02:45.000Z</time>
        <extensions>
          <ns3:TrackPointExtension>
            <ns3:atemp>25.0</ns3:atemp>
            <ns3:hr>105</ns3:hr>
          </ns3:TrackPointExtension>
        </extensions>
      </trkpt>
      <trkpt lat="48.694339580833911895751953125" lon="-1.8017806112766265869140625">
        <ele>-1.2000000476837158203125</ele>
        <time>2026-08-22T16:02:49.000Z</time>
        <extensions>
          <ns3:TrackPointExtension>
            <ns3:atemp>25.0</ns3:atemp>
            <ns3:hr>103</ns3:hr>
          </ns3:TrackPointExtension>
        </extensions>
      </trkpt>
      <trkpt lat="48.69438995607197284698486328125" lon="-1.8019336648285388946533203125">
        <ele>-1.2000000476837158203125</ele>
        <time>2026-08-22T16:02:51.000Z</time>
        <extensions>
          <ns3:TrackPointExtension>
            <ns3:atemp>25.0</ns3:atemp>
            <ns3:hr>100</ns3:hr>
          </ns3:TrackPointExtension>
        </extensions>
      </trkpt>
      <trkpt lat="48.6944550834596157073974609375" lon="-1.80216441862285137176513671875">
        <ele>-1.2000000476837158203125</ele>
        <time>2026-08-22T16:02:54.000Z</time>
        <extensions>
          <ns3:TrackPointExtension>
            <ns3:atemp>24.0</ns3:atemp>
            <ns3:hr>101</ns3:hr>
          </ns3:TrackPointExtension>
        </extensions>
      </trkpt>
      <trkpt lat="48.6945080570876598358154296875" lon="-1.8023908138275146484375">
        <ele>-1</ele>
        <time>2026-08-22T16:02:57.000Z</time>
        <extensions>
          <ns3:TrackPointExtension>
            <ns3:atemp>24.0</ns3:atemp>
            <ns3:hr>102</ns3:hr>
          </ns3:TrackPointExtension>
        </extensions>
      </trkpt>
      <trkpt lat="48.69455239735543727874755859375" lon="-1.8025839328765869140625">
        <ele>-1</ele>
        <time>2026-08-22T16:03:00.000Z</time>
        <extensions>
          <ns3:TrackPointExtension>
            <ns3:atemp>24.0</ns3:atemp>
            <ns3:hr>99</ns3:hr>
          </ns3:TrackPointExtension>
        </extensions>
      </trkpt>
      <trkpt lat="48.694580309092998504638671875" lon="-1.80273053236305713653564453125">
        <ele>-1.2000000476837158203125</ele>
        <time>2026-08-22T16:03:02.000Z</time>
        <extensions>
          <ns3:TrackPointExtension>
            <ns3:atemp>25.0</ns3:atemp>
            <ns3:hr>98</ns3:hr>
          </ns3:TrackPointExtension>
        </extensions>
      </trkpt>
      <trkpt lat="48.69462062604725360870361328125" lon="-1.80291979573667049407958984375">
        <ele>-1</ele>
        <time>2026-08-22T16:03:05.000Z</time>
        <extensions>
          <ns3:TrackPointExtension>
            <ns3:atemp>24.0</ns3:atemp>
            <ns3:hr>97</ns3:hr>
          </ns3:TrackPointExtension>
        </extensions>
      </trkpt>
      <trkpt lat="48.69464912451803684234619140625" lon="-1.8030447699129581451416015625">
        <ele>-1.2000000476837158203125</ele>
        <time>2026-08-22T16:03:07.000Z</time>
        <extensions>
          <ns3:TrackPointExtension>
            <ns3:atemp>24.0</ns3:atemp>
            <ns3:hr>94</ns3:hr>
          </ns3:TrackPointExtension>
        </extensions>
      </trkpt>
      <trkpt lat="48.6946870945394039154052734375" lon="-1.8032311834394931793212890625">
        <ele>-1</ele>
        <time>2026-08-22T16:03:10.000Z</time>
        <extensions>
          <ns3:TrackPointExtension>
            <ns3:atemp>24.0</ns3:atemp>
            <ns3:hr>92</ns3:hr>
          </ns3:TrackPointExtension>
        </extensions>
      </trkpt>
      <trkpt lat="48.69471006095409393310546875" lon="-1.80334643460810184478759765625">
        <ele>-1.2000000476837158203125</ele>
        <time>2026-08-22T16:03:12.000Z</time>
        <extensions>
          <ns3:TrackPointExtension>
            <ns3:atemp>24.0</ns3:atemp>
            <ns3:hr>91</ns3:hr>
          </ns3:TrackPointExtension>
        </extensions>
      </trkpt>
      <trkpt lat="48.69472640566527843475341796875" lon="-1.80340611375868320465087890625">
        <ele>-1.2000000476837158203125</ele>
        <time>2026-08-22T16:03:13.000Z</time>
        <extensions>
          <ns3:TrackPointExtension>
            <ns3:atemp>24.0</ns3:atemp>
            <ns3:hr>89</ns3:hr>
          </ns3:TrackPointExtension>
        </extensions>
      </trkpt>
      <trkpt lat="48.69475440122187137603759765625" lon="-1.803517676889896392822265625">
        <ele>-1.2000000476837158203125</ele>
        <time>2026-08-22T16:03:15.000Z</time>
        <extensions>
          <ns3:TrackPointExtension>
            <ns3:atemp>24.0</ns3:atemp>
            <ns3:hr>89</ns3:hr>
          </ns3:TrackPointExtension>
        </extensions>
      </trkpt>
      <trkpt lat="48.6947692371904850006103515625" lon="-1.8035781942307949066162109375">
        <ele>-1.2000000476837158203125</ele>
        <time>2026-08-22T16:03:16.000Z</time>
        <extensions>
          <ns3:TrackPointExtension>
            <ns3:atemp>24.0</ns3:atemp>
            <ns3:hr>88</ns3:hr>
          </ns3:TrackPointExtension>
        </extensions>
      </trkpt>
      <trkpt lat="48.6947839893400669097900390625" lon="-1.80363359861075878143310546875">
        <ele>-1.2000000476837158203125</ele>
        <time>2026-08-22T16:03:17.000Z</time>
        <extensions>
          <ns3:TrackPointExtension>
            <ns3:atemp>24.0</ns3:atemp>
            <ns3:hr>88</ns3:hr>
          </ns3:TrackPointExtension>
        </extensions>
      </trkpt>
      <trkpt lat="48.69482464157044887542724609375" lon="-1.80384063161909580230712890625">
        <ele>-1.39999997615814208984375</ele>
        <time>2026-08-22T16:03:20.000Z</time>
        <extensions>
          <ns3:TrackPointExtension>
            <ns3:atemp>24.0</ns3:atemp>
            <ns3:hr>88</ns3:hr>
          </ns3:TrackPointExtension>
        </extensions>
      </trkpt>
      <trkpt lat="48.69483419694006443023681640625" lon="-1.8040546216070652008056640625">
        <ele>-1.39999997615814208984375</ele>
        <time>2026-08-22T16:03:23.000Z</time>
        <extensions>
          <ns3:TrackPointExtension>
            <ns3:atemp>24.0</ns3:atemp>
            <ns3:hr>88</ns3:hr>
          </ns3:TrackPointExtension>
        </extensions>
      </trkpt>
      <trkpt lat="48.69484777562320232391357421875" lon="-1.8041602335870265960693359375">
        <ele>-1.39999997615814208984375</ele>
        <time>2026-08-22T16:03:25.000Z</time>
        <extensions>
          <ns3:TrackPointExtension>
            <ns3:atemp>24.0</ns3:atemp>
            <ns3:hr>88</ns3:hr>
          </ns3:TrackPointExtension>
        </extensions>
      </trkpt>
      <trkpt lat="48.6949134059250354766845703125" lon="-1.8044549413025379180908203125">
        <ele>-1.60000002384185791015625</ele>
        <time>2026-08-22T16:03:31.000Z</time>
        <extensions>
          <ns3:TrackPointExtension>
            <ns3:atemp>24.0</ns3:atemp>
            <ns3:hr>89</ns3:hr>
          </ns3:TrackPointExtension>
        </extensions>
      </trkpt>
      <trkpt lat="48.69497987441718578338623046875" lon="-1.8046460486948490142822265625">
        <ele>-1.60000002384185791015625</ele>
        <time>2026-08-22T16:03:35.000Z</time>
        <extensions>
          <ns3:TrackPointExtension>
            <ns3:atemp>24.0</ns3:atemp>
            <ns3:hr>89</ns3:hr>
          </ns3:TrackPointExtension>
        </extensions>
      </trkpt>
      <trkpt lat="48.69499680586159229278564453125" lon="-1.80469390936195850372314453125">
        <ele>-1.60000002384185791015625</ele>
        <time>2026-08-22T16:03:36.000Z</time>
        <extensions>
          <ns3:TrackPointExtension>
            <ns3:atemp>24.0</ns3:atemp>
            <ns3:hr>89</ns3:hr>
          </ns3:TrackPointExtension>
        </extensions>
      </trkpt>
      <trkpt lat="48.6950854025781154632568359375" lon="-1.80491854436695575714111328125">
        <ele>-1.7999999523162841796875</ele>
        <time>2026-08-22T16:03:40.000Z</time>
        <extensions>
          <ns3:TrackPointExtension>
            <ns3:atemp>24.0</ns3:atemp>
            <ns3:hr>92</ns3:hr>
          </ns3:TrackPointExtension>
        </extensions>
      </trkpt>
      <trkpt lat="48.695136196911334991455078125" lon="-1.80504293181002140045166015625">
        <ele>-1.7999999523162841796875</ele>
        <time>2026-08-22T16:03:42.000Z</time>
        <extensions>
          <ns3:TrackPointExtension>
            <ns3:atemp>24.0</ns3:atemp>
            <ns3:hr>93</ns3:hr>
          </ns3:TrackPointExtension>
        </extensions>
      </trkpt>
      <trkpt lat="48.69527609087526798248291015625" lon="-1.80544358678162097930908203125">
        <ele>-1.39999997615814208984375</ele>
        <time>2026-08-22T16:03:48.000Z</time>
        <extensions>
          <ns3:TrackPointExtension>
            <ns3:atemp>24.0</ns3:atemp>
            <ns3:hr>92</ns3:hr>
          </ns3:TrackPointExtension>
        </extensions>
      </trkpt>
      <trkpt lat="48.69529134593904018402099609375" lon="-1.80550955235958099365234375">
        <ele>-1.60000002384185791015625</ele>
        <time>2026-08-22T16:03:49.000Z</time>
        <extensions>
          <ns3:TrackPointExtension>
            <ns3:atemp>24.0</ns3:atemp>
            <ns3:hr>92</ns3:hr>
          </ns3:TrackPointExtension>
        </extensions>
      </trkpt>
      <trkpt lat="48.69535588659346103668212890625" lon="-1.80571784265339374542236328125">
        <ele>-2</ele>
        <time>2026-08-22T16:03:52.000Z</time>
        <extensions>
          <ns3:TrackPointExtension>
            <ns3:atemp>24.0</ns3:atemp>
            <ns3:hr>92</ns3:hr>
          </ns3:TrackPointExtension>
        </extensions>
      </trkpt>
      <trkpt lat="48.69539377279579639434814453125" lon="-1.80585195310413837432861328125">
        <ele>-1.7999999523162841796875</ele>
        <time>2026-08-22T16:03:54.000Z</time>
        <extensions>
          <ns3:TrackPointExtension>
            <ns3:atemp>24.0</ns3:atemp>
            <ns3:hr>89</ns3:hr>
          </ns3:TrackPointExtension>
        </extensions>
      </trkpt>
      <trkpt lat="48.6954146437346935272216796875" lon="-1.805916242301464080810546875">
        <ele>-1.60000002384185791015625</ele>
        <time>2026-08-22T16:03:55.000Z</time>
        <extensions>
          <ns3:TrackPointExtension>
            <ns3:atemp>24.0</ns3:atemp>
            <ns3:hr>86</ns3:hr>
          </ns3:TrackPointExtension>
        </extensions>
      </trkpt>
      <trkpt lat="48.69547692127525806427001953125" lon="-1.80609695613384246826171875">
        <ele>-1.60000002384185791015625</ele>
        <time>2026-08-22T16:03:58.000Z</time>
        <extensions>
          <ns3:TrackPointExtension>
            <ns3:atemp>24.0</ns3:atemp>
            <ns3:hr>84</ns3:hr>
          </ns3:TrackPointExtension>
        </extensions>
      </trkpt>
      <trkpt lat="48.6954947747290134429931640625" lon="-1.80615638382732868194580078125">
        <ele>-1.60000002384185791015625</ele>
        <time>2026-08-22T16:03:59.000Z</time>
        <extensions>
          <ns3:TrackPointExtension>
            <ns3:atemp>24.0</ns3:atemp>
            <ns3:hr>84</ns3:hr>
          </ns3:TrackPointExtension>
        </extensions>
      </trkpt>
      <trkpt lat="48.69555789045989513397216796875" lon="-1.80634045042097568511962890625">
        <ele>-1.60000002384185791015625</ele>
        <time>2026-08-22T16:04:02.000Z</time>
        <extensions>
          <ns3:TrackPointExtension>
            <ns3:atemp>24.0</ns3:atemp>
            <ns3:hr>83</ns3:hr>
          </ns3:TrackPointExtension>
        </extensions>
      </trkpt>
      <trkpt lat="48.695618994534015655517578125" lon="-1.80656910873949527740478515625">
        <ele>-1.2000000476837158203125</ele>
        <time>2026-08-22T16:04:05.000Z</time>
        <extensions>
          <ns3:TrackPointExtension>
            <ns3:atemp>24.0</ns3:atemp>
            <ns3:hr>83</ns3:hr>
          </ns3:TrackPointExtension>
        </extensions>
      </trkpt>
      <trkpt lat="48.69571262039244174957275390625" lon="-1.8069618009030818939208984375">
        <ele>-1.39999997615814208984375</ele>
        <time>2026-08-22T16:04:10.000Z</time>
        <extensions>
          <ns3:TrackPointExtension>
            <ns3:atemp>24.0</ns3:atemp>
            <ns3:hr>85</ns3:hr>
          </ns3:TrackPointExtension>
        </extensions>
      </trkpt>
      <trkpt lat="48.69573039002716541290283203125" lon="-1.8070238269865512847900390625">
        <ele>-1.60000002384185791015625</ele>
        <time>2026-08-22T16:04:11.000Z</time>
        <extensions>
          <ns3:TrackPointExtension>
            <ns3:atemp>24.0</ns3:atemp>
            <ns3:hr>84</ns3:hr>
          </ns3:TrackPointExtension>
        </extensions>
      </trkpt>
      <trkpt lat="48.69579375721514225006103515625" lon="-1.80723630823194980621337890625">
        <ele>-1.7999999523162841796875</ele>
        <time>2026-08-22T16:04:14.000Z</time>
        <extensions>
          <ns3:TrackPointExtension>
            <ns3:atemp>24.0</ns3:atemp>
            <ns3:hr>83</ns3:hr>
          </ns3:TrackPointExtension>
        </extensions>
      </trkpt>
      <trkpt lat="48.69581873528659343719482421875" lon="-1.80730738677084445953369140625">
        <ele>-1.60000002384185791015625</ele>
        <time>2026-08-22T16:04:15.000Z</time>
        <extensions>
          <ns3:TrackPointExtension>
            <ns3:atemp>24.0</ns3:atemp>
            <ns3:hr>83</ns3:hr>
          </ns3:TrackPointExtension>
        </extensions>
      </trkpt>
      <trkpt lat="48.6959400214254856109619140625" lon="-1.807773672044277191162109375">
        <ele>-0.800000011920928955078125</ele>
        <time>2026-08-22T16:04:21.000Z</time>
        <extensions>
          <ns3:TrackPointExtension>
            <ns3:atemp>24.0</ns3:atemp>
            <ns3:hr>84</ns3:hr>
          </ns3:TrackPointExtension>
        </extensions>
      </trkpt>
      <trkpt lat="48.6959727108478546142578125" lon="-1.8079337663948535919189453125">
        <ele>-0.4000000059604644775390625</ele>
        <time>2026-08-22T16:04:23.000Z</time>
        <extensions>
          <ns3:TrackPointExtension>
            <ns3:atemp>24.0</ns3:atemp>
            <ns3:hr>88</ns3:hr>
          </ns3:TrackPointExtension>
        </extensions>
      </trkpt>
      <trkpt lat="48.696047477424144744873046875" lon="-1.80829142220318317413330078125">
        <ele>-0.60000002384185791015625</ele>
        <time>2026-08-22T16:04:28.000Z</time>
        <extensions>
          <ns3:TrackPointExtension>
            <ns3:atemp>24.0</ns3:atemp>
            <ns3:hr>87</ns3:hr>
          </ns3:TrackPointExtension>
        </extensions>
      </trkpt>
      <trkpt lat="48.69608460925519466400146484375" lon="-1.8084755726158618927001953125">
        <ele>-1.2000000476837158203125</ele>
        <time>2026-08-22T16:04:31.000Z</time>
        <extensions>
          <ns3:TrackPointExtension>
            <ns3:atemp>24.0</ns3:atemp>
            <ns3:hr>87</ns3:hr>
          </ns3:TrackPointExtension>
        </extensions>
      </trkpt>
      <trkpt lat="48.696092069149017333984375" lon="-1.80853466503322124481201171875">
        <ele>-1.2000000476837158203125</ele>
        <time>2026-08-22T16:04:32.000Z</time>
        <extensions>
          <ns3:TrackPointExtension>
            <ns3:atemp>24.0</ns3:atemp>
            <ns3:hr>92</ns3:hr>
          </ns3:TrackPointExtension>
        </extensions>
      </trkpt>
      <trkpt lat="48.6961026303470134735107421875" lon="-1.80860322900116443634033203125">
        <ele>-1</ele>
        <time>2026-08-22T16:04:33.000Z</time>
        <extensions>
          <ns3:TrackPointExtension>
            <ns3:atemp>24.0</ns3:atemp>
            <ns3:hr>93</ns3:hr>
          </ns3:TrackPointExtension>
        </extensions>
      </trkpt>
      <trkpt lat="48.6961378343403339385986328125" lon="-1.8087719567120075225830078125">
        <ele>-0.800000011920928955078125</ele>
        <time>2026-08-22T16:04:36.000Z</time>
        <extensions>
          <ns3:TrackPointExtension>
            <ns3:atemp>24.0</ns3:atemp>
            <ns3:hr>90</ns3:hr>
          </ns3:TrackPointExtension>
        </extensions>
      </trkpt>
      <trkpt lat="48.69615434668958187103271484375" lon="-1.80882937274873256683349609375">
        <ele>-0.800000011920928955078125</ele>
        <time>2026-08-22T16:04:37.000Z</time>
        <extensions>
          <ns3:TrackPointExtension>
            <ns3:atemp>24.0</ns3:atemp>
            <ns3:hr>86</ns3:hr>
          </ns3:TrackPointExtension>
        </extensions>
      </trkpt>
      <trkpt lat="48.696168847382068634033203125" lon="-1.80888737551867961883544921875">
        <ele>-0.800000011920928955078125</ele>
        <time>2026-08-22T16:04:38.000Z</time>
        <extensions>
          <ns3:TrackPointExtension>
            <ns3:atemp>24.0</ns3:atemp>
            <ns3:hr>82</ns3:hr>
          </ns3:TrackPointExtension>
        </extensions>
      </trkpt>
      <trkpt lat="48.69617882184684276580810546875" lon="-1.8089406006038188934326171875">
        <ele>-0.800000011920928955078125</ele>
        <time>2026-08-22T16:04:39.000Z</time>
        <extensions>
          <ns3:TrackPointExtension>
            <ns3:atemp>24.0</ns3:atemp>
            <ns3:hr>82</ns3:hr>
          </ns3:TrackPointExtension>
        </extensions>
      </trkpt>
      <trkpt lat="48.69624956510961055755615234375" lon="-1.80926598608493804931640625">
        <ele>-1</ele>
        <time>2026-08-22T16:04:44.000Z</time>
        <extensions>
          <ns3:TrackPointExtension>
            <ns3:atemp>24.0</ns3:atemp>
            <ns3:hr>81</ns3:hr>
          </ns3:TrackPointExtension>
        </extensions>
      </trkpt>
      <trkpt lat="48.69627219624817371368408203125" lon="-1.809328682720661163330078125">
        <ele>-1</ele>
        <time>2026-08-22T16:04:45.000Z</time>
        <extensions>
          <ns3:TrackPointExtension>
            <ns3:atemp>24.0</ns3:atemp>
            <ns3:hr>80</ns3:hr>
          </ns3:TrackPointExtension>
        </extensions>
      </trkpt>
      <trkpt lat="48.69632885791361331939697265625" lon="-1.80954585783183574676513671875">
        <ele>-1</ele>
        <time>2026-08-22T16:04:49.000Z</time>
        <extensions>
          <ns3:TrackPointExtension>
            <ns3:atemp>24.0</ns3:atemp>
            <ns3:hr>80</ns3:hr>
          </ns3:TrackPointExtension>
        </extensions>
      </trkpt>
      <trkpt lat="48.6963859386742115020751953125" lon="-1.80970477871596813201904296875">
        <ele>-1.2000000476837158203125</ele>
        <time>2026-08-22T16:04:52.000Z</time>
        <extensions>
          <ns3:TrackPointExtension>
            <ns3:atemp>24.0</ns3:atemp>
            <ns3:hr>81</ns3:hr>
          </ns3:TrackPointExtension>
        </extensions>
      </trkpt>
      <trkpt lat="48.696435727179050445556640625" lon="-1.8098183535039424896240234375">
        <ele>-1</ele>
        <time>2026-08-22T16:04:54.000Z</time>
        <extensions>
          <ns3:TrackPointExtension>
            <ns3:atemp>24.0</ns3:atemp>
            <ns3:hr>80</ns3:hr>
          </ns3:TrackPointExtension>
        </extensions>
      </trkpt>
      <trkpt lat="48.6964586935937404632568359375" lon="-1.80988959968090057373046875">
        <ele>-1</ele>
        <time>2026-08-22T16:04:55.000Z</time>
        <extensions>
          <ns3:TrackPointExtension>
            <ns3:atemp>24.0</ns3:atemp>
            <ns3:hr>81</ns3:hr>
          </ns3:TrackPointExtension>
        </extensions>
      </trkpt>
      <trkpt lat="48.6965069733560085296630859375" lon="-1.8100118078291416168212890625">
        <ele>-1.2000000476837158203125</ele>
        <time>2026-08-22T16:04:57.000Z</time>
        <extensions>
          <ns3:TrackPointExtension>
            <ns3:atemp>24.0</ns3:atemp>
            <ns3:hr>82</ns3:hr>
          </ns3:TrackPointExtension>
        </extensions>
      </trkpt>
      <trkpt lat="48.69652650319039821624755859375" lon="-1.81007735431194305419921875">
        <ele>-1.2000000476837158203125</ele>
        <time>2026-08-22T16:04:58.000Z</time>
        <extensions>
          <ns3:TrackPointExtension>
            <ns3:atemp>24.0</ns3:atemp>
            <ns3:hr>89</ns3:hr>
          </ns3:TrackPointExtension>
        </extensions>
      </trkpt>
      <trkpt lat="48.6965539120137691497802734375" lon="-1.81014583446085453033447265625">
        <ele>-1.2000000476837158203125</ele>
        <time>2026-08-22T16:04:59.000Z</time>
        <extensions>
          <ns3:TrackPointExtension>
            <ns3:atemp>24.0</ns3:atemp>
            <ns3:hr>95</ns3:hr>
          </ns3:TrackPointExtension>
        </extensions>
      </trkpt>
      <trkpt lat="48.696577213704586029052734375" lon="-1.810214817523956298828125">
        <ele>-1.2000000476837158203125</ele>
        <time>2026-08-22T16:05:00.000Z</time>
        <extensions>
          <ns3:TrackPointExtension>
            <ns3:atemp>24.0</ns3:atemp>
            <ns3:hr>98</ns3:hr>
          </ns3:TrackPointExtension>
        </extensions>
      </trkpt>
      <trkpt lat="48.69659741409122943878173828125" lon="-1.8102947808802127838134765625">
        <ele>-1.2000000476837158203125</ele>
        <time>2026-08-22T16:05:01.000Z</time>
        <extensions>
          <ns3:TrackPointExtension>
            <ns3:atemp>24.0</ns3:atemp>
            <ns3:hr>101</ns3:hr>
          </ns3:TrackPointExtension>
        </extensions>
      </trkpt>
      <trkpt lat="48.69662473909556865692138671875" lon="-1.810367368161678314208984375">
        <ele>-1.2000000476837158203125</ele>
        <time>2026-08-22T16:05:02.000Z</time>
        <extensions>
          <ns3:TrackPointExtension>
            <ns3:atemp>24.0</ns3:atemp>
            <ns3:hr>103</ns3:hr>
          </ns3:TrackPointExtension>
        </extensions>
      </trkpt>
      <trkpt lat="48.6966484598815441131591796875" lon="-1.81043601594865322113037109375">
        <ele>-1.39999997615814208984375</ele>
        <time>2026-08-22T16:05:03.000Z</time>
        <extensions>
          <ns3:TrackPointExtension>
            <ns3:atemp>24.0</ns3:atemp>
            <ns3:hr>103</ns3:hr>
          </ns3:TrackPointExtension>
        </extensions>
      </trkpt>
      <trkpt lat="48.69670302607119083404541015625" lon="-1.81065830402076244354248046875">
        <ele>-1.39999997615814208984375</ele>
        <time>2026-08-22T16:05:06.000Z</time>
        <extensions>
          <ns3:TrackPointExtension>
            <ns3:atemp>24.0</ns3:atemp>
            <ns3:hr>98</ns3:hr>
          </ns3:TrackPointExtension>
        </extensions>
      </trkpt>
      <trkpt lat="48.69672582484781742095947265625" lon="-1.81072720326483249664306640625">
        <ele>-1.60000002384185791015625</ele>
        <time>2026-08-22T16:05:07.000Z</time>
        <extensions>
          <ns3:TrackPointExtension>
            <ns3:atemp>24.0</ns3:atemp>
            <ns3:hr>93</ns3:hr>
          </ns3:TrackPointExtension>
        </extensions>
      </trkpt>
      <trkpt lat="48.69674719870090484619140625" lon="-1.8107973597943782806396484375">
        <ele>-1.39999997615814208984375</ele>
        <time>2026-08-22T16:05:08.000Z</time>
        <extensions>
          <ns3:TrackPointExtension>
            <ns3:atemp>24.0</ns3:atemp>
            <ns3:hr>96</ns3:hr>
          </ns3:TrackPointExtension>
        </extensions>
      </trkpt>
      <trkpt lat="48.6967728473246097564697265625" lon="-1.81085863150656223297119140625">
        <ele>-1.60000002384185791015625</ele>
        <time>2026-08-22T16:05:09.000Z</time>
        <extensions>
          <ns3:TrackPointExtension>
            <ns3:atemp>24.0</ns3:atemp>
            <ns3:hr>98</ns3:hr>
          </ns3:TrackPointExtension>
        </extensions>
      </trkpt>
      <trkpt lat="48.6967912875115871429443359375" lon="-1.81092887185513973236083984375">
        <ele>-1.60000002384185791015625</ele>
        <time>2026-08-22T16:05:10.000Z</time>
        <extensions>
          <ns3:TrackPointExtension>
            <ns3:atemp>24.0</ns3:atemp>
            <ns3:hr>103</ns3:hr>
          </ns3:TrackPointExtension>
        </extensions>
      </trkpt>
      <trkpt lat="48.69680779986083507537841796875" lon="-1.8109965138137340545654296875">
        <ele>-1.60000002384185791015625</ele>
        <time>2026-08-22T16:05:11.000Z</time>
        <extensions>
          <ns3:TrackPointExtension>
            <ns3:atemp>24.0</ns3:atemp>
            <ns3:hr>106</ns3:hr>
          </ns3:TrackPointExtension>
        </extensions>
      </trkpt>
      <trkpt lat="48.69684685952961444854736328125" lon="-1.81113154627382755279541015625">
        <ele>-1.39999997615814208984375</ele>
        <time>2026-08-22T16:05:13.000Z</time>
        <extensions>
          <ns3:TrackPointExtension>
            <ns3:atemp>24.0</ns3:atemp>
            <ns3:hr>105</ns3:hr>
          </ns3:TrackPointExtension>
        </extensions>
      </trkpt>
      <trkpt lat="48.69690067134797573089599609375" lon="-1.8113338015973567962646484375">
        <ele>-1.39999997615814208984375</ele>
        <time>2026-08-22T16:05:16.000Z</time>
        <extensions>
          <ns3:TrackPointExtension>
            <ns3:atemp>24.0</ns3:atemp>
            <ns3:hr>103</ns3:hr>
          </ns3:TrackPointExtension>
        </extensions>
      </trkpt>
      <trkpt lat="48.6970011703670024871826171875" lon="-1.8116878531873226165771484375">
        <ele>-1.39999997615814208984375</ele>
        <time>2026-08-22T16:05:21.000Z</time>
        <extensions>
          <ns3:TrackPointExtension>
            <ns3:atemp>23.0</ns3:atemp>
            <ns3:hr>102</ns3:hr>
          </ns3:TrackPointExtension>
        </extensions>
      </trkpt>
      <trkpt lat="48.697025142610073089599609375" lon="-1.81175884790718555450439453125">
        <ele>-1.2000000476837158203125</ele>
        <time>2026-08-22T16:05:22.000Z</time>
        <extensions>
          <ns3:TrackPointExtension>
            <ns3:atemp>23.0</ns3:atemp>
            <ns3:hr>101</ns3:hr>
          </ns3:TrackPointExtension>
        </extensions>
      </trkpt>
      <trkpt lat="48.69709596969187259674072265625" lon="-1.81202589534223079681396484375">
        <ele>-1</ele>
        <time>2026-08-22T16:05:26.000Z</time>
        <extensions>
          <ns3:TrackPointExtension>
            <ns3:atemp>23.0</ns3:atemp>
            <ns3:hr>104</ns3:hr>
          </ns3:TrackPointExtension>
        </extensions>
      </trkpt>
      <trkpt lat="48.6971071176230907440185546875" lon="-1.812086999416351318359375">
        <ele>-1</ele>
        <time>2026-08-22T16:05:27.000Z</time>
        <extensions>
          <ns3:TrackPointExtension>
            <ns3:atemp>23.0</ns3:atemp>
            <ns3:hr>109</ns3:hr>
          </ns3:TrackPointExtension>
        </extensions>
      </trkpt>
      <trkpt lat="48.69715816341340541839599609375" lon="-1.81225606240332126617431640625">
        <ele>-1.2000000476837158203125</ele>
        <time>2026-08-22T16:05:30.000Z</time>
        <extensions>
          <ns3:TrackPointExtension>
            <ns3:atemp>23.0</ns3:atemp>
            <ns3:hr>111</ns3:hr>
          </ns3:TrackPointExtension>
        </extensions>
      </trkpt>
      <trkpt lat="48.69720661081373691558837890625" lon="-1.81236754171550273895263671875">
        <ele>-1.2000000476837158203125</ele>
        <time>2026-08-22T16:05:32.000Z</time>
        <extensions>
          <ns3:TrackPointExtension>
            <ns3:atemp>23.0</ns3:atemp>
            <ns3:hr>111</ns3:hr>
          </ns3:TrackPointExtension>
        </extensions>
      </trkpt>
      <trkpt lat="48.697226978838443756103515625" lon="-1.81243367493152618408203125">
        <ele>-1.2000000476837158203125</ele>
        <time>2026-08-22T16:05:33.000Z</time>
        <extensions>
          <ns3:TrackPointExtension>
            <ns3:atemp>23.0</ns3:atemp>
            <ns3:hr>111</ns3:hr>
          </ns3:TrackPointExtension>
        </extensions>
      </trkpt>
      <trkpt lat="48.6972965486347675323486328125" lon="-1.812689490616321563720703125">
        <ele>-1.2000000476837158203125</ele>
        <time>2026-08-22T16:05:37.000Z</time>
        <extensions>
          <ns3:TrackPointExtension>
            <ns3:atemp>23.0</ns3:atemp>
            <ns3:hr>111</ns3:hr>
          </ns3:TrackPointExtension>
        </extensions>
      </trkpt>
      <trkpt lat="48.6973133124411106109619140625" lon="-1.81276098825037479400634765625">
        <ele>-1.2000000476837158203125</ele>
        <time>2026-08-22T16:05:38.000Z</time>
        <extensions>
          <ns3:TrackPointExtension>
            <ns3:atemp>23.0</ns3:atemp>
            <ns3:hr>116</ns3:hr>
          </ns3:TrackPointExtension>
        </extensions>
      </trkpt>
      <trkpt lat="48.69732345454394817352294921875" lon="-1.81283273734152317047119140625">
        <ele>-1.2000000476837158203125</ele>
        <time>2026-08-22T16:05:39.000Z</time>
        <extensions>
          <ns3:TrackPointExtension>
            <ns3:atemp>23.0</ns3:atemp>
            <ns3:hr>118</ns3:hr>
          </ns3:TrackPointExtension>
        </extensions>
      </trkpt>
      <trkpt lat="48.697350360453128814697265625" lon="-1.8129847012460231781005859375">
        <ele>-1.2000000476837158203125</ele>
        <time>2026-08-22T16:05:41.000Z</time>
        <extensions>
          <ns3:TrackPointExtension>
            <ns3:atemp>23.0</ns3:atemp>
            <ns3:hr>113</ns3:hr>
          </ns3:TrackPointExtension>
        </extensions>
      </trkpt>
      <trkpt lat="48.69736813008785247802734375" lon="-1.81305988691747188568115234375">
        <ele>-1.2000000476837158203125</ele>
        <time>2026-08-22T16:05:42.000Z</time>
        <extensions>
          <ns3:TrackPointExtension>
            <ns3:atemp>23.0</ns3:atemp>
            <ns3:hr>113</ns3:hr>
          </ns3:TrackPointExtension>
        </extensions>
      </trkpt>
      <trkpt lat="48.69739335961639881134033203125" lon="-1.81313130073249340057373046875">
        <ele>-1.2000000476837158203125</ele>
        <time>2026-08-22T16:05:43.000Z</time>
        <extensions>
          <ns3:TrackPointExtension>
            <ns3:atemp>23.0</ns3:atemp>
            <ns3:hr>114</ns3:hr>
          </ns3:TrackPointExtension>
        </extensions>
      </trkpt>
      <trkpt lat="48.69741263799369335174560546875" lon="-1.81320522911846637725830078125">
        <ele>-1.39999997615814208984375</ele>
        <time>2026-08-22T16:05:44.000Z</time>
        <extensions>
          <ns3:TrackPointExtension>
            <ns3:atemp>23.0</ns3:atemp>
            <ns3:hr>114</ns3:hr>
          </ns3:TrackPointExtension>
        </extensions>
      </trkpt>
      <trkpt lat="48.6974920146167278289794921875" lon="-1.81342341005802154541015625">
        <ele>-1.60000002384185791015625</ele>
        <time>2026-08-22T16:05:47.000Z</time>
        <extensions>
          <ns3:TrackPointExtension>
            <ns3:atemp>23.0</ns3:atemp>
            <ns3:hr>115</ns3:hr>
          </ns3:TrackPointExtension>
        </extensions>
      </trkpt>
      <trkpt lat="48.69754356332123279571533203125" lon="-1.8135808221995830535888671875">
        <ele>-1.2000000476837158203125</ele>
        <time>2026-08-22T16:05:49.000Z</time>
        <extensions>
          <ns3:TrackPointExtension>
            <ns3:atemp>23.0</ns3:atemp>
            <ns3:hr>114</ns3:hr>
          </ns3:TrackPointExtension>
        </extensions>
      </trkpt>
      <trkpt lat="48.6975932680070400238037109375" lon="-1.8137320317327976226806640625">
        <ele>-1.2000000476837158203125</ele>
        <time>2026-08-22T16:05:51.000Z</time>
        <extensions>
          <ns3:TrackPointExtension>
            <ns3:atemp>23.0</ns3:atemp>
            <ns3:hr>115</ns3:hr>
          </ns3:TrackPointExtension>
        </extensions>
      </trkpt>
      <trkpt lat="48.697620928287506103515625" lon="-1.813805289566516876220703125">
        <ele>-1.60000002384185791015625</ele>
        <time>2026-08-22T16:05:52.000Z</time>
        <extensions>
          <ns3:TrackPointExtension>
            <ns3:atemp>23.0</ns3:atemp>
            <ns3:hr>111</ns3:hr>
          </ns3:TrackPointExtension>
        </extensions>
      </trkpt>
      <trkpt lat="48.69774456135928630828857421875" lon="-1.81421021930873394012451171875">
        <ele>-1.7999999523162841796875</ele>
        <time>2026-08-22T16:05:57.000Z</time>
        <extensions>
          <ns3:TrackPointExtension>
            <ns3:atemp>23.0</ns3:atemp>
            <ns3:hr>107</ns3:hr>
          </ns3:TrackPointExtension>
        </extensions>
      </trkpt>
      <trkpt lat="48.69777205400168895721435546875" lon="-1.81429688818752765655517578125">
        <ele>-1.7999999523162841796875</ele>
        <time>2026-08-22T16:05:58.000Z</time>
        <extensions>
          <ns3:TrackPointExtension>
            <ns3:atemp>23.0</ns3:atemp>
            <ns3:hr>107</ns3:hr>
          </ns3:TrackPointExtension>
        </extensions>
      </trkpt>
      <trkpt lat="48.69781765155494213104248046875" lon="-1.81446737609803676605224609375">
        <ele>-1.39999997615814208984375</ele>
        <time>2026-08-22T16:06:00.000Z</time>
        <extensions>
          <ns3:TrackPointExtension>
            <ns3:atemp>23.0</ns3:atemp>
            <ns3:hr>104</ns3:hr>
          </ns3:TrackPointExtension>
        </extensions>
      </trkpt>
      <trkpt lat="48.69787951000034809112548828125" lon="-1.81470106355845928192138671875">
        <ele>-1.2000000476837158203125</ele>
        <time>2026-08-22T16:06:03.000Z</time>
        <extensions>
          <ns3:TrackPointExtension>
            <ns3:atemp>23.0</ns3:atemp>
            <ns3:hr>101</ns3:hr>
          </ns3:TrackPointExtension>
        </extensions>
      </trkpt>
      <trkpt lat="48.69790256023406982421875" lon="-1.8147693760693073272705078125">
        <ele>-1</ele>
        <time>2026-08-22T16:06:04.000Z</time>
        <extensions>
          <ns3:TrackPointExtension>
            <ns3:atemp>23.0</ns3:atemp>
            <ns3:hr>100</ns3:hr>
          </ns3:TrackPointExtension>
        </extensions>
      </trkpt>
      <trkpt lat="48.69794975034892559051513671875" lon="-1.8149088509380817413330078125">
        <ele>-1.2000000476837158203125</ele>
        <time>2026-08-22T16:06:06.000Z</time>
        <extensions>
          <ns3:TrackPointExtension>
            <ns3:atemp>23.0</ns3:atemp>
            <ns3:hr>97</ns3:hr>
          </ns3:TrackPointExtension>
        </extensions>
      </trkpt>
      <trkpt lat="48.697974979877471923828125" lon="-1.81497967801988124847412109375">
        <ele>-1.39999997615814208984375</ele>
        <time>2026-08-22T16:06:07.000Z</time>
        <extensions>
          <ns3:TrackPointExtension>
            <ns3:atemp>23.0</ns3:atemp>
            <ns3:hr>94</ns3:hr>
          </ns3:TrackPointExtension>
        </extensions>
      </trkpt>
      <trkpt lat="48.69800104759633541107177734375" lon="-1.81506399996578693389892578125">
        <ele>-1.39999997615814208984375</ele>
        <time>2026-08-22T16:06:08.000Z</time>
        <extensions>
          <ns3:TrackPointExtension>
            <ns3:atemp>23.0</ns3:atemp>
            <ns3:hr>87</ns3:hr>
          </ns3:TrackPointExtension>
        </extensions>
      </trkpt>
      <trkpt lat="48.69802501983940601348876953125" lon="-1.8151458911597728729248046875">
        <ele>-1.60000002384185791015625</ele>
        <time>2026-08-22T16:06:09.000Z</time>
        <extensions>
          <ns3:TrackPointExtension>
            <ns3:atemp>23.0</ns3:atemp>
            <ns3:hr>83</ns3:hr>
          </ns3:TrackPointExtension>
        </extensions>
      </trkpt>
      <trkpt lat="48.69804362766444683074951171875" lon="-1.81522426195442676544189453125">
        <ele>-1.39999997615814208984375</ele>
        <time>2026-08-22T16:06:10.000Z</time>
        <extensions>
          <ns3:TrackPointExtension>
            <ns3:atemp>23.0</ns3:atemp>
            <ns3:hr>82</ns3:hr>
          </ns3:TrackPointExtension>
        </extensions>
      </trkpt>
      <trkpt lat="48.69808562099933624267578125" lon="-1.81539558805525302886962890625">
        <ele>-1.2000000476837158203125</ele>
        <time>2026-08-22T16:06:12.000Z</time>
        <extensions>
          <ns3:TrackPointExtension>
            <ns3:atemp>23.0</ns3:atemp>
            <ns3:hr>79</ns3:hr>
          </ns3:TrackPointExtension>
        </extensions>
      </trkpt>
      <trkpt lat="48.69820171035826206207275390625" lon="-1.815888695418834686279296875">
        <ele>-0.20000000298023223876953125</ele>
        <time>2026-08-22T16:06:18.000Z</time>
        <extensions>
          <ns3:TrackPointExtension>
            <ns3:atemp>23.0</ns3:atemp>
            <ns3:hr>78</ns3:hr>
          </ns3:TrackPointExtension>
        </extensions>
      </trkpt>
      <trkpt lat="48.69826340116560459136962890625" lon="-1.8163959681987762451171875">
        <ele>-0.800000011920928955078125</ele>
        <time>2026-08-22T16:06:24.000Z</time>
        <extensions>
          <ns3:TrackPointExtension>
            <ns3:atemp>23.0</ns3:atemp>
            <ns3:hr>81</ns3:hr>
          </ns3:TrackPointExtension>
        </extensions>
      </trkpt>
      <trkpt lat="48.69827111251652240753173828125" lon="-1.81647484190762042999267578125">
        <ele>-1</ele>
        <time>2026-08-22T16:06:25.000Z</time>
        <extensions>
          <ns3:TrackPointExtension>
            <ns3:atemp>23.0</ns3:atemp>
            <ns3:hr>83</ns3:hr>
          </ns3:TrackPointExtension>
        </extensions>
      </trkpt>
      <trkpt lat="48.69829609058797359466552734375" lon="-1.816797293722629547119140625">
        <ele>-1</ele>
        <time>2026-08-22T16:06:29.000Z</time>
        <extensions>
          <ns3:TrackPointExtension>
            <ns3:atemp>23.0</ns3:atemp>
            <ns3:hr>84</ns3:hr>
          </ns3:TrackPointExtension>
        </extensions>
      </trkpt>
      <trkpt lat="48.69830296374857425689697265625" lon="-1.81687633506953716278076171875">
        <ele>-1</ele>
        <time>2026-08-22T16:06:30.000Z</time>
        <extensions>
          <ns3:TrackPointExtension>
            <ns3:atemp>23.0</ns3:atemp>
            <ns3:hr>84</ns3:hr>
          </ns3:TrackPointExtension>
        </extensions>
      </trkpt>
      <trkpt lat="48.69832961820065975189208984375" lon="-1.81710616685450077056884765625">
        <ele>-1.39999997615814208984375</ele>
        <time>2026-08-22T16:06:33.000Z</time>
        <extensions>
          <ns3:TrackPointExtension>
            <ns3:atemp>23.0</ns3:atemp>
            <ns3:hr>85</ns3:hr>
          </ns3:TrackPointExtension>
        </extensions>
      </trkpt>
      <trkpt lat="48.69835543446242809295654296875" lon="-1.8172534368932247161865234375">
        <ele>-1.2000000476837158203125</ele>
        <time>2026-08-22T16:06:35.000Z</time>
        <extensions>
          <ns3:TrackPointExtension>
            <ns3:atemp>22.0</ns3:atemp>
            <ns3:hr>84</ns3:hr>
          </ns3:TrackPointExtension>
        </extensions>
      </trkpt>
      <trkpt lat="48.69844864122569561004638671875" lon="-1.81758997030556201934814453125">
        <ele>-1.60000002384185791015625</ele>
        <time>2026-08-22T16:06:40.000Z</time>
        <extensions>
          <ns3:TrackPointExtension>
            <ns3:atemp>23.0</ns3:atemp>
            <ns3:hr>83</ns3:hr>
          </ns3:TrackPointExtension>
        </extensions>
      </trkpt>
      <trkpt lat="48.69847998954355716705322265625" lon="-1.81765166111290454864501953125">
        <ele>-1.7999999523162841796875</ele>
        <time>2026-08-22T16:06:41.000Z</time>
        <extensions>
          <ns3:TrackPointExtension>
            <ns3:atemp>23.0</ns3:atemp>
            <ns3:hr>82</ns3:hr>
          </ns3:TrackPointExtension>
        </extensions>
      </trkpt>
      <trkpt lat="48.69858048856258392333984375" lon="-1.817823238670825958251953125">
        <ele>-2</ele>
        <time>2026-08-22T16:06:44.000Z</time>
        <extensions>
          <ns3:TrackPointExtension>
            <ns3:atemp>22.0</ns3:atemp>
            <ns3:hr>79</ns3:hr>
          </ns3:TrackPointExtension>
        </extensions>
      </trkpt>
      <trkpt lat="48.6986656486988067626953125" lon="-1.81802448816597461700439453125">
        <ele>-1.39999997615814208984375</ele>
        <time>2026-08-22T16:06:47.000Z</time>
        <extensions>
          <ns3:TrackPointExtension>
            <ns3:atemp>22.0</ns3:atemp>
            <ns3:hr>81</ns3:hr>
          </ns3:TrackPointExtension>
        </extensions>
      </trkpt>
      <trkpt lat="48.6987714283168315887451171875" lon="-1.81838943623006343841552734375">
        <ele>-1.39999997615814208984375</ele>
        <time>2026-08-22T16:06:52.000Z</time>
        <extensions>
          <ns3:TrackPointExtension>
            <ns3:atemp>22.0</ns3:atemp>
            <ns3:hr>81</ns3:hr>
          </ns3:TrackPointExtension>
        </extensions>
      </trkpt>
      <trkpt lat="48.6987895332276821136474609375" lon="-1.81846973486244678497314453125">
        <ele>-1.39999997615814208984375</ele>
        <time>2026-08-22T16:06:53.000Z</time>
        <extensions>
          <ns3:TrackPointExtension>
            <ns3:atemp>22.0</ns3:atemp>
            <ns3:hr>81</ns3:hr>
          </ns3:TrackPointExtension>
        </extensions>
      </trkpt>
      <trkpt lat="48.6988059617578983306884765625" lon="-1.8185563199222087860107421875">
        <ele>-1.39999997615814208984375</ele>
        <time>2026-08-22T16:06:54.000Z</time>
        <extensions>
          <ns3:TrackPointExtension>
            <ns3:atemp>23.0</ns3:atemp>
            <ns3:hr>80</ns3:hr>
          </ns3:TrackPointExtension>
        </extensions>
      </trkpt>
      <trkpt lat="48.69889154098927974700927734375" lon="-1.8189861439168453216552734375">
        <ele>-0.800000011920928955078125</ele>
        <time>2026-08-22T16:06:59.000Z</time>
        <extensions>
          <ns3:TrackPointExtension>
            <ns3:atemp>22.0</ns3:atemp>
            <ns3:hr>81</ns3:hr>
          </ns3:TrackPointExtension>
        </extensions>
      </trkpt>
      <trkpt lat="48.69905616156756877899169921875" lon="-1.81967354379594326019287109375">
        <ele>-1</ele>
        <time>2026-08-22T16:07:07.000Z</time>
        <extensions>
          <ns3:TrackPointExtension>
            <ns3:atemp>22.0</ns3:atemp>
            <ns3:hr>82</ns3:hr>
          </ns3:TrackPointExtension>
        </extensions>
      </trkpt>
      <trkpt lat="48.69913662783801555633544921875" lon="-1.82020001113414764404296875">
        <ele>-0.4000000059604644775390625</ele>
        <time>2026-08-22T16:07:13.000Z</time>
        <extensions>
          <ns3:TrackPointExtension>
            <ns3:atemp>22.0</ns3:atemp>
            <ns3:hr>79</ns3:hr>
          </ns3:TrackPointExtension>
        </extensions>
      </trkpt>
      <trkpt lat="48.699148111045360565185546875" lon="-1.8203755281865596771240234375">
        <ele>-0.4000000059604644775390625</ele>
        <time>2026-08-22T16:07:15.000Z</time>
        <extensions>
          <ns3:TrackPointExtension>
            <ns3:atemp>22.0</ns3:atemp>
            <ns3:hr>73</ns3:hr>
          </ns3:TrackPointExtension>
        </extensions>
      </trkpt>
      <trkpt lat="48.699162192642688751220703125" lon="-1.82054425589740276336669921875">
        <ele>-0.800000011920928955078125</ele>
        <time>2026-08-22T16:07:17.000Z</time>
        <extensions>
          <ns3:TrackPointExtension>
            <ns3:atemp>22.0</ns3:atemp>
            <ns3:hr>69</ns3:hr>
          </ns3:TrackPointExtension>
        </extensions>
      </trkpt>
      <trkpt lat="48.69919245131313800811767578125" lon="-1.820792444050312042236328125">
        <ele>-1</ele>
        <time>2026-08-22T16:07:20.000Z</time>
        <extensions>
          <ns3:TrackPointExtension>
            <ns3:atemp>22.0</ns3:atemp>
            <ns3:hr>68</ns3:hr>
          </ns3:TrackPointExtension>
        </extensions>
      </trkpt>
      <trkpt lat="48.69920812547206878662109375" lon="-1.82095907628536224365234375">
        <ele>-0.800000011920928955078125</ele>
        <time>2026-08-22T16:07:22.000Z</time>
        <extensions>
          <ns3:TrackPointExtension>
            <ns3:atemp>22.0</ns3:atemp>
            <ns3:hr>71</ns3:hr>
          </ns3:TrackPointExtension>
        </extensions>
      </trkpt>
      <trkpt lat="48.69921214878559112548828125" lon="-1.821043230593204498291015625">
        <ele>-0.800000011920928955078125</ele>
        <time>2026-08-22T16:07:23.000Z</time>
        <extensions>
          <ns3:TrackPointExtension>
            <ns3:atemp>22.0</ns3:atemp>
            <ns3:hr>77</ns3:hr>
          </ns3:TrackPointExtension>
        </extensions>
      </trkpt>
      <trkpt lat="48.69922011159360408782958984375" lon="-1.821126379072666168212890625">
        <ele>-0.800000011920928955078125</ele>
        <time>2026-08-22T16:07:24.000Z</time>
        <extensions>
          <ns3:TrackPointExtension>
            <ns3:atemp>22.0</ns3:atemp>
            <ns3:hr>81</ns3:hr>
          </ns3:TrackPointExtension>
        </extensions>
      </trkpt>
      <trkpt lat="48.69922497309744358062744140625" lon="-1.82121396996080875396728515625">
        <ele>-0.800000011920928955078125</ele>
        <time>2026-08-22T16:07:25.000Z</time>
        <extensions>
          <ns3:TrackPointExtension>
            <ns3:atemp>22.0</ns3:atemp>
            <ns3:hr>85</ns3:hr>
          </ns3:TrackPointExtension>
        </extensions>
      </trkpt>
      <trkpt lat="48.69922832585871219635009765625" lon="-1.821300722658634185791015625">
        <ele>-0.800000011920928955078125</ele>
        <time>2026-08-22T16:07:26.000Z</time>
        <extensions>
          <ns3:TrackPointExtension>
            <ns3:atemp>22.0</ns3:atemp>
            <ns3:hr>88</ns3:hr>
          </ns3:TrackPointExtension>
        </extensions>
      </trkpt>
      <trkpt lat="48.69922782294452190399169921875" lon="-1.8218346498906612396240234375">
        <ele>-1</ele>
        <time>2026-08-22T16:07:32.000Z</time>
        <extensions>
          <ns3:TrackPointExtension>
            <ns3:atemp>22.0</ns3:atemp>
            <ns3:hr>89</ns3:hr>
          </ns3:TrackPointExtension>
        </extensions>
      </trkpt>
      <trkpt lat="48.69922547601163387298583984375" lon="-1.821996085345745086669921875">
        <ele>-0.800000011920928955078125</ele>
        <time>2026-08-22T16:07:34.000Z</time>
        <extensions>
          <ns3:TrackPointExtension>
            <ns3:atemp>22.0</ns3:atemp>
            <ns3:hr>86</ns3:hr>
          </ns3:TrackPointExtension>
        </extensions>
      </trkpt>
      <trkpt lat="48.69924693368375301361083984375" lon="-1.8222906254231929779052734375">
        <ele>-0.800000011920928955078125</ele>
        <time>2026-08-22T16:07:38.000Z</time>
        <extensions>
          <ns3:TrackPointExtension>
            <ns3:atemp>22.0</ns3:atemp>
            <ns3:hr>85</ns3:hr>
          </ns3:TrackPointExtension>
        </extensions>
      </trkpt>
      <trkpt lat="48.6992733366787433624267578125" lon="-1.82245013304054737091064453125">
        <ele>-0.60000002384185791015625</ele>
        <time>2026-08-22T16:07:40.000Z</time>
        <extensions>
          <ns3:TrackPointExtension>
            <ns3:atemp>22.0</ns3:atemp>
            <ns3:hr>82</ns3:hr>
          </ns3:TrackPointExtension>
        </extensions>
      </trkpt>
      <trkpt lat="48.6992994882166385650634765625" lon="-1.82262565009295940399169921875">
        <ele>-0.800000011920928955078125</ele>
        <time>2026-08-22T16:07:42.000Z</time>
        <extensions>
          <ns3:TrackPointExtension>
            <ns3:atemp>22.0</ns3:atemp>
            <ns3:hr>79</ns3:hr>
          </ns3:TrackPointExtension>
        </extensions>
      </trkpt>
      <trkpt lat="48.69931809604167938232421875" lon="-1.8228171765804290771484375">
        <ele>-0.60000002384185791015625</ele>
        <time>2026-08-22T16:07:44.000Z</time>
        <extensions>
          <ns3:TrackPointExtension>
            <ns3:atemp>22.0</ns3:atemp>
            <ns3:hr>82</ns3:hr>
          </ns3:TrackPointExtension>
        </extensions>
      </trkpt>
      <trkpt lat="48.6993444152176380157470703125" lon="-1.8232957832515239715576171875">
        <ele>-0.60000002384185791015625</ele>
        <time>2026-08-22T16:07:49.000Z</time>
        <extensions>
          <ns3:TrackPointExtension>
            <ns3:atemp>22.0</ns3:atemp>
            <ns3:hr>85</ns3:hr>
          </ns3:TrackPointExtension>
        </extensions>
      </trkpt>
      <trkpt lat="48.69934248737990856170654296875" lon="-1.8233920074999332427978515625">
        <ele>-0.60000002384185791015625</ele>
        <time>2026-08-22T16:07:50.000Z</time>
        <extensions>
          <ns3:TrackPointExtension>
            <ns3:atemp>22.0</ns3:atemp>
            <ns3:hr>88</ns3:hr>
          </ns3:TrackPointExtension>
        </extensions>
      </trkpt>
      <trkpt lat="48.69934282265603542327880859375" lon="-1.82348764501512050628662109375">
        <ele>-0.60000002384185791015625</ele>
        <time>2026-08-22T16:07:51.000Z</time>
        <extensions>
          <ns3:TrackPointExtension>
            <ns3:atemp>22.0</ns3:atemp>
            <ns3:hr>89</ns3:hr>
          </ns3:TrackPointExtension>
        </extensions>
      </trkpt>
      <trkpt lat="48.69934366084635257720947265625" lon="-1.8235817737877368927001953125">
        <ele>-0.800000011920928955078125</ele>
        <time>2026-08-22T16:07:52.000Z</time>
        <extensions>
          <ns3:TrackPointExtension>
            <ns3:atemp>22.0</ns3:atemp>
            <ns3:hr>93</ns3:hr>
          </ns3:TrackPointExtension>
        </extensions>
      </trkpt>
      <trkpt lat="48.699342571198940277099609375" lon="-1.82367481291294097900390625">
        <ele>-0.60000002384185791015625</ele>
        <time>2026-08-22T16:07:53.000Z</time>
        <extensions>
          <ns3:TrackPointExtension>
            <ns3:atemp>22.0</ns3:atemp>
            <ns3:hr>96</ns3:hr>
          </ns3:TrackPointExtension>
        </extensions>
      </trkpt>
      <trkpt lat="48.69934198446571826934814453125" lon="-1.82377112098038196563720703125">
        <ele>-0.60000002384185791015625</ele>
        <time>2026-08-22T16:07:54.000Z</time>
        <extensions>
          <ns3:TrackPointExtension>
            <ns3:atemp>22.0</ns3:atemp>
            <ns3:hr>96</ns3:hr>
          </ns3:TrackPointExtension>
        </extensions>
      </trkpt>
      <trkpt lat="48.69932614266872406005859375" lon="-1.8240501545369625091552734375">
        <ele>-0.4000000059604644775390625</ele>
        <time>2026-08-22T16:07:57.000Z</time>
        <extensions>
          <ns3:TrackPointExtension>
            <ns3:atemp>22.0</ns3:atemp>
            <ns3:hr>94</ns3:hr>
          </ns3:TrackPointExtension>
        </extensions>
      </trkpt>
      <trkpt lat="48.69932086206972599029541015625" lon="-1.8241430260241031646728515625">
        <ele>-0.4000000059604644775390625</ele>
        <time>2026-08-22T16:07:58.000Z</time>
        <extensions>
          <ns3:TrackPointExtension>
            <ns3:atemp>22.0</ns3:atemp>
            <ns3:hr>93</ns3:hr>
          </ns3:TrackPointExtension>
        </extensions>
      </trkpt>
      <trkpt lat="48.6993199400603771209716796875" lon="-1.82430521585047245025634765625">
        <ele>-0.4000000059604644775390625</ele>
        <time>2026-08-22T16:08:00.000Z</time>
        <extensions>
          <ns3:TrackPointExtension>
            <ns3:atemp>22.0</ns3:atemp>
            <ns3:hr>96</ns3:hr>
          </ns3:TrackPointExtension>
        </extensions>
      </trkpt>
      <trkpt lat="48.69934919290244579315185546875" lon="-1.82452909648418426513671875">
        <ele>-0.60000002384185791015625</ele>
        <time>2026-08-22T16:08:03.000Z</time>
        <extensions>
          <ns3:TrackPointExtension>
            <ns3:atemp>22.0</ns3:atemp>
            <ns3:hr>93</ns3:hr>
          </ns3:TrackPointExtension>
        </extensions>
      </trkpt>
      <trkpt lat="48.69935858063399791717529296875" lon="-1.824601180851459503173828125">
        <ele>-0.60000002384185791015625</ele>
        <time>2026-08-22T16:08:04.000Z</time>
        <extensions>
          <ns3:TrackPointExtension>
            <ns3:atemp>22.0</ns3:atemp>
            <ns3:hr>90</ns3:hr>
          </ns3:TrackPointExtension>
        </extensions>
      </trkpt>
      <trkpt lat="48.69938557036221027374267578125" lon="-1.82476772926747798919677734375">
        <ele>-0.60000002384185791015625</ele>
        <time>2026-08-22T16:08:06.000Z</time>
        <extensions>
          <ns3:TrackPointExtension>
            <ns3:atemp>22.0</ns3:atemp>
            <ns3:hr>87</ns3:hr>
          </ns3:TrackPointExtension>
        </extensions>
      </trkpt>
      <trkpt lat="48.69941440410912036895751953125" lon="-1.82503963820636272430419921875">
        <ele>-0.60000002384185791015625</ele>
        <time>2026-08-22T16:08:09.000Z</time>
        <extensions>
          <ns3:TrackPointExtension>
            <ns3:atemp>22.0</ns3:atemp>
            <ns3:hr>87</ns3:hr>
          </ns3:TrackPointExtension>
        </extensions>
      </trkpt>
      <trkpt lat="48.69945648126304149627685546875" lon="-1.82551053352653980255126953125">
        <ele>-0.4000000059604644775390625</ele>
        <time>2026-08-22T16:08:15.000Z</time>
        <extensions>
          <ns3:TrackPointExtension>
            <ns3:atemp>22.0</ns3:atemp>
            <ns3:hr>86</ns3:hr>
          </ns3:TrackPointExtension>
        </extensions>
      </trkpt>
      <trkpt lat="48.69951498694717884063720703125" lon="-1.8260906450450420379638671875">
        <ele>-0.60000002384185791015625</ele>
        <time>2026-08-22T16:08:23.000Z</time>
        <extensions>
          <ns3:TrackPointExtension>
            <ns3:atemp>22.0</ns3:atemp>
            <ns3:hr>84</ns3:hr>
          </ns3:TrackPointExtension>
        </extensions>
      </trkpt>
      <trkpt lat="48.69954281486570835113525390625" lon="-1.82631050236523151397705078125">
        <ele>-0.4000000059604644775390625</ele>
        <time>2026-08-22T16:08:26.000Z</time>
        <extensions>
          <ns3:TrackPointExtension>
            <ns3:atemp>22.0</ns3:atemp>
            <ns3:hr>84</ns3:hr>
          </ns3:TrackPointExtension>
        </extensions>
      </trkpt>
      <trkpt lat="48.6995576508343219757080078125" lon="-1.82654133997857570648193359375">
        <ele>-0.60000002384185791015625</ele>
        <time>2026-08-22T16:08:29.000Z</time>
        <extensions>
          <ns3:TrackPointExtension>
            <ns3:atemp>22.0</ns3:atemp>
            <ns3:hr>87</ns3:hr>
          </ns3:TrackPointExtension>
        </extensions>
      </trkpt>
      <trkpt lat="48.69961556978523731231689453125" lon="-1.8270416557788848876953125">
        <ele>-0.60000002384185791015625</ele>
        <time>2026-08-22T16:08:36.000Z</time>
        <extensions>
          <ns3:TrackPointExtension>
            <ns3:atemp>22.0</ns3:atemp>
            <ns3:hr>85</ns3:hr>
          </ns3:TrackPointExtension>
        </extensions>
      </trkpt>
      <trkpt lat="48.69966485537588596343994140625" lon="-1.82733007706701755523681640625">
        <ele>-0.20000000298023223876953125</ele>
        <time>2026-08-22T16:08:40.000Z</time>
        <extensions>
          <ns3:TrackPointExtension>
            <ns3:atemp>22.0</ns3:atemp>
            <ns3:hr>87</ns3:hr>
          </ns3:TrackPointExtension>
        </extensions>
      </trkpt>
      <trkpt lat="48.69970031082630157470703125" lon="-1.82757415808737277984619140625">
        <ele>-0.20000000298023223876953125</ele>
        <time>2026-08-22T16:08:43.000Z</time>
        <extensions>
          <ns3:TrackPointExtension>
            <ns3:atemp>22.0</ns3:atemp>
            <ns3:hr>88</ns3:hr>
          </ns3:TrackPointExtension>
        </extensions>
      </trkpt>
      <trkpt lat="48.69970458559691905975341796875" lon="-1.8276594020426273345947265625">
        <ele>-0.20000000298023223876953125</ele>
        <time>2026-08-22T16:08:44.000Z</time>
        <extensions>
          <ns3:TrackPointExtension>
            <ns3:atemp>22.0</ns3:atemp>
            <ns3:hr>88</ns3:hr>
          </ns3:TrackPointExtension>
        </extensions>
      </trkpt>
      <trkpt lat="48.69972034357488155364990234375" lon="-1.8280510045588016510009765625">
        <ele>-0.20000000298023223876953125</ele>
        <time>2026-08-22T16:08:49.000Z</time>
        <extensions>
          <ns3:TrackPointExtension>
            <ns3:atemp>22.0</ns3:atemp>
            <ns3:hr>89</ns3:hr>
          </ns3:TrackPointExtension>
        </extensions>
      </trkpt>
      <trkpt lat="48.699735514819622039794921875" lon="-1.82812191545963287353515625">
        <ele>-0.20000000298023223876953125</ele>
        <time>2026-08-22T16:08:50.000Z</time>
        <extensions>
          <ns3:TrackPointExtension>
            <ns3:atemp>22.0</ns3:atemp>
            <ns3:hr>89</ns3:hr>
          </ns3:TrackPointExtension>
        </extensions>
      </trkpt>
      <trkpt lat="48.699768371880054473876953125" lon="-1.828276813030242919921875">
        <ele>-0.20000000298023223876953125</ele>
        <time>2026-08-22T16:08:52.000Z</time>
        <extensions>
          <ns3:TrackPointExtension>
            <ns3:atemp>22.0</ns3:atemp>
            <ns3:hr>88</ns3:hr>
          </ns3:TrackPointExtension>
        </extensions>
      </trkpt>
      <trkpt lat="48.69977968744933605194091796875" lon="-1.82835736311972141265869140625">
        <ele>-0.20000000298023223876953125</ele>
        <time>2026-08-22T16:08:53.000Z</time>
        <extensions>
          <ns3:TrackPointExtension>
            <ns3:atemp>22.0</ns3:atemp>
            <ns3:hr>88</ns3:hr>
          </ns3:TrackPointExtension>
        </extensions>
      </trkpt>
      <trkpt lat="48.6998500116169452667236328125" lon="-1.82885290123522281646728515625">
        <ele>-0.4000000059604644775390625</ele>
        <time>2026-08-22T16:08:59.000Z</time>
        <extensions>
          <ns3:TrackPointExtension>
            <ns3:atemp>22.0</ns3:atemp>
            <ns3:hr>89</ns3:hr>
          </ns3:TrackPointExtension>
        </extensions>
      </trkpt>
      <trkpt lat="48.6998513527214527130126953125" lon="-1.828940995037555694580078125">
        <ele>-0.20000000298023223876953125</ele>
        <time>2026-08-22T16:09:00.000Z</time>
        <extensions>
          <ns3:TrackPointExtension>
            <ns3:atemp>22.0</ns3:atemp>
            <ns3:hr>90</ns3:hr>
          </ns3:TrackPointExtension>
        </extensions>
      </trkpt>
      <trkpt lat="48.699857555329799652099609375" lon="-1.8291044421494007110595703125">
        <ele>-0.4000000059604644775390625</ele>
        <time>2026-08-22T16:09:02.000Z</time>
        <extensions>
          <ns3:TrackPointExtension>
            <ns3:atemp>22.0</ns3:atemp>
            <ns3:hr>93</ns3:hr>
          </ns3:TrackPointExtension>
        </extensions>
      </trkpt>
      <trkpt lat="48.69984976015985012054443359375" lon="-1.8293532170355319976806640625">
        <ele>-0.4000000059604644775390625</ele>
        <time>2026-08-22T16:09:05.000Z</time>
        <extensions>
          <ns3:TrackPointExtension>
            <ns3:atemp>22.0</ns3:atemp>
            <ns3:hr>96</ns3:hr>
          </ns3:TrackPointExtension>
        </extensions>
      </trkpt>
      <trkpt lat="48.69984540157020092010498046875" lon="-1.8294269777834415435791015625">
        <ele>-0.20000000298023223876953125</ele>
        <time>2026-08-22T16:09:06.000Z</time>
        <extensions>
          <ns3:TrackPointExtension>
            <ns3:atemp>22.0</ns3:atemp>
            <ns3:hr>98</ns3:hr>
          </ns3:TrackPointExtension>
        </extensions>
      </trkpt>
      <trkpt lat="48.69983081705868244171142578125" lon="-1.82975010015070438385009765625">
        <ele>-0.4000000059604644775390625</ele>
        <time>2026-08-22T16:09:10.000Z</time>
        <extensions>
          <ns3:TrackPointExtension>
            <ns3:atemp>22.0</ns3:atemp>
            <ns3:hr>95</ns3:hr>
          </ns3:TrackPointExtension>
        </extensions>
      </trkpt>
      <trkpt lat="48.6998309008777141571044921875" lon="-1.82983928360044956207275390625">
        <ele>-0.4000000059604644775390625</ele>
        <time>2026-08-22T16:09:11.000Z</time>
        <extensions>
          <ns3:TrackPointExtension>
            <ns3:atemp>22.0</ns3:atemp>
            <ns3:hr>94</ns3:hr>
          </ns3:TrackPointExtension>
        </extensions>
      </trkpt>
      <trkpt lat="48.69983199052512645721435546875" lon="-1.82993508875370025634765625">
        <ele>-0.20000000298023223876953125</ele>
        <time>2026-08-22T16:09:12.000Z</time>
        <extensions>
          <ns3:TrackPointExtension>
            <ns3:atemp>22.0</ns3:atemp>
            <ns3:hr>91</ns3:hr>
          </ns3:TrackPointExtension>
        </extensions>
      </trkpt>
      <trkpt lat="48.69983375072479248046875" lon="-1.8301261961460113525390625">
        <ele>-0.4000000059604644775390625</ele>
        <time>2026-08-22T16:09:14.000Z</time>
        <extensions>
          <ns3:TrackPointExtension>
            <ns3:atemp>22.0</ns3:atemp>
            <ns3:hr>88</ns3:hr>
          </ns3:TrackPointExtension>
        </extensions>
      </trkpt>
      <trkpt lat="48.6998225189745426177978515625" lon="-1.83040087111294269561767578125">
        <ele>-0.4000000059604644775390625</ele>
        <time>2026-08-22T16:09:17.000Z</time>
        <extensions>
          <ns3:TrackPointExtension>
            <ns3:atemp>22.0</ns3:atemp>
            <ns3:hr>86</ns3:hr>
          </ns3:TrackPointExtension>
        </extensions>
      </trkpt>
      <trkpt lat="48.699799887835979461669921875" lon="-1.83088048361241817474365234375">
        <ele>-0.4000000059604644775390625</ele>
        <time>2026-08-22T16:09:23.000Z</time>
        <extensions>
          <ns3:TrackPointExtension>
            <ns3:atemp>22.0</ns3:atemp>
            <ns3:hr>86</ns3:hr>
          </ns3:TrackPointExtension>
        </extensions>
      </trkpt>
      <trkpt lat="48.69981941767036914825439453125" lon="-1.8313648737967014312744140625">
        <ele>-0.60000002384185791015625</ele>
        <time>2026-08-22T16:09:30.000Z</time>
        <extensions>
          <ns3:TrackPointExtension>
            <ns3:atemp>22.0</ns3:atemp>
            <ns3:hr>87</ns3:hr>
          </ns3:TrackPointExtension>
        </extensions>
      </trkpt>
      <trkpt lat="48.69982235133647918701171875" lon="-1.83144517242908477783203125">
        <ele>-0.800000011920928955078125</ele>
        <time>2026-08-22T16:09:31.000Z</time>
        <extensions>
          <ns3:TrackPointExtension>
            <ns3:atemp>22.0</ns3:atemp>
            <ns3:hr>90</ns3:hr>
          </ns3:TrackPointExtension>
        </extensions>
      </trkpt>
      <trkpt lat="48.69982645846903324127197265625" lon="-1.8316830508410930633544921875">
        <ele>-0.60000002384185791015625</ele>
        <time>2026-08-22T16:09:34.000Z</time>
        <extensions>
          <ns3:TrackPointExtension>
            <ns3:atemp>22.0</ns3:atemp>
            <ns3:hr>87</ns3:hr>
          </ns3:TrackPointExtension>
        </extensions>
      </trkpt>
      <trkpt lat="48.6998163163661956787109375" lon="-1.831847839057445526123046875">
        <ele>-0.4000000059604644775390625</ele>
        <time>2026-08-22T16:09:36.000Z</time>
        <extensions>
          <ns3:TrackPointExtension>
            <ns3:atemp>22.0</ns3:atemp>
            <ns3:hr>84</ns3:hr>
          </ns3:TrackPointExtension>
        </extensions>
      </trkpt>
      <trkpt lat="48.69980030693113803863525390625" lon="-1.831928305327892303466796875">
        <ele>-0.4000000059604644775390625</ele>
        <time>2026-08-22T16:09:37.000Z</time>
        <extensions>
          <ns3:TrackPointExtension>
            <ns3:atemp>22.0</ns3:atemp>
            <ns3:hr>81</ns3:hr>
          </ns3:TrackPointExtension>
        </extensions>
      </trkpt>
      <trkpt lat="48.69978739880025386810302734375" lon="-1.8320099450647830963134765625">
        <ele>-0.20000000298023223876953125</ele>
        <time>2026-08-22T16:09:38.000Z</time>
        <extensions>
          <ns3:TrackPointExtension>
            <ns3:atemp>22.0</ns3:atemp>
            <ns3:hr>78</ns3:hr>
          </ns3:TrackPointExtension>
        </extensions>
      </trkpt>
      <trkpt lat="48.69977164082229137420654296875" lon="-1.83213642798364162445068359375">
        <ele>-0.20000000298023223876953125</ele>
        <time>2026-08-22T16:09:40.000Z</time>
        <extensions>
          <ns3:TrackPointExtension>
            <ns3:atemp>22.0</ns3:atemp>
            <ns3:hr>75</ns3:hr>
          </ns3:TrackPointExtension>
        </extensions>
      </trkpt>
      <trkpt lat="48.6997648514807224273681640625" lon="-1.832202561199665069580078125">
        <ele>-0.20000000298023223876953125</ele>
        <time>2026-08-22T16:09:41.000Z</time>
        <extensions>
          <ns3:TrackPointExtension>
            <ns3:atemp>22.0</ns3:atemp>
            <ns3:hr>75</ns3:hr>
          </ns3:TrackPointExtension>
        </extensions>
      </trkpt>
      <trkpt lat="48.69975420646369457244873046875" lon="-1.83253423310816287994384765625">
        <ele>-0.4000000059604644775390625</ele>
        <time>2026-08-22T16:09:46.000Z</time>
        <extensions>
          <ns3:TrackPointExtension>
            <ns3:atemp>22.0</ns3:atemp>
            <ns3:hr>75</ns3:hr>
          </ns3:TrackPointExtension>
        </extensions>
      </trkpt>
      <trkpt lat="48.699728138744831085205078125" lon="-1.83297662995755672454833984375">
        <ele>-0.20000000298023223876953125</ele>
        <time>2026-08-22T16:09:52.000Z</time>
        <extensions>
          <ns3:TrackPointExtension>
            <ns3:atemp>22.0</ns3:atemp>
            <ns3:hr>79</ns3:hr>
          </ns3:TrackPointExtension>
        </extensions>
      </trkpt>
      <trkpt lat="48.6997197568416595458984375" lon="-1.83305324055254459381103515625">
        <ele>-0.20000000298023223876953125</ele>
        <time>2026-08-22T16:09:53.000Z</time>
        <extensions>
          <ns3:TrackPointExtension>
            <ns3:atemp>22.0</ns3:atemp>
            <ns3:hr>77</ns3:hr>
          </ns3:TrackPointExtension>
        </extensions>
      </trkpt>
      <trkpt lat="48.69964138604700565338134765625" lon="-1.83356101624667644500732421875">
        <ele>-0.4000000059604644775390625</ele>
        <time>2026-08-22T16:09:59.000Z</time>
        <extensions>
          <ns3:TrackPointExtension>
            <ns3:atemp>22.0</ns3:atemp>
            <ns3:hr>78</ns3:hr>
          </ns3:TrackPointExtension>
        </extensions>
      </trkpt>
      <trkpt lat="48.69960785843431949615478515625" lon="-1.833694539964199066162109375">
        <ele>-0.4000000059604644775390625</ele>
        <time>2026-08-22T16:10:01.000Z</time>
        <extensions>
          <ns3:TrackPointExtension>
            <ns3:atemp>22.0</ns3:atemp>
            <ns3:hr>79</ns3:hr>
          </ns3:TrackPointExtension>
        </extensions>
      </trkpt>
      <trkpt lat="48.69958053342998027801513671875" lon="-1.83390651829540729522705078125">
        <ele>-0.4000000059604644775390625</ele>
        <time>2026-08-22T16:10:04.000Z</time>
        <extensions>
          <ns3:TrackPointExtension>
            <ns3:atemp>22.0</ns3:atemp>
            <ns3:hr>79</ns3:hr>
          </ns3:TrackPointExtension>
        </extensions>
      </trkpt>
      <trkpt lat="48.6995549686253070831298828125" lon="-1.83411799371242523193359375">
        <ele>-0.4000000059604644775390625</ele>
        <time>2026-08-22T16:10:07.000Z</time>
        <extensions>
          <ns3:TrackPointExtension>
            <ns3:atemp>22.0</ns3:atemp>
            <ns3:hr>82</ns3:hr>
          </ns3:TrackPointExtension>
        </extensions>
      </trkpt>
      <trkpt lat="48.69951314292848110198974609375" lon="-1.834399960935115814208984375">
        <ele>-0.20000000298023223876953125</ele>
        <time>2026-08-22T16:10:11.000Z</time>
        <extensions>
          <ns3:TrackPointExtension>
            <ns3:atemp>23.0</ns3:atemp>
            <ns3:hr>81</ns3:hr>
          </ns3:TrackPointExtension>
        </extensions>
      </trkpt>
      <trkpt lat="48.6994822137057781219482421875" lon="-1.83452225290238857269287109375">
        <ele>-0.20000000298023223876953125</ele>
        <time>2026-08-22T16:10:13.000Z</time>
        <extensions>
          <ns3:TrackPointExtension>
            <ns3:atemp>22.0</ns3:atemp>
            <ns3:hr>81</ns3:hr>
          </ns3:TrackPointExtension>
        </extensions>
      </trkpt>
      <trkpt lat="48.69945111684501171112060546875" lon="-1.834782175719738006591796875">
        <ele>-0.20000000298023223876953125</ele>
        <time>2026-08-22T16:10:17.000Z</time>
        <extensions>
          <ns3:TrackPointExtension>
            <ns3:atemp>23.0</ns3:atemp>
            <ns3:hr>82</ns3:hr>
          </ns3:TrackPointExtension>
        </extensions>
      </trkpt>
      <trkpt lat="48.69943837635219097137451171875" lon="-1.8348960019648075103759765625">
        <ele>-0.20000000298023223876953125</ele>
        <time>2026-08-22T16:10:19.000Z</time>
        <extensions>
          <ns3:TrackPointExtension>
            <ns3:atemp>23.0</ns3:atemp>
            <ns3:hr>77</ns3:hr>
          </ns3:TrackPointExtension>
        </extensions>
      </trkpt>
      <trkpt lat="48.6994319222867488861083984375" lon="-1.8349486403167247772216796875">
        <ele>-0.20000000298023223876953125</ele>
        <time>2026-08-22T16:10:20.000Z</time>
        <extensions>
          <ns3:TrackPointExtension>
            <ns3:atemp>22.0</ns3:atemp>
            <ns3:hr>72</ns3:hr>
          </ns3:TrackPointExtension>
        </extensions>
      </trkpt>
      <trkpt lat="48.69942538440227508544921875" lon="-1.835022903978824615478515625">
        <ele>-0.20000000298023223876953125</ele>
        <time>2026-08-22T16:10:21.000Z</time>
        <extensions>
          <ns3:TrackPointExtension>
            <ns3:atemp>23.0</ns3:atemp>
            <ns3:hr>65</ns3:hr>
          </ns3:TrackPointExtension>
        </extensions>
      </trkpt>
      <trkpt lat="48.69940618984401226043701171875" lon="-1.83520722202956676483154296875">
        <ele>-0.4000000059604644775390625</ele>
        <time>2026-08-22T16:10:24.000Z</time>
        <extensions>
          <ns3:TrackPointExtension>
            <ns3:atemp>23.0</ns3:atemp>
            <ns3:hr>64</ns3:hr>
          </ns3:TrackPointExtension>
        </extensions>
      </trkpt>
      <trkpt lat="48.69941599667072296142578125" lon="-1.8353435955941677093505859375">
        <ele>0</ele>
        <time>2026-08-22T16:10:26.000Z</time>
        <extensions>
          <ns3:TrackPointExtension>
            <ns3:atemp>23.0</ns3:atemp>
            <ns3:hr>61</ns3:hr>
          </ns3:TrackPointExtension>
        </extensions>
      </trkpt>
      <trkpt lat="48.69945597834885120391845703125" lon="-1.8355749361217021942138671875">
        <ele>0.4000000059604644775390625</ele>
        <time>2026-08-22T16:10:29.000Z</time>
        <extensions>
          <ns3:TrackPointExtension>
            <ns3:atemp>23.0</ns3:atemp>
            <ns3:hr>60</ns3:hr>
          </ns3:TrackPointExtension>
        </extensions>
      </trkpt>
      <trkpt lat="48.69952688924968242645263671875" lon="-1.83605161495506763458251953125">
        <ele>0.60000002384185791015625</ele>
        <time>2026-08-22T16:10:35.000Z</time>
        <extensions>
          <ns3:TrackPointExtension>
            <ns3:atemp>23.0</ns3:atemp>
            <ns3:hr>62</ns3:hr>
          </ns3:TrackPointExtension>
        </extensions>
      </trkpt>
      <trkpt lat="48.699546419084072113037109375" lon="-1.83622327633202075958251953125">
        <ele>0.800000011920928955078125</ele>
        <time>2026-08-22T16:10:37.000Z</time>
        <extensions>
          <ns3:TrackPointExtension>
            <ns3:atemp>23.0</ns3:atemp>
            <ns3:hr>64</ns3:hr>
          </ns3:TrackPointExtension>
        </extensions>
      </trkpt>
      <trkpt lat="48.69956351816654205322265625" lon="-1.836408264935016632080078125">
        <ele>0.800000011920928955078125</ele>
        <time>2026-08-22T16:10:39.000Z</time>
        <extensions>
          <ns3:TrackPointExtension>
            <ns3:atemp>23.0</ns3:atemp>
            <ns3:hr>64</ns3:hr>
          </ns3:TrackPointExtension>
        </extensions>
      </trkpt>
      <trkpt lat="48.69957030750811100006103515625" lon="-1.83650256134569644927978515625">
        <ele>0.60000002384185791015625</ele>
        <time>2026-08-22T16:10:40.000Z</time>
        <extensions>
          <ns3:TrackPointExtension>
            <ns3:atemp>23.0</ns3:atemp>
            <ns3:hr>65</ns3:hr>
          </ns3:TrackPointExtension>
        </extensions>
      </trkpt>
      <trkpt lat="48.69957298971712589263916015625" lon="-1.83707755990326404571533203125">
        <ele>0.60000002384185791015625</ele>
        <time>2026-08-22T16:10:46.000Z</time>
        <extensions>
          <ns3:TrackPointExtension>
            <ns3:atemp>23.0</ns3:atemp>
            <ns3:hr>69</ns3:hr>
          </ns3:TrackPointExtension>
        </extensions>
      </trkpt>
      <trkpt lat="48.69956879876554012298583984375" lon="-1.83717571198940277099609375">
        <ele>0.60000002384185791015625</ele>
        <time>2026-08-22T16:10:47.000Z</time>
        <extensions>
          <ns3:TrackPointExtension>
            <ns3:atemp>23.0</ns3:atemp>
            <ns3:hr>69</ns3:hr>
          </ns3:TrackPointExtension>
        </extensions>
      </trkpt>
      <trkpt lat="48.69955413043498992919921875" lon="-1.83739297091960906982421875">
        <ele>0.4000000059604644775390625</ele>
        <time>2026-08-22T16:10:49.000Z</time>
        <extensions>
          <ns3:TrackPointExtension>
            <ns3:atemp>23.0</ns3:atemp>
            <ns3:hr>72</ns3:hr>
          </ns3:TrackPointExtension>
        </extensions>
      </trkpt>
      <trkpt lat="48.69954801164567470550537109375" lon="-1.83749514631927013397216796875">
        <ele>0.20000000298023223876953125</ele>
        <time>2026-08-22T16:10:50.000Z</time>
        <extensions>
          <ns3:TrackPointExtension>
            <ns3:atemp>23.0</ns3:atemp>
            <ns3:hr>74</ns3:hr>
          </ns3:TrackPointExtension>
        </extensions>
      </trkpt>
      <trkpt lat="48.6995418928563594818115234375" lon="-1.83759623207151889801025390625">
        <ele>0.20000000298023223876953125</ele>
        <time>2026-08-22T16:10:51.000Z</time>
        <extensions>
          <ns3:TrackPointExtension>
            <ns3:atemp>23.0</ns3:atemp>
            <ns3:hr>75</ns3:hr>
          </ns3:TrackPointExtension>
        </extensions>
      </trkpt>
      <trkpt lat="48.69952102191746234893798828125" lon="-1.83778029866516590118408203125">
        <ele>0</ele>
        <time>2026-08-22T16:10:53.000Z</time>
        <extensions>
          <ns3:TrackPointExtension>
            <ns3:atemp>23.0</ns3:atemp>
            <ns3:hr>78</ns3:hr>
          </ns3:TrackPointExtension>
        </extensions>
      </trkpt>
      <trkpt lat="48.69949889369308948516845703125" lon="-1.8379486910998821258544921875">
        <ele>-0.20000000298023223876953125</ele>
        <time>2026-08-22T16:10:55.000Z</time>
        <extensions>
          <ns3:TrackPointExtension>
            <ns3:atemp>23.0</ns3:atemp>
            <ns3:hr>80</ns3:hr>
          </ns3:TrackPointExtension>
        </extensions>
      </trkpt>
      <trkpt lat="48.6995078623294830322265625" lon="-1.838175170123577117919921875">
        <ele>0.20000000298023223876953125</ele>
        <time>2026-08-22T16:10:58.000Z</time>
        <extensions>
          <ns3:TrackPointExtension>
            <ns3:atemp>23.0</ns3:atemp>
            <ns3:hr>83</ns3:hr>
          </ns3:TrackPointExtension>
        </extensions>
      </trkpt>
      <trkpt lat="48.69952655397355556488037109375" lon="-1.8383335880935192108154296875">
        <ele>0.4000000059604644775390625</ele>
        <time>2026-08-22T16:11:00.000Z</time>
        <extensions>
          <ns3:TrackPointExtension>
            <ns3:atemp>23.0</ns3:atemp>
            <ns3:hr>84</ns3:hr>
          </ns3:TrackPointExtension>
        </extensions>
      </trkpt>
      <trkpt lat="48.69953309185802936553955078125" lon="-1.8384107016026973724365234375">
        <ele>0.60000002384185791015625</ele>
        <time>2026-08-22T16:11:01.000Z</time>
        <extensions>
          <ns3:TrackPointExtension>
            <ns3:atemp>23.0</ns3:atemp>
            <ns3:hr>84</ns3:hr>
          </ns3:TrackPointExtension>
        </extensions>
      </trkpt>
      <trkpt lat="48.69956812821328639984130859375" lon="-1.83875394053757190704345703125">
        <ele>0.4000000059604644775390625</ele>
        <time>2026-08-22T16:11:05.000Z</time>
        <extensions>
          <ns3:TrackPointExtension>
            <ns3:atemp>23.0</ns3:atemp>
            <ns3:hr>86</ns3:hr>
          </ns3:TrackPointExtension>
        </extensions>
      </trkpt>
      <trkpt lat="48.69958321563899517059326171875" lon="-1.8390014581382274627685546875">
        <ele>0.20000000298023223876953125</ele>
        <time>2026-08-22T16:11:08.000Z</time>
        <extensions>
          <ns3:TrackPointExtension>
            <ns3:atemp>23.0</ns3:atemp>
            <ns3:hr>87</ns3:hr>
          </ns3:TrackPointExtension>
        </extensions>
      </trkpt>
      <trkpt lat="48.69956544600427150726318359375" lon="-1.8391912244260311126708984375">
        <ele>0</ele>
        <time>2026-08-22T16:11:10.000Z</time>
        <extensions>
          <ns3:TrackPointExtension>
            <ns3:atemp>23.0</ns3:atemp>
            <ns3:hr>86</ns3:hr>
          </ns3:TrackPointExtension>
        </extensions>
      </trkpt>
      <trkpt lat="48.699559159576892852783203125" lon="-1.839279234409332275390625">
        <ele>0</ele>
        <time>2026-08-22T16:11:11.000Z</time>
        <extensions>
          <ns3:TrackPointExtension>
            <ns3:atemp>23.0</ns3:atemp>
            <ns3:hr>85</ns3:hr>
          </ns3:TrackPointExtension>
        </extensions>
      </trkpt>
      <trkpt lat="48.69953133165836334228515625" lon="-1.8396431766450405120849609375">
        <ele>-0.20000000298023223876953125</ele>
        <time>2026-08-22T16:11:15.000Z</time>
        <extensions>
          <ns3:TrackPointExtension>
            <ns3:atemp>23.0</ns3:atemp>
            <ns3:hr>83</ns3:hr>
          </ns3:TrackPointExtension>
        </extensions>
      </trkpt>
      <trkpt lat="48.69952269829809665679931640625" lon="-1.8397360481321811676025390625">
        <ele>-0.4000000059604644775390625</ele>
        <time>2026-08-22T16:11:16.000Z</time>
        <extensions>
          <ns3:TrackPointExtension>
            <ns3:atemp>23.0</ns3:atemp>
            <ns3:hr>83</ns3:hr>
          </ns3:TrackPointExtension>
        </extensions>
      </trkpt>
      <trkpt lat="48.6994791962206363677978515625" lon="-1.8400341086089611053466796875">
        <ele>-0.4000000059604644775390625</ele>
        <time>2026-08-22T16:11:20.000Z</time>
        <extensions>
          <ns3:TrackPointExtension>
            <ns3:atemp>23.0</ns3:atemp>
            <ns3:hr>82</ns3:hr>
          </ns3:TrackPointExtension>
        </extensions>
      </trkpt>
      <trkpt lat="48.69945430196821689605712890625" lon="-1.84023477137088775634765625">
        <ele>-0.4000000059604644775390625</ele>
        <time>2026-08-22T16:11:24.000Z</time>
        <extensions>
          <ns3:TrackPointExtension>
            <ns3:atemp>23.0</ns3:atemp>
            <ns3:hr>79</ns3:hr>
          </ns3:TrackPointExtension>
        </extensions>
      </trkpt>
      <trkpt lat="48.69945178739726543426513671875" lon="-1.84029235504567623138427734375">
        <ele>-0.4000000059604644775390625</ele>
        <time>2026-08-22T16:11:25.000Z</time>
        <extensions>
          <ns3:TrackPointExtension>
            <ns3:atemp>23.0</ns3:atemp>
            <ns3:hr>76</ns3:hr>
          </ns3:TrackPointExtension>
        </extensions>
      </trkpt>
      <trkpt lat="48.69945011101663112640380859375" lon="-1.8403553031384944915771484375">
        <ele>-0.20000000298023223876953125</ele>
        <time>2026-08-22T16:11:26.000Z</time>
        <extensions>
          <ns3:TrackPointExtension>
            <ns3:atemp>23.0</ns3:atemp>
            <ns3:hr>73</ns3:hr>
          </ns3:TrackPointExtension>
        </extensions>
      </trkpt>
      <trkpt lat="48.6994419805705547332763671875" lon="-1.84042663313448429107666015625">
        <ele>-0.20000000298023223876953125</ele>
        <time>2026-08-22T16:11:27.000Z</time>
        <extensions>
          <ns3:TrackPointExtension>
            <ns3:atemp>23.0</ns3:atemp>
            <ns3:hr>78</ns3:hr>
          </ns3:TrackPointExtension>
        </extensions>
      </trkpt>
      <trkpt lat="48.69944105856120586395263671875" lon="-1.84051145799458026885986328125">
        <ele>0</ele>
        <time>2026-08-22T16:11:28.000Z</time>
        <extensions>
          <ns3:TrackPointExtension>
            <ns3:atemp>23.0</ns3:atemp>
            <ns3:hr>85</ns3:hr>
          </ns3:TrackPointExtension>
        </extensions>
      </trkpt>
      <trkpt lat="48.69944022037088871002197265625" lon="-1.84060047380626201629638671875">
        <ele>0.20000000298023223876953125</ele>
        <time>2026-08-22T16:11:29.000Z</time>
        <extensions>
          <ns3:TrackPointExtension>
            <ns3:atemp>23.0</ns3:atemp>
            <ns3:hr>89</ns3:hr>
          </ns3:TrackPointExtension>
        </extensions>
      </trkpt>
      <trkpt lat="48.699429742991924285888671875" lon="-1.8409068323671817779541015625">
        <ele>0.4000000059604644775390625</ele>
        <time>2026-08-22T16:11:32.000Z</time>
        <extensions>
          <ns3:TrackPointExtension>
            <ns3:atemp>23.0</ns3:atemp>
            <ns3:hr>93</ns3:hr>
          </ns3:TrackPointExtension>
        </extensions>
      </trkpt>
      <trkpt lat="48.69941423647105693817138671875" lon="-1.84111059643328189849853515625">
        <ele>0.20000000298023223876953125</ele>
        <time>2026-08-22T16:11:34.000Z</time>
        <extensions>
          <ns3:TrackPointExtension>
            <ns3:atemp>23.0</ns3:atemp>
            <ns3:hr>96</ns3:hr>
          </ns3:TrackPointExtension>
        </extensions>
      </trkpt>
      <trkpt lat="48.69939747266471385955810546875" lon="-1.84157051146030426025390625">
        <ele>0</ele>
        <time>2026-08-22T16:11:39.000Z</time>
        <extensions>
          <ns3:TrackPointExtension>
            <ns3:atemp>23.0</ns3:atemp>
            <ns3:hr>99</ns3:hr>
          </ns3:TrackPointExtension>
        </extensions>
      </trkpt>
      <trkpt lat="48.69936897419393062591552734375" lon="-1.8420444242656230926513671875">
        <ele>0.20000000298023223876953125</ele>
        <time>2026-08-22T16:11:44.000Z</time>
        <extensions>
          <ns3:TrackPointExtension>
            <ns3:atemp>23.0</ns3:atemp>
            <ns3:hr>99</ns3:hr>
          </ns3:TrackPointExtension>
        </extensions>
      </trkpt>
      <trkpt lat="48.6993273161351680755615234375" lon="-1.842378862202167510986328125">
        <ele>-0.20000000298023223876953125</ele>
        <time>2026-08-22T16:11:48.000Z</time>
        <extensions>
          <ns3:TrackPointExtension>
            <ns3:atemp>23.0</ns3:atemp>
            <ns3:hr>95</ns3:hr>
          </ns3:TrackPointExtension>
        </extensions>
      </trkpt>
      <trkpt lat="48.69930803775787353515625" lon="-1.8425211869180202484130859375">
        <ele>-0.4000000059604644775390625</ele>
        <time>2026-08-22T16:11:50.000Z</time>
        <extensions>
          <ns3:TrackPointExtension>
            <ns3:atemp>23.0</ns3:atemp>
            <ns3:hr>95</ns3:hr>
          </ns3:TrackPointExtension>
        </extensions>
      </trkpt>
      <trkpt lat="48.6992575787007808685302734375" lon="-1.8427756614983081817626953125">
        <ele>-0.60000002384185791015625</ele>
        <time>2026-08-22T16:11:54.000Z</time>
        <extensions>
          <ns3:TrackPointExtension>
            <ns3:atemp>23.0</ns3:atemp>
            <ns3:hr>99</ns3:hr>
          </ns3:TrackPointExtension>
        </extensions>
      </trkpt>
      <trkpt lat="48.69923762977123260498046875" lon="-1.842895857989788055419921875">
        <ele>-0.60000002384185791015625</ele>
        <time>2026-08-22T16:11:56.000Z</time>
        <extensions>
          <ns3:TrackPointExtension>
            <ns3:atemp>23.0</ns3:atemp>
            <ns3:hr>102</ns3:hr>
          </ns3:TrackPointExtension>
        </extensions>
      </trkpt>
      <trkpt lat="48.69923293590545654296875" lon="-1.842956207692623138427734375">
        <ele>-0.60000002384185791015625</ele>
        <time>2026-08-22T16:11:57.000Z</time>
        <extensions>
          <ns3:TrackPointExtension>
            <ns3:atemp>23.0</ns3:atemp>
            <ns3:hr>103</ns3:hr>
          </ns3:TrackPointExtension>
        </extensions>
      </trkpt>
      <trkpt lat="48.699231259524822235107421875" lon="-1.84309274889528751373291015625">
        <ele>-0.60000002384185791015625</ele>
        <time>2026-08-22T16:11:59.000Z</time>
        <extensions>
          <ns3:TrackPointExtension>
            <ns3:atemp>23.0</ns3:atemp>
            <ns3:hr>106</ns3:hr>
          </ns3:TrackPointExtension>
        </extensions>
      </trkpt>
      <trkpt lat="48.69922195561230182647705078125" lon="-1.84323557652533054351806640625">
        <ele>-0.60000002384185791015625</ele>
        <time>2026-08-22T16:12:01.000Z</time>
        <extensions>
          <ns3:TrackPointExtension>
            <ns3:atemp>23.0</ns3:atemp>
            <ns3:hr>109</ns3:hr>
          </ns3:TrackPointExtension>
        </extensions>
      </trkpt>
      <trkpt lat="48.69920787401497364044189453125" lon="-1.84342919848859310150146484375">
        <ele>-0.60000002384185791015625</ele>
        <time>2026-08-22T16:12:04.000Z</time>
        <extensions>
          <ns3:TrackPointExtension>
            <ns3:atemp>23.0</ns3:atemp>
            <ns3:hr>101</ns3:hr>
          </ns3:TrackPointExtension>
        </extensions>
      </trkpt>
      <trkpt lat="48.69919982738792896270751953125" lon="-1.8435085751116275787353515625">
        <ele>-0.60000002384185791015625</ele>
        <time>2026-08-22T16:12:05.000Z</time>
        <extensions>
          <ns3:TrackPointExtension>
            <ns3:atemp>23.0</ns3:atemp>
            <ns3:hr>97</ns3:hr>
          </ns3:TrackPointExtension>
        </extensions>
      </trkpt>
      <trkpt lat="48.6991994082927703857421875" lon="-1.843572445213794708251953125">
        <ele>-0.60000002384185791015625</ele>
        <time>2026-08-22T16:12:06.000Z</time>
        <extensions>
          <ns3:TrackPointExtension>
            <ns3:atemp>23.0</ns3:atemp>
            <ns3:hr>93</ns3:hr>
          </ns3:TrackPointExtension>
        </extensions>
      </trkpt>
      <trkpt lat="48.6991985701024532318115234375" lon="-1.8436453677713871002197265625">
        <ele>-0.60000002384185791015625</ele>
        <time>2026-08-22T16:12:07.000Z</time>
        <extensions>
          <ns3:TrackPointExtension>
            <ns3:atemp>23.0</ns3:atemp>
            <ns3:hr>93</ns3:hr>
          </ns3:TrackPointExtension>
        </extensions>
      </trkpt>
      <trkpt lat="48.6991885118186473846435546875" lon="-1.843779645860195159912109375">
        <ele>-0.20000000298023223876953125</ele>
        <time>2026-08-22T16:12:09.000Z</time>
        <extensions>
          <ns3:TrackPointExtension>
            <ns3:atemp>23.0</ns3:atemp>
            <ns3:hr>97</ns3:hr>
          </ns3:TrackPointExtension>
        </extensions>
      </trkpt>
      <trkpt lat="48.69917551986873149871826171875" lon="-1.84383890591561794281005859375">
        <ele>-0.4000000059604644775390625</ele>
        <time>2026-08-22T16:12:10.000Z</time>
        <extensions>
          <ns3:TrackPointExtension>
            <ns3:atemp>23.0</ns3:atemp>
            <ns3:hr>100</ns3:hr>
          </ns3:TrackPointExtension>
        </extensions>
      </trkpt>
      <trkpt lat="48.69917803443968296051025390625" lon="-1.84390327893197536468505859375">
        <ele>-0.20000000298023223876953125</ele>
        <time>2026-08-22T16:12:11.000Z</time>
        <extensions>
          <ns3:TrackPointExtension>
            <ns3:atemp>23.0</ns3:atemp>
            <ns3:hr>102</ns3:hr>
          </ns3:TrackPointExtension>
        </extensions>
      </trkpt>
      <trkpt lat="48.6991814710199832916259765625" lon="-1.8440326116979122161865234375">
        <ele>-0.20000000298023223876953125</ele>
        <time>2026-08-22T16:12:13.000Z</time>
        <extensions>
          <ns3:TrackPointExtension>
            <ns3:atemp>23.0</ns3:atemp>
            <ns3:hr>105</ns3:hr>
          </ns3:TrackPointExtension>
        </extensions>
      </trkpt>
      <trkpt lat="48.69917459785938262939453125" lon="-1.84417937882244586944580078125">
        <ele>-0.20000000298023223876953125</ele>
        <time>2026-08-22T16:12:15.000Z</time>
        <extensions>
          <ns3:TrackPointExtension>
            <ns3:atemp>23.0</ns3:atemp>
            <ns3:hr>102</ns3:hr>
          </ns3:TrackPointExtension>
        </extensions>
      </trkpt>
      <trkpt lat="48.69916965253651142120361328125" lon="-1.8442525528371334075927734375">
        <ele>-0.20000000298023223876953125</ele>
        <time>2026-08-22T16:12:16.000Z</time>
        <extensions>
          <ns3:TrackPointExtension>
            <ns3:atemp>23.0</ns3:atemp>
            <ns3:hr>100</ns3:hr>
          </ns3:TrackPointExtension>
        </extensions>
      </trkpt>
      <trkpt lat="48.69916210882365703582763671875" lon="-1.84431885369122028350830078125">
        <ele>-0.20000000298023223876953125</ele>
        <time>2026-08-22T16:12:17.000Z</time>
        <extensions>
          <ns3:TrackPointExtension>
            <ns3:atemp>23.0</ns3:atemp>
            <ns3:hr>99</ns3:hr>
          </ns3:TrackPointExtension>
        </extensions>
      </trkpt>
      <trkpt lat="48.6991462670266628265380859375" lon="-1.84456142596900463104248046875">
        <ele>-0.20000000298023223876953125</ele>
        <time>2026-08-22T16:12:21.000Z</time>
        <extensions>
          <ns3:TrackPointExtension>
            <ns3:atemp>23.0</ns3:atemp>
            <ns3:hr>98</ns3:hr>
          </ns3:TrackPointExtension>
        </extensions>
      </trkpt>
      <trkpt lat="48.69918826036155223846435546875" lon="-1.84479628689587116241455078125">
        <ele>0.20000000298023223876953125</ele>
        <time>2026-08-22T16:12:25.000Z</time>
        <extensions>
          <ns3:TrackPointExtension>
            <ns3:atemp>23.0</ns3:atemp>
            <ns3:hr>95</ns3:hr>
          </ns3:TrackPointExtension>
        </extensions>
      </trkpt>
      <trkpt lat="48.69920569472014904022216796875" lon="-1.844918914139270782470703125">
        <ele>0.60000002384185791015625</ele>
        <time>2026-08-22T16:12:27.000Z</time>
        <extensions>
          <ns3:TrackPointExtension>
            <ns3:atemp>23.0</ns3:atemp>
            <ns3:hr>95</ns3:hr>
          </ns3:TrackPointExtension>
        </extensions>
      </trkpt>
      <trkpt lat="48.6992103047668933868408203125" lon="-1.84504330158233642578125">
        <ele>0.4000000059604644775390625</ele>
        <time>2026-08-22T16:12:29.000Z</time>
        <extensions>
          <ns3:TrackPointExtension>
            <ns3:atemp>23.0</ns3:atemp>
            <ns3:hr>102</ns3:hr>
          </ns3:TrackPointExtension>
        </extensions>
      </trkpt>
      <trkpt lat="48.69921147823333740234375" lon="-1.84509954415261745452880859375">
        <ele>0.4000000059604644775390625</ele>
        <time>2026-08-22T16:12:30.000Z</time>
        <extensions>
          <ns3:TrackPointExtension>
            <ns3:atemp>23.0</ns3:atemp>
            <ns3:hr>106</ns3:hr>
          </ns3:TrackPointExtension>
        </extensions>
      </trkpt>
      <trkpt lat="48.6992072872817516326904296875" lon="-1.84516064822673797607421875">
        <ele>0.20000000298023223876953125</ele>
        <time>2026-08-22T16:12:31.000Z</time>
        <extensions>
          <ns3:TrackPointExtension>
            <ns3:atemp>23.0</ns3:atemp>
            <ns3:hr>107</ns3:hr>
          </ns3:TrackPointExtension>
        </extensions>
      </trkpt>
      <trkpt lat="48.69920007884502410888671875" lon="-1.84522577561438083648681640625">
        <ele>0</ele>
        <time>2026-08-22T16:12:32.000Z</time>
        <extensions>
          <ns3:TrackPointExtension>
            <ns3:atemp>23.0</ns3:atemp>
            <ns3:hr>107</ns3:hr>
          </ns3:TrackPointExtension>
        </extensions>
      </trkpt>
      <trkpt lat="48.699144758284091949462890625" lon="-1.8455071561038494110107421875">
        <ele>-0.20000000298023223876953125</ele>
        <time>2026-08-22T16:12:37.000Z</time>
        <extensions>
          <ns3:TrackPointExtension>
            <ns3:atemp>23.0</ns3:atemp>
            <ns3:hr>107</ns3:hr>
          </ns3:TrackPointExtension>
        </extensions>
      </trkpt>
      <trkpt lat="48.6991268210113048553466796875" lon="-1.845606230199337005615234375">
        <ele>-0.20000000298023223876953125</ele>
        <time>2026-08-22T16:12:39.000Z</time>
        <extensions>
          <ns3:TrackPointExtension>
            <ns3:atemp>23.0</ns3:atemp>
            <ns3:hr>102</ns3:hr>
          </ns3:TrackPointExtension>
        </extensions>
      </trkpt>
      <trkpt lat="48.69911667890846729278564453125" lon="-1.84569709002971649169921875">
        <ele>-0.20000000298023223876953125</ele>
        <time>2026-08-22T16:12:41.000Z</time>
        <extensions>
          <ns3:TrackPointExtension>
            <ns3:atemp>23.0</ns3:atemp>
            <ns3:hr>98</ns3:hr>
          </ns3:TrackPointExtension>
        </extensions>
      </trkpt>
      <trkpt lat="48.699095137417316436767578125" lon="-1.845795325934886932373046875">
        <ele>-0.4000000059604644775390625</ele>
        <time>2026-08-22T16:12:43.000Z</time>
        <extensions>
          <ns3:TrackPointExtension>
            <ns3:atemp>23.0</ns3:atemp>
            <ns3:hr>95</ns3:hr>
          </ns3:TrackPointExtension>
        </extensions>
      </trkpt>
      <trkpt lat="48.699081055819988250732421875" lon="-1.8458437733352184295654296875">
        <ele>-0.4000000059604644775390625</ele>
        <time>2026-08-22T16:12:44.000Z</time>
        <extensions>
          <ns3:TrackPointExtension>
            <ns3:atemp>23.0</ns3:atemp>
            <ns3:hr>94</ns3:hr>
          </ns3:TrackPointExtension>
        </extensions>
      </trkpt>
      <trkpt lat="48.699030093848705291748046875" lon="-1.8460077233612537384033203125">
        <ele>-0.60000002384185791015625</ele>
        <time>2026-08-22T16:12:48.000Z</time>
        <extensions>
          <ns3:TrackPointExtension>
            <ns3:atemp>23.0</ns3:atemp>
            <ns3:hr>91</ns3:hr>
          </ns3:TrackPointExtension>
        </extensions>
      </trkpt>
      <trkpt lat="48.69899665005505084991455078125" lon="-1.8461173586547374725341796875">
        <ele>-0.20000000298023223876953125</ele>
        <time>2026-08-22T16:12:51.000Z</time>
        <extensions>
          <ns3:TrackPointExtension>
            <ns3:atemp>23.0</ns3:atemp>
            <ns3:hr>90</ns3:hr>
          </ns3:TrackPointExtension>
        </extensions>
      </trkpt>
      <trkpt lat="48.6989638768136501312255859375" lon="-1.8463151715695858001708984375">
        <ele>0</ele>
        <time>2026-08-22T16:12:56.000Z</time>
        <extensions>
          <ns3:TrackPointExtension>
            <ns3:atemp>23.0</ns3:atemp>
            <ns3:hr>87</ns3:hr>
          </ns3:TrackPointExtension>
        </extensions>
      </trkpt>
      <trkpt lat="48.698961026966571807861328125" lon="-1.84636672027409076690673828125">
        <ele>0</ele>
        <time>2026-08-22T16:12:57.000Z</time>
        <extensions>
          <ns3:TrackPointExtension>
            <ns3:atemp>23.0</ns3:atemp>
            <ns3:hr>86</ns3:hr>
          </ns3:TrackPointExtension>
        </extensions>
      </trkpt>
      <trkpt lat="48.6989700794219970703125" lon="-1.846542321145534515380859375">
        <ele>-1</ele>
        <time>2026-08-22T16:13:02.000Z</time>
        <extensions>
          <ns3:TrackPointExtension>
            <ns3:atemp>23.0</ns3:atemp>
            <ns3:hr>86</ns3:hr>
          </ns3:TrackPointExtension>
        </extensions>
      </trkpt>
      <trkpt lat="48.69898105971515178680419921875" lon="-1.84669009409844875335693359375">
        <ele>-0.60000002384185791015625</ele>
        <time>2026-08-22T16:13:08.000Z</time>
        <extensions>
          <ns3:TrackPointExtension>
            <ns3:atemp>23.0</ns3:atemp>
            <ns3:hr>89</ns3:hr>
          </ns3:TrackPointExtension>
        </extensions>
      </trkpt>
      <trkpt lat="48.6989866755902767181396484375" lon="-1.8467208556830883026123046875">
        <ele>-0.60000002384185791015625</ele>
        <time>2026-08-22T16:13:09.000Z</time>
        <extensions>
          <ns3:TrackPointExtension>
            <ns3:atemp>23.0</ns3:atemp>
            <ns3:hr>89</ns3:hr>
          </ns3:TrackPointExtension>
        </extensions>
      </trkpt>
      <trkpt lat="48.699017353355884552001953125" lon="-1.8469297327101230621337890625">
        <ele>-1.2000000476837158203125</ele>
        <time>2026-08-22T16:13:16.000Z</time>
        <extensions>
          <ns3:TrackPointExtension>
            <ns3:atemp>23.0</ns3:atemp>
            <ns3:hr>91</ns3:hr>
          </ns3:TrackPointExtension>
        </extensions>
      </trkpt>
      <trkpt lat="48.699058257043361663818359375" lon="-1.8471689522266387939453125">
        <ele>-1</ele>
        <time>2026-08-22T16:13:23.000Z</time>
        <extensions>
          <ns3:TrackPointExtension>
            <ns3:atemp>23.0</ns3:atemp>
            <ns3:hr>92</ns3:hr>
          </ns3:TrackPointExtension>
        </extensions>
      </trkpt>
      <trkpt lat="48.69909807108342647552490234375" lon="-1.84747598133981227874755859375">
        <ele>-0.60000002384185791015625</ele>
        <time>2026-08-22T16:13:31.000Z</time>
        <extensions>
          <ns3:TrackPointExtension>
            <ns3:atemp>23.0</ns3:atemp>
            <ns3:hr>91</ns3:hr>
          </ns3:TrackPointExtension>
        </extensions>
      </trkpt>
      <trkpt lat="48.699126653373241424560546875" lon="-1.8476405180990695953369140625">
        <ele>-0.800000011920928955078125</ele>
        <time>2026-08-22T16:13:37.000Z</time>
        <extensions>
          <ns3:TrackPointExtension>
            <ns3:atemp>23.0</ns3:atemp>
            <ns3:hr>88</ns3:hr>
          </ns3:TrackPointExtension>
        </extensions>
      </trkpt>
      <trkpt lat="48.69913562200963497161865234375" lon="-1.847658455371856689453125">
        <ele>-0.60000002384185791015625</ele>
        <time>2026-08-22T16:13:38.000Z</time>
        <extensions>
          <ns3:TrackPointExtension>
            <ns3:atemp>23.0</ns3:atemp>
            <ns3:hr>88</ns3:hr>
          </ns3:TrackPointExtension>
        </extensions>
      </trkpt>
      <trkpt lat="48.69916026480495929718017578125" lon="-1.84777303598821163177490234375">
        <ele>-0.60000002384185791015625</ele>
        <time>2026-08-22T16:13:42.000Z</time>
        <extensions>
          <ns3:TrackPointExtension>
            <ns3:atemp>23.0</ns3:atemp>
            <ns3:hr>86</ns3:hr>
          </ns3:TrackPointExtension>
        </extensions>
      </trkpt>
      <trkpt lat="48.6991694010794162750244140625" lon="-1.84784780256450176239013671875">
        <ele>-0.4000000059604644775390625</ele>
        <time>2026-08-22T16:13:44.000Z</time>
        <extensions>
          <ns3:TrackPointExtension>
            <ns3:atemp>23.0</ns3:atemp>
            <ns3:hr>84</ns3:hr>
          </ns3:TrackPointExtension>
        </extensions>
      </trkpt>
      <trkpt lat="48.6991781182587146759033203125" lon="-1.84793799184262752532958984375">
        <ele>-0.4000000059604644775390625</ele>
        <time>2026-08-22T16:13:46.000Z</time>
        <extensions>
          <ns3:TrackPointExtension>
            <ns3:atemp>23.0</ns3:atemp>
            <ns3:hr>78</ns3:hr>
          </ns3:TrackPointExtension>
        </extensions>
      </trkpt>
      <trkpt lat="48.69918356649577617645263671875" lon="-1.84797453694045543670654296875">
        <ele>-0.20000000298023223876953125</ele>
        <time>2026-08-22T16:13:47.000Z</time>
        <extensions>
          <ns3:TrackPointExtension>
            <ns3:atemp>23.0</ns3:atemp>
            <ns3:hr>75</ns3:hr>
          </ns3:TrackPointExtension>
        </extensions>
      </trkpt>
      <trkpt lat="48.69919261895120143890380859375" lon="-1.84801342897117137908935546875">
        <ele>-0.20000000298023223876953125</ele>
        <time>2026-08-22T16:13:48.000Z</time>
        <extensions>
          <ns3:TrackPointExtension>
            <ns3:atemp>23.0</ns3:atemp>
            <ns3:hr>69</ns3:hr>
          </ns3:TrackPointExtension>
        </extensions>
      </trkpt>
      <trkpt lat="48.6992092989385128021240234375" lon="-1.84807428158819675445556640625">
        <ele>0</ele>
        <time>2026-08-22T16:13:51.000Z</time>
        <extensions>
          <ns3:TrackPointExtension>
            <ns3:atemp>23.0</ns3:atemp>
            <ns3:hr>67</ns3:hr>
          </ns3:TrackPointExtension>
        </extensions>
      </trkpt>
      <trkpt lat="48.69920535944402217864990234375" lon="-1.84818928129971027374267578125">
        <ele>-1</ele>
        <time>2026-08-22T16:13:57.000Z</time>
        <extensions>
          <ns3:TrackPointExtension>
            <ns3:atemp>23.0</ns3:atemp>
            <ns3:hr>69</ns3:hr>
          </ns3:TrackPointExtension>
        </extensions>
      </trkpt>
      <trkpt lat="48.699205107986927032470703125" lon="-1.8482178635895252227783203125">
        <ele>-1.2000000476837158203125</ele>
        <time>2026-08-22T16:13:58.000Z</time>
        <extensions>
          <ns3:TrackPointExtension>
            <ns3:atemp>23.0</ns3:atemp>
            <ns3:hr>73</ns3:hr>
          </ns3:TrackPointExtension>
        </extensions>
      </trkpt>
      <trkpt lat="48.6991985701024532318115234375" lon="-1.84824652969837188720703125">
        <ele>-1.60000002384185791015625</ele>
        <time>2026-08-22T16:13:59.000Z</time>
        <extensions>
          <ns3:TrackPointExtension>
            <ns3:atemp>23.0</ns3:atemp>
            <ns3:hr>73</ns3:hr>
          </ns3:TrackPointExtension>
        </extensions>
      </trkpt>
      <trkpt lat="48.69921751320362091064453125" lon="-1.848468147218227386474609375">
        <ele>-1.39999997615814208984375</ele>
        <time>2026-08-22T16:14:03.000Z</time>
        <extensions>
          <ns3:TrackPointExtension>
            <ns3:atemp>23.0</ns3:atemp>
            <ns3:hr>72</ns3:hr>
          </ns3:TrackPointExtension>
        </extensions>
      </trkpt>
      <trkpt lat="48.6992235481739044189453125" lon="-1.84851206839084625244140625">
        <ele>-1.39999997615814208984375</ele>
        <time>2026-08-22T16:14:04.000Z</time>
        <extensions>
          <ns3:TrackPointExtension>
            <ns3:atemp>23.0</ns3:atemp>
            <ns3:hr>75</ns3:hr>
          </ns3:TrackPointExtension>
        </extensions>
      </trkpt>
      <trkpt lat="48.699231930077075958251953125" lon="-1.84854936785995960235595703125">
        <ele>-1.39999997615814208984375</ele>
        <time>2026-08-22T16:14:05.000Z</time>
        <extensions>
          <ns3:TrackPointExtension>
            <ns3:atemp>23.0</ns3:atemp>
            <ns3:hr>78</ns3:hr>
          </ns3:TrackPointExtension>
        </extensions>
      </trkpt>
      <trkpt lat="48.69924165308475494384765625" lon="-1.848582811653614044189453125">
        <ele>-1.39999997615814208984375</ele>
        <time>2026-08-22T16:14:06.000Z</time>
        <extensions>
          <ns3:TrackPointExtension>
            <ns3:atemp>23.0</ns3:atemp>
            <ns3:hr>84</ns3:hr>
          </ns3:TrackPointExtension>
        </extensions>
      </trkpt>
      <trkpt lat="48.69924928061664104461669921875" lon="-1.8485985696315765380859375">
        <ele>-1.39999997615814208984375</ele>
        <time>2026-08-22T16:14:07.000Z</time>
        <extensions>
          <ns3:TrackPointExtension>
            <ns3:atemp>23.0</ns3:atemp>
            <ns3:hr>91</ns3:hr>
          </ns3:TrackPointExtension>
        </extensions>
      </trkpt>
      <trkpt lat="48.69925414212048053741455078125" lon="-1.84862245805561542510986328125">
        <ele>-1.39999997615814208984375</ele>
        <time>2026-08-22T16:14:08.000Z</time>
        <extensions>
          <ns3:TrackPointExtension>
            <ns3:atemp>23.0</ns3:atemp>
            <ns3:hr>96</ns3:hr>
          </ns3:TrackPointExtension>
        </extensions>
      </trkpt>
      <trkpt lat="48.6992595903575420379638671875" lon="-1.8486476875841617584228515625">
        <ele>-1.39999997615814208984375</ele>
        <time>2026-08-22T16:14:09.000Z</time>
        <extensions>
          <ns3:TrackPointExtension>
            <ns3:atemp>23.0</ns3:atemp>
            <ns3:hr>100</ns3:hr>
          </ns3:TrackPointExtension>
        </extensions>
      </trkpt>
      <trkpt lat="48.6992756836116313934326171875" lon="-1.848658584058284759521484375">
        <ele>-1.39999997615814208984375</ele>
        <time>2026-08-22T16:14:10.000Z</time>
        <extensions>
          <ns3:TrackPointExtension>
            <ns3:atemp>23.0</ns3:atemp>
            <ns3:hr>102</ns3:hr>
          </ns3:TrackPointExtension>
        </extensions>
      </trkpt>
      <trkpt lat="48.69926981627941131591796875" lon="-1.84865732677280902862548828125">
        <ele>-1.2000000476837158203125</ele>
        <time>2026-08-22T16:14:13.000Z</time>
        <extensions>
          <ns3:TrackPointExtension>
            <ns3:atemp>23.0</ns3:atemp>
            <ns3:hr>103</ns3:hr>
          </ns3:TrackPointExtension>
        </extensions>
      </trkpt>
      <trkpt lat="48.69928917847573757171630859375" lon="-1.84871264733374118804931640625">
        <ele>-0.60000002384185791015625</ele>
        <time>2026-08-22T16:14:18.000Z</time>
        <extensions>
          <ns3:TrackPointExtension>
            <ns3:atemp>23.0</ns3:atemp>
            <ns3:hr>104</ns3:hr>
          </ns3:TrackPointExtension>
        </extensions>
      </trkpt>
      <trkpt lat="48.699296973645687103271484375" lon="-1.84871725738048553466796875">
        <ele>-0.4000000059604644775390625</ele>
        <time>2026-08-22T16:14:19.000Z</time>
        <extensions>
          <ns3:TrackPointExtension>
            <ns3:atemp>23.0</ns3:atemp>
            <ns3:hr>104</ns3:hr>
          </ns3:TrackPointExtension>
        </extensions>
      </trkpt>
      <trkpt lat="48.69930946268141269683837890625" lon="-1.84876612387597560882568359375">
        <ele>-0.20000000298023223876953125</ele>
        <time>2026-08-22T16:14:23.000Z</time>
        <extensions>
          <ns3:TrackPointExtension>
            <ns3:atemp>23.0</ns3:atemp>
            <ns3:hr>100</ns3:hr>
          </ns3:TrackPointExtension>
        </extensions>
      </trkpt>
      <trkpt lat="48.6993259750306606292724609375" lon="-1.848788671195507049560546875">
        <ele>-0.20000000298023223876953125</ele>
        <time>2026-08-22T16:14:25.000Z</time>
        <extensions>
          <ns3:TrackPointExtension>
            <ns3:atemp>23.0</ns3:atemp>
            <ns3:hr>97</ns3:hr>
          </ns3:TrackPointExtension>
        </extensions>
      </trkpt>
      <trkpt lat="48.69933276437222957611083984375" lon="-1.8487997353076934814453125">
        <ele>-0.20000000298023223876953125</ele>
        <time>2026-08-22T16:14:26.000Z</time>
        <extensions>
          <ns3:TrackPointExtension>
            <ns3:atemp>23.0</ns3:atemp>
            <ns3:hr>94</ns3:hr>
          </ns3:TrackPointExtension>
        </extensions>
      </trkpt>
      <trkpt lat="48.699375092983245849609375" lon="-1.8488585762679576873779296875">
        <ele>0.20000000298023223876953125</ele>
        <time>2026-08-22T16:14:32.000Z</time>
        <extensions>
          <ns3:TrackPointExtension>
            <ns3:atemp>23.0</ns3:atemp>
            <ns3:hr>95</ns3:hr>
          </ns3:TrackPointExtension>
        </extensions>
      </trkpt>
      <trkpt lat="48.69937836192548274993896484375" lon="-1.84882731176912784576416015625">
        <ele>0.20000000298023223876953125</ele>
        <time>2026-08-22T16:14:39.000Z</time>
        <extensions>
          <ns3:TrackPointExtension>
            <ns3:atemp>23.0</ns3:atemp>
            <ns3:hr>93</ns3:hr>
          </ns3:TrackPointExtension>
        </extensions>
      </trkpt>
      <trkpt lat="48.69937685318291187286376953125" lon="-1.84881649911403656005859375">
        <ele>-0.4000000059604644775390625</ele>
        <time>2026-08-22T16:14:45.000Z</time>
        <extensions>
          <ns3:TrackPointExtension>
            <ns3:atemp>23.0</ns3:atemp>
            <ns3:hr>96</ns3:hr>
          </ns3:TrackPointExtension>
        </extensions>
      </trkpt>
      <trkpt lat="48.69938272051513195037841796875" lon="-1.848808787763118743896484375">
        <ele>-0.60000002384185791015625</ele>
        <time>2026-08-22T16:14:46.000Z</time>
        <extensions>
          <ns3:TrackPointExtension>
            <ns3:atemp>23.0</ns3:atemp>
            <ns3:hr>98</ns3:hr>
          </ns3:TrackPointExtension>
        </extensions>
      </trkpt>
      <trkpt lat="48.69937350042164325714111328125" lon="-1.848814487457275390625">
        <ele>-0.800000011920928955078125</ele>
        <time>2026-08-22T16:14:52.000Z</time>
        <extensions>
          <ns3:TrackPointExtension>
            <ns3:atemp>23.0</ns3:atemp>
            <ns3:hr>95</ns3:hr>
          </ns3:TrackPointExtension>
        </extensions>
      </trkpt>
      <trkpt lat="48.6993729136884212493896484375" lon="-1.84881574474275112152099609375">
        <ele>-0.60000002384185791015625</ele>
        <time>2026-08-22T16:14:53.000Z</time>
        <extensions>
          <ns3:TrackPointExtension>
            <ns3:atemp>23.0</ns3:atemp>
            <ns3:hr>94</ns3:hr>
          </ns3:TrackPointExtension>
        </extensions>
      </trkpt>
      <trkpt lat="48.699375092983245849609375" lon="-1.84882395900785923004150390625">
        <ele>0</ele>
        <time>2026-08-22T16:14:59.000Z</time>
        <extensions>
          <ns3:TrackPointExtension>
            <ns3:atemp>22.0</ns3:atemp>
            <ns3:hr>91</ns3:hr>
          </ns3:TrackPointExtension>
        </extensions>
      </trkpt>
      <trkpt lat="48.69937132112681865692138671875" lon="-1.84882747940719127655029296875">
        <ele>0.60000002384185791015625</ele>
        <time>2026-08-22T16:15:01.000Z</time>
        <extensions>
          <ns3:TrackPointExtension>
            <ns3:atemp>23.0</ns3:atemp>
            <ns3:hr>87</ns3:hr>
          </ns3:TrackPointExtension>
        </extensions>
      </trkpt>
      <trkpt lat="48.69937199167907238006591796875" lon="-1.848820857703685760498046875">
        <ele>0.60000002384185791015625</ele>
        <time>2026-08-22T16:15:02.000Z</time>
        <extensions>
          <ns3:TrackPointExtension>
            <ns3:atemp>23.0</ns3:atemp>
            <ns3:hr>85</ns3:hr>
          </ns3:TrackPointExtension>
        </extensions>
      </trkpt>
      <trkpt lat="48.69937182404100894927978515625" lon="-1.848814487457275390625">
        <ele>1</ele>
        <time>2026-08-22T16:15:05.000Z</time>
        <extensions>
          <ns3:TrackPointExtension>
            <ns3:atemp>23.0</ns3:atemp>
            <ns3:hr>85</ns3:hr>
          </ns3:TrackPointExtension>
        </extensions>
      </trkpt>
      <trkpt lat="48.69935774244368076324462890625" lon="-1.84880350716412067413330078125">
        <ele>-0.4000000059604644775390625</ele>
        <time>2026-08-22T16:15:10.000Z</time>
        <extensions>
          <ns3:TrackPointExtension>
            <ns3:atemp>23.0</ns3:atemp>
            <ns3:hr>86</ns3:hr>
          </ns3:TrackPointExtension>
        </extensions>
      </trkpt>
      <trkpt lat="48.69935698807239532470703125" lon="-1.8488037586212158203125">
        <ele>-0.60000002384185791015625</ele>
        <time>2026-08-22T16:15:12.000Z</time>
        <extensions>
          <ns3:TrackPointExtension>
            <ns3:atemp>23.0</ns3:atemp>
            <ns3:hr>90</ns3:hr>
          </ns3:TrackPointExtension>
        </extensions>
      </trkpt>
      <trkpt lat="48.6993534676730632781982421875" lon="-1.84879898093640804290771484375">
        <ele>-0.4000000059604644775390625</ele>
        <time>2026-08-22T16:15:15.000Z</time>
        <extensions>
          <ns3:TrackPointExtension>
            <ns3:atemp>22.0</ns3:atemp>
            <ns3:hr>87</ns3:hr>
          </ns3:TrackPointExtension>
        </extensions>
      </trkpt>
      <trkpt lat="48.69936528615653514862060546875" lon="-1.84877065010368824005126953125">
        <ele>-0.20000000298023223876953125</ele>
        <time>2026-08-22T16:15:21.000Z</time>
        <extensions>
          <ns3:TrackPointExtension>
            <ns3:atemp>23.0</ns3:atemp>
            <ns3:hr>88</ns3:hr>
          </ns3:TrackPointExtension>
        </extensions>
      </trkpt>
      <trkpt lat="48.6993869952857494354248046875" lon="-1.84875975362956523895263671875">
        <ele>-0.4000000059604644775390625</ele>
        <time>2026-08-22T16:15:26.000Z</time>
        <extensions>
          <ns3:TrackPointExtension>
            <ns3:atemp>23.0</ns3:atemp>
            <ns3:hr>87</ns3:hr>
          </ns3:TrackPointExtension>
        </extensions>
      </trkpt>
      <trkpt lat="48.69938942603766918182373046875" lon="-1.84875086881220340728759765625">
        <ele>-0.4000000059604644775390625</ele>
        <time>2026-08-22T16:15:29.000Z</time>
        <extensions>
          <ns3:TrackPointExtension>
            <ns3:atemp>23.0</ns3:atemp>
            <ns3:hr>84</ns3:hr>
          </ns3:TrackPointExtension>
        </extensions>
      </trkpt>
      <trkpt lat="48.6993893422186374664306640625" lon="-1.848757155239582061767578125">
        <ele>-0.4000000059604644775390625</ele>
        <time>2026-08-22T16:15:30.000Z</time>
        <extensions>
          <ns3:TrackPointExtension>
            <ns3:atemp>23.0</ns3:atemp>
            <ns3:hr>78</ns3:hr>
          </ns3:TrackPointExtension>
        </extensions>
      </trkpt>
      <trkpt lat="48.6993906833231449127197265625" lon="-1.84876612387597560882568359375">
        <ele>-0.4000000059604644775390625</ele>
        <time>2026-08-22T16:15:31.000Z</time>
        <extensions>
          <ns3:TrackPointExtension>
            <ns3:atemp>23.0</ns3:atemp>
            <ns3:hr>75</ns3:hr>
          </ns3:TrackPointExtension>
        </extensions>
      </trkpt>
      <trkpt lat="48.69939059950411319732666015625" lon="-1.8487734161317348480224609375">
        <ele>-0.4000000059604644775390625</ele>
        <time>2026-08-22T16:15:32.000Z</time>
        <extensions>
          <ns3:TrackPointExtension>
            <ns3:atemp>23.0</ns3:atemp>
            <ns3:hr>75</ns3:hr>
          </ns3:TrackPointExtension>
        </extensions>
      </trkpt>
      <trkpt lat="48.6993856541812419891357421875" lon="-1.848779283463954925537109375">
        <ele>-0.20000000298023223876953125</ele>
        <time>2026-08-22T16:15:34.000Z</time>
        <extensions>
          <ns3:TrackPointExtension>
            <ns3:atemp>23.0</ns3:atemp>
            <ns3:hr>69</ns3:hr>
          </ns3:TrackPointExtension>
        </extensions>
      </trkpt>
      <trkpt lat="48.69938406161963939666748046875" lon="-1.84878339059650897979736328125">
        <ele>-0.20000000298023223876953125</ele>
        <time>2026-08-22T16:15:35.000Z</time>
        <extensions>
          <ns3:TrackPointExtension>
            <ns3:atemp>23.0</ns3:atemp>
            <ns3:hr>65</ns3:hr>
          </ns3:TrackPointExtension>
        </extensions>
      </trkpt>
      <trkpt lat="48.6993896774947643280029296875" lon="-1.84879059903323650360107421875">
        <ele>-0.4000000059604644775390625</ele>
        <time>2026-08-22T16:15:37.000Z</time>
        <extensions>
          <ns3:TrackPointExtension>
            <ns3:atemp>23.0</ns3:atemp>
            <ns3:hr>62</ns3:hr>
          </ns3:TrackPointExtension>
        </extensions>
      </trkpt>
      <trkpt lat="48.699392192065715789794921875" lon="-1.84879177249968051910400390625">
        <ele>-0.60000002384185791015625</ele>
        <time>2026-08-22T16:15:38.000Z</time>
        <extensions>
          <ns3:TrackPointExtension>
            <ns3:atemp>23.0</ns3:atemp>
            <ns3:hr>59</ns3:hr>
          </ns3:TrackPointExtension>
        </extensions>
      </trkpt>
      <trkpt lat="48.69939059950411319732666015625" lon="-1.84879445470869541168212890625">
        <ele>-0.60000002384185791015625</ele>
        <time>2026-08-22T16:15:39.000Z</time>
        <extensions>
          <ns3:TrackPointExtension>
            <ns3:atemp>23.0</ns3:atemp>
            <ns3:hr>59</ns3:hr>
          </ns3:TrackPointExtension>
        </extensions>
      </trkpt>
      <trkpt lat="48.69939529336988925933837890625" lon="-1.8487895093858242034912109375">
        <ele>-0.4000000059604644775390625</ele>
        <time>2026-08-22T16:15:42.000Z</time>
        <extensions>
          <ns3:TrackPointExtension>
            <ns3:atemp>23.0</ns3:atemp>
            <ns3:hr>59</ns3:hr>
          </ns3:TrackPointExtension>
        </extensions>
      </trkpt>
      <trkpt lat="48.69939764030277729034423828125" lon="-1.848796047270298004150390625">
        <ele>-0.4000000059604644775390625</ele>
        <time>2026-08-22T16:15:46.000Z</time>
        <extensions>
          <ns3:TrackPointExtension>
            <ns3:atemp>23.0</ns3:atemp>
            <ns3:hr>62</ns3:hr>
          </ns3:TrackPointExtension>
        </extensions>
      </trkpt>
      <trkpt lat="48.6993992328643798828125" lon="-1.8487921915948390960693359375">
        <ele>-0.4000000059604644775390625</ele>
        <time>2026-08-22T16:15:49.000Z</time>
        <extensions>
          <ns3:TrackPointExtension>
            <ns3:atemp>23.0</ns3:atemp>
            <ns3:hr>63</ns3:hr>
          </ns3:TrackPointExtension>
        </extensions>
      </trkpt>
      <trkpt lat="48.69941289536654949188232421875" lon="-1.848790347576141357421875">
        <ele>-0.4000000059604644775390625</ele>
        <time>2026-08-22T16:15:57.000Z</time>
        <extensions>
          <ns3:TrackPointExtension>
            <ns3:atemp>23.0</ns3:atemp>
            <ns3:hr>62</ns3:hr>
          </ns3:TrackPointExtension>
        </extensions>
      </trkpt>
      <trkpt lat="48.69939185678958892822265625" lon="-1.84877182357013225555419921875">
        <ele>-0.4000000059604644775390625</ele>
        <time>2026-08-22T16:16:01.000Z</time>
        <extensions>
          <ns3:TrackPointExtension>
            <ns3:atemp>23.0</ns3:atemp>
            <ns3:hr>65</ns3:hr>
          </ns3:TrackPointExtension>
        </extensions>
      </trkpt>
      <trkpt lat="48.69939076714217662811279296875" lon="-1.84877417050302028656005859375">
        <ele>-0.60000002384185791015625</ele>
        <time>2026-08-22T16:16:02.000Z</time>
        <extensions>
          <ns3:TrackPointExtension>
            <ns3:atemp>23.0</ns3:atemp>
            <ns3:hr>68</ns3:hr>
          </ns3:TrackPointExtension>
        </extensions>
      </trkpt>
      <trkpt lat="48.6993859894573688507080078125" lon="-1.84878556989133358001708984375">
        <ele>-0.60000002384185791015625</ele>
        <time>2026-08-22T16:16:03.000Z</time>
        <extensions>
          <ns3:TrackPointExtension>
            <ns3:atemp>23.0</ns3:atemp>
            <ns3:hr>71</ns3:hr>
          </ns3:TrackPointExtension>
        </extensions>
      </trkpt>
      <trkpt lat="48.69938691146671772003173828125" lon="-1.84877869673073291778564453125">
        <ele>-0.60000002384185791015625</ele>
        <time>2026-08-22T16:16:04.000Z</time>
        <extensions>
          <ns3:TrackPointExtension>
            <ns3:atemp>23.0</ns3:atemp>
            <ns3:hr>71</ns3:hr>
          </ns3:TrackPointExtension>
        </extensions>
      </trkpt>
      <trkpt lat="48.699388839304447174072265625" lon="-1.8487680517137050628662109375">
        <ele>-0.60000002384185791015625</ele>
        <time>2026-08-22T16:16:06.000Z</time>
        <extensions>
          <ns3:TrackPointExtension>
            <ns3:atemp>23.0</ns3:atemp>
            <ns3:hr>75</ns3:hr>
          </ns3:TrackPointExtension>
        </extensions>
      </trkpt>
      <trkpt lat="48.6993839778006076812744140625" lon="-1.8487610109150409698486328125">
        <ele>-0.60000002384185791015625</ele>
        <time>2026-08-22T16:16:08.000Z</time>
        <extensions>
          <ns3:TrackPointExtension>
            <ns3:atemp>23.0</ns3:atemp>
            <ns3:hr>78</ns3:hr>
          </ns3:TrackPointExtension>
        </extensions>
      </trkpt>
      <trkpt lat="48.69938272051513195037841796875" lon="-1.848755814135074615478515625">
        <ele>-0.60000002384185791015625</ele>
        <time>2026-08-22T16:16:10.000Z</time>
        <extensions>
          <ns3:TrackPointExtension>
            <ns3:atemp>23.0</ns3:atemp>
            <ns3:hr>79</ns3:hr>
          </ns3:TrackPointExtension>
        </extensions>
      </trkpt>
      <trkpt lat="48.69938992895185947418212890625" lon="-1.848768889904022216796875">
        <ele>-0.4000000059604644775390625</ele>
        <time>2026-08-22T16:16:14.000Z</time>
        <extensions>
          <ns3:TrackPointExtension>
            <ns3:atemp>23.0</ns3:atemp>
            <ns3:hr>82</ns3:hr>
          </ns3:TrackPointExtension>
        </extensions>
      </trkpt>
      <trkpt lat="48.69938942603766918182373046875" lon="-1.848765872418880462646484375">
        <ele>-0.20000000298023223876953125</ele>
        <time>2026-08-22T16:16:17.000Z</time>
        <extensions>
          <ns3:TrackPointExtension>
            <ns3:atemp>23.0</ns3:atemp>
            <ns3:hr>83</ns3:hr>
          </ns3:TrackPointExtension>
        </extensions>
      </trkpt>
      <trkpt lat="48.699388168752193450927734375" lon="-1.84875614941120147705078125">
        <ele>-0.20000000298023223876953125</ele>
        <time>2026-08-22T16:16:24.000Z</time>
        <extensions>
          <ns3:TrackPointExtension>
            <ns3:atemp>23.0</ns3:atemp>
            <ns3:hr>82</ns3:hr>
          </ns3:TrackPointExtension>
        </extensions>
      </trkpt>
      <trkpt lat="48.69939093478024005889892578125" lon="-1.8487455882132053375244140625">
        <ele>-0.20000000298023223876953125</ele>
        <time>2026-08-22T16:16:28.000Z</time>
        <extensions>
          <ns3:TrackPointExtension>
            <ns3:atemp>23.0</ns3:atemp>
            <ns3:hr>85</ns3:hr>
          </ns3:TrackPointExtension>
        </extensions>
      </trkpt>
      <trkpt lat="48.69938842020928859710693359375" lon="-1.8487439118325710296630859375">
        <ele>-0.4000000059604644775390625</ele>
        <time>2026-08-22T16:16:30.000Z</time>
        <extensions>
          <ns3:TrackPointExtension>
            <ns3:atemp>23.0</ns3:atemp>
            <ns3:hr>88</ns3:hr>
          </ns3:TrackPointExtension>
        </extensions>
      </trkpt>
      <trkpt lat="48.6993890069425106048583984375" lon="-1.84874248690903186798095703125">
        <ele>-0.4000000059604644775390625</ele>
        <time>2026-08-22T16:16:31.000Z</time>
        <extensions>
          <ns3:TrackPointExtension>
            <ns3:atemp>23.0</ns3:atemp>
            <ns3:hr>88</ns3:hr>
          </ns3:TrackPointExtension>
        </extensions>
      </trkpt>
      <trkpt lat="48.69938272051513195037841796875" lon="-1.84872706420719623565673828125">
        <ele>0</ele>
        <time>2026-08-22T16:16:38.000Z</time>
        <extensions>
          <ns3:TrackPointExtension>
            <ns3:atemp>23.0</ns3:atemp>
            <ns3:hr>88</ns3:hr>
          </ns3:TrackPointExtension>
        </extensions>
      </trkpt>
      <trkpt lat="48.69937844574451446533203125" lon="-1.848740391433238983154296875">
        <ele>0.20000000298023223876953125</ele>
        <time>2026-08-22T16:16:41.000Z</time>
        <extensions>
          <ns3:TrackPointExtension>
            <ns3:atemp>23.0</ns3:atemp>
            <ns3:hr>88</ns3:hr>
          </ns3:TrackPointExtension>
        </extensions>
      </trkpt>
      <trkpt lat="48.69937668554484844207763671875" lon="-1.8487449176609516143798828125">
        <ele>0.20000000298023223876953125</ele>
        <time>2026-08-22T16:16:42.000Z</time>
        <extensions>
          <ns3:TrackPointExtension>
            <ns3:atemp>23.0</ns3:atemp>
            <ns3:hr>73</ns3:hr>
          </ns3:TrackPointExtension>
        </extensions>
      </trkpt>
      <trkpt lat="48.6993789486587047576904296875" lon="-1.84874483384191989898681640625">
        <ele>0</ele>
        <time>2026-08-22T16:16:43.000Z</time>
        <extensions>
          <ns3:TrackPointExtension>
            <ns3:atemp>23.0</ns3:atemp>
            <ns3:hr>65</ns3:hr>
          </ns3:TrackPointExtension>
        </extensions>
      </trkpt>
      <trkpt lat="48.69937802664935588836669921875" lon="-1.8487514555454254150390625">
        <ele>-0.20000000298023223876953125</ele>
        <time>2026-08-22T16:16:44.000Z</time>
        <extensions>
          <ns3:TrackPointExtension>
            <ns3:atemp>23.0</ns3:atemp>
            <ns3:hr>65</ns3:hr>
          </ns3:TrackPointExtension>
        </extensions>
      </trkpt>
      <trkpt lat="48.6993782781064510345458984375" lon="-1.84874936006963253021240234375">
        <ele>-0.20000000298023223876953125</ele>
        <time>2026-08-22T16:16:45.000Z</time>
        <extensions>
          <ns3:TrackPointExtension>
            <ns3:atemp>23.0</ns3:atemp>
            <ns3:hr>62</ns3:hr>
          </ns3:TrackPointExtension>
        </extensions>
      </trkpt>
      <trkpt lat="48.69937785901129245758056640625" lon="-1.84874852187931537628173828125">
        <ele>-0.20000000298023223876953125</ele>
        <time>2026-08-22T16:16:46.000Z</time>
        <extensions>
          <ns3:TrackPointExtension>
            <ns3:atemp>23.0</ns3:atemp>
            <ns3:hr>55</ns3:hr>
          </ns3:TrackPointExtension>
        </extensions>
      </trkpt>
      <trkpt lat="48.69938255287706851959228515625" lon="-1.84874181635677814483642578125">
        <ele>-0.20000000298023223876953125</ele>
        <time>2026-08-22T16:16:47.000Z</time>
        <extensions>
          <ns3:TrackPointExtension>
            <ns3:atemp>23.0</ns3:atemp>
            <ns3:hr>49</ns3:hr>
          </ns3:TrackPointExtension>
        </extensions>
      </trkpt>
      <trkpt lat="48.69938515126705169677734375" lon="-1.848742403090000152587890625">
        <ele>-0.20000000298023223876953125</ele>
        <time>2026-08-22T16:16:48.000Z</time>
        <extensions>
          <ns3:TrackPointExtension>
            <ns3:atemp>23.0</ns3:atemp>
            <ns3:hr>45</ns3:hr>
          </ns3:TrackPointExtension>
        </extensions>
      </trkpt>
      <trkpt lat="48.69938489980995655059814453125" lon="-1.84874282218515872955322265625">
        <ele>-0.4000000059604644775390625</ele>
        <time>2026-08-22T16:16:49.000Z</time>
        <extensions>
          <ns3:TrackPointExtension>
            <ns3:atemp>23.0</ns3:atemp>
            <ns3:hr>41</ns3:hr>
          </ns3:TrackPointExtension>
        </extensions>
      </trkpt>
      <trkpt lat="48.6993816308677196502685546875" lon="-1.8487469293177127838134765625">
        <ele>-0.4000000059604644775390625</ele>
        <time>2026-08-22T16:16:50.000Z</time>
        <extensions>
          <ns3:TrackPointExtension>
            <ns3:atemp>23.0</ns3:atemp>
            <ns3:hr>41</ns3:hr>
          </ns3:TrackPointExtension>
        </extensions>
      </trkpt>
      <trkpt lat="48.69937014766037464141845703125" lon="-1.84876008890569210052490234375">
        <ele>-0.4000000059604644775390625</ele>
        <time>2026-08-22T16:16:51.000Z</time>
        <extensions>
          <ns3:TrackPointExtension>
            <ns3:atemp>23.0</ns3:atemp>
            <ns3:hr>41</ns3:hr>
          </ns3:TrackPointExtension>
        </extensions>
      </trkpt>
      <trkpt lat="48.69937769137322902679443359375" lon="-1.84875925071537494659423828125">
        <ele>-0.4000000059604644775390625</ele>
        <time>2026-08-22T16:16:52.000Z</time>
        <extensions>
          <ns3:TrackPointExtension>
            <ns3:atemp>23.0</ns3:atemp>
            <ns3:hr>37</ns3:hr>
          </ns3:TrackPointExtension>
        </extensions>
      </trkpt>
      <trkpt lat="48.699375428259372711181640625" lon="-1.84876821935176849365234375">
        <ele>-0.4000000059604644775390625</ele>
        <time>2026-08-22T16:16:54.000Z</time>
        <extensions>
          <ns3:TrackPointExtension>
            <ns3:atemp>23.0</ns3:atemp>
            <ns3:hr>34</ns3:hr>
          </ns3:TrackPointExtension>
        </extensions>
      </trkpt>
      <trkpt lat="48.6993843130767345428466796875" lon="-1.84877651743590831756591796875">
        <ele>-0.20000000298023223876953125</ele>
        <time>2026-08-22T16:16:56.000Z</time>
        <extensions>
          <ns3:TrackPointExtension>
            <ns3:atemp>23.0</ns3:atemp>
            <ns3:hr>33</ns3:hr>
          </ns3:TrackPointExtension>
        </extensions>
      </trkpt>
      <trkpt lat="48.6993853189051151275634765625" lon="-1.84876176528632640838623046875">
        <ele>-0.800000011920928955078125</ele>
        <time>2026-08-22T16:17:03.000Z</time>
        <extensions>
          <ns3:TrackPointExtension>
            <ns3:atemp>23.0</ns3:atemp>
            <ns3:hr>33</ns3:hr>
          </ns3:TrackPointExtension>
        </extensions>
      </trkpt>
      <trkpt lat="48.69939696975052356719970703125" lon="-1.84876679442822933197021484375">
        <ele>-0.20000000298023223876953125</ele>
        <time>2026-08-22T16:17:09.000Z</time>
        <extensions>
          <ns3:TrackPointExtension>
            <ns3:atemp>23.0</ns3:atemp>
            <ns3:hr>33</ns3:hr>
          </ns3:TrackPointExtension>
        </extensions>
      </trkpt>
      <trkpt lat="48.6994037590920925140380859375" lon="-1.84878163039684295654296875">
        <ele>0.20000000298023223876953125</ele>
        <time>2026-08-22T16:17:14.000Z</time>
        <extensions>
          <ns3:TrackPointExtension>
            <ns3:atemp>23.0</ns3:atemp>
            <ns3:hr>31</ns3:hr>
          </ns3:TrackPointExtension>
        </extensions>
      </trkpt>
      <trkpt lat="48.69942597113549709320068359375" lon="-1.8487653695046901702880859375">
        <ele>-0.4000000059604644775390625</ele>
        <time>2026-08-22T16:17:24.000Z</time>
        <extensions>
          <ns3:TrackPointExtension>
            <ns3:atemp>23.0</ns3:atemp>
            <ns3:hr>32</ns3:hr>
          </ns3:TrackPointExtension>
        </extensions>
      </trkpt>
      <trkpt lat="48.69939613156020641326904296875" lon="-1.8487596698105335235595703125">
        <ele>-0.20000000298023223876953125</ele>
        <time>2026-08-22T16:17:33.000Z</time>
        <extensions>
          <ns3:TrackPointExtension>
            <ns3:atemp>23.0</ns3:atemp>
            <ns3:hr>33</ns3:hr>
          </ns3:TrackPointExtension>
        </extensions>
      </trkpt>
      <trkpt lat="48.6993873305618762969970703125" lon="-1.84878607280552387237548828125">
        <ele>0.20000000298023223876953125</ele>
        <time>2026-08-22T16:17:38.000Z</time>
        <extensions>
          <ns3:TrackPointExtension>
            <ns3:atemp>23.0</ns3:atemp>
            <ns3:hr>37</ns3:hr>
          </ns3:TrackPointExtension>
        </extensions>
      </trkpt>
      <trkpt lat="48.6993876658380031585693359375" lon="-1.8487952090799808502197265625">
        <ele>0.20000000298023223876953125</ele>
        <time>2026-08-22T16:17:39.000Z</time>
        <extensions>
          <ns3:TrackPointExtension>
            <ns3:atemp>23.0</ns3:atemp>
            <ns3:hr>42</ns3:hr>
          </ns3:TrackPointExtension>
        </extensions>
      </trkpt>
      <trkpt lat="48.69938976131379604339599609375" lon="-1.84879998676478862762451171875">
        <ele>0.20000000298023223876953125</ele>
        <time>2026-08-22T16:17:40.000Z</time>
        <extensions>
          <ns3:TrackPointExtension>
            <ns3:atemp>23.0</ns3:atemp>
            <ns3:hr>42</ns3:hr>
          </ns3:TrackPointExtension>
        </extensions>
      </trkpt>
      <trkpt lat="48.69938221760094165802001953125" lon="-1.84879101812839508056640625">
        <ele>0.60000002384185791015625</ele>
        <time>2026-08-22T16:17:42.000Z</time>
        <extensions>
          <ns3:TrackPointExtension>
            <ns3:atemp>23.0</ns3:atemp>
            <ns3:hr>45</ns3:hr>
          </ns3:TrackPointExtension>
        </extensions>
      </trkpt>
      <trkpt lat="48.699384145438671112060546875" lon="-1.84879596345126628875732421875">
        <ele>0.800000011920928955078125</ele>
        <time>2026-08-22T16:17:43.000Z</time>
        <extensions>
          <ns3:TrackPointExtension>
            <ns3:atemp>23.0</ns3:atemp>
            <ns3:hr>46</ns3:hr>
          </ns3:TrackPointExtension>
        </extensions>
      </trkpt>
      <trkpt lat="48.69938607327640056610107421875" lon="-1.8487985618412494659423828125">
        <ele>1</ele>
        <time>2026-08-22T16:17:45.000Z</time>
        <extensions>
          <ns3:TrackPointExtension>
            <ns3:atemp>23.0</ns3:atemp>
            <ns3:hr>50</ns3:hr>
          </ns3:TrackPointExtension>
        </extensions>
      </trkpt>
      <trkpt lat="48.69939311407506465911865234375" lon="-1.8488009087741374969482421875">
        <ele>-0.20000000298023223876953125</ele>
        <time>2026-08-22T16:17:51.000Z</time>
        <extensions>
          <ns3:TrackPointExtension>
            <ns3:atemp>24.0</ns3:atemp>
            <ns3:hr>52</ns3:hr>
          </ns3:TrackPointExtension>
        </extensions>
      </trkpt>
      <trkpt lat="48.69940283708274364471435546875" lon="-1.84877634979784488677978515625">
        <ele>-0.20000000298023223876953125</ele>
        <time>2026-08-22T16:17:55.000Z</time>
        <extensions>
          <ns3:TrackPointExtension>
            <ns3:atemp>23.0</ns3:atemp>
            <ns3:hr>55</ns3:hr>
          </ns3:TrackPointExtension>
        </extensions>
      </trkpt>
      <trkpt lat="48.69939730502665042877197265625" lon="-1.848767884075641632080078125">
        <ele>-0.20000000298023223876953125</ele>
        <time>2026-08-22T16:17:57.000Z</time>
        <extensions>
          <ns3:TrackPointExtension>
            <ns3:atemp>23.0</ns3:atemp>
            <ns3:hr>59</ns3:hr>
          </ns3:TrackPointExtension>
        </extensions>
      </trkpt>
      <trkpt lat="48.6993957124650478363037109375" lon="-1.84876419603824615478515625">
        <ele>-0.20000000298023223876953125</ele>
        <time>2026-08-22T16:17:58.000Z</time>
        <extensions>
          <ns3:TrackPointExtension>
            <ns3:atemp>23.0</ns3:atemp>
            <ns3:hr>62</ns3:hr>
          </ns3:TrackPointExtension>
        </extensions>
      </trkpt>
      <trkpt lat="48.6993940360844135284423828125" lon="-1.84876528568565845489501953125">
        <ele>0</ele>
        <time>2026-08-22T16:17:59.000Z</time>
        <extensions>
          <ns3:TrackPointExtension>
            <ns3:atemp>23.0</ns3:atemp>
            <ns3:hr>65</ns3:hr>
          </ns3:TrackPointExtension>
        </extensions>
      </trkpt>
      <trkpt lat="48.6993866600096225738525390625" lon="-1.84877098537981510162353515625">
        <ele>0.4000000059604644775390625</ele>
        <time>2026-08-22T16:18:01.000Z</time>
        <extensions>
          <ns3:TrackPointExtension>
            <ns3:atemp>23.0</ns3:atemp>
            <ns3:hr>69</ns3:hr>
          </ns3:TrackPointExtension>
        </extensions>
      </trkpt>
      <trkpt lat="48.6993769370019435882568359375" lon="-1.84877718798816204071044921875">
        <ele>0.60000002384185791015625</ele>
        <time>2026-08-22T16:18:03.000Z</time>
        <extensions>
          <ns3:TrackPointExtension>
            <ns3:atemp>24.0</ns3:atemp>
            <ns3:hr>72</ns3:hr>
          </ns3:TrackPointExtension>
        </extensions>
      </trkpt>
      <trkpt lat="48.69937400333583354949951171875" lon="-1.84878699481487274169921875">
        <ele>0.4000000059604644775390625</ele>
        <time>2026-08-22T16:18:06.000Z</time>
        <extensions>
          <ns3:TrackPointExtension>
            <ns3:atemp>23.0</ns3:atemp>
            <ns3:hr>75</ns3:hr>
          </ns3:TrackPointExtension>
        </extensions>
      </trkpt>
      <trkpt lat="48.6993766017258167266845703125" lon="-1.84878456406295299530029296875">
        <ele>-0.20000000298023223876953125</ele>
        <time>2026-08-22T16:18:10.000Z</time>
        <extensions>
          <ns3:TrackPointExtension>
            <ns3:atemp>23.0</ns3:atemp>
            <ns3:hr>73</ns3:hr>
          </ns3:TrackPointExtension>
        </extensions>
      </trkpt>
      <trkpt lat="48.69937752373516559600830078125" lon="-1.8487809598445892333984375">
        <ele>-0.4000000059604644775390625</ele>
        <time>2026-08-22T16:18:12.000Z</time>
        <extensions>
          <ns3:TrackPointExtension>
            <ns3:atemp>23.0</ns3:atemp>
            <ns3:hr>71</ns3:hr>
          </ns3:TrackPointExtension>
        </extensions>
      </trkpt>
      <trkpt lat="48.6993817985057830810546875" lon="-1.848782636225223541259765625">
        <ele>-0.60000002384185791015625</ele>
        <time>2026-08-22T16:18:14.000Z</time>
        <extensions>
          <ns3:TrackPointExtension>
            <ns3:atemp>23.0</ns3:atemp>
            <ns3:hr>67</ns3:hr>
          </ns3:TrackPointExtension>
        </extensions>
      </trkpt>
      <trkpt lat="48.69937970302999019622802734375" lon="-1.8488170020282268524169921875">
        <ele>-0.60000002384185791015625</ele>
        <time>2026-08-22T16:18:17.000Z</time>
        <extensions>
          <ns3:TrackPointExtension>
            <ns3:atemp>23.0</ns3:atemp>
            <ns3:hr>68</ns3:hr>
          </ns3:TrackPointExtension>
        </extensions>
      </trkpt>
      <trkpt lat="48.699374757707118988037109375" lon="-1.84883267618715763092041015625">
        <ele>-0.800000011920928955078125</ele>
        <time>2026-08-22T16:18:19.000Z</time>
        <extensions>
          <ns3:TrackPointExtension>
            <ns3:atemp>23.0</ns3:atemp>
            <ns3:hr>71</ns3:hr>
          </ns3:TrackPointExtension>
        </extensions>
      </trkpt>
      <trkpt lat="48.69938355870544910430908203125" lon="-1.84882856905460357666015625">
        <ele>-0.60000002384185791015625</ele>
        <time>2026-08-22T16:18:26.000Z</time>
        <extensions>
          <ns3:TrackPointExtension>
            <ns3:atemp>23.0</ns3:atemp>
            <ns3:hr>74</ns3:hr>
          </ns3:TrackPointExtension>
        </extensions>
      </trkpt>
      <trkpt lat="48.69937752373516559600830078125" lon="-1.84881784021854400634765625">
        <ele>-0.60000002384185791015625</ele>
        <time>2026-08-22T16:18:29.000Z</time>
        <extensions>
          <ns3:TrackPointExtension>
            <ns3:atemp>24.0</ns3:atemp>
            <ns3:hr>77</ns3:hr>
          </ns3:TrackPointExtension>
        </extensions>
      </trkpt>
      <trkpt lat="48.69937299750745296478271484375" lon="-1.8488170020282268524169921875">
        <ele>-0.800000011920928955078125</ele>
        <time>2026-08-22T16:18:31.000Z</time>
        <extensions>
          <ns3:TrackPointExtension>
            <ns3:atemp>23.0</ns3:atemp>
            <ns3:hr>80</ns3:hr>
          </ns3:TrackPointExtension>
        </extensions>
      </trkpt>
      <trkpt lat="48.699373416602611541748046875" lon="-1.84883393347263336181640625">
        <ele>-0.60000002384185791015625</ele>
        <time>2026-08-22T16:18:33.000Z</time>
        <extensions>
          <ns3:TrackPointExtension>
            <ns3:atemp>23.0</ns3:atemp>
            <ns3:hr>83</ns3:hr>
          </ns3:TrackPointExtension>
        </extensions>
      </trkpt>
      <trkpt lat="48.6993648670613765716552734375" lon="-1.84883954934775829315185546875">
        <ele>0.4000000059604644775390625</ele>
        <time>2026-08-22T16:18:40.000Z</time>
        <extensions>
          <ns3:TrackPointExtension>
            <ns3:atemp>23.0</ns3:atemp>
            <ns3:hr>81</ns3:hr>
          </ns3:TrackPointExtension>
        </extensions>
      </trkpt>
      <trkpt lat="48.699367046356201171875" lon="-1.84886050410568714141845703125">
        <ele>0.60000002384185791015625</ele>
        <time>2026-08-22T16:18:42.000Z</time>
        <extensions>
          <ns3:TrackPointExtension>
            <ns3:atemp>24.0</ns3:atemp>
            <ns3:hr>80</ns3:hr>
          </ns3:TrackPointExtension>
        </extensions>
      </trkpt>
      <trkpt lat="48.69937148876488208770751953125" lon="-1.8489284813404083251953125">
        <ele>0.800000011920928955078125</ele>
        <time>2026-08-22T16:18:45.000Z</time>
        <extensions>
          <ns3:TrackPointExtension>
            <ns3:atemp>24.0</ns3:atemp>
            <ns3:hr>83</ns3:hr>
          </ns3:TrackPointExtension>
        </extensions>
      </trkpt>
      <trkpt lat="48.6993735842406749725341796875" lon="-1.848944909870624542236328125">
        <ele>1</ele>
        <time>2026-08-22T16:18:46.000Z</time>
        <extensions>
          <ns3:TrackPointExtension>
            <ns3:atemp>24.0</ns3:atemp>
            <ns3:hr>86</ns3:hr>
          </ns3:TrackPointExtension>
        </extensions>
      </trkpt>
      <trkpt lat="48.69938322342932224273681640625" lon="-1.84895555488765239715576171875">
        <ele>1.2000000476837158203125</ele>
        <time>2026-08-22T16:18:48.000Z</time>
        <extensions>
          <ns3:TrackPointExtension>
            <ns3:atemp>23.0</ns3:atemp>
            <ns3:hr>89</ns3:hr>
          </ns3:TrackPointExtension>
        </extensions>
      </trkpt>
      <trkpt lat="48.69939696975052356719970703125" lon="-1.848967038094997406005859375">
        <ele>1.2000000476837158203125</ele>
        <time>2026-08-22T16:18:53.000Z</time>
        <extensions>
          <ns3:TrackPointExtension>
            <ns3:atemp>23.0</ns3:atemp>
            <ns3:hr>91</ns3:hr>
          </ns3:TrackPointExtension>
        </extensions>
      </trkpt>
      <trkpt lat="48.699397556483745574951171875" lon="-1.84895639307796955108642578125">
        <ele>1</ele>
        <time>2026-08-22T16:18:54.000Z</time>
        <extensions>
          <ns3:TrackPointExtension>
            <ns3:atemp>23.0</ns3:atemp>
            <ns3:hr>90</ns3:hr>
          </ns3:TrackPointExtension>
        </extensions>
      </trkpt>
      <trkpt lat="48.69939143769443035125732421875" lon="-1.8489370308816432952880859375">
        <ele>-0.20000000298023223876953125</ele>
        <time>2026-08-22T16:18:57.000Z</time>
        <extensions>
          <ns3:TrackPointExtension>
            <ns3:atemp>24.0</ns3:atemp>
            <ns3:hr>88</ns3:hr>
          </ns3:TrackPointExtension>
        </extensions>
      </trkpt>
      <trkpt lat="48.6993890069425106048583984375" lon="-1.84894314967095851898193359375">
        <ele>-0.60000002384185791015625</ele>
        <time>2026-08-22T16:18:58.000Z</time>
        <extensions>
          <ns3:TrackPointExtension>
            <ns3:atemp>24.0</ns3:atemp>
            <ns3:hr>88</ns3:hr>
          </ns3:TrackPointExtension>
        </extensions>
      </trkpt>
      <trkpt lat="48.69938255287706851959228515625" lon="-1.84896041639149188995361328125">
        <ele>-0.800000011920928955078125</ele>
        <time>2026-08-22T16:19:01.000Z</time>
        <extensions>
          <ns3:TrackPointExtension>
            <ns3:atemp>24.0</ns3:atemp>
            <ns3:hr>88</ns3:hr>
          </ns3:TrackPointExtension>
        </extensions>
      </trkpt>
      <trkpt lat="48.69938070885837078094482421875" lon="-1.848963685333728790283203125">
        <ele>-0.60000002384185791015625</ele>
        <time>2026-08-22T16:19:03.000Z</time>
        <extensions>
          <ns3:TrackPointExtension>
            <ns3:atemp>24.0</ns3:atemp>
            <ns3:hr>89</ns3:hr>
          </ns3:TrackPointExtension>
        </extensions>
      </trkpt>
      <trkpt lat="48.69937299750745296478271484375" lon="-1.84896963648498058319091796875">
        <ele>-1</ele>
        <time>2026-08-22T16:19:06.000Z</time>
        <extensions>
          <ns3:TrackPointExtension>
            <ns3:atemp>24.0</ns3:atemp>
            <ns3:hr>88</ns3:hr>
          </ns3:TrackPointExtension>
        </extensions>
      </trkpt>
      <trkpt lat="48.69937241077423095703125" lon="-1.8489601649343967437744140625">
        <ele>-1</ele>
        <time>2026-08-22T16:19:08.000Z</time>
        <extensions>
          <ns3:TrackPointExtension>
            <ns3:atemp>24.0</ns3:atemp>
            <ns3:hr>87</ns3:hr>
          </ns3:TrackPointExtension>
        </extensions>
      </trkpt>
      <trkpt lat="48.69937500916421413421630859375" lon="-1.84895999729633331298828125">
        <ele>-0.4000000059604644775390625</ele>
        <time>2026-08-22T16:19:09.000Z</time>
        <extensions>
          <ns3:TrackPointExtension>
            <ns3:atemp>23.0</ns3:atemp>
            <ns3:hr>87</ns3:hr>
          </ns3:TrackPointExtension>
        </extensions>
      </trkpt>
      <trkpt lat="48.69937266223132610321044921875" lon="-1.84896242804825305938720703125">
        <ele>0.800000011920928955078125</ele>
        <time>2026-08-22T16:19:11.000Z</time>
        <extensions>
          <ns3:TrackPointExtension>
            <ns3:atemp>23.0</ns3:atemp>
            <ns3:hr>87</ns3:hr>
          </ns3:TrackPointExtension>
        </extensions>
      </trkpt>
      <trkpt lat="48.69934986345469951629638671875" lon="-1.84894080273807048797607421875">
        <ele>1.2000000476837158203125</ele>
        <time>2026-08-22T16:19:14.000Z</time>
        <extensions>
          <ns3:TrackPointExtension>
            <ns3:atemp>23.0</ns3:atemp>
            <ns3:hr>85</ns3:hr>
          </ns3:TrackPointExtension>
        </extensions>
      </trkpt>
      <trkpt lat="48.69935036636888980865478515625" lon="-1.84892521239817142486572265625">
        <ele>0.20000000298023223876953125</ele>
        <time>2026-08-22T16:19:16.000Z</time>
        <extensions>
          <ns3:TrackPointExtension>
            <ns3:atemp>23.0</ns3:atemp>
            <ns3:hr>84</ns3:hr>
          </ns3:TrackPointExtension>
        </extensions>
      </trkpt>
      <trkpt lat="48.6993383802473545074462890625" lon="-1.84890409000217914581298828125">
        <ele>-0.20000000298023223876953125</ele>
        <time>2026-08-22T16:19:18.000Z</time>
        <extensions>
          <ns3:TrackPointExtension>
            <ns3:atemp>23.0</ns3:atemp>
            <ns3:hr>85</ns3:hr>
          </ns3:TrackPointExtension>
        </extensions>
      </trkpt>
      <trkpt lat="48.69933150708675384521484375" lon="-1.84890274889767169952392578125">
        <ele>-0.60000002384185791015625</ele>
        <time>2026-08-22T16:19:19.000Z</time>
        <extensions>
          <ns3:TrackPointExtension>
            <ns3:atemp>23.0</ns3:atemp>
            <ns3:hr>85</ns3:hr>
          </ns3:TrackPointExtension>
        </extensions>
      </trkpt>
      <trkpt lat="48.69933092035353183746337890625" lon="-1.84889805503189563751220703125">
        <ele>-0.800000011920928955078125</ele>
        <time>2026-08-22T16:19:20.000Z</time>
        <extensions>
          <ns3:TrackPointExtension>
            <ns3:atemp>23.0</ns3:atemp>
            <ns3:hr>88</ns3:hr>
          </ns3:TrackPointExtension>
        </extensions>
      </trkpt>
      <trkpt lat="48.69933729059994220733642578125" lon="-1.84889202006161212921142578125">
        <ele>-0.60000002384185791015625</ele>
        <time>2026-08-22T16:19:22.000Z</time>
        <extensions>
          <ns3:TrackPointExtension>
            <ns3:atemp>23.0</ns3:atemp>
            <ns3:hr>91</ns3:hr>
          </ns3:TrackPointExtension>
        </extensions>
      </trkpt>
      <trkpt lat="48.69935086928308010101318359375" lon="-1.848890595138072967529296875">
        <ele>-0.4000000059604644775390625</ele>
        <time>2026-08-22T16:19:24.000Z</time>
        <extensions>
          <ns3:TrackPointExtension>
            <ns3:atemp>23.0</ns3:atemp>
            <ns3:hr>94</ns3:hr>
          </ns3:TrackPointExtension>
        </extensions>
      </trkpt>
      <trkpt lat="48.69935187511146068572998046875" lon="-1.84891012497246265411376953125">
        <ele>-0.20000000298023223876953125</ele>
        <time>2026-08-22T16:19:26.000Z</time>
        <extensions>
          <ns3:TrackPointExtension>
            <ns3:atemp>23.0</ns3:atemp>
            <ns3:hr>95</ns3:hr>
          </ns3:TrackPointExtension>
        </extensions>
      </trkpt>
      <trkpt lat="48.699341230094432830810546875" lon="-1.84890543110668659210205078125">
        <ele>-0.60000002384185791015625</ele>
        <time>2026-08-22T16:19:29.000Z</time>
        <extensions>
          <ns3:TrackPointExtension>
            <ns3:atemp>23.0</ns3:atemp>
            <ns3:hr>96</ns3:hr>
          </ns3:TrackPointExtension>
        </extensions>
      </trkpt>
      <trkpt lat="48.69933745823800563812255859375" lon="-1.8489065207540988922119140625">
        <ele>-0.800000011920928955078125</ele>
        <time>2026-08-22T16:19:30.000Z</time>
        <extensions>
          <ns3:TrackPointExtension>
            <ns3:atemp>23.0</ns3:atemp>
            <ns3:hr>99</ns3:hr>
          </ns3:TrackPointExtension>
        </extensions>
      </trkpt>
      <trkpt lat="48.6993340216577053070068359375" lon="-1.84889822266995906829833984375">
        <ele>-0.4000000059604644775390625</ele>
        <time>2026-08-22T16:19:32.000Z</time>
        <extensions>
          <ns3:TrackPointExtension>
            <ns3:atemp>23.0</ns3:atemp>
            <ns3:hr>102</ns3:hr>
          </ns3:TrackPointExtension>
        </extensions>
      </trkpt>
      <trkpt lat="48.6993413977324962615966796875" lon="-1.84890626929700374603271484375">
        <ele>0.20000000298023223876953125</ele>
        <time>2026-08-22T16:19:35.000Z</time>
        <extensions>
          <ns3:TrackPointExtension>
            <ns3:atemp>23.0</ns3:atemp>
            <ns3:hr>105</ns3:hr>
          </ns3:TrackPointExtension>
        </extensions>
      </trkpt>
      <trkpt lat="48.6993413977324962615966796875" lon="-1.84890626929700374603271484375">
        <ele>0</ele>
        <time>2026-08-22T16:19:36.000Z</time>
        <extensions>
          <ns3:TrackPointExtension>
            <ns3:atemp>23.0</ns3:atemp>
            <ns3:hr>102</ns3:hr>
          </ns3:TrackPointExtension>
        </extensions>
      </trkpt>
      <trkpt lat="48.6993413977324962615966796875" lon="-1.84890626929700374603271484375">
        <ele>-0.4000000059604644775390625</ele>
        <time>2026-08-22T16:19:39.000Z</time>
        <extensions>
          <ns3:TrackPointExtension>
            <ns3:atemp>23.0</ns3:atemp>
            <ns3:hr>99</ns3:hr>
          </ns3:TrackPointExtension>
        </extensions>
      </trkpt>
      <trkpt lat="48.69934600777924060821533203125" lon="-1.84892571531236171722412109375">
        <ele>0.20000000298023223876953125</ele>
        <time>2026-08-22T16:19:43.000Z</time>
        <extensions>
          <ns3:TrackPointExtension>
            <ns3:atemp>23.0</ns3:atemp>
            <ns3:hr>96</ns3:hr>
          </ns3:TrackPointExtension>
        </extensions>
      </trkpt>
      <trkpt lat="48.69934550486505031585693359375" lon="-1.8489360250532627105712890625">
        <ele>0.20000000298023223876953125</ele>
        <time>2026-08-22T16:19:44.000Z</time>
        <extensions>
          <ns3:TrackPointExtension>
            <ns3:atemp>23.0</ns3:atemp>
            <ns3:hr>95</ns3:hr>
          </ns3:TrackPointExtension>
        </extensions>
      </trkpt>
      <trkpt lat="48.69934516958892345428466796875" lon="-1.84905496425926685333251953125">
        <ele>0.60000002384185791015625</ele>
        <time>2026-08-22T16:19:50.000Z</time>
        <extensions>
          <ns3:TrackPointExtension>
            <ns3:atemp>23.0</ns3:atemp>
            <ns3:hr>93</ns3:hr>
          </ns3:TrackPointExtension>
        </extensions>
      </trkpt>
      <trkpt lat="48.69934022426605224609375" lon="-1.8490813672542572021484375">
        <ele>0.800000011920928955078125</ele>
        <time>2026-08-22T16:19:51.000Z</time>
        <extensions>
          <ns3:TrackPointExtension>
            <ns3:atemp>23.0</ns3:atemp>
            <ns3:hr>94</ns3:hr>
          </ns3:TrackPointExtension>
        </extensions>
      </trkpt>
      <trkpt lat="48.69933142326772212982177734375" lon="-1.84912897646427154541015625">
        <ele>1.2000000476837158203125</ele>
        <time>2026-08-22T16:19:53.000Z</time>
        <extensions>
          <ns3:TrackPointExtension>
            <ns3:atemp>23.0</ns3:atemp>
            <ns3:hr>94</ns3:hr>
          </ns3:TrackPointExtension>
        </extensions>
      </trkpt>
      <trkpt lat="48.69929990731179714202880859375" lon="-1.849255375564098358154296875">
        <ele>1.2000000476837158203125</ele>
        <time>2026-08-22T16:19:59.000Z</time>
        <extensions>
          <ns3:TrackPointExtension>
            <ns3:atemp>23.0</ns3:atemp>
            <ns3:hr>91</ns3:hr>
          </ns3:TrackPointExtension>
        </extensions>
      </trkpt>
      <trkpt lat="48.69927895255386829376220703125" lon="-1.8493645079433917999267578125">
        <ele>1.60000002384185791015625</ele>
        <time>2026-08-22T16:20:05.000Z</time>
        <extensions>
          <ns3:TrackPointExtension>
            <ns3:atemp>23.0</ns3:atemp>
            <ns3:hr>94</ns3:hr>
          </ns3:TrackPointExtension>
        </extensions>
      </trkpt>
      <trkpt lat="48.69926587678492069244384765625" lon="-1.84939057566225528717041015625">
        <ele>2.2000000476837158203125</ele>
        <time>2026-08-22T16:20:07.000Z</time>
        <extensions>
          <ns3:TrackPointExtension>
            <ns3:atemp>23.0</ns3:atemp>
            <ns3:hr>96</ns3:hr>
          </ns3:TrackPointExtension>
        </extensions>
      </trkpt>
      <trkpt lat="48.6992584168910980224609375" lon="-1.84941655956208705902099609375">
        <ele>2.599999904632568359375</ele>
        <time>2026-08-22T16:20:09.000Z</time>
        <extensions>
          <ns3:TrackPointExtension>
            <ns3:atemp>23.0</ns3:atemp>
            <ns3:hr>97</ns3:hr>
          </ns3:TrackPointExtension>
        </extensions>
      </trkpt>
      <trkpt lat="48.699253387749195098876953125" lon="-1.849437765777111053466796875">
        <ele>2.599999904632568359375</ele>
        <time>2026-08-22T16:20:10.000Z</time>
        <extensions>
          <ns3:TrackPointExtension>
            <ns3:atemp>23.0</ns3:atemp>
            <ns3:hr>92</ns3:hr>
          </ns3:TrackPointExtension>
        </extensions>
      </trkpt>
      <trkpt lat="48.6992518790066242218017578125" lon="-1.8494503386318683624267578125">
        <ele>2.7999999523162841796875</ele>
        <time>2026-08-22T16:20:11.000Z</time>
        <extensions>
          <ns3:TrackPointExtension>
            <ns3:atemp>23.0</ns3:atemp>
            <ns3:hr>89</ns3:hr>
          </ns3:TrackPointExtension>
        </extensions>
      </trkpt>
      <trkpt lat="48.69925280101597309112548828125" lon="-1.84946567751467227935791015625">
        <ele>2.7999999523162841796875</ele>
        <time>2026-08-22T16:20:12.000Z</time>
        <extensions>
          <ns3:TrackPointExtension>
            <ns3:atemp>23.0</ns3:atemp>
            <ns3:hr>90</ns3:hr>
          </ns3:TrackPointExtension>
        </extensions>
      </trkpt>
      <trkpt lat="48.69924425147473812103271484375" lon="-1.84950524009764194488525390625">
        <ele>3</ele>
        <time>2026-08-22T16:20:14.000Z</time>
        <extensions>
          <ns3:TrackPointExtension>
            <ns3:atemp>23.0</ns3:atemp>
            <ns3:hr>92</ns3:hr>
          </ns3:TrackPointExtension>
        </extensions>
      </trkpt>
      <trkpt lat="48.69922664947807788848876953125" lon="-1.84956039302051067352294921875">
        <ele>3.599999904632568359375</ele>
        <time>2026-08-22T16:20:19.000Z</time>
        <extensions>
          <ns3:TrackPointExtension>
            <ns3:atemp>23.0</ns3:atemp>
            <ns3:hr>93</ns3:hr>
          </ns3:TrackPointExtension>
        </extensions>
      </trkpt>
      <trkpt lat="48.6992223747074604034423828125" lon="-1.8495817668735980987548828125">
        <ele>3.599999904632568359375</ele>
        <time>2026-08-22T16:20:21.000Z</time>
        <extensions>
          <ns3:TrackPointExtension>
            <ns3:atemp>23.0</ns3:atemp>
            <ns3:hr>95</ns3:hr>
          </ns3:TrackPointExtension>
        </extensions>
      </trkpt>
      <trkpt lat="48.69920586235821247100830078125" lon="-1.8496166355907917022705078125">
        <ele>3.7999999523162841796875</ele>
        <time>2026-08-22T16:20:25.000Z</time>
        <extensions>
          <ns3:TrackPointExtension>
            <ns3:atemp>23.0</ns3:atemp>
            <ns3:hr>99</ns3:hr>
          </ns3:TrackPointExtension>
        </extensions>
      </trkpt>
      <trkpt lat="48.69920318014919757843017578125" lon="-1.849627532064914703369140625">
        <ele>4</ele>
        <time>2026-08-22T16:20:27.000Z</time>
        <extensions>
          <ns3:TrackPointExtension>
            <ns3:atemp>23.0</ns3:atemp>
            <ns3:hr>103</ns3:hr>
          </ns3:TrackPointExtension>
        </extensions>
      </trkpt>
      <trkpt lat="48.69918406940996646881103515625" lon="-1.84964437969028949737548828125">
        <ele>4.400000095367431640625</ele>
        <time>2026-08-22T16:20:30.000Z</time>
        <extensions>
          <ns3:TrackPointExtension>
            <ns3:atemp>23.0</ns3:atemp>
            <ns3:hr>104</ns3:hr>
          </ns3:TrackPointExtension>
        </extensions>
      </trkpt>
      <trkpt lat="48.699176274240016937255859375" lon="-1.8497004546225070953369140625">
        <ele>4.80000019073486328125</ele>
        <time>2026-08-22T16:20:34.000Z</time>
        <extensions>
          <ns3:TrackPointExtension>
            <ns3:atemp>23.0</ns3:atemp>
            <ns3:hr>104</ns3:hr>
          </ns3:TrackPointExtension>
        </extensions>
      </trkpt>
      <trkpt lat="48.69917652569711208343505859375" lon="-1.849788464605808258056640625">
        <ele>5</ele>
        <time>2026-08-22T16:20:40.000Z</time>
        <extensions>
          <ns3:TrackPointExtension>
            <ns3:atemp>23.0</ns3:atemp>
            <ns3:hr>106</ns3:hr>
          </ns3:TrackPointExtension>
        </extensions>
      </trkpt>
      <trkpt lat="48.69917635805904865264892578125" lon="-1.849799193441867828369140625">
        <ele>4.80000019073486328125</ele>
        <time>2026-08-22T16:20:41.000Z</time>
        <extensions>
          <ns3:TrackPointExtension>
            <ns3:atemp>23.0</ns3:atemp>
            <ns3:hr>103</ns3:hr>
          </ns3:TrackPointExtension>
        </extensions>
      </trkpt>
      <trkpt lat="48.699178956449031829833984375" lon="-1.8497665040194988250732421875">
        <ele>4.599999904632568359375</ele>
        <time>2026-08-22T16:20:44.000Z</time>
        <extensions>
          <ns3:TrackPointExtension>
            <ns3:atemp>23.0</ns3:atemp>
            <ns3:hr>98</ns3:hr>
          </ns3:TrackPointExtension>
        </extensions>
      </trkpt>
      <trkpt lat="48.69917820207774639129638671875" lon="-1.8497494049370288848876953125">
        <ele>4.80000019073486328125</ele>
        <time>2026-08-22T16:20:46.000Z</time>
        <extensions>
          <ns3:TrackPointExtension>
            <ns3:atemp>23.0</ns3:atemp>
            <ns3:hr>95</ns3:hr>
          </ns3:TrackPointExtension>
        </extensions>
      </trkpt>
      <trkpt lat="48.6991771124303340911865234375" lon="-1.8497426994144916534423828125">
        <ele>4.80000019073486328125</ele>
        <time>2026-08-22T16:20:47.000Z</time>
        <extensions>
          <ns3:TrackPointExtension>
            <ns3:atemp>23.0</ns3:atemp>
            <ns3:hr>92</ns3:hr>
          </ns3:TrackPointExtension>
        </extensions>
      </trkpt>
      <trkpt lat="48.6991559900343418121337890625" lon="-1.84976273216307163238525390625">
        <ele>4.80000019073486328125</ele>
        <time>2026-08-22T16:20:49.000Z</time>
        <extensions>
          <ns3:TrackPointExtension>
            <ns3:atemp>23.0</ns3:atemp>
            <ns3:hr>87</ns3:hr>
          </ns3:TrackPointExtension>
        </extensions>
      </trkpt>
      <trkpt lat="48.69916177354753017425537109375" lon="-1.84977966360747814178466796875">
        <ele>5</ele>
        <time>2026-08-22T16:20:50.000Z</time>
        <extensions>
          <ns3:TrackPointExtension>
            <ns3:atemp>23.0</ns3:atemp>
            <ns3:hr>87</ns3:hr>
          </ns3:TrackPointExtension>
        </extensions>
      </trkpt>
      <trkpt lat="48.6991757713258266448974609375" lon="-1.84977999888360500335693359375">
        <ele>5.400000095367431640625</ele>
        <time>2026-08-22T16:20:54.000Z</time>
        <extensions>
          <ns3:TrackPointExtension>
            <ns3:atemp>23.0</ns3:atemp>
            <ns3:hr>87</ns3:hr>
          </ns3:TrackPointExtension>
        </extensions>
      </trkpt>
    </trkseg>
  </trk>
</gpx>
