<?xml version="1.0" encoding="UTF-8"?>
<gpx creator="Garmin Connect" version="1.1"
  xsi:schemaLocation="http://www.topografix.com/GPX/1/1 http://www.topografix.com/GPX/11.xsd"
  xmlns:ns3="http://www.garmin.com/xmlschemas/TrackPointExtension/v1"
  xmlns="http://www.topografix.com/GPX/1/1"
  xmlns:xsi="http://www.w3.org/2001/XMLSchema-instance" xmlns:ns2="http://www.garmin.com/xmlschemas/GpxExtensions/v3">
  <metadata>
    <link href="connect.garmin.com">
      <text>Garmin Connect</text>
    </link>
    <time>2026-07-16T12:21:09.000Z</time>
  </metadata>
  <trk>
    <name>Vitré Cyclisme</name>
    <type>cycling</type>
    <trkseg>
      <trkpt lat="48.1304029561579227447509765625" lon="-1.217860020697116851806640625">
        <ele>105.40000152587890625</ele>
        <time>2026-07-16T12:21:09.000Z</time>
        <extensions>
          <ns3:TrackPointExtension>
            <ns3:atemp>34.0</ns3:atemp>
            <ns3:hr>108</ns3:hr>
          </ns3:TrackPointExtension>
        </extensions>
      </trkpt>
      <trkpt lat="48.1303882040083408355712890625" lon="-1.2179084680974483489990234375">
        <ele>105.40000152587890625</ele>
        <time>2026-07-16T12:21:10.000Z</time>
        <extensions>
          <ns3:TrackPointExtension>
            <ns3:atemp>34.0</ns3:atemp>
            <ns3:hr>105</ns3:hr>
          </ns3:TrackPointExtension>
        </extensions>
      </trkpt>
      <trkpt lat="48.130392394959926605224609375" lon="-1.21796672232449054718017578125">
        <ele>105.40000152587890625</ele>
        <time>2026-07-16T12:21:11.000Z</time>
        <extensions>
          <ns3:TrackPointExtension>
            <ns3:atemp>34.0</ns3:atemp>
            <ns3:hr>104</ns3:hr>
          </ns3:TrackPointExtension>
        </extensions>
      </trkpt>
      <trkpt lat="48.130430281162261962890625" lon="-1.218135617673397064208984375">
        <ele>105.40000152587890625</ele>
        <time>2026-07-16T12:21:14.000Z</time>
        <extensions>
          <ns3:TrackPointExtension>
            <ns3:atemp>34.0</ns3:atemp>
            <ns3:hr>103</ns3:hr>
          </ns3:TrackPointExtension>
        </extensions>
      </trkpt>
      <trkpt lat="48.130510412156581878662109375" lon="-1.2185047566890716552734375">
        <ele>106.1999969482421875</ele>
        <time>2026-07-16T12:21:20.000Z</time>
        <extensions>
          <ns3:TrackPointExtension>
            <ns3:atemp>34.0</ns3:atemp>
            <ns3:hr>101</ns3:hr>
          </ns3:TrackPointExtension>
        </extensions>
      </trkpt>
      <trkpt lat="48.130542598664760589599609375" lon="-1.21869846247136592864990234375">
        <ele>106.40000152587890625</ele>
        <time>2026-07-16T12:21:23.000Z</time>
        <extensions>
          <ns3:TrackPointExtension>
            <ns3:atemp>34.0</ns3:atemp>
            <ns3:hr>104</ns3:hr>
          </ns3:TrackPointExtension>
        </extensions>
      </trkpt>
      <trkpt lat="48.13055408187210559844970703125" lon="-1.21876501478254795074462890625">
        <ele>106.40000152587890625</ele>
        <time>2026-07-16T12:21:24.000Z</time>
        <extensions>
          <ns3:TrackPointExtension>
            <ns3:atemp>34.0</ns3:atemp>
            <ns3:hr>113</ns3:hr>
          </ns3:TrackPointExtension>
        </extensions>
      </trkpt>
      <trkpt lat="48.1305675767362117767333984375" lon="-1.21882989071309566497802734375">
        <ele>106.40000152587890625</ele>
        <time>2026-07-16T12:21:25.000Z</time>
        <extensions>
          <ns3:TrackPointExtension>
            <ns3:atemp>34.0</ns3:atemp>
            <ns3:hr>128</ns3:hr>
          </ns3:TrackPointExtension>
        </extensions>
      </trkpt>
      <trkpt lat="48.13058023341000080108642578125" lon="-1.2188945151865482330322265625">
        <ele>106.59999847412109375</ele>
        <time>2026-07-16T12:21:26.000Z</time>
        <extensions>
          <ns3:TrackPointExtension>
            <ns3:atemp>34.0</ns3:atemp>
            <ns3:hr>139</ns3:hr>
          </ns3:TrackPointExtension>
        </extensions>
      </trkpt>
      <trkpt lat="48.13059263862669467926025390625" lon="-1.2189558707177639007568359375">
        <ele>106.59999847412109375</ele>
        <time>2026-07-16T12:21:27.000Z</time>
        <extensions>
          <ns3:TrackPointExtension>
            <ns3:atemp>34.0</ns3:atemp>
            <ns3:hr>143</ns3:hr>
          </ns3:TrackPointExtension>
        </extensions>
      </trkpt>
      <trkpt lat="48.130687773227691650390625" lon="-1.21946037746965885162353515625">
        <ele>107.40000152587890625</ele>
        <time>2026-07-16T12:21:35.000Z</time>
        <extensions>
          <ns3:TrackPointExtension>
            <ns3:atemp>34.0</ns3:atemp>
            <ns3:hr>139</ns3:hr>
          </ns3:TrackPointExtension>
        </extensions>
      </trkpt>
      <trkpt lat="48.13071048818528652191162109375" lon="-1.21958442963659763336181640625">
        <ele>107.59999847412109375</ele>
        <time>2026-07-16T12:21:37.000Z</time>
        <extensions>
          <ns3:TrackPointExtension>
            <ns3:atemp>34.0</ns3:atemp>
            <ns3:hr>139</ns3:hr>
          </ns3:TrackPointExtension>
        </extensions>
      </trkpt>
      <trkpt lat="48.13081325031816959381103515625" lon="-1.2201041914522647857666015625">
        <ele>108</ele>
        <time>2026-07-16T12:21:45.000Z</time>
        <extensions>
          <ns3:TrackPointExtension>
            <ns3:atemp>34.0</ns3:atemp>
            <ns3:hr>140</ns3:hr>
          </ns3:TrackPointExtension>
        </extensions>
      </trkpt>
      <trkpt lat="48.130881227552890777587890625" lon="-1.22043217532336711883544921875">
        <ele>108.1999969482421875</ele>
        <time>2026-07-16T12:21:50.000Z</time>
        <extensions>
          <ns3:TrackPointExtension>
            <ns3:atemp>34.0</ns3:atemp>
            <ns3:hr>143</ns3:hr>
          </ns3:TrackPointExtension>
        </extensions>
      </trkpt>
      <trkpt lat="48.13093143515288829803466796875" lon="-1.22069687582552433013916015625">
        <ele>108.40000152587890625</ele>
        <time>2026-07-16T12:21:54.000Z</time>
        <extensions>
          <ns3:TrackPointExtension>
            <ns3:atemp>34.0</ns3:atemp>
            <ns3:hr>145</ns3:hr>
          </ns3:TrackPointExtension>
        </extensions>
      </trkpt>
      <trkpt lat="48.1309588439762592315673828125" lon="-1.22083819471299648284912109375">
        <ele>108.59999847412109375</ele>
        <time>2026-07-16T12:21:56.000Z</time>
        <extensions>
          <ns3:TrackPointExtension>
            <ns3:atemp>34.0</ns3:atemp>
            <ns3:hr>145</ns3:hr>
          </ns3:TrackPointExtension>
        </extensions>
      </trkpt>
      <trkpt lat="48.13108532689511775970458984375" lon="-1.22145074419677257537841796875">
        <ele>109</ele>
        <time>2026-07-16T12:22:05.000Z</time>
        <extensions>
          <ns3:TrackPointExtension>
            <ns3:atemp>34.0</ns3:atemp>
            <ns3:hr>144</ns3:hr>
          </ns3:TrackPointExtension>
        </extensions>
      </trkpt>
      <trkpt lat="48.13121323473751544952392578125" lon="-1.2220464460551738739013671875">
        <ele>109.1999969482421875</ele>
        <time>2026-07-16T12:22:14.000Z</time>
        <extensions>
          <ns3:TrackPointExtension>
            <ns3:atemp>34.0</ns3:atemp>
            <ns3:hr>140</ns3:hr>
          </ns3:TrackPointExtension>
        </extensions>
      </trkpt>
      <trkpt lat="48.131268136203289031982421875" lon="-1.22233620844781398773193359375">
        <ele>108.8000030517578125</ele>
        <time>2026-07-16T12:22:18.000Z</time>
        <extensions>
          <ns3:TrackPointExtension>
            <ns3:atemp>34.0</ns3:atemp>
            <ns3:hr>137</ns3:hr>
          </ns3:TrackPointExtension>
        </extensions>
      </trkpt>
      <trkpt lat="48.131347931921482086181640625" lon="-1.22271087951958179473876953125">
        <ele>108.8000030517578125</ele>
        <time>2026-07-16T12:22:23.000Z</time>
        <extensions>
          <ns3:TrackPointExtension>
            <ns3:atemp>34.0</ns3:atemp>
            <ns3:hr>139</ns3:hr>
          </ns3:TrackPointExtension>
        </extensions>
      </trkpt>
      <trkpt lat="48.1314443238079547882080078125" lon="-1.22316601686179637908935546875">
        <ele>108.59999847412109375</ele>
        <time>2026-07-16T12:22:29.000Z</time>
        <extensions>
          <ns3:TrackPointExtension>
            <ns3:atemp>34.0</ns3:atemp>
            <ns3:hr>139</ns3:hr>
          </ns3:TrackPointExtension>
        </extensions>
      </trkpt>
      <trkpt lat="48.13155001960694789886474609375" lon="-1.223660968244075775146484375">
        <ele>108.1999969482421875</ele>
        <time>2026-07-16T12:22:36.000Z</time>
        <extensions>
          <ns3:TrackPointExtension>
            <ns3:atemp>34.0</ns3:atemp>
            <ns3:hr>138</ns3:hr>
          </ns3:TrackPointExtension>
        </extensions>
      </trkpt>
      <trkpt lat="48.131688572466373443603515625" lon="-1.2240383215248584747314453125">
        <ele>107.59999847412109375</ele>
        <time>2026-07-16T12:22:41.000Z</time>
        <extensions>
          <ns3:TrackPointExtension>
            <ns3:atemp>34.0</ns3:atemp>
            <ns3:hr>137</ns3:hr>
          </ns3:TrackPointExtension>
        </extensions>
      </trkpt>
      <trkpt lat="48.13171648420393466949462890625" lon="-1.2241154350340366363525390625">
        <ele>107.59999847412109375</ele>
        <time>2026-07-16T12:22:42.000Z</time>
        <extensions>
          <ns3:TrackPointExtension>
            <ns3:atemp>34.0</ns3:atemp>
            <ns3:hr>136</ns3:hr>
          </ns3:TrackPointExtension>
        </extensions>
      </trkpt>
      <trkpt lat="48.1319492496550083160400390625" lon="-1.2247276492416858673095703125">
        <ele>106.59999847412109375</ele>
        <time>2026-07-16T12:22:50.000Z</time>
        <extensions>
          <ns3:TrackPointExtension>
            <ns3:atemp>34.0</ns3:atemp>
            <ns3:hr>137</ns3:hr>
          </ns3:TrackPointExtension>
        </extensions>
      </trkpt>
      <trkpt lat="48.1320665962994098663330078125" lon="-1.22498338110744953155517578125">
        <ele>105.8000030517578125</ele>
        <time>2026-07-16T12:22:54.000Z</time>
        <extensions>
          <ns3:TrackPointExtension>
            <ns3:atemp>34.0</ns3:atemp>
            <ns3:hr>135</ns3:hr>
          </ns3:TrackPointExtension>
        </extensions>
      </trkpt>
      <trkpt lat="48.13208361156284809112548828125" lon="-1.225053034722805023193359375">
        <ele>105.59999847412109375</ele>
        <time>2026-07-16T12:22:55.000Z</time>
        <extensions>
          <ns3:TrackPointExtension>
            <ns3:atemp>34.0</ns3:atemp>
            <ns3:hr>132</ns3:hr>
          </ns3:TrackPointExtension>
        </extensions>
      </trkpt>
      <trkpt lat="48.13209434039890766143798828125" lon="-1.22510634362697601318359375">
        <ele>105.59999847412109375</ele>
        <time>2026-07-16T12:22:56.000Z</time>
        <extensions>
          <ns3:TrackPointExtension>
            <ns3:atemp>34.0</ns3:atemp>
            <ns3:hr>129</ns3:hr>
          </ns3:TrackPointExtension>
        </extensions>
      </trkpt>
      <trkpt lat="48.13209903426468372344970703125" lon="-1.22514146380126476287841796875">
        <ele>105.59999847412109375</ele>
        <time>2026-07-16T12:22:57.000Z</time>
        <extensions>
          <ns3:TrackPointExtension>
            <ns3:atemp>34.0</ns3:atemp>
            <ns3:hr>128</ns3:hr>
          </ns3:TrackPointExtension>
        </extensions>
      </trkpt>
      <trkpt lat="48.13211311586201190948486328125" lon="-1.22517473995685577392578125">
        <ele>105.1999969482421875</ele>
        <time>2026-07-16T12:23:01.000Z</time>
        <extensions>
          <ns3:TrackPointExtension>
            <ns3:atemp>34.0</ns3:atemp>
            <ns3:hr>128</ns3:hr>
          </ns3:TrackPointExtension>
        </extensions>
      </trkpt>
      <trkpt lat="48.13216340728104114532470703125" lon="-1.225271634757518768310546875">
        <ele>105.1999969482421875</ele>
        <time>2026-07-16T12:23:04.000Z</time>
        <extensions>
          <ns3:TrackPointExtension>
            <ns3:atemp>34.0</ns3:atemp>
            <ns3:hr>128</ns3:hr>
          </ns3:TrackPointExtension>
        </extensions>
      </trkpt>
      <trkpt lat="48.1321906484663486480712890625" lon="-1.22532636858522891998291015625">
        <ele>105.1999969482421875</ele>
        <time>2026-07-16T12:23:05.000Z</time>
        <extensions>
          <ns3:TrackPointExtension>
            <ns3:atemp>34.0</ns3:atemp>
            <ns3:hr>129</ns3:hr>
          </ns3:TrackPointExtension>
        </extensions>
      </trkpt>
      <trkpt lat="48.13227555714547634124755859375" lon="-1.22550775296986103057861328125">
        <ele>104.59999847412109375</ele>
        <time>2026-07-16T12:23:09.000Z</time>
        <extensions>
          <ns3:TrackPointExtension>
            <ns3:atemp>34.0</ns3:atemp>
            <ns3:hr>131</ns3:hr>
          </ns3:TrackPointExtension>
        </extensions>
      </trkpt>
      <trkpt lat="48.1323324702680110931396484375" lon="-1.22553558088839054107666015625">
        <ele>104.1999969482421875</ele>
        <time>2026-07-16T12:23:12.000Z</time>
        <extensions>
          <ns3:TrackPointExtension>
            <ns3:atemp>34.0</ns3:atemp>
            <ns3:hr>134</ns3:hr>
          </ns3:TrackPointExtension>
        </extensions>
      </trkpt>
      <trkpt lat="48.1323609687387943267822265625" lon="-1.22553683817386627197265625">
        <ele>104</ele>
        <time>2026-07-16T12:23:13.000Z</time>
        <extensions>
          <ns3:TrackPointExtension>
            <ns3:atemp>34.0</ns3:atemp>
            <ns3:hr>135</ns3:hr>
          </ns3:TrackPointExtension>
        </extensions>
      </trkpt>
      <trkpt lat="48.1324488110840320587158203125" lon="-1.225534491240978240966796875">
        <ele>104</ele>
        <time>2026-07-16T12:23:15.000Z</time>
        <extensions>
          <ns3:TrackPointExtension>
            <ns3:atemp>34.0</ns3:atemp>
            <ns3:hr>137</ns3:hr>
          </ns3:TrackPointExtension>
        </extensions>
      </trkpt>
      <trkpt lat="48.13257479108870029449462890625" lon="-1.22556324116885662078857421875">
        <ele>103.8000030517578125</ele>
        <time>2026-07-16T12:23:17.000Z</time>
        <extensions>
          <ns3:TrackPointExtension>
            <ns3:atemp>34.0</ns3:atemp>
            <ns3:hr>137</ns3:hr>
          </ns3:TrackPointExtension>
        </extensions>
      </trkpt>
      <trkpt lat="48.13269599340856075286865234375" lon="-1.2256582081317901611328125">
        <ele>103.8000030517578125</ele>
        <time>2026-07-16T12:23:19.000Z</time>
        <extensions>
          <ns3:TrackPointExtension>
            <ns3:atemp>34.0</ns3:atemp>
            <ns3:hr>137</ns3:hr>
          </ns3:TrackPointExtension>
        </extensions>
      </trkpt>
      <trkpt lat="48.13274024985730648040771484375" lon="-1.22572953812777996063232421875">
        <ele>103.8000030517578125</ele>
        <time>2026-07-16T12:23:20.000Z</time>
        <extensions>
          <ns3:TrackPointExtension>
            <ns3:atemp>34.0</ns3:atemp>
            <ns3:hr>138</ns3:hr>
          </ns3:TrackPointExtension>
        </extensions>
      </trkpt>
      <trkpt lat="48.13277495093643665313720703125" lon="-1.225812099874019622802734375">
        <ele>103.8000030517578125</ele>
        <time>2026-07-16T12:23:21.000Z</time>
        <extensions>
          <ns3:TrackPointExtension>
            <ns3:atemp>34.0</ns3:atemp>
            <ns3:hr>138</ns3:hr>
          </ns3:TrackPointExtension>
        </extensions>
      </trkpt>
      <trkpt lat="48.1327946484088897705078125" lon="-1.226001866161823272705078125">
        <ele>103.59999847412109375</ele>
        <time>2026-07-16T12:23:23.000Z</time>
        <extensions>
          <ns3:TrackPointExtension>
            <ns3:atemp>34.0</ns3:atemp>
            <ns3:hr>139</ns3:hr>
          </ns3:TrackPointExtension>
        </extensions>
      </trkpt>
      <trkpt lat="48.1327512301504611968994140625" lon="-1.2261892855167388916015625">
        <ele>103.40000152587890625</ele>
        <time>2026-07-16T12:23:25.000Z</time>
        <extensions>
          <ns3:TrackPointExtension>
            <ns3:atemp>34.0</ns3:atemp>
            <ns3:hr>140</ns3:hr>
          </ns3:TrackPointExtension>
        </extensions>
      </trkpt>
      <trkpt lat="48.13270789571106433868408203125" lon="-1.22625458054244518280029296875">
        <ele>103.40000152587890625</ele>
        <time>2026-07-16T12:23:26.000Z</time>
        <extensions>
          <ns3:TrackPointExtension>
            <ns3:atemp>34.0</ns3:atemp>
            <ns3:hr>140</ns3:hr>
          </ns3:TrackPointExtension>
        </extensions>
      </trkpt>
      <trkpt lat="48.1326586939394474029541015625" lon="-1.226301603019237518310546875">
        <ele>103.40000152587890625</ele>
        <time>2026-07-16T12:23:27.000Z</time>
        <extensions>
          <ns3:TrackPointExtension>
            <ns3:atemp>34.0</ns3:atemp>
            <ns3:hr>141</ns3:hr>
          </ns3:TrackPointExtension>
        </extensions>
      </trkpt>
      <trkpt lat="48.13260697759687900543212890625" lon="-1.22634661383926868438720703125">
        <ele>103.1999969482421875</ele>
        <time>2026-07-16T12:23:28.000Z</time>
        <extensions>
          <ns3:TrackPointExtension>
            <ns3:atemp>34.0</ns3:atemp>
            <ns3:hr>144</ns3:hr>
          </ns3:TrackPointExtension>
        </extensions>
      </trkpt>
      <trkpt lat="48.132554590702056884765625" lon="-1.226384751498699188232421875">
        <ele>103.1999969482421875</ele>
        <time>2026-07-16T12:23:29.000Z</time>
        <extensions>
          <ns3:TrackPointExtension>
            <ns3:atemp>34.0</ns3:atemp>
            <ns3:hr>147</ns3:hr>
          </ns3:TrackPointExtension>
        </extensions>
      </trkpt>
      <trkpt lat="48.13250170089304447174072265625" lon="-1.2264217995107173919677734375">
        <ele>103</ele>
        <time>2026-07-16T12:23:30.000Z</time>
        <extensions>
          <ns3:TrackPointExtension>
            <ns3:atemp>34.0</ns3:atemp>
            <ns3:hr>148</ns3:hr>
          </ns3:TrackPointExtension>
        </extensions>
      </trkpt>
      <trkpt lat="48.13246029429137706756591796875" lon="-1.22646220028400421142578125">
        <ele>103</ele>
        <time>2026-07-16T12:23:31.000Z</time>
        <extensions>
          <ns3:TrackPointExtension>
            <ns3:atemp>34.0</ns3:atemp>
            <ns3:hr>148</ns3:hr>
          </ns3:TrackPointExtension>
        </extensions>
      </trkpt>
      <trkpt lat="48.13243095763027667999267578125" lon="-1.22653755359351634979248046875">
        <ele>103.1999969482421875</ele>
        <time>2026-07-16T12:23:33.000Z</time>
        <extensions>
          <ns3:TrackPointExtension>
            <ns3:atemp>34.0</ns3:atemp>
            <ns3:hr>148</ns3:hr>
          </ns3:TrackPointExtension>
        </extensions>
      </trkpt>
      <trkpt lat="48.1325014494359493255615234375" lon="-1.22652464546263217926025390625">
        <ele>103.59999847412109375</ele>
        <time>2026-07-16T12:23:36.000Z</time>
        <extensions>
          <ns3:TrackPointExtension>
            <ns3:atemp>34.0</ns3:atemp>
            <ns3:hr>148</ns3:hr>
          </ns3:TrackPointExtension>
        </extensions>
      </trkpt>
      <trkpt lat="48.13254612497985363006591796875" lon="-1.22653151862323284149169921875">
        <ele>103.59999847412109375</ele>
        <time>2026-07-16T12:23:37.000Z</time>
        <extensions>
          <ns3:TrackPointExtension>
            <ns3:atemp>34.0</ns3:atemp>
            <ns3:hr>149</ns3:hr>
          </ns3:TrackPointExtension>
        </extensions>
      </trkpt>
      <trkpt lat="48.13264033757150173187255859375" lon="-1.22661265544593334197998046875">
        <ele>103.40000152587890625</ele>
        <time>2026-07-16T12:23:39.000Z</time>
        <extensions>
          <ns3:TrackPointExtension>
            <ns3:atemp>34.0</ns3:atemp>
            <ns3:hr>148</ns3:hr>
          </ns3:TrackPointExtension>
        </extensions>
      </trkpt>
      <trkpt lat="48.13272968865931034088134765625" lon="-1.22676302678883075714111328125">
        <ele>102.59999847412109375</ele>
        <time>2026-07-16T12:23:42.000Z</time>
        <extensions>
          <ns3:TrackPointExtension>
            <ns3:atemp>34.0</ns3:atemp>
            <ns3:hr>148</ns3:hr>
          </ns3:TrackPointExtension>
        </extensions>
      </trkpt>
      <trkpt lat="48.13275131396949291229248046875" lon="-1.226811222732067108154296875">
        <ele>102.1999969482421875</ele>
        <time>2026-07-16T12:23:43.000Z</time>
        <extensions>
          <ns3:TrackPointExtension>
            <ns3:atemp>34.0</ns3:atemp>
            <ns3:hr>148</ns3:hr>
          </ns3:TrackPointExtension>
        </extensions>
      </trkpt>
      <trkpt lat="48.13277595676481723785400390625" lon="-1.226863525807857513427734375">
        <ele>102</ele>
        <time>2026-07-16T12:23:44.000Z</time>
        <extensions>
          <ns3:TrackPointExtension>
            <ns3:atemp>34.0</ns3:atemp>
            <ns3:hr>149</ns3:hr>
          </ns3:TrackPointExtension>
        </extensions>
      </trkpt>
      <trkpt lat="48.1329502165317535400390625" lon="-1.22720290906727313995361328125">
        <ele>101.59999847412109375</ele>
        <time>2026-07-16T12:23:50.000Z</time>
        <extensions>
          <ns3:TrackPointExtension>
            <ns3:atemp>34.0</ns3:atemp>
            <ns3:hr>147</ns3:hr>
          </ns3:TrackPointExtension>
        </extensions>
      </trkpt>
      <trkpt lat="48.13307988457381725311279296875" lon="-1.22749141417443752288818359375">
        <ele>101</ele>
        <time>2026-07-16T12:23:54.000Z</time>
        <extensions>
          <ns3:TrackPointExtension>
            <ns3:atemp>34.0</ns3:atemp>
            <ns3:hr>146</ns3:hr>
          </ns3:TrackPointExtension>
        </extensions>
      </trkpt>
      <trkpt lat="48.13314978964626789093017578125" lon="-1.22764882631599903106689453125">
        <ele>100.40000152587890625</ele>
        <time>2026-07-16T12:23:56.000Z</time>
        <extensions>
          <ns3:TrackPointExtension>
            <ns3:atemp>34.0</ns3:atemp>
            <ns3:hr>146</ns3:hr>
          </ns3:TrackPointExtension>
        </extensions>
      </trkpt>
      <trkpt lat="48.13325531780719757080078125" lon="-1.22788452543318271636962890625">
        <ele>99.8000030517578125</ele>
        <time>2026-07-16T12:23:59.000Z</time>
        <extensions>
          <ns3:TrackPointExtension>
            <ns3:atemp>34.0</ns3:atemp>
            <ns3:hr>145</ns3:hr>
          </ns3:TrackPointExtension>
        </extensions>
      </trkpt>
      <trkpt lat="48.133432008326053619384765625" lon="-1.22829104773700237274169921875">
        <ele>99.1999969482421875</ele>
        <time>2026-07-16T12:24:04.000Z</time>
        <extensions>
          <ns3:TrackPointExtension>
            <ns3:atemp>34.0</ns3:atemp>
            <ns3:hr>145</ns3:hr>
          </ns3:TrackPointExtension>
        </extensions>
      </trkpt>
      <trkpt lat="48.133543990552425384521484375" lon="-1.22854015789926052093505859375">
        <ele>99</ele>
        <time>2026-07-16T12:24:07.000Z</time>
        <extensions>
          <ns3:TrackPointExtension>
            <ns3:atemp>34.0</ns3:atemp>
            <ns3:hr>142</ns3:hr>
          </ns3:TrackPointExtension>
        </extensions>
      </trkpt>
      <trkpt lat="48.13362353481352329254150390625" lon="-1.22871684841811656951904296875">
        <ele>98.59999847412109375</ele>
        <time>2026-07-16T12:24:09.000Z</time>
        <extensions>
          <ns3:TrackPointExtension>
            <ns3:atemp>34.0</ns3:atemp>
            <ns3:hr>139</ns3:hr>
          </ns3:TrackPointExtension>
        </extensions>
      </trkpt>
      <trkpt lat="48.1337054260075092315673828125" lon="-1.228894628584384918212890625">
        <ele>98.1999969482421875</ele>
        <time>2026-07-16T12:24:11.000Z</time>
        <extensions>
          <ns3:TrackPointExtension>
            <ns3:atemp>34.0</ns3:atemp>
            <ns3:hr>137</ns3:hr>
          </ns3:TrackPointExtension>
        </extensions>
      </trkpt>
      <trkpt lat="48.1338224373757839202880859375" lon="-1.229167543351650238037109375">
        <ele>97.59999847412109375</ele>
        <time>2026-07-16T12:24:14.000Z</time>
        <extensions>
          <ns3:TrackPointExtension>
            <ns3:atemp>34.0</ns3:atemp>
            <ns3:hr>136</ns3:hr>
          </ns3:TrackPointExtension>
        </extensions>
      </trkpt>
      <trkpt lat="48.1338925100862979888916015625" lon="-1.22935521416366100311279296875">
        <ele>97.40000152587890625</ele>
        <time>2026-07-16T12:24:16.000Z</time>
        <extensions>
          <ns3:TrackPointExtension>
            <ns3:atemp>34.0</ns3:atemp>
            <ns3:hr>132</ns3:hr>
          </ns3:TrackPointExtension>
        </extensions>
      </trkpt>
      <trkpt lat="48.13399099744856357574462890625" lon="-1.229647658765316009521484375">
        <ele>96.59999847412109375</ele>
        <time>2026-07-16T12:24:19.000Z</time>
        <extensions>
          <ns3:TrackPointExtension>
            <ns3:atemp>34.0</ns3:atemp>
            <ns3:hr>129</ns3:hr>
          </ns3:TrackPointExtension>
        </extensions>
      </trkpt>
      <trkpt lat="48.13402167521417140960693359375" lon="-1.229740194976329803466796875">
        <ele>96.1999969482421875</ele>
        <time>2026-07-16T12:24:20.000Z</time>
        <extensions>
          <ns3:TrackPointExtension>
            <ns3:atemp>34.0</ns3:atemp>
            <ns3:hr>129</ns3:hr>
          </ns3:TrackPointExtension>
        </extensions>
      </trkpt>
      <trkpt lat="48.1340859644114971160888671875" lon="-1.2299046479165554046630859375">
        <ele>95</ele>
        <time>2026-07-16T12:24:22.000Z</time>
        <extensions>
          <ns3:TrackPointExtension>
            <ns3:atemp>34.0</ns3:atemp>
            <ns3:hr>128</ns3:hr>
          </ns3:TrackPointExtension>
        </extensions>
      </trkpt>
      <trkpt lat="48.13412829302251338958740234375" lon="-1.2299727089703083038330078125">
        <ele>94.59999847412109375</ele>
        <time>2026-07-16T12:24:23.000Z</time>
        <extensions>
          <ns3:TrackPointExtension>
            <ns3:atemp>34.0</ns3:atemp>
            <ns3:hr>127</ns3:hr>
          </ns3:TrackPointExtension>
        </extensions>
      </trkpt>
      <trkpt lat="48.1341764889657497406005859375" lon="-1.23004672117531299591064453125">
        <ele>94.1999969482421875</ele>
        <time>2026-07-16T12:24:24.000Z</time>
        <extensions>
          <ns3:TrackPointExtension>
            <ns3:atemp>34.0</ns3:atemp>
            <ns3:hr>127</ns3:hr>
          </ns3:TrackPointExtension>
        </extensions>
      </trkpt>
      <trkpt lat="48.13422418199479579925537109375" lon="-1.23013691045343875885009765625">
        <ele>93.8000030517578125</ele>
        <time>2026-07-16T12:24:25.000Z</time>
        <extensions>
          <ns3:TrackPointExtension>
            <ns3:atemp>34.0</ns3:atemp>
            <ns3:hr>127</ns3:hr>
          </ns3:TrackPointExtension>
        </extensions>
      </trkpt>
      <trkpt lat="48.13429844565689563751220703125" lon="-1.2303522415459156036376953125">
        <ele>93.59999847412109375</ele>
        <time>2026-07-16T12:24:27.000Z</time>
        <extensions>
          <ns3:TrackPointExtension>
            <ns3:atemp>34.0</ns3:atemp>
            <ns3:hr>126</ns3:hr>
          </ns3:TrackPointExtension>
        </extensions>
      </trkpt>
      <trkpt lat="48.13447647728025913238525390625" lon="-1.230969987809658050537109375">
        <ele>93</ele>
        <time>2026-07-16T12:24:33.000Z</time>
        <extensions>
          <ns3:TrackPointExtension>
            <ns3:atemp>34.0</ns3:atemp>
            <ns3:hr>128</ns3:hr>
          </ns3:TrackPointExtension>
        </extensions>
      </trkpt>
      <trkpt lat="48.134526349604129791259765625" lon="-1.23115413822233676910400390625">
        <ele>92.8000030517578125</ele>
        <time>2026-07-16T12:24:35.000Z</time>
        <extensions>
          <ns3:TrackPointExtension>
            <ns3:atemp>34.0</ns3:atemp>
            <ns3:hr>133</ns3:hr>
          </ns3:TrackPointExtension>
        </extensions>
      </trkpt>
      <trkpt lat="48.13455191440880298614501953125" lon="-1.23124784789979457855224609375">
        <ele>92.8000030517578125</ele>
        <time>2026-07-16T12:24:36.000Z</time>
        <extensions>
          <ns3:TrackPointExtension>
            <ns3:atemp>34.0</ns3:atemp>
            <ns3:hr>141</ns3:hr>
          </ns3:TrackPointExtension>
        </extensions>
      </trkpt>
      <trkpt lat="48.1346680037677288055419921875" lon="-1.23164825141429901123046875">
        <ele>92.40000152587890625</ele>
        <time>2026-07-16T12:24:40.000Z</time>
        <extensions>
          <ns3:TrackPointExtension>
            <ns3:atemp>34.0</ns3:atemp>
            <ns3:hr>143</ns3:hr>
          </ns3:TrackPointExtension>
        </extensions>
      </trkpt>
      <trkpt lat="48.1348473764955997467041015625" lon="-1.23228586278855800628662109375">
        <ele>91.40000152587890625</ele>
        <time>2026-07-16T12:24:46.000Z</time>
        <extensions>
          <ns3:TrackPointExtension>
            <ns3:atemp>34.0</ns3:atemp>
            <ns3:hr>142</ns3:hr>
          </ns3:TrackPointExtension>
        </extensions>
      </trkpt>
      <trkpt lat="48.13487947918474674224853515625" lon="-1.232392229139804840087890625">
        <ele>91</ele>
        <time>2026-07-16T12:24:47.000Z</time>
        <extensions>
          <ns3:TrackPointExtension>
            <ns3:atemp>34.0</ns3:atemp>
            <ns3:hr>140</ns3:hr>
          </ns3:TrackPointExtension>
        </extensions>
      </trkpt>
      <trkpt lat="48.13496866263449192047119140625" lon="-1.23271333985030651092529296875">
        <ele>90</ele>
        <time>2026-07-16T12:24:50.000Z</time>
        <extensions>
          <ns3:TrackPointExtension>
            <ns3:atemp>33.0</ns3:atemp>
            <ns3:hr>140</ns3:hr>
          </ns3:TrackPointExtension>
        </extensions>
      </trkpt>
      <trkpt lat="48.13511031679809093475341796875" lon="-1.2332057766616344451904296875">
        <ele>89</ele>
        <time>2026-07-16T12:24:55.000Z</time>
        <extensions>
          <ns3:TrackPointExtension>
            <ns3:atemp>33.0</ns3:atemp>
            <ns3:hr>138</ns3:hr>
          </ns3:TrackPointExtension>
        </extensions>
      </trkpt>
      <trkpt lat="48.13514300622045993804931640625" lon="-1.2332929484546184539794921875">
        <ele>88.8000030517578125</ele>
        <time>2026-07-16T12:24:56.000Z</time>
        <extensions>
          <ns3:TrackPointExtension>
            <ns3:atemp>33.0</ns3:atemp>
            <ns3:hr>137</ns3:hr>
          </ns3:TrackPointExtension>
        </extensions>
      </trkpt>
      <trkpt lat="48.1351843290030956268310546875" lon="-1.23336813412606716156005859375">
        <ele>88.8000030517578125</ele>
        <time>2026-07-16T12:24:57.000Z</time>
        <extensions>
          <ns3:TrackPointExtension>
            <ns3:atemp>33.0</ns3:atemp>
            <ns3:hr>137</ns3:hr>
          </ns3:TrackPointExtension>
        </extensions>
      </trkpt>
      <trkpt lat="48.13523721881210803985595703125" lon="-1.23354566283524036407470703125">
        <ele>88.59999847412109375</ele>
        <time>2026-07-16T12:24:59.000Z</time>
        <extensions>
          <ns3:TrackPointExtension>
            <ns3:atemp>34.0</ns3:atemp>
            <ns3:hr>137</ns3:hr>
          </ns3:TrackPointExtension>
        </extensions>
      </trkpt>
      <trkpt lat="48.13534920103847980499267578125" lon="-1.2339913286268711090087890625">
        <ele>87.8000030517578125</ele>
        <time>2026-07-16T12:25:04.000Z</time>
        <extensions>
          <ns3:TrackPointExtension>
            <ns3:atemp>33.0</ns3:atemp>
            <ns3:hr>137</ns3:hr>
          </ns3:TrackPointExtension>
        </extensions>
      </trkpt>
      <trkpt lat="48.13535490073263645172119140625" lon="-1.23407833278179168701171875">
        <ele>87.8000030517578125</ele>
        <time>2026-07-16T12:25:05.000Z</time>
        <extensions>
          <ns3:TrackPointExtension>
            <ns3:atemp>33.0</ns3:atemp>
            <ns3:hr>138</ns3:hr>
          </ns3:TrackPointExtension>
        </extensions>
      </trkpt>
      <trkpt lat="48.135369904339313507080078125" lon="-1.234165169298648834228515625">
        <ele>87.59999847412109375</ele>
        <time>2026-07-16T12:25:06.000Z</time>
        <extensions>
          <ns3:TrackPointExtension>
            <ns3:atemp>34.0</ns3:atemp>
            <ns3:hr>137</ns3:hr>
          </ns3:TrackPointExtension>
        </extensions>
      </trkpt>
      <trkpt lat="48.13538960181176662445068359375" lon="-1.2342511676251888275146484375">
        <ele>87.59999847412109375</ele>
        <time>2026-07-16T12:25:07.000Z</time>
        <extensions>
          <ns3:TrackPointExtension>
            <ns3:atemp>33.0</ns3:atemp>
            <ns3:hr>137</ns3:hr>
          </ns3:TrackPointExtension>
        </extensions>
      </trkpt>
      <trkpt lat="48.1354602612555027008056640625" lon="-1.2345068156719207763671875">
        <ele>87.59999847412109375</ele>
        <time>2026-07-16T12:25:10.000Z</time>
        <extensions>
          <ns3:TrackPointExtension>
            <ns3:atemp>33.0</ns3:atemp>
            <ns3:hr>137</ns3:hr>
          </ns3:TrackPointExtension>
        </extensions>
      </trkpt>
      <trkpt lat="48.13549051992595195770263671875" lon="-1.23459331691265106201171875">
        <ele>87.59999847412109375</ele>
        <time>2026-07-16T12:25:11.000Z</time>
        <extensions>
          <ns3:TrackPointExtension>
            <ns3:atemp>33.0</ns3:atemp>
            <ns3:hr>138</ns3:hr>
          </ns3:TrackPointExtension>
        </extensions>
      </trkpt>
      <trkpt lat="48.13561188988387584686279296875" lon="-1.2349976599216461181640625">
        <ele>87</ele>
        <time>2026-07-16T12:25:16.000Z</time>
        <extensions>
          <ns3:TrackPointExtension>
            <ns3:atemp>33.0</ns3:atemp>
            <ns3:hr>135</ns3:hr>
          </ns3:TrackPointExtension>
        </extensions>
      </trkpt>
      <trkpt lat="48.13565790653228759765625" lon="-1.23515616171061992645263671875">
        <ele>86.8000030517578125</ele>
        <time>2026-07-16T12:25:18.000Z</time>
        <extensions>
          <ns3:TrackPointExtension>
            <ns3:atemp>33.0</ns3:atemp>
            <ns3:hr>134</ns3:hr>
          </ns3:TrackPointExtension>
        </extensions>
      </trkpt>
      <trkpt lat="48.1356852315366268157958984375" lon="-1.23523092828691005706787109375">
        <ele>86.59999847412109375</ele>
        <time>2026-07-16T12:25:19.000Z</time>
        <extensions>
          <ns3:TrackPointExtension>
            <ns3:atemp>34.0</ns3:atemp>
            <ns3:hr>133</ns3:hr>
          </ns3:TrackPointExtension>
        </extensions>
      </trkpt>
      <trkpt lat="48.13585496507585048675537109375" lon="-1.2355758436024188995361328125">
        <ele>86.8000030517578125</ele>
        <time>2026-07-16T12:25:24.000Z</time>
        <extensions>
          <ns3:TrackPointExtension>
            <ns3:atemp>33.0</ns3:atemp>
            <ns3:hr>132</ns3:hr>
          </ns3:TrackPointExtension>
        </extensions>
      </trkpt>
      <trkpt lat="48.13597130589187145233154296875" lon="-1.23571322299540042877197265625">
        <ele>85.8000030517578125</ele>
        <time>2026-07-16T12:25:27.000Z</time>
        <extensions>
          <ns3:TrackPointExtension>
            <ns3:atemp>33.0</ns3:atemp>
            <ns3:hr>134</ns3:hr>
          </ns3:TrackPointExtension>
        </extensions>
      </trkpt>
      <trkpt lat="48.1360065937042236328125" lon="-1.2357770092785358428955078125">
        <ele>85.40000152587890625</ele>
        <time>2026-07-16T12:25:28.000Z</time>
        <extensions>
          <ns3:TrackPointExtension>
            <ns3:atemp>33.0</ns3:atemp>
            <ns3:hr>134</ns3:hr>
          </ns3:TrackPointExtension>
        </extensions>
      </trkpt>
      <trkpt lat="48.13613341189920902252197265625" lon="-1.2360516004264354705810546875">
        <ele>84.59999847412109375</ele>
        <time>2026-07-16T12:25:32.000Z</time>
        <extensions>
          <ns3:TrackPointExtension>
            <ns3:atemp>33.0</ns3:atemp>
            <ns3:hr>133</ns3:hr>
          </ns3:TrackPointExtension>
        </extensions>
      </trkpt>
      <trkpt lat="48.13618135638535022735595703125" lon="-1.2362085096538066864013671875">
        <ele>84.40000152587890625</ele>
        <time>2026-07-16T12:25:34.000Z</time>
        <extensions>
          <ns3:TrackPointExtension>
            <ns3:atemp>33.0</ns3:atemp>
            <ns3:hr>133</ns3:hr>
          </ns3:TrackPointExtension>
        </extensions>
      </trkpt>
      <trkpt lat="48.13621035777032375335693359375" lon="-1.2362883053719997406005859375">
        <ele>84.1999969482421875</ele>
        <time>2026-07-16T12:25:35.000Z</time>
        <extensions>
          <ns3:TrackPointExtension>
            <ns3:atemp>33.0</ns3:atemp>
            <ns3:hr>132</ns3:hr>
          </ns3:TrackPointExtension>
        </extensions>
      </trkpt>
      <trkpt lat="48.13627053983509540557861328125" lon="-1.23643825761973857879638671875">
        <ele>83.8000030517578125</ele>
        <time>2026-07-16T12:25:37.000Z</time>
        <extensions>
          <ns3:TrackPointExtension>
            <ns3:atemp>33.0</ns3:atemp>
            <ns3:hr>128</ns3:hr>
          </ns3:TrackPointExtension>
        </extensions>
      </trkpt>
      <trkpt lat="48.13633273355662822723388671875" lon="-1.23658292926847934722900390625">
        <ele>83.40000152587890625</ele>
        <time>2026-07-16T12:25:39.000Z</time>
        <extensions>
          <ns3:TrackPointExtension>
            <ns3:atemp>33.0</ns3:atemp>
            <ns3:hr>126</ns3:hr>
          </ns3:TrackPointExtension>
        </extensions>
      </trkpt>
      <trkpt lat="48.13640012405812740325927734375" lon="-1.23672441579401493072509765625">
        <ele>83</ele>
        <time>2026-07-16T12:25:41.000Z</time>
        <extensions>
          <ns3:TrackPointExtension>
            <ns3:atemp>33.0</ns3:atemp>
            <ns3:hr>127</ns3:hr>
          </ns3:TrackPointExtension>
        </extensions>
      </trkpt>
      <trkpt lat="48.1364697776734828948974609375" lon="-1.23686590231955051422119140625">
        <ele>82.8000030517578125</ele>
        <time>2026-07-16T12:25:43.000Z</time>
        <extensions>
          <ns3:TrackPointExtension>
            <ns3:atemp>33.0</ns3:atemp>
            <ns3:hr>130</ns3:hr>
          </ns3:TrackPointExtension>
        </extensions>
      </trkpt>
      <trkpt lat="48.13659324310719966888427734375" lon="-1.2371057085692882537841796875">
        <ele>82.59999847412109375</ele>
        <time>2026-07-16T12:25:46.000Z</time>
        <extensions>
          <ns3:TrackPointExtension>
            <ns3:atemp>33.0</ns3:atemp>
            <ns3:hr>131</ns3:hr>
          </ns3:TrackPointExtension>
        </extensions>
      </trkpt>
      <trkpt lat="48.13675828278064727783203125" lon="-1.23743377625942230224609375">
        <ele>81.8000030517578125</ele>
        <time>2026-07-16T12:25:50.000Z</time>
        <extensions>
          <ns3:TrackPointExtension>
            <ns3:atemp>33.0</ns3:atemp>
            <ns3:hr>130</ns3:hr>
          </ns3:TrackPointExtension>
        </extensions>
      </trkpt>
      <trkpt lat="48.13688359223306179046630859375" lon="-1.23769772239029407501220703125">
        <ele>81.40000152587890625</ele>
        <time>2026-07-16T12:25:53.000Z</time>
        <extensions>
          <ns3:TrackPointExtension>
            <ns3:atemp>33.0</ns3:atemp>
            <ns3:hr>127</ns3:hr>
          </ns3:TrackPointExtension>
        </extensions>
      </trkpt>
      <trkpt lat="48.1369317881762981414794921875" lon="-1.2377712316811084747314453125">
        <ele>81.1999969482421875</ele>
        <time>2026-07-16T12:25:54.000Z</time>
        <extensions>
          <ns3:TrackPointExtension>
            <ns3:atemp>33.0</ns3:atemp>
            <ns3:hr>127</ns3:hr>
          </ns3:TrackPointExtension>
        </extensions>
      </trkpt>
      <trkpt lat="48.13703413121402263641357421875" lon="-1.2379100359976291656494140625">
        <ele>80.59999847412109375</ele>
        <time>2026-07-16T12:25:56.000Z</time>
        <extensions>
          <ns3:TrackPointExtension>
            <ns3:atemp>33.0</ns3:atemp>
            <ns3:hr>126</ns3:hr>
          </ns3:TrackPointExtension>
        </extensions>
      </trkpt>
      <trkpt lat="48.13708014786243438720703125" lon="-1.23799276538193225860595703125">
        <ele>80.59999847412109375</ele>
        <time>2026-07-16T12:25:57.000Z</time>
        <extensions>
          <ns3:TrackPointExtension>
            <ns3:atemp>33.0</ns3:atemp>
            <ns3:hr>127</ns3:hr>
          </ns3:TrackPointExtension>
        </extensions>
      </trkpt>
      <trkpt lat="48.13726865686476230621337890625" lon="-1.23835637234151363372802734375">
        <ele>79.59999847412109375</ele>
        <time>2026-07-16T12:26:02.000Z</time>
        <extensions>
          <ns3:TrackPointExtension>
            <ns3:atemp>33.0</ns3:atemp>
            <ns3:hr>127</ns3:hr>
          </ns3:TrackPointExtension>
        </extensions>
      </trkpt>
      <trkpt lat="48.13731006346642971038818359375" lon="-1.23842778615653514862060546875">
        <ele>79.59999847412109375</ele>
        <time>2026-07-16T12:26:03.000Z</time>
        <extensions>
          <ns3:TrackPointExtension>
            <ns3:atemp>33.0</ns3:atemp>
            <ns3:hr>127</ns3:hr>
          </ns3:TrackPointExtension>
        </extensions>
      </trkpt>
      <trkpt lat="48.13753134571015834808349609375" lon="-1.23884486965835094451904296875">
        <ele>79</ele>
        <time>2026-07-16T12:26:09.000Z</time>
        <extensions>
          <ns3:TrackPointExtension>
            <ns3:atemp>33.0</ns3:atemp>
            <ns3:hr>128</ns3:hr>
          </ns3:TrackPointExtension>
        </extensions>
      </trkpt>
      <trkpt lat="48.137568645179271697998046875" lon="-1.2389155291020870208740234375">
        <ele>78.8000030517578125</ele>
        <time>2026-07-16T12:26:10.000Z</time>
        <extensions>
          <ns3:TrackPointExtension>
            <ns3:atemp>33.0</ns3:atemp>
            <ns3:hr>129</ns3:hr>
          </ns3:TrackPointExtension>
        </extensions>
      </trkpt>
      <trkpt lat="48.1376388855278491973876953125" lon="-1.23906129039824008941650390625">
        <ele>78.59999847412109375</ele>
        <time>2026-07-16T12:26:12.000Z</time>
        <extensions>
          <ns3:TrackPointExtension>
            <ns3:atemp>33.0</ns3:atemp>
            <ns3:hr>129</ns3:hr>
          </ns3:TrackPointExtension>
        </extensions>
      </trkpt>
      <trkpt lat="48.13778112642467021942138671875" lon="-1.2393316067755222320556640625">
        <ele>78.1999969482421875</ele>
        <time>2026-07-16T12:26:16.000Z</time>
        <extensions>
          <ns3:TrackPointExtension>
            <ns3:atemp>33.0</ns3:atemp>
            <ns3:hr>128</ns3:hr>
          </ns3:TrackPointExtension>
        </extensions>
      </trkpt>
      <trkpt lat="48.137887157499790191650390625" lon="-1.2395304255187511444091796875">
        <ele>77.40000152587890625</ele>
        <time>2026-07-16T12:26:19.000Z</time>
        <extensions>
          <ns3:TrackPointExtension>
            <ns3:atemp>33.0</ns3:atemp>
            <ns3:hr>127</ns3:hr>
          </ns3:TrackPointExtension>
        </extensions>
      </trkpt>
      <trkpt lat="48.13796569593250751495361328125" lon="-1.23968088068068027496337890625">
        <ele>77.40000152587890625</ele>
        <time>2026-07-16T12:26:21.000Z</time>
        <extensions>
          <ns3:TrackPointExtension>
            <ns3:atemp>33.0</ns3:atemp>
            <ns3:hr>127</ns3:hr>
          </ns3:TrackPointExtension>
        </extensions>
      </trkpt>
      <trkpt lat="48.13813266344368457794189453125" lon="-1.2399865686893463134765625">
        <ele>76.40000152587890625</ele>
        <time>2026-07-16T12:26:25.000Z</time>
        <extensions>
          <ns3:TrackPointExtension>
            <ns3:atemp>33.0</ns3:atemp>
            <ns3:hr>127</ns3:hr>
          </ns3:TrackPointExtension>
        </extensions>
      </trkpt>
      <trkpt lat="48.1383399479091167449951171875" lon="-1.24040088616311550140380859375">
        <ele>75.59999847412109375</ele>
        <time>2026-07-16T12:26:30.000Z</time>
        <extensions>
          <ns3:TrackPointExtension>
            <ns3:atemp>33.0</ns3:atemp>
            <ns3:hr>126</ns3:hr>
          </ns3:TrackPointExtension>
        </extensions>
      </trkpt>
      <trkpt lat="48.13842619769275188446044921875" lon="-1.24057305045425891876220703125">
        <ele>75.1999969482421875</ele>
        <time>2026-07-16T12:26:32.000Z</time>
        <extensions>
          <ns3:TrackPointExtension>
            <ns3:atemp>33.0</ns3:atemp>
            <ns3:hr>125</ns3:hr>
          </ns3:TrackPointExtension>
        </extensions>
      </trkpt>
      <trkpt lat="48.13865385018289089202880859375" lon="-1.24105467461049556732177734375">
        <ele>74.1999969482421875</ele>
        <time>2026-07-16T12:26:37.000Z</time>
        <extensions>
          <ns3:TrackPointExtension>
            <ns3:atemp>33.0</ns3:atemp>
            <ns3:hr>122</ns3:hr>
          </ns3:TrackPointExtension>
        </extensions>
      </trkpt>
      <trkpt lat="48.13869743607938289642333984375" lon="-1.24115374870598316192626953125">
        <ele>74</ele>
        <time>2026-07-16T12:26:38.000Z</time>
        <extensions>
          <ns3:TrackPointExtension>
            <ns3:atemp>33.0</ns3:atemp>
            <ns3:hr>119</ns3:hr>
          </ns3:TrackPointExtension>
        </extensions>
      </trkpt>
      <trkpt lat="48.1387882120907306671142578125" lon="-1.2413469515740871429443359375">
        <ele>73.1999969482421875</ele>
        <time>2026-07-16T12:26:40.000Z</time>
        <extensions>
          <ns3:TrackPointExtension>
            <ns3:atemp>33.0</ns3:atemp>
            <ns3:hr>118</ns3:hr>
          </ns3:TrackPointExtension>
        </extensions>
      </trkpt>
      <trkpt lat="48.13892039470374584197998046875" lon="-1.24162833206355571746826171875">
        <ele>72.40000152587890625</ele>
        <time>2026-07-16T12:26:43.000Z</time>
        <extensions>
          <ns3:TrackPointExtension>
            <ns3:atemp>33.0</ns3:atemp>
            <ns3:hr>119</ns3:hr>
          </ns3:TrackPointExtension>
        </extensions>
      </trkpt>
      <trkpt lat="48.13896716572344303131103515625" lon="-1.24171416275203227996826171875">
        <ele>72.1999969482421875</ele>
        <time>2026-07-16T12:26:44.000Z</time>
        <extensions>
          <ns3:TrackPointExtension>
            <ns3:atemp>33.0</ns3:atemp>
            <ns3:hr>120</ns3:hr>
          </ns3:TrackPointExtension>
        </extensions>
      </trkpt>
      <trkpt lat="48.1391179561614990234375" lon="-1.2419901788234710693359375">
        <ele>71.1999969482421875</ele>
        <time>2026-07-16T12:26:48.000Z</time>
        <extensions>
          <ns3:TrackPointExtension>
            <ns3:atemp>33.0</ns3:atemp>
            <ns3:hr>121</ns3:hr>
          </ns3:TrackPointExtension>
        </extensions>
      </trkpt>
      <trkpt lat="48.139247037470340728759765625" lon="-1.24218069948256015777587890625">
        <ele>70.1999969482421875</ele>
        <time>2026-07-16T12:26:52.000Z</time>
        <extensions>
          <ns3:TrackPointExtension>
            <ns3:atemp>33.0</ns3:atemp>
            <ns3:hr>121</ns3:hr>
          </ns3:TrackPointExtension>
        </extensions>
      </trkpt>
      <trkpt lat="48.13927285373210906982421875" lon="-1.2422532029449939727783203125">
        <ele>70</ele>
        <time>2026-07-16T12:26:53.000Z</time>
        <extensions>
          <ns3:TrackPointExtension>
            <ns3:atemp>33.0</ns3:atemp>
            <ns3:hr>121</ns3:hr>
          </ns3:TrackPointExtension>
        </extensions>
      </trkpt>
      <trkpt lat="48.1393964029848575592041015625" lon="-1.24260381795465946197509765625">
        <ele>69.59999847412109375</ele>
        <time>2026-07-16T12:26:58.000Z</time>
        <extensions>
          <ns3:TrackPointExtension>
            <ns3:atemp>33.0</ns3:atemp>
            <ns3:hr>123</ns3:hr>
          </ns3:TrackPointExtension>
        </extensions>
      </trkpt>
      <trkpt lat="48.13942850567400455474853515625" lon="-1.242732144892215728759765625">
        <ele>69.1999969482421875</ele>
        <time>2026-07-16T12:27:00.000Z</time>
        <extensions>
          <ns3:TrackPointExtension>
            <ns3:atemp>33.0</ns3:atemp>
            <ns3:hr>124</ns3:hr>
          </ns3:TrackPointExtension>
        </extensions>
      </trkpt>
      <trkpt lat="48.1394490413367748260498046875" lon="-1.2429103441536426544189453125">
        <ele>69.1999969482421875</ele>
        <time>2026-07-16T12:27:03.000Z</time>
        <extensions>
          <ns3:TrackPointExtension>
            <ns3:atemp>33.0</ns3:atemp>
            <ns3:hr>123</ns3:hr>
          </ns3:TrackPointExtension>
        </extensions>
      </trkpt>
      <trkpt lat="48.13948298804461956024169921875" lon="-1.24304227530956268310546875">
        <ele>69.1999969482421875</ele>
        <time>2026-07-16T12:27:05.000Z</time>
        <extensions>
          <ns3:TrackPointExtension>
            <ns3:atemp>33.0</ns3:atemp>
            <ns3:hr>120</ns3:hr>
          </ns3:TrackPointExtension>
        </extensions>
      </trkpt>
      <trkpt lat="48.139501176774501800537109375" lon="-1.24310438521206378936767578125">
        <ele>69</ele>
        <time>2026-07-16T12:27:06.000Z</time>
        <extensions>
          <ns3:TrackPointExtension>
            <ns3:atemp>33.0</ns3:atemp>
            <ns3:hr>115</ns3:hr>
          </ns3:TrackPointExtension>
        </extensions>
      </trkpt>
      <trkpt lat="48.1395234726369380950927734375" lon="-1.24316356144845485687255859375">
        <ele>69</ele>
        <time>2026-07-16T12:27:07.000Z</time>
        <extensions>
          <ns3:TrackPointExtension>
            <ns3:atemp>33.0</ns3:atemp>
            <ns3:hr>114</ns3:hr>
          </ns3:TrackPointExtension>
        </extensions>
      </trkpt>
      <trkpt lat="48.13954970799386501312255859375" lon="-1.24321167357265949249267578125">
        <ele>68.59999847412109375</ele>
        <time>2026-07-16T12:27:08.000Z</time>
        <extensions>
          <ns3:TrackPointExtension>
            <ns3:atemp>33.0</ns3:atemp>
            <ns3:hr>114</ns3:hr>
          </ns3:TrackPointExtension>
        </extensions>
      </trkpt>
      <trkpt lat="48.139601759612560272216796875" lon="-1.24330110847949981689453125">
        <ele>68.59999847412109375</ele>
        <time>2026-07-16T12:27:10.000Z</time>
        <extensions>
          <ns3:TrackPointExtension>
            <ns3:atemp>33.0</ns3:atemp>
            <ns3:hr>114</ns3:hr>
          </ns3:TrackPointExtension>
        </extensions>
      </trkpt>
      <trkpt lat="48.13963805325329303741455078125" lon="-1.243407391011714935302734375">
        <ele>68.8000030517578125</ele>
        <time>2026-07-16T12:27:12.000Z</time>
        <extensions>
          <ns3:TrackPointExtension>
            <ns3:atemp>33.0</ns3:atemp>
            <ns3:hr>118</ns3:hr>
          </ns3:TrackPointExtension>
        </extensions>
      </trkpt>
      <trkpt lat="48.13975757919251918792724609375" lon="-1.24376504682004451751708984375">
        <ele>69</ele>
        <time>2026-07-16T12:27:19.000Z</time>
        <extensions>
          <ns3:TrackPointExtension>
            <ns3:atemp>33.0</ns3:atemp>
            <ns3:hr>118</ns3:hr>
          </ns3:TrackPointExtension>
        </extensions>
      </trkpt>
      <trkpt lat="48.1398892588913440704345703125" lon="-1.244031675159931182861328125">
        <ele>68.59999847412109375</ele>
        <time>2026-07-16T12:27:26.000Z</time>
        <extensions>
          <ns3:TrackPointExtension>
            <ns3:atemp>33.0</ns3:atemp>
            <ns3:hr>121</ns3:hr>
          </ns3:TrackPointExtension>
        </extensions>
      </trkpt>
      <trkpt lat="48.14000015147030353546142578125" lon="-1.24426879920065402984619140625">
        <ele>68.59999847412109375</ele>
        <time>2026-07-16T12:27:31.000Z</time>
        <extensions>
          <ns3:TrackPointExtension>
            <ns3:atemp>33.0</ns3:atemp>
            <ns3:hr>122</ns3:hr>
          </ns3:TrackPointExtension>
        </extensions>
      </trkpt>
      <trkpt lat="48.1401735730469226837158203125" lon="-1.2445702962577342987060546875">
        <ele>67.8000030517578125</ele>
        <time>2026-07-16T12:27:37.000Z</time>
        <extensions>
          <ns3:TrackPointExtension>
            <ns3:atemp>33.0</ns3:atemp>
            <ns3:hr>121</ns3:hr>
          </ns3:TrackPointExtension>
        </extensions>
      </trkpt>
      <trkpt lat="48.140203915536403656005859375" lon="-1.244622766971588134765625">
        <ele>67.8000030517578125</ele>
        <time>2026-07-16T12:27:38.000Z</time>
        <extensions>
          <ns3:TrackPointExtension>
            <ns3:atemp>33.0</ns3:atemp>
            <ns3:hr>121</ns3:hr>
          </ns3:TrackPointExtension>
        </extensions>
      </trkpt>
      <trkpt lat="48.140327632427215576171875" lon="-1.24482586048543453216552734375">
        <ele>67.1999969482421875</ele>
        <time>2026-07-16T12:27:42.000Z</time>
        <extensions>
          <ns3:TrackPointExtension>
            <ns3:atemp>33.0</ns3:atemp>
            <ns3:hr>124</ns3:hr>
          </ns3:TrackPointExtension>
        </extensions>
      </trkpt>
      <trkpt lat="48.14054480753839015960693359375" lon="-1.24520136974751949310302734375">
        <ele>66.8000030517578125</ele>
        <time>2026-07-16T12:27:49.000Z</time>
        <extensions>
          <ns3:TrackPointExtension>
            <ns3:atemp>33.0</ns3:atemp>
            <ns3:hr>122</ns3:hr>
          </ns3:TrackPointExtension>
        </extensions>
      </trkpt>
      <trkpt lat="48.1406446360051631927490234375" lon="-1.2453799881041049957275390625">
        <ele>66.59999847412109375</ele>
        <time>2026-07-16T12:27:52.000Z</time>
        <extensions>
          <ns3:TrackPointExtension>
            <ns3:atemp>33.0</ns3:atemp>
            <ns3:hr>118</ns3:hr>
          </ns3:TrackPointExtension>
        </extensions>
      </trkpt>
      <trkpt lat="48.14076709561049938201904296875" lon="-1.2456170283257961273193359375">
        <ele>65.8000030517578125</ele>
        <time>2026-07-16T12:27:56.000Z</time>
        <extensions>
          <ns3:TrackPointExtension>
            <ns3:atemp>33.0</ns3:atemp>
            <ns3:hr>117</ns3:hr>
          </ns3:TrackPointExtension>
        </extensions>
      </trkpt>
      <trkpt lat="48.14079366624355316162109375" lon="-1.24567142687737941741943359375">
        <ele>65.8000030517578125</ele>
        <time>2026-07-16T12:27:57.000Z</time>
        <extensions>
          <ns3:TrackPointExtension>
            <ns3:atemp>33.0</ns3:atemp>
            <ns3:hr>118</ns3:hr>
          </ns3:TrackPointExtension>
        </extensions>
      </trkpt>
      <trkpt lat="48.14093758352100849151611328125" lon="-1.24597795307636260986328125">
        <ele>65.59999847412109375</ele>
        <time>2026-07-16T12:28:02.000Z</time>
        <extensions>
          <ns3:TrackPointExtension>
            <ns3:atemp>33.0</ns3:atemp>
            <ns3:hr>118</ns3:hr>
          </ns3:TrackPointExtension>
        </extensions>
      </trkpt>
      <trkpt lat="48.14105710946023464202880859375" lon="-1.24629889614880084991455078125">
        <ele>64.8000030517578125</ele>
        <time>2026-07-16T12:28:07.000Z</time>
        <extensions>
          <ns3:TrackPointExtension>
            <ns3:atemp>33.0</ns3:atemp>
            <ns3:hr>117</ns3:hr>
          </ns3:TrackPointExtension>
        </extensions>
      </trkpt>
      <trkpt lat="48.1410992704331874847412109375" lon="-1.2464213557541370391845703125">
        <ele>64.59999847412109375</ele>
        <time>2026-07-16T12:28:09.000Z</time>
        <extensions>
          <ns3:TrackPointExtension>
            <ns3:atemp>33.0</ns3:atemp>
            <ns3:hr>118</ns3:hr>
          </ns3:TrackPointExtension>
        </extensions>
      </trkpt>
      <trkpt lat="48.14117697067558765411376953125" lon="-1.24668429605662822723388671875">
        <ele>64.1999969482421875</ele>
        <time>2026-07-16T12:28:14.000Z</time>
        <extensions>
          <ns3:TrackPointExtension>
            <ns3:atemp>33.0</ns3:atemp>
            <ns3:hr>117</ns3:hr>
          </ns3:TrackPointExtension>
        </extensions>
      </trkpt>
      <trkpt lat="48.141244612634181976318359375" lon="-1.24685101211071014404296875">
        <ele>64.1999969482421875</ele>
        <time>2026-07-16T12:28:18.000Z</time>
        <extensions>
          <ns3:TrackPointExtension>
            <ns3:atemp>33.0</ns3:atemp>
            <ns3:hr>116</ns3:hr>
          </ns3:TrackPointExtension>
        </extensions>
      </trkpt>
      <trkpt lat="48.14126213081181049346923828125" lon="-1.24691379256546497344970703125">
        <ele>64.1999969482421875</ele>
        <time>2026-07-16T12:28:19.000Z</time>
        <extensions>
          <ns3:TrackPointExtension>
            <ns3:atemp>33.0</ns3:atemp>
            <ns3:hr>115</ns3:hr>
          </ns3:TrackPointExtension>
        </extensions>
      </trkpt>
      <trkpt lat="48.1413403339684009552001953125" lon="-1.2471358291804790496826171875">
        <ele>64.40000152587890625</ele>
        <time>2026-07-16T12:28:23.000Z</time>
        <extensions>
          <ns3:TrackPointExtension>
            <ns3:atemp>33.0</ns3:atemp>
            <ns3:hr>117</ns3:hr>
          </ns3:TrackPointExtension>
        </extensions>
      </trkpt>
      <trkpt lat="48.14137964509427547454833984375" lon="-1.24727320857346057891845703125">
        <ele>63.799999237060546875</ele>
        <time>2026-07-16T12:28:26.000Z</time>
        <extensions>
          <ns3:TrackPointExtension>
            <ns3:atemp>33.0</ns3:atemp>
            <ns3:hr>118</ns3:hr>
          </ns3:TrackPointExtension>
        </extensions>
      </trkpt>
      <trkpt lat="48.1414184533059597015380859375" lon="-1.2473721988499164581298828125">
        <ele>63.40000152587890625</ele>
        <time>2026-07-16T12:28:29.000Z</time>
        <extensions>
          <ns3:TrackPointExtension>
            <ns3:atemp>33.0</ns3:atemp>
            <ns3:hr>119</ns3:hr>
          </ns3:TrackPointExtension>
        </extensions>
      </trkpt>
      <trkpt lat="48.14143429510295391082763671875" lon="-1.2474238313734531402587890625">
        <ele>63.40000152587890625</ele>
        <time>2026-07-16T12:28:30.000Z</time>
        <extensions>
          <ns3:TrackPointExtension>
            <ns3:atemp>33.0</ns3:atemp>
            <ns3:hr>119</ns3:hr>
          </ns3:TrackPointExtension>
        </extensions>
      </trkpt>
      <trkpt lat="48.141511492431163787841796875" lon="-1.24765433371067047119140625">
        <ele>63.40000152587890625</ele>
        <time>2026-07-16T12:28:34.000Z</time>
        <extensions>
          <ns3:TrackPointExtension>
            <ns3:atemp>33.0</ns3:atemp>
            <ns3:hr>118</ns3:hr>
          </ns3:TrackPointExtension>
        </extensions>
      </trkpt>
      <trkpt lat="48.14165809191763401031494140625" lon="-1.24809765256941318511962890625">
        <ele>63.200000762939453125</ele>
        <time>2026-07-16T12:28:41.000Z</time>
        <extensions>
          <ns3:TrackPointExtension>
            <ns3:atemp>33.0</ns3:atemp>
            <ns3:hr>119</ns3:hr>
          </ns3:TrackPointExtension>
        </extensions>
      </trkpt>
      <trkpt lat="48.14183427952229976654052734375" lon="-1.24862529337406158447265625">
        <ele>63.59999847412109375</ele>
        <time>2026-07-16T12:28:49.000Z</time>
        <extensions>
          <ns3:TrackPointExtension>
            <ns3:atemp>33.0</ns3:atemp>
            <ns3:hr>120</ns3:hr>
          </ns3:TrackPointExtension>
        </extensions>
      </trkpt>
      <trkpt lat="48.1419994868338108062744140625" lon="-1.24910985119640827178955078125">
        <ele>63.59999847412109375</ele>
        <time>2026-07-16T12:28:57.000Z</time>
        <extensions>
          <ns3:TrackPointExtension>
            <ns3:atemp>33.0</ns3:atemp>
            <ns3:hr>121</ns3:hr>
          </ns3:TrackPointExtension>
        </extensions>
      </trkpt>
      <trkpt lat="48.142053969204425811767578125" lon="-1.24926089309155941009521484375">
        <ele>64</ele>
        <time>2026-07-16T12:29:01.000Z</time>
        <extensions>
          <ns3:TrackPointExtension>
            <ns3:atemp>33.0</ns3:atemp>
            <ns3:hr>122</ns3:hr>
          </ns3:TrackPointExtension>
        </extensions>
      </trkpt>
      <trkpt lat="48.142092190682888031005859375" lon="-1.24938125722110271453857421875">
        <ele>64.40000152587890625</ele>
        <time>2026-07-16T12:29:04.000Z</time>
        <extensions>
          <ns3:TrackPointExtension>
            <ns3:atemp>33.0</ns3:atemp>
            <ns3:hr>125</ns3:hr>
          </ns3:TrackPointExtension>
        </extensions>
      </trkpt>
      <trkpt lat="48.14212538301944732666015625" lon="-1.24947194941341876983642578125">
        <ele>64.59999847412109375</ele>
        <time>2026-07-16T12:29:06.000Z</time>
        <extensions>
          <ns3:TrackPointExtension>
            <ns3:atemp>33.0</ns3:atemp>
            <ns3:hr>127</ns3:hr>
          </ns3:TrackPointExtension>
        </extensions>
      </trkpt>
      <trkpt lat="48.14220442436635494232177734375" lon="-1.2497151084244251251220703125">
        <ele>64.1999969482421875</ele>
        <time>2026-07-16T12:29:11.000Z</time>
        <extensions>
          <ns3:TrackPointExtension>
            <ns3:atemp>34.0</ns3:atemp>
            <ns3:hr>132</ns3:hr>
          </ns3:TrackPointExtension>
        </extensions>
      </trkpt>
      <trkpt lat="48.142224289476871490478515625" lon="-1.2497744522988796234130859375">
        <ele>64.1999969482421875</ele>
        <time>2026-07-16T12:29:12.000Z</time>
        <extensions>
          <ns3:TrackPointExtension>
            <ns3:atemp>33.0</ns3:atemp>
            <ns3:hr>135</ns3:hr>
          </ns3:TrackPointExtension>
        </extensions>
      </trkpt>
      <trkpt lat="48.1422449089586734771728515625" lon="-1.249837316572666168212890625">
        <ele>64.1999969482421875</ele>
        <time>2026-07-16T12:29:13.000Z</time>
        <extensions>
          <ns3:TrackPointExtension>
            <ns3:atemp>34.0</ns3:atemp>
            <ns3:hr>136</ns3:hr>
          </ns3:TrackPointExtension>
        </extensions>
      </trkpt>
      <trkpt lat="48.14234197139739990234375" lon="-1.25013403594493865966796875">
        <ele>63.59999847412109375</ele>
        <time>2026-07-16T12:29:18.000Z</time>
        <extensions>
          <ns3:TrackPointExtension>
            <ns3:atemp>34.0</ns3:atemp>
            <ns3:hr>139</ns3:hr>
          </ns3:TrackPointExtension>
        </extensions>
      </trkpt>
      <trkpt lat="48.14236585982143878936767578125" lon="-1.25024358741939067840576171875">
        <ele>63.40000152587890625</ele>
        <time>2026-07-16T12:29:20.000Z</time>
        <extensions>
          <ns3:TrackPointExtension>
            <ns3:atemp>34.0</ns3:atemp>
            <ns3:hr>138</ns3:hr>
          </ns3:TrackPointExtension>
        </extensions>
      </trkpt>
      <trkpt lat="48.14243073575198650360107421875" lon="-1.250494457781314849853515625">
        <ele>63.200000762939453125</ele>
        <time>2026-07-16T12:29:25.000Z</time>
        <extensions>
          <ns3:TrackPointExtension>
            <ns3:atemp>34.0</ns3:atemp>
            <ns3:hr>135</ns3:hr>
          </ns3:TrackPointExtension>
        </extensions>
      </trkpt>
      <trkpt lat="48.14244716428220272064208984375" lon="-1.2505429051816463470458984375">
        <ele>63.200000762939453125</ele>
        <time>2026-07-16T12:29:26.000Z</time>
        <extensions>
          <ns3:TrackPointExtension>
            <ns3:atemp>34.0</ns3:atemp>
            <ns3:hr>134</ns3:hr>
          </ns3:TrackPointExtension>
        </extensions>
      </trkpt>
      <trkpt lat="48.142536096274852752685546875" lon="-1.25079654157161712646484375">
        <ele>63</ele>
        <time>2026-07-16T12:29:31.000Z</time>
        <extensions>
          <ns3:TrackPointExtension>
            <ns3:atemp>34.0</ns3:atemp>
            <ns3:hr>136</ns3:hr>
          </ns3:TrackPointExtension>
        </extensions>
      </trkpt>
      <trkpt lat="48.1425624154508113861083984375" lon="-1.25085110776126384735107421875">
        <ele>62.799999237060546875</ele>
        <time>2026-07-16T12:29:32.000Z</time>
        <extensions>
          <ns3:TrackPointExtension>
            <ns3:atemp>34.0</ns3:atemp>
            <ns3:hr>136</ns3:hr>
          </ns3:TrackPointExtension>
        </extensions>
      </trkpt>
      <trkpt lat="48.142591752111911773681640625" lon="-1.25090341083705425262451171875">
        <ele>62.59999847412109375</ele>
        <time>2026-07-16T12:29:33.000Z</time>
        <extensions>
          <ns3:TrackPointExtension>
            <ns3:atemp>34.0</ns3:atemp>
            <ns3:hr>135</ns3:hr>
          </ns3:TrackPointExtension>
        </extensions>
      </trkpt>
      <trkpt lat="48.14264237880706787109375" lon="-1.25101941637694835662841796875">
        <ele>62.40000152587890625</ele>
        <time>2026-07-16T12:29:35.000Z</time>
        <extensions>
          <ns3:TrackPointExtension>
            <ns3:atemp>34.0</ns3:atemp>
            <ns3:hr>133</ns3:hr>
          </ns3:TrackPointExtension>
        </extensions>
      </trkpt>
      <trkpt lat="48.142693676054477691650390625" lon="-1.25117741525173187255859375">
        <ele>62.200000762939453125</ele>
        <time>2026-07-16T12:29:38.000Z</time>
        <extensions>
          <ns3:TrackPointExtension>
            <ns3:atemp>34.0</ns3:atemp>
            <ns3:hr>132</ns3:hr>
          </ns3:TrackPointExtension>
        </extensions>
      </trkpt>
      <trkpt lat="48.1427483260631561279296875" lon="-1.2512399442493915557861328125">
        <ele>62.200000762939453125</ele>
        <time>2026-07-16T12:29:40.000Z</time>
        <extensions>
          <ns3:TrackPointExtension>
            <ns3:atemp>34.0</ns3:atemp>
            <ns3:hr>132</ns3:hr>
          </ns3:TrackPointExtension>
        </extensions>
      </trkpt>
      <trkpt lat="48.142824433743953704833984375" lon="-1.2513256072998046875">
        <ele>62.200000762939453125</ele>
        <time>2026-07-16T12:29:42.000Z</time>
        <extensions>
          <ns3:TrackPointExtension>
            <ns3:atemp>34.0</ns3:atemp>
            <ns3:hr>130</ns3:hr>
          </ns3:TrackPointExtension>
        </extensions>
      </trkpt>
      <trkpt lat="48.14298226498067378997802734375" lon="-1.25164722092449665069580078125">
        <ele>62.40000152587890625</ele>
        <time>2026-07-16T12:29:47.000Z</time>
        <extensions>
          <ns3:TrackPointExtension>
            <ns3:atemp>34.0</ns3:atemp>
            <ns3:hr>130</ns3:hr>
          </ns3:TrackPointExtension>
        </extensions>
      </trkpt>
      <trkpt lat="48.14315266907215118408203125" lon="-1.251947544515132904052734375">
        <ele>63</ele>
        <time>2026-07-16T12:29:52.000Z</time>
        <extensions>
          <ns3:TrackPointExtension>
            <ns3:atemp>34.0</ns3:atemp>
            <ns3:hr>133</ns3:hr>
          </ns3:TrackPointExtension>
        </extensions>
      </trkpt>
      <trkpt lat="48.14331184141337871551513671875" lon="-1.25218047760426998138427734375">
        <ele>63</ele>
        <time>2026-07-16T12:29:56.000Z</time>
        <extensions>
          <ns3:TrackPointExtension>
            <ns3:atemp>34.0</ns3:atemp>
            <ns3:hr>134</ns3:hr>
          </ns3:TrackPointExtension>
        </extensions>
      </trkpt>
      <trkpt lat="48.143626414239406585693359375" lon="-1.25254525803029537200927734375">
        <ele>63.200000762939453125</ele>
        <time>2026-07-16T12:30:04.000Z</time>
        <extensions>
          <ns3:TrackPointExtension>
            <ns3:atemp>34.0</ns3:atemp>
            <ns3:hr>133</ns3:hr>
          </ns3:TrackPointExtension>
        </extensions>
      </trkpt>
      <trkpt lat="48.14398859627544879913330078125" lon="-1.2528482638299465179443359375">
        <ele>63.40000152587890625</ele>
        <time>2026-07-16T12:30:13.000Z</time>
        <extensions>
          <ns3:TrackPointExtension>
            <ns3:atemp>34.0</ns3:atemp>
            <ns3:hr>136</ns3:hr>
          </ns3:TrackPointExtension>
        </extensions>
      </trkpt>
      <trkpt lat="48.144026733934879302978515625" lon="-1.25287919305264949798583984375">
        <ele>63.59999847412109375</ele>
        <time>2026-07-16T12:30:14.000Z</time>
        <extensions>
          <ns3:TrackPointExtension>
            <ns3:atemp>34.0</ns3:atemp>
            <ns3:hr>136</ns3:hr>
          </ns3:TrackPointExtension>
        </extensions>
      </trkpt>
      <trkpt lat="48.1441858224570751190185546875" lon="-1.25299938954412937164306640625">
        <ele>63.40000152587890625</ele>
        <time>2026-07-16T12:30:18.000Z</time>
        <extensions>
          <ns3:TrackPointExtension>
            <ns3:atemp>34.0</ns3:atemp>
            <ns3:hr>137</ns3:hr>
          </ns3:TrackPointExtension>
        </extensions>
      </trkpt>
      <trkpt lat="48.14426586963236331939697265625" lon="-1.25306393019855022430419921875">
        <ele>63.40000152587890625</ele>
        <time>2026-07-16T12:30:20.000Z</time>
        <extensions>
          <ns3:TrackPointExtension>
            <ns3:atemp>34.0</ns3:atemp>
            <ns3:hr>138</ns3:hr>
          </ns3:TrackPointExtension>
        </extensions>
      </trkpt>
      <trkpt lat="48.144388161599636077880859375" lon="-1.25315898098051548004150390625">
        <ele>63.40000152587890625</ele>
        <time>2026-07-16T12:30:23.000Z</time>
        <extensions>
          <ns3:TrackPointExtension>
            <ns3:atemp>34.0</ns3:atemp>
            <ns3:hr>139</ns3:hr>
          </ns3:TrackPointExtension>
        </extensions>
      </trkpt>
      <trkpt lat="48.144556470215320587158203125" lon="-1.253285296261310577392578125">
        <ele>63</ele>
        <time>2026-07-16T12:30:27.000Z</time>
        <extensions>
          <ns3:TrackPointExtension>
            <ns3:atemp>34.0</ns3:atemp>
            <ns3:hr>142</ns3:hr>
          </ns3:TrackPointExtension>
        </extensions>
      </trkpt>
      <trkpt lat="48.14477414824068546295166015625" lon="-1.2534420378506183624267578125">
        <ele>63</ele>
        <time>2026-07-16T12:30:32.000Z</time>
        <extensions>
          <ns3:TrackPointExtension>
            <ns3:atemp>34.0</ns3:atemp>
            <ns3:hr>142</ns3:hr>
          </ns3:TrackPointExtension>
        </extensions>
      </trkpt>
      <trkpt lat="48.14500180073082447052001953125" lon="-1.2536053173243999481201171875">
        <ele>62.799999237060546875</ele>
        <time>2026-07-16T12:30:37.000Z</time>
        <extensions>
          <ns3:TrackPointExtension>
            <ns3:atemp>34.0</ns3:atemp>
            <ns3:hr>139</ns3:hr>
          </ns3:TrackPointExtension>
        </extensions>
      </trkpt>
      <trkpt lat="48.14504840411245822906494140625" lon="-1.253638677299022674560546875">
        <ele>62.799999237060546875</ele>
        <time>2026-07-16T12:30:38.000Z</time>
        <extensions>
          <ns3:TrackPointExtension>
            <ns3:atemp>34.0</ns3:atemp>
            <ns3:hr>136</ns3:hr>
          </ns3:TrackPointExtension>
        </extensions>
      </trkpt>
      <trkpt lat="48.14518720842897891998291015625" lon="-1.25374118797481060028076171875">
        <ele>62.799999237060546875</ele>
        <time>2026-07-16T12:30:41.000Z</time>
        <extensions>
          <ns3:TrackPointExtension>
            <ns3:atemp>34.0</ns3:atemp>
            <ns3:hr>133</ns3:hr>
          </ns3:TrackPointExtension>
        </extensions>
      </trkpt>
      <trkpt lat="48.14523347653448581695556640625" lon="-1.253777481615543365478515625">
        <ele>62.799999237060546875</ele>
        <time>2026-07-16T12:30:42.000Z</time>
        <extensions>
          <ns3:TrackPointExtension>
            <ns3:atemp>34.0</ns3:atemp>
            <ns3:hr>133</ns3:hr>
          </ns3:TrackPointExtension>
        </extensions>
      </trkpt>
      <trkpt lat="48.1456979177892208099365234375" lon="-1.2541253305971622467041015625">
        <ele>63</ele>
        <time>2026-07-16T12:30:52.000Z</time>
        <extensions>
          <ns3:TrackPointExtension>
            <ns3:atemp>34.0</ns3:atemp>
            <ns3:hr>132</ns3:hr>
          </ns3:TrackPointExtension>
        </extensions>
      </trkpt>
      <trkpt lat="48.14602539874613285064697265625" lon="-1.25435859896242618560791015625">
        <ele>64.59999847412109375</ele>
        <time>2026-07-16T12:31:00.000Z</time>
        <extensions>
          <ns3:TrackPointExtension>
            <ns3:atemp>34.0</ns3:atemp>
            <ns3:hr>132</ns3:hr>
          </ns3:TrackPointExtension>
        </extensions>
      </trkpt>
      <trkpt lat="48.1460660509765148162841796875" lon="-1.25438240356743335723876953125">
        <ele>64.8000030517578125</ele>
        <time>2026-07-16T12:31:01.000Z</time>
        <extensions>
          <ns3:TrackPointExtension>
            <ns3:atemp>34.0</ns3:atemp>
            <ns3:hr>133</ns3:hr>
          </ns3:TrackPointExtension>
        </extensions>
      </trkpt>
      <trkpt lat="48.14626947976648807525634765625" lon="-1.25451936386525630950927734375">
        <ele>65.8000030517578125</ele>
        <time>2026-07-16T12:31:06.000Z</time>
        <extensions>
          <ns3:TrackPointExtension>
            <ns3:atemp>34.0</ns3:atemp>
            <ns3:hr>134</ns3:hr>
          </ns3:TrackPointExtension>
        </extensions>
      </trkpt>
      <trkpt lat="48.14635455608367919921875" lon="-1.2545652128756046295166015625">
        <ele>66.40000152587890625</ele>
        <time>2026-07-16T12:31:08.000Z</time>
        <extensions>
          <ns3:TrackPointExtension>
            <ns3:atemp>35.0</ns3:atemp>
            <ns3:hr>134</ns3:hr>
          </ns3:TrackPointExtension>
        </extensions>
      </trkpt>
      <trkpt lat="48.146479614078998565673828125" lon="-1.2546285800635814666748046875">
        <ele>67</ele>
        <time>2026-07-16T12:31:11.000Z</time>
        <extensions>
          <ns3:TrackPointExtension>
            <ns3:atemp>35.0</ns3:atemp>
            <ns3:hr>136</ns3:hr>
          </ns3:TrackPointExtension>
        </extensions>
      </trkpt>
      <trkpt lat="48.1465666182339191436767578125" lon="-1.25466537661850452423095703125">
        <ele>67.59999847412109375</ele>
        <time>2026-07-16T12:31:13.000Z</time>
        <extensions>
          <ns3:TrackPointExtension>
            <ns3:atemp>35.0</ns3:atemp>
            <ns3:hr>146</ns3:hr>
          </ns3:TrackPointExtension>
        </extensions>
      </trkpt>
      <trkpt lat="48.146611042320728302001953125" lon="-1.2546849064528942108154296875">
        <ele>67.8000030517578125</ele>
        <time>2026-07-16T12:31:14.000Z</time>
        <extensions>
          <ns3:TrackPointExtension>
            <ns3:atemp>34.0</ns3:atemp>
            <ns3:hr>150</ns3:hr>
          </ns3:TrackPointExtension>
        </extensions>
      </trkpt>
      <trkpt lat="48.14665521495044231414794921875" lon="-1.254709549248218536376953125">
        <ele>68.1999969482421875</ele>
        <time>2026-07-16T12:31:15.000Z</time>
        <extensions>
          <ns3:TrackPointExtension>
            <ns3:atemp>35.0</ns3:atemp>
            <ns3:hr>151</ns3:hr>
          </ns3:TrackPointExtension>
        </extensions>
      </trkpt>
      <trkpt lat="48.14670114777982234954833984375" lon="-1.254735030233860015869140625">
        <ele>68.40000152587890625</ele>
        <time>2026-07-16T12:31:16.000Z</time>
        <extensions>
          <ns3:TrackPointExtension>
            <ns3:atemp>34.0</ns3:atemp>
            <ns3:hr>152</ns3:hr>
          </ns3:TrackPointExtension>
        </extensions>
      </trkpt>
      <trkpt lat="48.1468472443521022796630859375" lon="-1.25483184121549129486083984375">
        <ele>69.40000152587890625</ele>
        <time>2026-07-16T12:31:19.000Z</time>
        <extensions>
          <ns3:TrackPointExtension>
            <ns3:atemp>35.0</ns3:atemp>
            <ns3:hr>153</ns3:hr>
          </ns3:TrackPointExtension>
        </extensions>
      </trkpt>
      <trkpt lat="48.146898709237575531005859375" lon="-1.254877187311649322509765625">
        <ele>69.59999847412109375</ele>
        <time>2026-07-16T12:31:20.000Z</time>
        <extensions>
          <ns3:TrackPointExtension>
            <ns3:atemp>35.0</ns3:atemp>
            <ns3:hr>154</ns3:hr>
          </ns3:TrackPointExtension>
        </extensions>
      </trkpt>
      <trkpt lat="48.14699837006628513336181640625" lon="-1.25496930442750453948974609375">
        <ele>70.1999969482421875</ele>
        <time>2026-07-16T12:31:22.000Z</time>
        <extensions>
          <ns3:TrackPointExtension>
            <ns3:atemp>35.0</ns3:atemp>
            <ns3:hr>156</ns3:hr>
          </ns3:TrackPointExtension>
        </extensions>
      </trkpt>
      <trkpt lat="48.14705000258982181549072265625" lon="-1.25501825474202632904052734375">
        <ele>70.59999847412109375</ele>
        <time>2026-07-16T12:31:23.000Z</time>
        <extensions>
          <ns3:TrackPointExtension>
            <ns3:atemp>35.0</ns3:atemp>
            <ns3:hr>157</ns3:hr>
          </ns3:TrackPointExtension>
        </extensions>
      </trkpt>
      <trkpt lat="48.14720012247562408447265625" lon="-1.25516745261847972869873046875">
        <ele>71.59999847412109375</ele>
        <time>2026-07-16T12:31:26.000Z</time>
        <extensions>
          <ns3:TrackPointExtension>
            <ns3:atemp>35.0</ns3:atemp>
            <ns3:hr>162</ns3:hr>
          </ns3:TrackPointExtension>
        </extensions>
      </trkpt>
      <trkpt lat="48.1472485698759555816650390625" lon="-1.2552143074572086334228515625">
        <ele>71.8000030517578125</ele>
        <time>2026-07-16T12:31:27.000Z</time>
        <extensions>
          <ns3:TrackPointExtension>
            <ns3:atemp>35.0</ns3:atemp>
            <ns3:hr>164</ns3:hr>
          </ns3:TrackPointExtension>
        </extensions>
      </trkpt>
      <trkpt lat="48.14743657596409320831298828125" lon="-1.25540834851562976837158203125">
        <ele>72.8000030517578125</ele>
        <time>2026-07-16T12:31:31.000Z</time>
        <extensions>
          <ns3:TrackPointExtension>
            <ns3:atemp>35.0</ns3:atemp>
            <ns3:hr>167</ns3:hr>
          </ns3:TrackPointExtension>
        </extensions>
      </trkpt>
      <trkpt lat="48.14748577773571014404296875" lon="-1.25545595772564411163330078125">
        <ele>73</ele>
        <time>2026-07-16T12:31:32.000Z</time>
        <extensions>
          <ns3:TrackPointExtension>
            <ns3:atemp>35.0</ns3:atemp>
            <ns3:hr>168</ns3:hr>
          </ns3:TrackPointExtension>
        </extensions>
      </trkpt>
      <trkpt lat="48.14762248657643795013427734375" lon="-1.2555924989283084869384765625">
        <ele>74.1999969482421875</ele>
        <time>2026-07-16T12:31:35.000Z</time>
        <extensions>
          <ns3:TrackPointExtension>
            <ns3:atemp>35.0</ns3:atemp>
            <ns3:hr>170</ns3:hr>
          </ns3:TrackPointExtension>
        </extensions>
      </trkpt>
      <trkpt lat="48.14774922095239162445068359375" lon="-1.25573524273931980133056640625">
        <ele>75.40000152587890625</ele>
        <time>2026-07-16T12:31:38.000Z</time>
        <extensions>
          <ns3:TrackPointExtension>
            <ns3:atemp>35.0</ns3:atemp>
            <ns3:hr>171</ns3:hr>
          </ns3:TrackPointExtension>
        </extensions>
      </trkpt>
      <trkpt lat="48.14787545241415500640869140625" lon="-1.25586801208555698394775390625">
        <ele>76</ele>
        <time>2026-07-16T12:31:41.000Z</time>
        <extensions>
          <ns3:TrackPointExtension>
            <ns3:atemp>35.0</ns3:atemp>
            <ns3:hr>173</ns3:hr>
          </ns3:TrackPointExtension>
        </extensions>
      </trkpt>
      <trkpt lat="48.14791635610163211822509765625" lon="-1.25590908341109752655029296875">
        <ele>76.40000152587890625</ele>
        <time>2026-07-16T12:31:42.000Z</time>
        <extensions>
          <ns3:TrackPointExtension>
            <ns3:atemp>35.0</ns3:atemp>
            <ns3:hr>174</ns3:hr>
          </ns3:TrackPointExtension>
        </extensions>
      </trkpt>
      <trkpt lat="48.14807460643351078033447265625" lon="-1.2560719437897205352783203125">
        <ele>77.59999847412109375</ele>
        <time>2026-07-16T12:31:46.000Z</time>
        <extensions>
          <ns3:TrackPointExtension>
            <ns3:atemp>35.0</ns3:atemp>
            <ns3:hr>174</ns3:hr>
          </ns3:TrackPointExtension>
        </extensions>
      </trkpt>
      <trkpt lat="48.148268647491931915283203125" lon="-1.2562684156000614166259765625">
        <ele>78.8000030517578125</ele>
        <time>2026-07-16T12:31:51.000Z</time>
        <extensions>
          <ns3:TrackPointExtension>
            <ns3:atemp>35.0</ns3:atemp>
            <ns3:hr>175</ns3:hr>
          </ns3:TrackPointExtension>
        </extensions>
      </trkpt>
      <trkpt lat="48.1483053602278232574462890625" lon="-1.2563066370785236358642578125">
        <ele>79.1999969482421875</ele>
        <time>2026-07-16T12:31:52.000Z</time>
        <extensions>
          <ns3:TrackPointExtension>
            <ns3:atemp>35.0</ns3:atemp>
            <ns3:hr>175</ns3:hr>
          </ns3:TrackPointExtension>
        </extensions>
      </trkpt>
      <trkpt lat="48.14835255034267902374267578125" lon="-1.2563411705195903778076171875">
        <ele>79.40000152587890625</ele>
        <time>2026-07-16T12:31:53.000Z</time>
        <extensions>
          <ns3:TrackPointExtension>
            <ns3:atemp>35.0</ns3:atemp>
            <ns3:hr>175</ns3:hr>
          </ns3:TrackPointExtension>
        </extensions>
      </trkpt>
      <trkpt lat="48.148465789854526519775390625" lon="-1.25646782107651233673095703125">
        <ele>80</ele>
        <time>2026-07-16T12:31:56.000Z</time>
        <extensions>
          <ns3:TrackPointExtension>
            <ns3:atemp>35.0</ns3:atemp>
            <ns3:hr>175</ns3:hr>
          </ns3:TrackPointExtension>
        </extensions>
      </trkpt>
      <trkpt lat="48.148650862276554107666015625" lon="-1.25666378997266292572021484375">
        <ele>81.1999969482421875</ele>
        <time>2026-07-16T12:32:01.000Z</time>
        <extensions>
          <ns3:TrackPointExtension>
            <ns3:atemp>35.0</ns3:atemp>
            <ns3:hr>173</ns3:hr>
          </ns3:TrackPointExtension>
        </extensions>
      </trkpt>
      <trkpt lat="48.14872487448155879974365234375" lon="-1.2567436695098876953125">
        <ele>81.8000030517578125</ele>
        <time>2026-07-16T12:32:03.000Z</time>
        <extensions>
          <ns3:TrackPointExtension>
            <ns3:atemp>35.0</ns3:atemp>
            <ns3:hr>173</ns3:hr>
          </ns3:TrackPointExtension>
        </extensions>
      </trkpt>
      <trkpt lat="48.14880182035267353057861328125" lon="-1.256819777190685272216796875">
        <ele>82.1999969482421875</ele>
        <time>2026-07-16T12:32:05.000Z</time>
        <extensions>
          <ns3:TrackPointExtension>
            <ns3:atemp>35.0</ns3:atemp>
            <ns3:hr>173</ns3:hr>
          </ns3:TrackPointExtension>
        </extensions>
      </trkpt>
      <trkpt lat="48.1489940173923969268798828125" lon="-1.25701256096363067626953125">
        <ele>83.1999969482421875</ele>
        <time>2026-07-16T12:32:10.000Z</time>
        <extensions>
          <ns3:TrackPointExtension>
            <ns3:atemp>35.0</ns3:atemp>
            <ns3:hr>173</ns3:hr>
          </ns3:TrackPointExtension>
        </extensions>
      </trkpt>
      <trkpt lat="48.149033077061176300048828125" lon="-1.2570492736995220184326171875">
        <ele>83.40000152587890625</ele>
        <time>2026-07-16T12:32:11.000Z</time>
        <extensions>
          <ns3:TrackPointExtension>
            <ns3:atemp>35.0</ns3:atemp>
            <ns3:hr>174</ns3:hr>
          </ns3:TrackPointExtension>
        </extensions>
      </trkpt>
      <trkpt lat="48.1492231786251068115234375" lon="-1.25724717043340206146240234375">
        <ele>84.59999847412109375</ele>
        <time>2026-07-16T12:32:16.000Z</time>
        <extensions>
          <ns3:TrackPointExtension>
            <ns3:atemp>35.0</ns3:atemp>
            <ns3:hr>174</ns3:hr>
          </ns3:TrackPointExtension>
        </extensions>
      </trkpt>
      <trkpt lat="48.14929920248687267303466796875" lon="-1.2573242001235485076904296875">
        <ele>85.59999847412109375</ele>
        <time>2026-07-16T12:32:18.000Z</time>
        <extensions>
          <ns3:TrackPointExtension>
            <ns3:atemp>35.0</ns3:atemp>
            <ns3:hr>174</ns3:hr>
          </ns3:TrackPointExtension>
        </extensions>
      </trkpt>
      <trkpt lat="48.1493745557963848114013671875" lon="-1.2573999725282192230224609375">
        <ele>86</ele>
        <time>2026-07-16T12:32:20.000Z</time>
        <extensions>
          <ns3:TrackPointExtension>
            <ns3:atemp>35.0</ns3:atemp>
            <ns3:hr>174</ns3:hr>
          </ns3:TrackPointExtension>
        </extensions>
      </trkpt>
      <trkpt lat="48.1495643220841884613037109375" lon="-1.2575954385101795196533203125">
        <ele>86.8000030517578125</ele>
        <time>2026-07-16T12:32:25.000Z</time>
        <extensions>
          <ns3:TrackPointExtension>
            <ns3:atemp>35.0</ns3:atemp>
            <ns3:hr>173</ns3:hr>
          </ns3:TrackPointExtension>
        </extensions>
      </trkpt>
      <trkpt lat="48.14967353828251361846923828125" lon="-1.25771152786910533905029296875">
        <ele>87.40000152587890625</ele>
        <time>2026-07-16T12:32:28.000Z</time>
        <extensions>
          <ns3:TrackPointExtension>
            <ns3:atemp>35.0</ns3:atemp>
            <ns3:hr>174</ns3:hr>
          </ns3:TrackPointExtension>
        </extensions>
      </trkpt>
      <trkpt lat="48.14974310807883739471435546875" lon="-1.25778646208345890045166015625">
        <ele>88</ele>
        <time>2026-07-16T12:32:30.000Z</time>
        <extensions>
          <ns3:TrackPointExtension>
            <ns3:atemp>35.0</ns3:atemp>
            <ns3:hr>173</ns3:hr>
          </ns3:TrackPointExtension>
        </extensions>
      </trkpt>
      <trkpt lat="48.14992130734026432037353515625" lon="-1.2579669244587421417236328125">
        <ele>88.8000030517578125</ele>
        <time>2026-07-16T12:32:35.000Z</time>
        <extensions>
          <ns3:TrackPointExtension>
            <ns3:atemp>35.0</ns3:atemp>
            <ns3:hr>173</ns3:hr>
          </ns3:TrackPointExtension>
        </extensions>
      </trkpt>
      <trkpt lat="48.149956762790679931640625" lon="-1.25800120644271373748779296875">
        <ele>89</ele>
        <time>2026-07-16T12:32:36.000Z</time>
        <extensions>
          <ns3:TrackPointExtension>
            <ns3:atemp>35.0</ns3:atemp>
            <ns3:hr>173</ns3:hr>
          </ns3:TrackPointExtension>
        </extensions>
      </trkpt>
      <trkpt lat="48.15018919296562671661376953125" lon="-1.25824411399662494659423828125">
        <ele>90</ele>
        <time>2026-07-16T12:32:43.000Z</time>
        <extensions>
          <ns3:TrackPointExtension>
            <ns3:atemp>35.0</ns3:atemp>
            <ns3:hr>173</ns3:hr>
          </ns3:TrackPointExtension>
        </extensions>
      </trkpt>
      <trkpt lat="48.1502536498010158538818359375" lon="-1.258308403193950653076171875">
        <ele>90.1999969482421875</ele>
        <time>2026-07-16T12:32:45.000Z</time>
        <extensions>
          <ns3:TrackPointExtension>
            <ns3:atemp>35.0</ns3:atemp>
            <ns3:hr>176</ns3:hr>
          </ns3:TrackPointExtension>
        </extensions>
      </trkpt>
      <trkpt lat="48.15031240694224834442138671875" lon="-1.25837084837257862091064453125">
        <ele>90.59999847412109375</ele>
        <time>2026-07-16T12:32:47.000Z</time>
        <extensions>
          <ns3:TrackPointExtension>
            <ns3:atemp>35.0</ns3:atemp>
            <ns3:hr>179</ns3:hr>
          </ns3:TrackPointExtension>
        </extensions>
      </trkpt>
      <trkpt lat="48.15046973526477813720703125" lon="-1.2585322000086307525634765625">
        <ele>91.1999969482421875</ele>
        <time>2026-07-16T12:32:52.000Z</time>
        <extensions>
          <ns3:TrackPointExtension>
            <ns3:atemp>35.0</ns3:atemp>
            <ns3:hr>180</ns3:hr>
          </ns3:TrackPointExtension>
        </extensions>
      </trkpt>
      <trkpt lat="48.15077793784439563751220703125" lon="-1.258846186101436614990234375">
        <ele>91.40000152587890625</ele>
        <time>2026-07-16T12:33:01.000Z</time>
        <extensions>
          <ns3:TrackPointExtension>
            <ns3:atemp>36.0</ns3:atemp>
            <ns3:hr>179</ns3:hr>
          </ns3:TrackPointExtension>
        </extensions>
      </trkpt>
      <trkpt lat="48.150916658341884613037109375" lon="-1.258994378149509429931640625">
        <ele>91.40000152587890625</ele>
        <time>2026-07-16T12:33:05.000Z</time>
        <extensions>
          <ns3:TrackPointExtension>
            <ns3:atemp>36.0</ns3:atemp>
            <ns3:hr>176</ns3:hr>
          </ns3:TrackPointExtension>
        </extensions>
      </trkpt>
      <trkpt lat="48.15098882652819156646728515625" lon="-1.259071826934814453125">
        <ele>91.59999847412109375</ele>
        <time>2026-07-16T12:33:07.000Z</time>
        <extensions>
          <ns3:TrackPointExtension>
            <ns3:atemp>36.0</ns3:atemp>
            <ns3:hr>173</ns3:hr>
          </ns3:TrackPointExtension>
        </extensions>
      </trkpt>
      <trkpt lat="48.15112830139696598052978515625" lon="-1.25922781415283679962158203125">
        <ele>91.8000030517578125</ele>
        <time>2026-07-16T12:33:11.000Z</time>
        <extensions>
          <ns3:TrackPointExtension>
            <ns3:atemp>36.0</ns3:atemp>
            <ns3:hr>172</ns3:hr>
          </ns3:TrackPointExtension>
        </extensions>
      </trkpt>
      <trkpt lat="48.1512665189802646636962890625" lon="-1.25938723795115947723388671875">
        <ele>92</ele>
        <time>2026-07-16T12:33:15.000Z</time>
        <extensions>
          <ns3:TrackPointExtension>
            <ns3:atemp>36.0</ns3:atemp>
            <ns3:hr>169</ns3:hr>
          </ns3:TrackPointExtension>
        </extensions>
      </trkpt>
      <trkpt lat="48.1513367593288421630859375" lon="-1.25947357155382633209228515625">
        <ele>92.1999969482421875</ele>
        <time>2026-07-16T12:33:17.000Z</time>
        <extensions>
          <ns3:TrackPointExtension>
            <ns3:atemp>36.0</ns3:atemp>
            <ns3:hr>167</ns3:hr>
          </ns3:TrackPointExtension>
        </extensions>
      </trkpt>
      <trkpt lat="48.15143507905304431915283203125" lon="-1.25961237587034702301025390625">
        <ele>92.1999969482421875</ele>
        <time>2026-07-16T12:33:20.000Z</time>
        <extensions>
          <ns3:TrackPointExtension>
            <ns3:atemp>36.0</ns3:atemp>
            <ns3:hr>166</ns3:hr>
          </ns3:TrackPointExtension>
        </extensions>
      </trkpt>
      <trkpt lat="48.15150263719260692596435546875" lon="-1.25970776192843914031982421875">
        <ele>92.40000152587890625</ele>
        <time>2026-07-16T12:33:22.000Z</time>
        <extensions>
          <ns3:TrackPointExtension>
            <ns3:atemp>36.0</ns3:atemp>
            <ns3:hr>166</ns3:hr>
          </ns3:TrackPointExtension>
        </extensions>
      </trkpt>
      <trkpt lat="48.151708580553531646728515625" lon="-1.25999827869236469268798828125">
        <ele>93</ele>
        <time>2026-07-16T12:33:28.000Z</time>
        <extensions>
          <ns3:TrackPointExtension>
            <ns3:atemp>36.0</ns3:atemp>
            <ns3:hr>166</ns3:hr>
          </ns3:TrackPointExtension>
        </extensions>
      </trkpt>
      <trkpt lat="48.1517774797976016998291015625" lon="-1.26010020263493061065673828125">
        <ele>93.1999969482421875</ele>
        <time>2026-07-16T12:33:30.000Z</time>
        <extensions>
          <ns3:TrackPointExtension>
            <ns3:atemp>36.0</ns3:atemp>
            <ns3:hr>166</ns3:hr>
          </ns3:TrackPointExtension>
        </extensions>
      </trkpt>
      <trkpt lat="48.15201074816286563873291015625" lon="-1.2604412622749805450439453125">
        <ele>94.40000152587890625</ele>
        <time>2026-07-16T12:33:37.000Z</time>
        <extensions>
          <ns3:TrackPointExtension>
            <ns3:atemp>36.0</ns3:atemp>
            <ns3:hr>164</ns3:hr>
          </ns3:TrackPointExtension>
        </extensions>
      </trkpt>
      <trkpt lat="48.15218559466302394866943359375" lon="-1.2606932222843170166015625">
        <ele>95.59999847412109375</ele>
        <time>2026-07-16T12:33:42.000Z</time>
        <extensions>
          <ns3:TrackPointExtension>
            <ns3:atemp>36.0</ns3:atemp>
            <ns3:hr>164</ns3:hr>
          </ns3:TrackPointExtension>
        </extensions>
      </trkpt>
      <trkpt lat="48.15225633792579174041748046875" lon="-1.26078802160918712615966796875">
        <ele>96</ele>
        <time>2026-07-16T12:33:44.000Z</time>
        <extensions>
          <ns3:TrackPointExtension>
            <ns3:atemp>36.0</ns3:atemp>
            <ns3:hr>164</ns3:hr>
          </ns3:TrackPointExtension>
        </extensions>
      </trkpt>
      <trkpt lat="48.152364380657672882080078125" lon="-1.2609297595918178558349609375">
        <ele>96.59999847412109375</ele>
        <time>2026-07-16T12:33:47.000Z</time>
        <extensions>
          <ns3:TrackPointExtension>
            <ns3:atemp>36.0</ns3:atemp>
            <ns3:hr>166</ns3:hr>
          </ns3:TrackPointExtension>
        </extensions>
      </trkpt>
      <trkpt lat="48.15243923105299472808837890625" lon="-1.2610135786235332489013671875">
        <ele>97.40000152587890625</ele>
        <time>2026-07-16T12:33:49.000Z</time>
        <extensions>
          <ns3:TrackPointExtension>
            <ns3:atemp>36.0</ns3:atemp>
            <ns3:hr>166</ns3:hr>
          </ns3:TrackPointExtension>
        </extensions>
      </trkpt>
      <trkpt lat="48.152475021779537200927734375" lon="-1.261054314672946929931640625">
        <ele>97.8000030517578125</ele>
        <time>2026-07-16T12:33:50.000Z</time>
        <extensions>
          <ns3:TrackPointExtension>
            <ns3:atemp>36.0</ns3:atemp>
            <ns3:hr>166</ns3:hr>
          </ns3:TrackPointExtension>
        </extensions>
      </trkpt>
      <trkpt lat="48.152582310140132904052734375" lon="-1.26118230633437633514404296875">
        <ele>98.8000030517578125</ele>
        <time>2026-07-16T12:33:53.000Z</time>
        <extensions>
          <ns3:TrackPointExtension>
            <ns3:atemp>36.0</ns3:atemp>
            <ns3:hr>167</ns3:hr>
          </ns3:TrackPointExtension>
        </extensions>
      </trkpt>
      <trkpt lat="48.1527340225875377655029296875" lon="-1.26136486418545246124267578125">
        <ele>100</ele>
        <time>2026-07-16T12:33:57.000Z</time>
        <extensions>
          <ns3:TrackPointExtension>
            <ns3:atemp>36.0</ns3:atemp>
            <ns3:hr>167</ns3:hr>
          </ns3:TrackPointExtension>
        </extensions>
      </trkpt>
      <trkpt lat="48.1529013253748416900634765625" lon="-1.2615533731877803802490234375">
        <ele>101.1999969482421875</ele>
        <time>2026-07-16T12:34:01.000Z</time>
        <extensions>
          <ns3:TrackPointExtension>
            <ns3:atemp>36.0</ns3:atemp>
            <ns3:hr>168</ns3:hr>
          </ns3:TrackPointExtension>
        </extensions>
      </trkpt>
      <trkpt lat="48.153095282614231109619140625" lon="-1.261753700673580169677734375">
        <ele>102.40000152587890625</ele>
        <time>2026-07-16T12:34:05.000Z</time>
        <extensions>
          <ns3:TrackPointExtension>
            <ns3:atemp>36.0</ns3:atemp>
            <ns3:hr>170</ns3:hr>
          </ns3:TrackPointExtension>
        </extensions>
      </trkpt>
      <trkpt lat="48.153244815766811370849609375" lon="-1.261904239654541015625">
        <ele>103.40000152587890625</ele>
        <time>2026-07-16T12:34:08.000Z</time>
        <extensions>
          <ns3:TrackPointExtension>
            <ns3:atemp>36.0</ns3:atemp>
            <ns3:hr>173</ns3:hr>
          </ns3:TrackPointExtension>
        </extensions>
      </trkpt>
      <trkpt lat="48.153454698622226715087890625" lon="-1.26210431568324565887451171875">
        <ele>104.40000152587890625</ele>
        <time>2026-07-16T12:34:12.000Z</time>
        <extensions>
          <ns3:TrackPointExtension>
            <ns3:atemp>36.0</ns3:atemp>
            <ns3:hr>176</ns3:hr>
          </ns3:TrackPointExtension>
        </extensions>
      </trkpt>
      <trkpt lat="48.15367371775209903717041015625" lon="-1.26229022629559040069580078125">
        <ele>105.59999847412109375</ele>
        <time>2026-07-16T12:34:16.000Z</time>
        <extensions>
          <ns3:TrackPointExtension>
            <ns3:atemp>36.0</ns3:atemp>
            <ns3:hr>178</ns3:hr>
          </ns3:TrackPointExtension>
        </extensions>
      </trkpt>
      <trkpt lat="48.15381755121052265167236328125" lon="-1.26240924932062625885009765625">
        <ele>106.40000152587890625</ele>
        <time>2026-07-16T12:34:19.000Z</time>
        <extensions>
          <ns3:TrackPointExtension>
            <ns3:atemp>36.0</ns3:atemp>
            <ns3:hr>179</ns3:hr>
          </ns3:TrackPointExtension>
        </extensions>
      </trkpt>
      <trkpt lat="48.153908662497997283935546875" lon="-1.262477226555347442626953125">
        <ele>106.59999847412109375</ele>
        <time>2026-07-16T12:34:21.000Z</time>
        <extensions>
          <ns3:TrackPointExtension>
            <ns3:atemp>36.0</ns3:atemp>
            <ns3:hr>180</ns3:hr>
          </ns3:TrackPointExtension>
        </extensions>
      </trkpt>
      <trkpt lat="48.15399725921452045440673828125" lon="-1.26254017464816570281982421875">
        <ele>107.1999969482421875</ele>
        <time>2026-07-16T12:34:23.000Z</time>
        <extensions>
          <ns3:TrackPointExtension>
            <ns3:atemp>38.0</ns3:atemp>
            <ns3:hr>180</ns3:hr>
          </ns3:TrackPointExtension>
        </extensions>
      </trkpt>
      <trkpt lat="48.1540395878255367279052734375" lon="-1.26257336698472499847412109375">
        <ele>107.40000152587890625</ele>
        <time>2026-07-16T12:34:24.000Z</time>
        <extensions>
          <ns3:TrackPointExtension>
            <ns3:atemp>36.0</ns3:atemp>
            <ns3:hr>181</ns3:hr>
          </ns3:TrackPointExtension>
        </extensions>
      </trkpt>
      <trkpt lat="48.15412986092269420623779296875" lon="-1.2626366503536701202392578125">
        <ele>107.59999847412109375</ele>
        <time>2026-07-16T12:34:26.000Z</time>
        <extensions>
          <ns3:TrackPointExtension>
            <ns3:atemp>36.0</ns3:atemp>
            <ns3:hr>182</ns3:hr>
          </ns3:TrackPointExtension>
        </extensions>
      </trkpt>
      <trkpt lat="48.1542974151670932769775390625" lon="-1.26275458373129367828369140625">
        <ele>108.1999969482421875</ele>
        <time>2026-07-16T12:34:31.000Z</time>
        <extensions>
          <ns3:TrackPointExtension>
            <ns3:atemp>36.0</ns3:atemp>
            <ns3:hr>182</ns3:hr>
          </ns3:TrackPointExtension>
        </extensions>
      </trkpt>
      <trkpt lat="48.154376037418842315673828125" lon="-1.2627774663269519805908203125">
        <ele>108.1999969482421875</ele>
        <time>2026-07-16T12:34:37.000Z</time>
        <extensions>
          <ns3:TrackPointExtension>
            <ns3:atemp>36.0</ns3:atemp>
            <ns3:hr>182</ns3:hr>
          </ns3:TrackPointExtension>
        </extensions>
      </trkpt>
      <trkpt lat="48.154468238353729248046875" lon="-1.26286522485315799713134765625">
        <ele>108.59999847412109375</ele>
        <time>2026-07-16T12:34:41.000Z</time>
        <extensions>
          <ns3:TrackPointExtension>
            <ns3:atemp>36.0</ns3:atemp>
            <ns3:hr>181</ns3:hr>
          </ns3:TrackPointExtension>
        </extensions>
      </trkpt>
      <trkpt lat="48.15453504212200641632080078125" lon="-1.26292892731726169586181640625">
        <ele>108.8000030517578125</ele>
        <time>2026-07-16T12:34:43.000Z</time>
        <extensions>
          <ns3:TrackPointExtension>
            <ns3:atemp>36.0</ns3:atemp>
            <ns3:hr>181</ns3:hr>
          </ns3:TrackPointExtension>
        </extensions>
      </trkpt>
      <trkpt lat="48.15464987419545650482177734375" lon="-1.2630148418247699737548828125">
        <ele>109.1999969482421875</ele>
        <time>2026-07-16T12:34:46.000Z</time>
        <extensions>
          <ns3:TrackPointExtension>
            <ns3:atemp>36.0</ns3:atemp>
            <ns3:hr>181</ns3:hr>
          </ns3:TrackPointExtension>
        </extensions>
      </trkpt>
      <trkpt lat="48.15500979311764240264892578125" lon="-1.26328599639236927032470703125">
        <ele>109.8000030517578125</ele>
        <time>2026-07-16T12:34:54.000Z</time>
        <extensions>
          <ns3:TrackPointExtension>
            <ns3:atemp>36.0</ns3:atemp>
            <ns3:hr>180</ns3:hr>
          </ns3:TrackPointExtension>
        </extensions>
      </trkpt>
      <trkpt lat="48.15527130849659442901611328125" lon="-1.26349353231489658355712890625">
        <ele>110.40000152587890625</ele>
        <time>2026-07-16T12:35:00.000Z</time>
        <extensions>
          <ns3:TrackPointExtension>
            <ns3:atemp>36.0</ns3:atemp>
            <ns3:hr>177</ns3:hr>
          </ns3:TrackPointExtension>
        </extensions>
      </trkpt>
      <trkpt lat="48.15546937286853790283203125" lon="-1.26366988755762577056884765625">
        <ele>110.8000030517578125</ele>
        <time>2026-07-16T12:35:05.000Z</time>
        <extensions>
          <ns3:TrackPointExtension>
            <ns3:atemp>36.0</ns3:atemp>
            <ns3:hr>176</ns3:hr>
          </ns3:TrackPointExtension>
        </extensions>
      </trkpt>
      <trkpt lat="48.1555959396064281463623046875" lon="-1.26379092223942279815673828125">
        <ele>111</ele>
        <time>2026-07-16T12:35:08.000Z</time>
        <extensions>
          <ns3:TrackPointExtension>
            <ns3:atemp>36.0</ns3:atemp>
            <ns3:hr>175</ns3:hr>
          </ns3:TrackPointExtension>
        </extensions>
      </trkpt>
      <trkpt lat="48.15576030872762203216552734375" lon="-1.263959147036075592041015625">
        <ele>111</ele>
        <time>2026-07-16T12:35:12.000Z</time>
        <extensions>
          <ns3:TrackPointExtension>
            <ns3:atemp>36.0</ns3:atemp>
            <ns3:hr>173</ns3:hr>
          </ns3:TrackPointExtension>
        </extensions>
      </trkpt>
      <trkpt lat="48.15604411996901035308837890625" lon="-1.2642660923302173614501953125">
        <ele>110.59999847412109375</ele>
        <time>2026-07-16T12:35:19.000Z</time>
        <extensions>
          <ns3:TrackPointExtension>
            <ns3:atemp>36.0</ns3:atemp>
            <ns3:hr>170</ns3:hr>
          </ns3:TrackPointExtension>
        </extensions>
      </trkpt>
      <trkpt lat="48.15612475387752056121826171875" lon="-1.264356784522533416748046875">
        <ele>110.59999847412109375</ele>
        <time>2026-07-16T12:35:21.000Z</time>
        <extensions>
          <ns3:TrackPointExtension>
            <ns3:atemp>36.0</ns3:atemp>
            <ns3:hr>169</ns3:hr>
          </ns3:TrackPointExtension>
        </extensions>
      </trkpt>
      <trkpt lat="48.15645667724311351776123046875" lon="-1.26477093435823917388916015625">
        <ele>109.8000030517578125</ele>
        <time>2026-07-16T12:35:29.000Z</time>
        <extensions>
          <ns3:TrackPointExtension>
            <ns3:atemp>36.0</ns3:atemp>
            <ns3:hr>169</ns3:hr>
          </ns3:TrackPointExtension>
        </extensions>
      </trkpt>
      <trkpt lat="48.15668097697198390960693359375" lon="-1.2650759518146514892578125">
        <ele>109.40000152587890625</ele>
        <time>2026-07-16T12:35:35.000Z</time>
        <extensions>
          <ns3:TrackPointExtension>
            <ns3:atemp>36.0</ns3:atemp>
            <ns3:hr>168</ns3:hr>
          </ns3:TrackPointExtension>
        </extensions>
      </trkpt>
      <trkpt lat="48.156836964190006256103515625" lon="-1.26531810499727725982666015625">
        <ele>109</ele>
        <time>2026-07-16T12:35:39.000Z</time>
        <extensions>
          <ns3:TrackPointExtension>
            <ns3:atemp>36.0</ns3:atemp>
            <ns3:hr>168</ns3:hr>
          </ns3:TrackPointExtension>
        </extensions>
      </trkpt>
      <trkpt lat="48.15696998499333858489990234375" lon="-1.2655153311789035797119140625">
        <ele>108.59999847412109375</ele>
        <time>2026-07-16T12:35:42.000Z</time>
        <extensions>
          <ns3:TrackPointExtension>
            <ns3:atemp>36.0</ns3:atemp>
            <ns3:hr>168</ns3:hr>
          </ns3:TrackPointExtension>
        </extensions>
      </trkpt>
      <trkpt lat="48.15715975128114223480224609375" lon="-1.26579117961227893829345703125">
        <ele>107.40000152587890625</ele>
        <time>2026-07-16T12:35:46.000Z</time>
        <extensions>
          <ns3:TrackPointExtension>
            <ns3:atemp>36.0</ns3:atemp>
            <ns3:hr>169</ns3:hr>
          </ns3:TrackPointExtension>
        </extensions>
      </trkpt>
      <trkpt lat="48.1573098711669445037841796875" lon="-1.26600441522896289825439453125">
        <ele>106.8000030517578125</ele>
        <time>2026-07-16T12:35:49.000Z</time>
        <extensions>
          <ns3:TrackPointExtension>
            <ns3:atemp>36.0</ns3:atemp>
            <ns3:hr>163</ns3:hr>
          </ns3:TrackPointExtension>
        </extensions>
      </trkpt>
      <trkpt lat="48.15736225806176662445068359375" lon="-1.2660789303481578826904296875">
        <ele>106.40000152587890625</ele>
        <time>2026-07-16T12:35:50.000Z</time>
        <extensions>
          <ns3:TrackPointExtension>
            <ns3:atemp>36.0</ns3:atemp>
            <ns3:hr>163</ns3:hr>
          </ns3:TrackPointExtension>
        </extensions>
      </trkpt>
      <trkpt lat="48.15741531550884246826171875" lon="-1.266153194010257720947265625">
        <ele>106.1999969482421875</ele>
        <time>2026-07-16T12:35:51.000Z</time>
        <extensions>
          <ns3:TrackPointExtension>
            <ns3:atemp>36.0</ns3:atemp>
            <ns3:hr>162</ns3:hr>
          </ns3:TrackPointExtension>
        </extensions>
      </trkpt>
      <trkpt lat="48.157636262476444244384765625" lon="-1.26646106131374835968017578125">
        <ele>105.40000152587890625</ele>
        <time>2026-07-16T12:35:55.000Z</time>
        <extensions>
          <ns3:TrackPointExtension>
            <ns3:atemp>36.0</ns3:atemp>
            <ns3:hr>160</ns3:hr>
          </ns3:TrackPointExtension>
        </extensions>
      </trkpt>
      <trkpt lat="48.15769703127443790435791015625" lon="-1.2665392644703388214111328125">
        <ele>105</ele>
        <time>2026-07-16T12:35:56.000Z</time>
        <extensions>
          <ns3:TrackPointExtension>
            <ns3:atemp>36.0</ns3:atemp>
            <ns3:hr>158</ns3:hr>
          </ns3:TrackPointExtension>
        </extensions>
      </trkpt>
      <trkpt lat="48.1578878872096538543701171875" lon="-1.266778148710727691650390625">
        <ele>103.59999847412109375</ele>
        <time>2026-07-16T12:35:59.000Z</time>
        <extensions>
          <ns3:TrackPointExtension>
            <ns3:atemp>36.0</ns3:atemp>
            <ns3:hr>155</ns3:hr>
          </ns3:TrackPointExtension>
        </extensions>
      </trkpt>
      <trkpt lat="48.158021159470081329345703125" lon="-1.2669415958225727081298828125">
        <ele>103</ele>
        <time>2026-07-16T12:36:01.000Z</time>
        <extensions>
          <ns3:TrackPointExtension>
            <ns3:atemp>36.0</ns3:atemp>
            <ns3:hr>153</ns3:hr>
          </ns3:TrackPointExtension>
        </extensions>
      </trkpt>
      <trkpt lat="48.15809047780930995941162109375" lon="-1.2670237384736537933349609375">
        <ele>102.8000030517578125</ele>
        <time>2026-07-16T12:36:02.000Z</time>
        <extensions>
          <ns3:TrackPointExtension>
            <ns3:atemp>36.0</ns3:atemp>
            <ns3:hr>153</ns3:hr>
          </ns3:TrackPointExtension>
        </extensions>
      </trkpt>
      <trkpt lat="48.1581641547381877899169921875" lon="-1.2671048752963542938232421875">
        <ele>102.40000152587890625</ele>
        <time>2026-07-16T12:36:03.000Z</time>
        <extensions>
          <ns3:TrackPointExtension>
            <ns3:atemp>36.0</ns3:atemp>
            <ns3:hr>153</ns3:hr>
          </ns3:TrackPointExtension>
        </extensions>
      </trkpt>
      <trkpt lat="48.15839700400829315185546875" lon="-1.26734920777380466461181640625">
        <ele>100.8000030517578125</ele>
        <time>2026-07-16T12:36:06.000Z</time>
        <extensions>
          <ns3:TrackPointExtension>
            <ns3:atemp>36.0</ns3:atemp>
            <ns3:hr>153</ns3:hr>
          </ns3:TrackPointExtension>
        </extensions>
      </trkpt>
      <trkpt lat="48.15855869092047214508056640625" lon="-1.26751349307596683502197265625">
        <ele>99.59999847412109375</ele>
        <time>2026-07-16T12:36:08.000Z</time>
        <extensions>
          <ns3:TrackPointExtension>
            <ns3:atemp>36.0</ns3:atemp>
            <ns3:hr>152</ns3:hr>
          </ns3:TrackPointExtension>
        </extensions>
      </trkpt>
      <trkpt lat="48.158723227679729461669921875" lon="-1.26768230460584163665771484375">
        <ele>99</ele>
        <time>2026-07-16T12:36:10.000Z</time>
        <extensions>
          <ns3:TrackPointExtension>
            <ns3:atemp>36.0</ns3:atemp>
            <ns3:hr>149</ns3:hr>
          </ns3:TrackPointExtension>
        </extensions>
      </trkpt>
      <trkpt lat="48.1588896922767162322998046875" lon="-1.26785430125892162322998046875">
        <ele>98.1999969482421875</ele>
        <time>2026-07-16T12:36:12.000Z</time>
        <extensions>
          <ns3:TrackPointExtension>
            <ns3:atemp>36.0</ns3:atemp>
            <ns3:hr>146</ns3:hr>
          </ns3:TrackPointExtension>
        </extensions>
      </trkpt>
      <trkpt lat="48.1590561568737030029296875" lon="-1.26802529208362102508544921875">
        <ele>97.1999969482421875</ele>
        <time>2026-07-16T12:36:14.000Z</time>
        <extensions>
          <ns3:TrackPointExtension>
            <ns3:atemp>36.0</ns3:atemp>
            <ns3:hr>144</ns3:hr>
          </ns3:TrackPointExtension>
        </extensions>
      </trkpt>
      <trkpt lat="48.15922580659389495849609375" lon="-1.26819628290832042694091796875">
        <ele>95.8000030517578125</ele>
        <time>2026-07-16T12:36:16.000Z</time>
        <extensions>
          <ns3:TrackPointExtension>
            <ns3:atemp>36.0</ns3:atemp>
            <ns3:hr>143</ns3:hr>
          </ns3:TrackPointExtension>
        </extensions>
      </trkpt>
      <trkpt lat="48.15930970944464206695556640625" lon="-1.26828429289162158966064453125">
        <ele>95</ele>
        <time>2026-07-16T12:36:17.000Z</time>
        <extensions>
          <ns3:TrackPointExtension>
            <ns3:atemp>36.0</ns3:atemp>
            <ns3:hr>142</ns3:hr>
          </ns3:TrackPointExtension>
        </extensions>
      </trkpt>
      <trkpt lat="48.15939352847635746002197265625" lon="-1.26837280578911304473876953125">
        <ele>94.1999969482421875</ele>
        <time>2026-07-16T12:36:18.000Z</time>
        <extensions>
          <ns3:TrackPointExtension>
            <ns3:atemp>36.0</ns3:atemp>
            <ns3:hr>142</ns3:hr>
          </ns3:TrackPointExtension>
        </extensions>
      </trkpt>
      <trkpt lat="48.1595622561872005462646484375" lon="-1.26854346133768558502197265625">
        <ele>92.8000030517578125</ele>
        <time>2026-07-16T12:36:20.000Z</time>
        <extensions>
          <ns3:TrackPointExtension>
            <ns3:atemp>36.0</ns3:atemp>
            <ns3:hr>141</ns3:hr>
          </ns3:TrackPointExtension>
        </extensions>
      </trkpt>
      <trkpt lat="48.159724362194538116455078125" lon="-1.26870841719210147857666015625">
        <ele>91.8000030517578125</ele>
        <time>2026-07-16T12:36:22.000Z</time>
        <extensions>
          <ns3:TrackPointExtension>
            <ns3:atemp>36.0</ns3:atemp>
            <ns3:hr>140</ns3:hr>
          </ns3:TrackPointExtension>
        </extensions>
      </trkpt>
      <trkpt lat="48.15980357117950916290283203125" lon="-1.2687886320054531097412109375">
        <ele>91.59999847412109375</ele>
        <time>2026-07-16T12:36:23.000Z</time>
        <extensions>
          <ns3:TrackPointExtension>
            <ns3:atemp>38.0</ns3:atemp>
            <ns3:hr>140</ns3:hr>
          </ns3:TrackPointExtension>
        </extensions>
      </trkpt>
      <trkpt lat="48.159881271421909332275390625" lon="-1.26886792480945587158203125">
        <ele>91.1999969482421875</ele>
        <time>2026-07-16T12:36:24.000Z</time>
        <extensions>
          <ns3:TrackPointExtension>
            <ns3:atemp>36.0</ns3:atemp>
            <ns3:hr>140</ns3:hr>
          </ns3:TrackPointExtension>
        </extensions>
      </trkpt>
      <trkpt lat="48.1599565409123897552490234375" lon="-1.26894646324217319488525390625">
        <ele>91</ele>
        <time>2026-07-16T12:36:25.000Z</time>
        <extensions>
          <ns3:TrackPointExtension>
            <ns3:atemp>36.0</ns3:atemp>
            <ns3:hr>139</ns3:hr>
          </ns3:TrackPointExtension>
        </extensions>
      </trkpt>
      <trkpt lat="48.1600309722125530242919921875" lon="-1.26902039162814617156982421875">
        <ele>90.59999847412109375</ele>
        <time>2026-07-16T12:36:26.000Z</time>
        <extensions>
          <ns3:TrackPointExtension>
            <ns3:atemp>36.0</ns3:atemp>
            <ns3:hr>139</ns3:hr>
          </ns3:TrackPointExtension>
        </extensions>
      </trkpt>
      <trkpt lat="48.16031218506395816802978515625" lon="-1.26932884566485881805419921875">
        <ele>89.59999847412109375</ele>
        <time>2026-07-16T12:36:30.000Z</time>
        <extensions>
          <ns3:TrackPointExtension>
            <ns3:atemp>35.0</ns3:atemp>
            <ns3:hr>139</ns3:hr>
          </ns3:TrackPointExtension>
        </extensions>
      </trkpt>
      <trkpt lat="48.1603779830038547515869140625" lon="-1.26940931193530559539794921875">
        <ele>89.59999847412109375</ele>
        <time>2026-07-16T12:36:31.000Z</time>
        <extensions>
          <ns3:TrackPointExtension>
            <ns3:atemp>35.0</ns3:atemp>
            <ns3:hr>139</ns3:hr>
          </ns3:TrackPointExtension>
        </extensions>
      </trkpt>
      <trkpt lat="48.1608342938125133514404296875" lon="-1.26999520696699619293212890625">
        <ele>89.8000030517578125</ele>
        <time>2026-07-16T12:36:39.000Z</time>
        <extensions>
          <ns3:TrackPointExtension>
            <ns3:atemp>35.0</ns3:atemp>
            <ns3:hr>141</ns3:hr>
          </ns3:TrackPointExtension>
        </extensions>
      </trkpt>
      <trkpt lat="48.16109505482017993927001953125" lon="-1.27039016224443912506103515625">
        <ele>90.1999969482421875</ele>
        <time>2026-07-16T12:36:45.000Z</time>
        <extensions>
          <ns3:TrackPointExtension>
            <ns3:atemp>35.0</ns3:atemp>
            <ns3:hr>142</ns3:hr>
          </ns3:TrackPointExtension>
        </extensions>
      </trkpt>
      <trkpt lat="48.16120527684688568115234375" lon="-1.27058051526546478271484375">
        <ele>90.59999847412109375</ele>
        <time>2026-07-16T12:36:48.000Z</time>
        <extensions>
          <ns3:TrackPointExtension>
            <ns3:atemp>35.0</ns3:atemp>
            <ns3:hr>143</ns3:hr>
          </ns3:TrackPointExtension>
        </extensions>
      </trkpt>
      <trkpt lat="48.16132036037743091583251953125" lon="-1.27077338285744190216064453125">
        <ele>91.1999969482421875</ele>
        <time>2026-07-16T12:36:51.000Z</time>
        <extensions>
          <ns3:TrackPointExtension>
            <ns3:atemp>35.0</ns3:atemp>
            <ns3:hr>146</ns3:hr>
          </ns3:TrackPointExtension>
        </extensions>
      </trkpt>
      <trkpt lat="48.1613586656749248504638671875" lon="-1.27084077335894107818603515625">
        <ele>91.40000152587890625</ele>
        <time>2026-07-16T12:36:52.000Z</time>
        <extensions>
          <ns3:TrackPointExtension>
            <ns3:atemp>35.0</ns3:atemp>
            <ns3:hr>150</ns3:hr>
          </ns3:TrackPointExtension>
        </extensions>
      </trkpt>
      <trkpt lat="48.1613982282578945159912109375" lon="-1.27091520465910434722900390625">
        <ele>91.59999847412109375</ele>
        <time>2026-07-16T12:36:53.000Z</time>
        <extensions>
          <ns3:TrackPointExtension>
            <ns3:atemp>35.0</ns3:atemp>
            <ns3:hr>153</ns3:hr>
          </ns3:TrackPointExtension>
        </extensions>
      </trkpt>
      <trkpt lat="48.1615517847239971160888671875" lon="-1.2712019495666027069091796875">
        <ele>93</ele>
        <time>2026-07-16T12:36:57.000Z</time>
        <extensions>
          <ns3:TrackPointExtension>
            <ns3:atemp>35.0</ns3:atemp>
            <ns3:hr>156</ns3:hr>
          </ns3:TrackPointExtension>
        </extensions>
      </trkpt>
      <trkpt lat="48.1615866534411907196044921875" lon="-1.271270848810672760009765625">
        <ele>93.40000152587890625</ele>
        <time>2026-07-16T12:36:58.000Z</time>
        <extensions>
          <ns3:TrackPointExtension>
            <ns3:atemp>35.0</ns3:atemp>
            <ns3:hr>157</ns3:hr>
          </ns3:TrackPointExtension>
        </extensions>
      </trkpt>
      <trkpt lat="48.161622695624828338623046875" lon="-1.27134150825440883636474609375">
        <ele>94</ele>
        <time>2026-07-16T12:36:59.000Z</time>
        <extensions>
          <ns3:TrackPointExtension>
            <ns3:atemp>35.0</ns3:atemp>
            <ns3:hr>158</ns3:hr>
          </ns3:TrackPointExtension>
        </extensions>
      </trkpt>
      <trkpt lat="48.16165588796138763427734375" lon="-1.27141040749847888946533203125">
        <ele>94.40000152587890625</ele>
        <time>2026-07-16T12:37:00.000Z</time>
        <extensions>
          <ns3:TrackPointExtension>
            <ns3:atemp>35.0</ns3:atemp>
            <ns3:hr>164</ns3:hr>
          </ns3:TrackPointExtension>
        </extensions>
      </trkpt>
      <trkpt lat="48.161690421402454376220703125" lon="-1.27148165367543697357177734375">
        <ele>94.8000030517578125</ele>
        <time>2026-07-16T12:37:01.000Z</time>
        <extensions>
          <ns3:TrackPointExtension>
            <ns3:atemp>35.0</ns3:atemp>
            <ns3:hr>167</ns3:hr>
          </ns3:TrackPointExtension>
        </extensions>
      </trkpt>
      <trkpt lat="48.16175890155136585235595703125" lon="-1.271626912057399749755859375">
        <ele>95.59999847412109375</ele>
        <time>2026-07-16T12:37:03.000Z</time>
        <extensions>
          <ns3:TrackPointExtension>
            <ns3:atemp>35.0</ns3:atemp>
            <ns3:hr>170</ns3:hr>
          </ns3:TrackPointExtension>
        </extensions>
      </trkpt>
      <trkpt lat="48.16186300478875637054443359375" lon="-1.27183637581765651702880859375">
        <ele>96.8000030517578125</ele>
        <time>2026-07-16T12:37:06.000Z</time>
        <extensions>
          <ns3:TrackPointExtension>
            <ns3:atemp>35.0</ns3:atemp>
            <ns3:hr>172</ns3:hr>
          </ns3:TrackPointExtension>
        </extensions>
      </trkpt>
      <trkpt lat="48.1618954427540302276611328125" lon="-1.27190644852817058563232421875">
        <ele>97.1999969482421875</ele>
        <time>2026-07-16T12:37:07.000Z</time>
        <extensions>
          <ns3:TrackPointExtension>
            <ns3:atemp>35.0</ns3:atemp>
            <ns3:hr>173</ns3:hr>
          </ns3:TrackPointExtension>
        </extensions>
      </trkpt>
      <trkpt lat="48.1619609892368316650390625" lon="-1.272046007215976715087890625">
        <ele>98.1999969482421875</ele>
        <time>2026-07-16T12:37:09.000Z</time>
        <extensions>
          <ns3:TrackPointExtension>
            <ns3:atemp>35.0</ns3:atemp>
            <ns3:hr>174</ns3:hr>
          </ns3:TrackPointExtension>
        </extensions>
      </trkpt>
      <trkpt lat="48.16205084323883056640625" lon="-1.27223518677055835723876953125">
        <ele>99.59999847412109375</ele>
        <time>2026-07-16T12:37:12.000Z</time>
        <extensions>
          <ns3:TrackPointExtension>
            <ns3:atemp>35.0</ns3:atemp>
            <ns3:hr>177</ns3:hr>
          </ns3:TrackPointExtension>
        </extensions>
      </trkpt>
      <trkpt lat="48.16213994286954402923583984375" lon="-1.27242185175418853759765625">
        <ele>100.59999847412109375</ele>
        <time>2026-07-16T12:37:15.000Z</time>
        <extensions>
          <ns3:TrackPointExtension>
            <ns3:atemp>35.0</ns3:atemp>
            <ns3:hr>178</ns3:hr>
          </ns3:TrackPointExtension>
        </extensions>
      </trkpt>
      <trkpt lat="48.16222979687154293060302734375" lon="-1.27259678207337856292724609375">
        <ele>101.59999847412109375</ele>
        <time>2026-07-16T12:37:18.000Z</time>
        <extensions>
          <ns3:TrackPointExtension>
            <ns3:atemp>35.0</ns3:atemp>
            <ns3:hr>179</ns3:hr>
          </ns3:TrackPointExtension>
        </extensions>
      </trkpt>
      <trkpt lat="48.16231059841811656951904296875" lon="-1.2727670185267925262451171875">
        <ele>102.8000030517578125</ele>
        <time>2026-07-16T12:37:21.000Z</time>
        <extensions>
          <ns3:TrackPointExtension>
            <ns3:atemp>35.0</ns3:atemp>
            <ns3:hr>181</ns3:hr>
          </ns3:TrackPointExtension>
        </extensions>
      </trkpt>
      <trkpt lat="48.162387795746326446533203125" lon="-1.2729269452393054962158203125">
        <ele>103.8000030517578125</ele>
        <time>2026-07-16T12:37:24.000Z</time>
        <extensions>
          <ns3:TrackPointExtension>
            <ns3:atemp>35.0</ns3:atemp>
            <ns3:hr>182</ns3:hr>
          </ns3:TrackPointExtension>
        </extensions>
      </trkpt>
      <trkpt lat="48.1624918989837169647216796875" lon="-1.27315535210072994232177734375">
        <ele>104.8000030517578125</ele>
        <time>2026-07-16T12:37:28.000Z</time>
        <extensions>
          <ns3:TrackPointExtension>
            <ns3:atemp>35.0</ns3:atemp>
            <ns3:hr>181</ns3:hr>
          </ns3:TrackPointExtension>
        </extensions>
      </trkpt>
      <trkpt lat="48.16259759478271007537841796875" lon="-1.2733685038983821868896484375">
        <ele>106</ele>
        <time>2026-07-16T12:37:32.000Z</time>
        <extensions>
          <ns3:TrackPointExtension>
            <ns3:atemp>35.0</ns3:atemp>
            <ns3:hr>183</ns3:hr>
          </ns3:TrackPointExtension>
        </extensions>
      </trkpt>
      <trkpt lat="48.1627034582197666168212890625" lon="-1.27357444725930690765380859375">
        <ele>107</ele>
        <time>2026-07-16T12:37:36.000Z</time>
        <extensions>
          <ns3:TrackPointExtension>
            <ns3:atemp>35.0</ns3:atemp>
            <ns3:hr>184</ns3:hr>
          </ns3:TrackPointExtension>
        </extensions>
      </trkpt>
      <trkpt lat="48.16279641352593898773193359375" lon="-1.27378030680119991302490234375">
        <ele>108</ele>
        <time>2026-07-16T12:37:40.000Z</time>
        <extensions>
          <ns3:TrackPointExtension>
            <ns3:atemp>35.0</ns3:atemp>
            <ns3:hr>183</ns3:hr>
          </ns3:TrackPointExtension>
        </extensions>
      </trkpt>
      <trkpt lat="48.16281820647418498992919921875" lon="-1.27382598817348480224609375">
        <ele>108.1999969482421875</ele>
        <time>2026-07-16T12:37:41.000Z</time>
        <extensions>
          <ns3:TrackPointExtension>
            <ns3:atemp>35.0</ns3:atemp>
            <ns3:hr>183</ns3:hr>
          </ns3:TrackPointExtension>
        </extensions>
      </trkpt>
      <trkpt lat="48.1629455275833606719970703125" lon="-1.2740843184292316436767578125">
        <ele>109.40000152587890625</ele>
        <time>2026-07-16T12:37:47.000Z</time>
        <extensions>
          <ns3:TrackPointExtension>
            <ns3:atemp>35.0</ns3:atemp>
            <ns3:hr>183</ns3:hr>
          </ns3:TrackPointExtension>
        </extensions>
      </trkpt>
      <trkpt lat="48.1629860959947109222412109375" lon="-1.27417509444057941436767578125">
        <ele>109.8000030517578125</ele>
        <time>2026-07-16T12:37:49.000Z</time>
        <extensions>
          <ns3:TrackPointExtension>
            <ns3:atemp>35.0</ns3:atemp>
            <ns3:hr>184</ns3:hr>
          </ns3:TrackPointExtension>
        </extensions>
      </trkpt>
      <trkpt lat="48.16306865774095058441162109375" lon="-1.27434105612337589263916015625">
        <ele>110.40000152587890625</ele>
        <time>2026-07-16T12:37:53.000Z</time>
        <extensions>
          <ns3:TrackPointExtension>
            <ns3:atemp>35.0</ns3:atemp>
            <ns3:hr>184</ns3:hr>
          </ns3:TrackPointExtension>
        </extensions>
      </trkpt>
      <trkpt lat="48.163137473165988922119140625" lon="-1.27448673360049724578857421875">
        <ele>111.1999969482421875</ele>
        <time>2026-07-16T12:37:56.000Z</time>
        <extensions>
          <ns3:TrackPointExtension>
            <ns3:atemp>35.0</ns3:atemp>
            <ns3:hr>185</ns3:hr>
          </ns3:TrackPointExtension>
        </extensions>
      </trkpt>
      <trkpt lat="48.163200505077838897705078125" lon="-1.27462034113705158233642578125">
        <ele>111.59999847412109375</ele>
        <time>2026-07-16T12:37:59.000Z</time>
        <extensions>
          <ns3:TrackPointExtension>
            <ns3:atemp>35.0</ns3:atemp>
            <ns3:hr>184</ns3:hr>
          </ns3:TrackPointExtension>
        </extensions>
      </trkpt>
      <trkpt lat="48.16326496191322803497314453125" lon="-1.27467063255608081817626953125">
        <ele>111.8000030517578125</ele>
        <time>2026-07-16T12:38:01.000Z</time>
        <extensions>
          <ns3:TrackPointExtension>
            <ns3:atemp>35.0</ns3:atemp>
            <ns3:hr>184</ns3:hr>
          </ns3:TrackPointExtension>
        </extensions>
      </trkpt>
      <trkpt lat="48.16330167464911937713623046875" lon="-1.2746626697480678558349609375">
        <ele>112</ele>
        <time>2026-07-16T12:38:02.000Z</time>
        <extensions>
          <ns3:TrackPointExtension>
            <ns3:atemp>35.0</ns3:atemp>
            <ns3:hr>183</ns3:hr>
          </ns3:TrackPointExtension>
        </extensions>
      </trkpt>
      <trkpt lat="48.16340309567749500274658203125" lon="-1.27456627786159515380859375">
        <ele>112.8000030517578125</ele>
        <time>2026-07-16T12:38:06.000Z</time>
        <extensions>
          <ns3:TrackPointExtension>
            <ns3:atemp>35.0</ns3:atemp>
            <ns3:hr>184</ns3:hr>
          </ns3:TrackPointExtension>
        </extensions>
      </trkpt>
      <trkpt lat="48.163418434560298919677734375" lon="-1.2745402939617633819580078125">
        <ele>113</ele>
        <time>2026-07-16T12:38:10.000Z</time>
        <extensions>
          <ns3:TrackPointExtension>
            <ns3:atemp>35.0</ns3:atemp>
            <ns3:hr>185</ns3:hr>
          </ns3:TrackPointExtension>
        </extensions>
      </trkpt>
      <trkpt lat="48.16344349645078182220458984375" lon="-1.27453275024890899658203125">
        <ele>113</ele>
        <time>2026-07-16T12:38:58.000Z</time>
        <extensions>
          <ns3:TrackPointExtension>
            <ns3:atemp>35.0</ns3:atemp>
            <ns3:hr>157</ns3:hr>
          </ns3:TrackPointExtension>
        </extensions>
      </trkpt>
      <trkpt lat="48.1634799577295780181884765625" lon="-1.27449528314173221588134765625">
        <ele>113.1999969482421875</ele>
        <time>2026-07-16T12:39:01.000Z</time>
        <extensions>
          <ns3:TrackPointExtension>
            <ns3:atemp>35.0</ns3:atemp>
            <ns3:hr>154</ns3:hr>
          </ns3:TrackPointExtension>
        </extensions>
      </trkpt>
      <trkpt lat="48.16360912285745143890380859375" lon="-1.274357400834560394287109375">
        <ele>113.8000030517578125</ele>
        <time>2026-07-16T12:39:07.000Z</time>
        <extensions>
          <ns3:TrackPointExtension>
            <ns3:atemp>35.0</ns3:atemp>
            <ns3:hr>153</ns3:hr>
          </ns3:TrackPointExtension>
        </extensions>
      </trkpt>
      <trkpt lat="48.16371272318065166473388671875" lon="-1.2742610089480876922607421875">
        <ele>114.1999969482421875</ele>
        <time>2026-07-16T12:39:11.000Z</time>
        <extensions>
          <ns3:TrackPointExtension>
            <ns3:atemp>35.0</ns3:atemp>
            <ns3:hr>156</ns3:hr>
          </ns3:TrackPointExtension>
        </extensions>
      </trkpt>
      <trkpt lat="48.16382403485476970672607421875" lon="-1.27417626790702342987060546875">
        <ele>114.59999847412109375</ele>
        <time>2026-07-16T12:39:15.000Z</time>
        <extensions>
          <ns3:TrackPointExtension>
            <ns3:atemp>35.0</ns3:atemp>
            <ns3:hr>155</ns3:hr>
          </ns3:TrackPointExtension>
        </extensions>
      </trkpt>
      <trkpt lat="48.16391967236995697021484375" lon="-1.27411290071904659271240234375">
        <ele>115</ele>
        <time>2026-07-16T12:39:18.000Z</time>
        <extensions>
          <ns3:TrackPointExtension>
            <ns3:atemp>35.0</ns3:atemp>
            <ns3:hr>156</ns3:hr>
          </ns3:TrackPointExtension>
        </extensions>
      </trkpt>
      <trkpt lat="48.1640804372727870941162109375" lon="-1.274025477468967437744140625">
        <ele>115.1999969482421875</ele>
        <time>2026-07-16T12:39:23.000Z</time>
        <extensions>
          <ns3:TrackPointExtension>
            <ns3:atemp>35.0</ns3:atemp>
            <ns3:hr>155</ns3:hr>
          </ns3:TrackPointExtension>
        </extensions>
      </trkpt>
      <trkpt lat="48.16431940533220767974853515625" lon="-1.27395247109234333038330078125">
        <ele>115</ele>
        <time>2026-07-16T12:39:30.000Z</time>
        <extensions>
          <ns3:TrackPointExtension>
            <ns3:atemp>35.0</ns3:atemp>
            <ns3:hr>156</ns3:hr>
          </ns3:TrackPointExtension>
        </extensions>
      </trkpt>
      <trkpt lat="48.16439987160265445709228515625" lon="-1.27391517162322998046875">
        <ele>114.59999847412109375</ele>
        <time>2026-07-16T12:39:32.000Z</time>
        <extensions>
          <ns3:TrackPointExtension>
            <ns3:atemp>35.0</ns3:atemp>
            <ns3:hr>156</ns3:hr>
          </ns3:TrackPointExtension>
        </extensions>
      </trkpt>
      <trkpt lat="48.16451353020966053009033203125" lon="-1.27388692460954189300537109375">
        <ele>115.8000030517578125</ele>
        <time>2026-07-16T12:39:35.000Z</time>
        <extensions>
          <ns3:TrackPointExtension>
            <ns3:atemp>35.0</ns3:atemp>
            <ns3:hr>155</ns3:hr>
          </ns3:TrackPointExtension>
        </extensions>
      </trkpt>
      <trkpt lat="48.16455007530748844146728515625" lon="-1.27388105727732181549072265625">
        <ele>116</ele>
        <time>2026-07-16T12:39:36.000Z</time>
        <extensions>
          <ns3:TrackPointExtension>
            <ns3:atemp>35.0</ns3:atemp>
            <ns3:hr>156</ns3:hr>
          </ns3:TrackPointExtension>
        </extensions>
      </trkpt>
      <trkpt lat="48.16468753851950168609619140625" lon="-1.27387803979218006134033203125">
        <ele>116</ele>
        <time>2026-07-16T12:39:40.000Z</time>
        <extensions>
          <ns3:TrackPointExtension>
            <ns3:atemp>35.0</ns3:atemp>
            <ns3:hr>150</ns3:hr>
          </ns3:TrackPointExtension>
        </extensions>
      </trkpt>
      <trkpt lat="48.16472701728343963623046875" lon="-1.2738814763724803924560546875">
        <ele>116</ele>
        <time>2026-07-16T12:39:41.000Z</time>
        <extensions>
          <ns3:TrackPointExtension>
            <ns3:atemp>35.0</ns3:atemp>
            <ns3:hr>150</ns3:hr>
          </ns3:TrackPointExtension>
        </extensions>
      </trkpt>
      <trkpt lat="48.164762221276760101318359375" lon="-1.27388055436313152313232421875">
        <ele>116</ele>
        <time>2026-07-16T12:39:42.000Z</time>
        <extensions>
          <ns3:TrackPointExtension>
            <ns3:atemp>35.0</ns3:atemp>
            <ns3:hr>150</ns3:hr>
          </ns3:TrackPointExtension>
        </extensions>
      </trkpt>
      <trkpt lat="48.1648792326450347900390625" lon="-1.27388508059084415435791015625">
        <ele>116.1999969482421875</ele>
        <time>2026-07-16T12:39:45.000Z</time>
        <extensions>
          <ns3:TrackPointExtension>
            <ns3:atemp>35.0</ns3:atemp>
            <ns3:hr>149</ns3:hr>
          </ns3:TrackPointExtension>
        </extensions>
      </trkpt>
      <trkpt lat="48.164993561804294586181640625" lon="-1.273890025913715362548828125">
        <ele>116.1999969482421875</ele>
        <time>2026-07-16T12:39:48.000Z</time>
        <extensions>
          <ns3:TrackPointExtension>
            <ns3:atemp>35.0</ns3:atemp>
            <ns3:hr>150</ns3:hr>
          </ns3:TrackPointExtension>
        </extensions>
      </trkpt>
      <trkpt lat="48.16511602140963077545166015625" lon="-1.273894049227237701416015625">
        <ele>116.40000152587890625</ele>
        <time>2026-07-16T12:39:51.000Z</time>
        <extensions>
          <ns3:TrackPointExtension>
            <ns3:atemp>35.0</ns3:atemp>
            <ns3:hr>153</ns3:hr>
          </ns3:TrackPointExtension>
        </extensions>
      </trkpt>
      <trkpt lat="48.16528617404401302337646484375" lon="-1.27389111556112766265869140625">
        <ele>116.1999969482421875</ele>
        <time>2026-07-16T12:39:55.000Z</time>
        <extensions>
          <ns3:TrackPointExtension>
            <ns3:atemp>35.0</ns3:atemp>
            <ns3:hr>156</ns3:hr>
          </ns3:TrackPointExtension>
        </extensions>
      </trkpt>
      <trkpt lat="48.165612481534481048583984375" lon="-1.2739036045968532562255859375">
        <ele>116</ele>
        <time>2026-07-16T12:40:03.000Z</time>
        <extensions>
          <ns3:TrackPointExtension>
            <ns3:atemp>35.0</ns3:atemp>
            <ns3:hr>157</ns3:hr>
          </ns3:TrackPointExtension>
        </extensions>
      </trkpt>
      <trkpt lat="48.16586519591510295867919921875" lon="-1.27390838228166103363037109375">
        <ele>116.40000152587890625</ele>
        <time>2026-07-16T12:40:09.000Z</time>
        <extensions>
          <ns3:TrackPointExtension>
            <ns3:atemp>35.0</ns3:atemp>
            <ns3:hr>156</ns3:hr>
          </ns3:TrackPointExtension>
        </extensions>
      </trkpt>
      <trkpt lat="48.16594281233847141265869140625" lon="-1.27390653826296329498291015625">
        <ele>116.40000152587890625</ele>
        <time>2026-07-16T12:40:11.000Z</time>
        <extensions>
          <ns3:TrackPointExtension>
            <ns3:atemp>35.0</ns3:atemp>
            <ns3:hr>153</ns3:hr>
          </ns3:TrackPointExtension>
        </extensions>
      </trkpt>
      <trkpt lat="48.16598120145499706268310546875" lon="-1.27390502952039241790771484375">
        <ele>116.40000152587890625</ele>
        <time>2026-07-16T12:40:12.000Z</time>
        <extensions>
          <ns3:TrackPointExtension>
            <ns3:atemp>35.0</ns3:atemp>
            <ns3:hr>150</ns3:hr>
          </ns3:TrackPointExtension>
        </extensions>
      </trkpt>
      <trkpt lat="48.1661507673561573028564453125" lon="-1.2738905288279056549072265625">
        <ele>116.1999969482421875</ele>
        <time>2026-07-16T12:40:16.000Z</time>
        <extensions>
          <ns3:TrackPointExtension>
            <ns3:atemp>35.0</ns3:atemp>
            <ns3:hr>150</ns3:hr>
          </ns3:TrackPointExtension>
        </extensions>
      </trkpt>
      <trkpt lat="48.16645896993577480316162109375" lon="-1.27381064929068088531494140625">
        <ele>115</ele>
        <time>2026-07-16T12:40:23.000Z</time>
        <extensions>
          <ns3:TrackPointExtension>
            <ns3:atemp>35.0</ns3:atemp>
            <ns3:hr>146</ns3:hr>
          </ns3:TrackPointExtension>
        </extensions>
      </trkpt>
      <trkpt lat="48.1665085069835186004638671875" lon="-1.27378969453275203704833984375">
        <ele>114.8000030517578125</ele>
        <time>2026-07-16T12:40:24.000Z</time>
        <extensions>
          <ns3:TrackPointExtension>
            <ns3:atemp>35.0</ns3:atemp>
            <ns3:hr>145</ns3:hr>
          </ns3:TrackPointExtension>
        </extensions>
      </trkpt>
      <trkpt lat="48.1666087545454502105712890625" lon="-1.273738481104373931884765625">
        <ele>114.8000030517578125</ele>
        <time>2026-07-16T12:40:26.000Z</time>
        <extensions>
          <ns3:TrackPointExtension>
            <ns3:atemp>35.0</ns3:atemp>
            <ns3:hr>142</ns3:hr>
          </ns3:TrackPointExtension>
        </extensions>
      </trkpt>
      <trkpt lat="48.16681369207799434661865234375" lon="-1.2735948152840137481689453125">
        <ele>113.8000030517578125</ele>
        <time>2026-07-16T12:40:30.000Z</time>
        <extensions>
          <ns3:TrackPointExtension>
            <ns3:atemp>35.0</ns3:atemp>
            <ns3:hr>139</ns3:hr>
          </ns3:TrackPointExtension>
        </extensions>
      </trkpt>
      <trkpt lat="48.16707386635243892669677734375" lon="-1.27338635735213756561279296875">
        <ele>112.59999847412109375</ele>
        <time>2026-07-16T12:40:35.000Z</time>
        <extensions>
          <ns3:TrackPointExtension>
            <ns3:atemp>35.0</ns3:atemp>
            <ns3:hr>140</ns3:hr>
          </ns3:TrackPointExtension>
        </extensions>
      </trkpt>
      <trkpt lat="48.1673383153975009918212890625" lon="-1.273170523345470428466796875">
        <ele>111.40000152587890625</ele>
        <time>2026-07-16T12:40:40.000Z</time>
        <extensions>
          <ns3:TrackPointExtension>
            <ns3:atemp>35.0</ns3:atemp>
            <ns3:hr>138</ns3:hr>
          </ns3:TrackPointExtension>
        </extensions>
      </trkpt>
      <trkpt lat="48.1676742620766162872314453125" lon="-1.2728937529027462005615234375">
        <ele>110.1999969482421875</ele>
        <time>2026-07-16T12:40:46.000Z</time>
        <extensions>
          <ns3:TrackPointExtension>
            <ns3:atemp>35.0</ns3:atemp>
            <ns3:hr>139</ns3:hr>
          </ns3:TrackPointExtension>
        </extensions>
      </trkpt>
      <trkpt lat="48.16779387183487415313720703125" lon="-1.27279543317854404449462890625">
        <ele>110</ele>
        <time>2026-07-16T12:40:48.000Z</time>
        <extensions>
          <ns3:TrackPointExtension>
            <ns3:atemp>35.0</ns3:atemp>
            <ns3:hr>139</ns3:hr>
          </ns3:TrackPointExtension>
        </extensions>
      </trkpt>
      <trkpt lat="48.16803476773202419281005859375" lon="-1.272606588900089263916015625">
        <ele>109.1999969482421875</ele>
        <time>2026-07-16T12:40:52.000Z</time>
        <extensions>
          <ns3:TrackPointExtension>
            <ns3:atemp>35.0</ns3:atemp>
            <ns3:hr>138</ns3:hr>
          </ns3:TrackPointExtension>
        </extensions>
      </trkpt>
      <trkpt lat="48.1683652661740779876708984375" lon="-1.27233711071312427520751953125">
        <ele>108.59999847412109375</ele>
        <time>2026-07-16T12:40:58.000Z</time>
        <extensions>
          <ns3:TrackPointExtension>
            <ns3:atemp>35.0</ns3:atemp>
            <ns3:hr>137</ns3:hr>
          </ns3:TrackPointExtension>
        </extensions>
      </trkpt>
      <trkpt lat="48.16857372410595417022705078125" lon="-1.27217316068708896636962890625">
        <ele>108.59999847412109375</ele>
        <time>2026-07-16T12:41:02.000Z</time>
        <extensions>
          <ns3:TrackPointExtension>
            <ns3:atemp>35.0</ns3:atemp>
            <ns3:hr>133</ns3:hr>
          </ns3:TrackPointExtension>
        </extensions>
      </trkpt>
      <trkpt lat="48.1687367521226406097412109375" lon="-1.2720713205635547637939453125">
        <ele>108.59999847412109375</ele>
        <time>2026-07-16T12:41:05.000Z</time>
        <extensions>
          <ns3:TrackPointExtension>
            <ns3:atemp>35.0</ns3:atemp>
            <ns3:hr>136</ns3:hr>
          </ns3:TrackPointExtension>
        </extensions>
      </trkpt>
      <trkpt lat="48.16879433579742908477783203125" lon="-1.27203921787440776824951171875">
        <ele>108.59999847412109375</ele>
        <time>2026-07-16T12:41:06.000Z</time>
        <extensions>
          <ns3:TrackPointExtension>
            <ns3:atemp>34.0</ns3:atemp>
            <ns3:hr>137</ns3:hr>
          </ns3:TrackPointExtension>
        </extensions>
      </trkpt>
      <trkpt lat="48.16921703517436981201171875" lon="-1.27180167473852634429931640625">
        <ele>108.59999847412109375</ele>
        <time>2026-07-16T12:41:14.000Z</time>
        <extensions>
          <ns3:TrackPointExtension>
            <ns3:atemp>35.0</ns3:atemp>
            <ns3:hr>138</ns3:hr>
          </ns3:TrackPointExtension>
        </extensions>
      </trkpt>
      <trkpt lat="48.16963437013328075408935546875" lon="-1.2715523131191730499267578125">
        <ele>108</ele>
        <time>2026-07-16T12:41:22.000Z</time>
        <extensions>
          <ns3:TrackPointExtension>
            <ns3:atemp>34.0</ns3:atemp>
            <ns3:hr>139</ns3:hr>
          </ns3:TrackPointExtension>
        </extensions>
      </trkpt>
      <trkpt lat="48.1697422452270984649658203125" lon="-1.27149573527276515960693359375">
        <ele>108</ele>
        <time>2026-07-16T12:41:24.000Z</time>
        <extensions>
          <ns3:TrackPointExtension>
            <ns3:atemp>34.0</ns3:atemp>
            <ns3:hr>139</ns3:hr>
          </ns3:TrackPointExtension>
        </extensions>
      </trkpt>
      <trkpt lat="48.17008263431489467620849609375" lon="-1.2713021971285343170166015625">
        <ele>107.59999847412109375</ele>
        <time>2026-07-16T12:41:31.000Z</time>
        <extensions>
          <ns3:TrackPointExtension>
            <ns3:atemp>35.0</ns3:atemp>
            <ns3:hr>138</ns3:hr>
          </ns3:TrackPointExtension>
        </extensions>
      </trkpt>
      <trkpt lat="48.17028631456196308135986328125" lon="-1.27120077610015869140625">
        <ele>108</ele>
        <time>2026-07-16T12:41:35.000Z</time>
        <extensions>
          <ns3:TrackPointExtension>
            <ns3:atemp>34.0</ns3:atemp>
            <ns3:hr>141</ns3:hr>
          </ns3:TrackPointExtension>
        </extensions>
      </trkpt>
      <trkpt lat="48.17033744417130947113037109375" lon="-1.2711818329989910125732421875">
        <ele>107.8000030517578125</ele>
        <time>2026-07-16T12:41:36.000Z</time>
        <extensions>
          <ns3:TrackPointExtension>
            <ns3:atemp>35.0</ns3:atemp>
            <ns3:hr>144</ns3:hr>
          </ns3:TrackPointExtension>
        </extensions>
      </trkpt>
      <trkpt lat="48.170438446104526519775390625" lon="-1.27114386297762393951416015625">
        <ele>107.59999847412109375</ele>
        <time>2026-07-16T12:41:38.000Z</time>
        <extensions>
          <ns3:TrackPointExtension>
            <ns3:atemp>34.0</ns3:atemp>
            <ns3:hr>146</ns3:hr>
          </ns3:TrackPointExtension>
        </extensions>
      </trkpt>
      <trkpt lat="48.1704882346093654632568359375" lon="-1.2711265124380588531494140625">
        <ele>107.59999847412109375</ele>
        <time>2026-07-16T12:41:39.000Z</time>
        <extensions>
          <ns3:TrackPointExtension>
            <ns3:atemp>35.0</ns3:atemp>
            <ns3:hr>149</ns3:hr>
          </ns3:TrackPointExtension>
        </extensions>
      </trkpt>
      <trkpt lat="48.1706354208290576934814453125" lon="-1.27108133397996425628662109375">
        <ele>107.59999847412109375</ele>
        <time>2026-07-16T12:41:42.000Z</time>
        <extensions>
          <ns3:TrackPointExtension>
            <ns3:atemp>34.0</ns3:atemp>
            <ns3:hr>145</ns3:hr>
          </ns3:TrackPointExtension>
        </extensions>
      </trkpt>
      <trkpt lat="48.17082124762237071990966796875" lon="-1.2710473872721195220947265625">
        <ele>107</ele>
        <time>2026-07-16T12:41:46.000Z</time>
        <extensions>
          <ns3:TrackPointExtension>
            <ns3:atemp>34.0</ns3:atemp>
            <ns3:hr>145</ns3:hr>
          </ns3:TrackPointExtension>
        </extensions>
      </trkpt>
      <trkpt lat="48.1708624027669429779052734375" lon="-1.2710373289883136749267578125">
        <ele>107</ele>
        <time>2026-07-16T12:41:47.000Z</time>
        <extensions>
          <ns3:TrackPointExtension>
            <ns3:atemp>35.0</ns3:atemp>
            <ns3:hr>145</ns3:hr>
          </ns3:TrackPointExtension>
        </extensions>
      </trkpt>
      <trkpt lat="48.17116138525307178497314453125" lon="-1.27099625766277313232421875">
        <ele>107</ele>
        <time>2026-07-16T12:41:54.000Z</time>
        <extensions>
          <ns3:TrackPointExtension>
            <ns3:atemp>34.0</ns3:atemp>
            <ns3:hr>146</ns3:hr>
          </ns3:TrackPointExtension>
        </extensions>
      </trkpt>
      <trkpt lat="48.17120782099664211273193359375" lon="-1.2710024602711200714111328125">
        <ele>107.1999969482421875</ele>
        <time>2026-07-16T12:41:55.000Z</time>
        <extensions>
          <ns3:TrackPointExtension>
            <ns3:atemp>35.0</ns3:atemp>
            <ns3:hr>146</ns3:hr>
          </ns3:TrackPointExtension>
        </extensions>
      </trkpt>
      <trkpt lat="48.171299435198307037353515625" lon="-1.2710266001522541046142578125">
        <ele>107.40000152587890625</ele>
        <time>2026-07-16T12:41:57.000Z</time>
        <extensions>
          <ns3:TrackPointExtension>
            <ns3:atemp>34.0</ns3:atemp>
            <ns3:hr>146</ns3:hr>
          </ns3:TrackPointExtension>
        </extensions>
      </trkpt>
      <trkpt lat="48.17138300277292728424072265625" lon="-1.271076388657093048095703125">
        <ele>107.59999847412109375</ele>
        <time>2026-07-16T12:41:59.000Z</time>
        <extensions>
          <ns3:TrackPointExtension>
            <ns3:atemp>34.0</ns3:atemp>
            <ns3:hr>146</ns3:hr>
          </ns3:TrackPointExtension>
        </extensions>
      </trkpt>
      <trkpt lat="48.17154929973185062408447265625" lon="-1.27120077610015869140625">
        <ele>108.1999969482421875</ele>
        <time>2026-07-16T12:42:03.000Z</time>
        <extensions>
          <ns3:TrackPointExtension>
            <ns3:atemp>34.0</ns3:atemp>
            <ns3:hr>147</ns3:hr>
          </ns3:TrackPointExtension>
        </extensions>
      </trkpt>
      <trkpt lat="48.17163932137191295623779296875" lon="-1.27125886268913745880126953125">
        <ele>108.1999969482421875</ele>
        <time>2026-07-16T12:42:05.000Z</time>
        <extensions>
          <ns3:TrackPointExtension>
            <ns3:atemp>34.0</ns3:atemp>
            <ns3:hr>147</ns3:hr>
          </ns3:TrackPointExtension>
        </extensions>
      </trkpt>
      <trkpt lat="48.17168760113418102264404296875" lon="-1.271280236542224884033203125">
        <ele>108.40000152587890625</ele>
        <time>2026-07-16T12:42:06.000Z</time>
        <extensions>
          <ns3:TrackPointExtension>
            <ns3:atemp>35.0</ns3:atemp>
            <ns3:hr>148</ns3:hr>
          </ns3:TrackPointExtension>
        </extensions>
      </trkpt>
      <trkpt lat="48.1717349588871002197265625" lon="-1.27129356376826763153076171875">
        <ele>108.40000152587890625</ele>
        <time>2026-07-16T12:42:07.000Z</time>
        <extensions>
          <ns3:TrackPointExtension>
            <ns3:atemp>34.0</ns3:atemp>
            <ns3:hr>148</ns3:hr>
          </ns3:TrackPointExtension>
        </extensions>
      </trkpt>
      <trkpt lat="48.1718782894313335418701171875" lon="-1.27129909582436084747314453125">
        <ele>108.8000030517578125</ele>
        <time>2026-07-16T12:42:10.000Z</time>
        <extensions>
          <ns3:TrackPointExtension>
            <ns3:atemp>34.0</ns3:atemp>
            <ns3:hr>149</ns3:hr>
          </ns3:TrackPointExtension>
        </extensions>
      </trkpt>
      <trkpt lat="48.17192665301263332366943359375" lon="-1.271289624273777008056640625">
        <ele>108.8000030517578125</ele>
        <time>2026-07-16T12:42:11.000Z</time>
        <extensions>
          <ns3:TrackPointExtension>
            <ns3:atemp>34.0</ns3:atemp>
            <ns3:hr>151</ns3:hr>
          </ns3:TrackPointExtension>
        </extensions>
      </trkpt>
      <trkpt lat="48.17207115702331066131591796875" lon="-1.27124578692018985748291015625">
        <ele>109.1999969482421875</ele>
        <time>2026-07-16T12:42:14.000Z</time>
        <extensions>
          <ns3:TrackPointExtension>
            <ns3:atemp>34.0</ns3:atemp>
            <ns3:hr>153</ns3:hr>
          </ns3:TrackPointExtension>
        </extensions>
      </trkpt>
      <trkpt lat="48.1721733324229717254638671875" lon="-1.2712140195071697235107421875">
        <ele>109.59999847412109375</ele>
        <time>2026-07-16T12:42:16.000Z</time>
        <extensions>
          <ns3:TrackPointExtension>
            <ns3:atemp>34.0</ns3:atemp>
            <ns3:hr>156</ns3:hr>
          </ns3:TrackPointExtension>
        </extensions>
      </trkpt>
      <trkpt lat="48.1722759269177913665771484375" lon="-1.27117940224707126617431640625">
        <ele>110</ele>
        <time>2026-07-16T12:42:18.000Z</time>
        <extensions>
          <ns3:TrackPointExtension>
            <ns3:atemp>34.0</ns3:atemp>
            <ns3:hr>157</ns3:hr>
          </ns3:TrackPointExtension>
        </extensions>
      </trkpt>
      <trkpt lat="48.17238212563097476959228515625" lon="-1.2711472995579242706298828125">
        <ele>110.40000152587890625</ele>
        <time>2026-07-16T12:42:20.000Z</time>
        <extensions>
          <ns3:TrackPointExtension>
            <ns3:atemp>34.0</ns3:atemp>
            <ns3:hr>158</ns3:hr>
          </ns3:TrackPointExtension>
        </extensions>
      </trkpt>
      <trkpt lat="48.17258563823997974395751953125" lon="-1.27108317799866199493408203125">
        <ele>111</ele>
        <time>2026-07-16T12:42:24.000Z</time>
        <extensions>
          <ns3:TrackPointExtension>
            <ns3:atemp>34.0</ns3:atemp>
            <ns3:hr>158</ns3:hr>
          </ns3:TrackPointExtension>
        </extensions>
      </trkpt>
      <trkpt lat="48.17280272953212261199951171875" lon="-1.27100774087011814117431640625">
        <ele>111.59999847412109375</ele>
        <time>2026-07-16T12:42:28.000Z</time>
        <extensions>
          <ns3:TrackPointExtension>
            <ns3:atemp>34.0</ns3:atemp>
            <ns3:hr>159</ns3:hr>
          </ns3:TrackPointExtension>
        </extensions>
      </trkpt>
      <trkpt lat="48.1730286218225955963134765625" lon="-1.27093716524541378021240234375">
        <ele>111.40000152587890625</ele>
        <time>2026-07-16T12:42:32.000Z</time>
        <extensions>
          <ns3:TrackPointExtension>
            <ns3:atemp>34.0</ns3:atemp>
            <ns3:hr>160</ns3:hr>
          </ns3:TrackPointExtension>
        </extensions>
      </trkpt>
      <trkpt lat="48.173404969274997711181640625" lon="-1.2708083353936672210693359375">
        <ele>111.59999847412109375</ele>
        <time>2026-07-16T12:42:39.000Z</time>
        <extensions>
          <ns3:TrackPointExtension>
            <ns3:atemp>34.0</ns3:atemp>
            <ns3:hr>161</ns3:hr>
          </ns3:TrackPointExtension>
        </extensions>
      </trkpt>
      <trkpt lat="48.1736126728355884552001953125" lon="-1.270735748112201690673828125">
        <ele>112</ele>
        <time>2026-07-16T12:42:43.000Z</time>
        <extensions>
          <ns3:TrackPointExtension>
            <ns3:atemp>34.0</ns3:atemp>
            <ns3:hr>165</ns3:hr>
          </ns3:TrackPointExtension>
        </extensions>
      </trkpt>
      <trkpt lat="48.17385063506662845611572265625" lon="-1.270657964050769805908203125">
        <ele>112</ele>
        <time>2026-07-16T12:42:48.000Z</time>
        <extensions>
          <ns3:TrackPointExtension>
            <ns3:atemp>34.0</ns3:atemp>
            <ns3:hr>167</ns3:hr>
          </ns3:TrackPointExtension>
        </extensions>
      </trkpt>
      <trkpt lat="48.17407979629933834075927734375" lon="-1.2705877237021923065185546875">
        <ele>111.59999847412109375</ele>
        <time>2026-07-16T12:42:54.000Z</time>
        <extensions>
          <ns3:TrackPointExtension>
            <ns3:atemp>35.0</ns3:atemp>
            <ns3:hr>165</ns3:hr>
          </ns3:TrackPointExtension>
        </extensions>
      </trkpt>
      <trkpt lat="48.17447307519614696502685546875" lon="-1.27048286609351634979248046875">
        <ele>110.8000030517578125</ele>
        <time>2026-07-16T12:43:03.000Z</time>
        <extensions>
          <ns3:TrackPointExtension>
            <ns3:atemp>35.0</ns3:atemp>
            <ns3:hr>163</ns3:hr>
          </ns3:TrackPointExtension>
        </extensions>
      </trkpt>
      <trkpt lat="48.1745638512074947357177734375" lon="-1.2704350054264068603515625">
        <ele>110.40000152587890625</ele>
        <time>2026-07-16T12:43:05.000Z</time>
        <extensions>
          <ns3:TrackPointExtension>
            <ns3:atemp>35.0</ns3:atemp>
            <ns3:hr>160</ns3:hr>
          </ns3:TrackPointExtension>
        </extensions>
      </trkpt>
      <trkpt lat="48.174649514257907867431640625" lon="-1.270354874432086944580078125">
        <ele>110</ele>
        <time>2026-07-16T12:43:07.000Z</time>
        <extensions>
          <ns3:TrackPointExtension>
            <ns3:atemp>35.0</ns3:atemp>
            <ns3:hr>158</ns3:hr>
          </ns3:TrackPointExtension>
        </extensions>
      </trkpt>
      <trkpt lat="48.17468161694705486297607421875" lon="-1.27029486000537872314453125">
        <ele>109.8000030517578125</ele>
        <time>2026-07-16T12:43:08.000Z</time>
        <extensions>
          <ns3:TrackPointExtension>
            <ns3:atemp>35.0</ns3:atemp>
            <ns3:hr>158</ns3:hr>
          </ns3:TrackPointExtension>
        </extensions>
      </trkpt>
      <trkpt lat="48.17470257170498371124267578125" lon="-1.27022512257099151611328125">
        <ele>109.40000152587890625</ele>
        <time>2026-07-16T12:43:09.000Z</time>
        <extensions>
          <ns3:TrackPointExtension>
            <ns3:atemp>35.0</ns3:atemp>
            <ns3:hr>157</ns3:hr>
          </ns3:TrackPointExtension>
        </extensions>
      </trkpt>
      <trkpt lat="48.17471288144588470458984375" lon="-1.2701528705656528472900390625">
        <ele>109.1999969482421875</ele>
        <time>2026-07-16T12:43:10.000Z</time>
        <extensions>
          <ns3:TrackPointExtension>
            <ns3:atemp>35.0</ns3:atemp>
            <ns3:hr>157</ns3:hr>
          </ns3:TrackPointExtension>
        </extensions>
      </trkpt>
      <trkpt lat="48.1747174076735973358154296875" lon="-1.2700767628848552703857421875">
        <ele>109</ele>
        <time>2026-07-16T12:43:11.000Z</time>
        <extensions>
          <ns3:TrackPointExtension>
            <ns3:atemp>35.0</ns3:atemp>
            <ns3:hr>156</ns3:hr>
          </ns3:TrackPointExtension>
        </extensions>
      </trkpt>
      <trkpt lat="48.17470994777977466583251953125" lon="-1.2699299119412899017333984375">
        <ele>108.8000030517578125</ele>
        <time>2026-07-16T12:43:13.000Z</time>
        <extensions>
          <ns3:TrackPointExtension>
            <ns3:atemp>34.0</ns3:atemp>
            <ns3:hr>156</ns3:hr>
          </ns3:TrackPointExtension>
        </extensions>
      </trkpt>
      <trkpt lat="48.1746667809784412384033203125" lon="-1.26975431106984615325927734375">
        <ele>108.8000030517578125</ele>
        <time>2026-07-16T12:43:16.000Z</time>
        <extensions>
          <ns3:TrackPointExtension>
            <ns3:atemp>34.0</ns3:atemp>
            <ns3:hr>155</ns3:hr>
          </ns3:TrackPointExtension>
        </extensions>
      </trkpt>
      <trkpt lat="48.17462646402418613433837890625" lon="-1.2695793807506561279296875">
        <ele>109.40000152587890625</ele>
        <time>2026-07-16T12:43:19.000Z</time>
        <extensions>
          <ns3:TrackPointExtension>
            <ns3:atemp>35.0</ns3:atemp>
            <ns3:hr>151</ns3:hr>
          </ns3:TrackPointExtension>
        </extensions>
      </trkpt>
      <trkpt lat="48.17460534162819385528564453125" lon="-1.26946605741977691650390625">
        <ele>109.8000030517578125</ele>
        <time>2026-07-16T12:43:21.000Z</time>
        <extensions>
          <ns3:TrackPointExtension>
            <ns3:atemp>35.0</ns3:atemp>
            <ns3:hr>150</ns3:hr>
          </ns3:TrackPointExtension>
        </extensions>
      </trkpt>
      <trkpt lat="48.17457801662385463714599609375" lon="-1.26930889673531055450439453125">
        <ele>110.1999969482421875</ele>
        <time>2026-07-16T12:43:24.000Z</time>
        <extensions>
          <ns3:TrackPointExtension>
            <ns3:atemp>35.0</ns3:atemp>
            <ns3:hr>151</ns3:hr>
          </ns3:TrackPointExtension>
        </extensions>
      </trkpt>
      <trkpt lat="48.1745554693043231964111328125" lon="-1.2691296078264713287353515625">
        <ele>111.1999969482421875</ele>
        <time>2026-07-16T12:43:28.000Z</time>
        <extensions>
          <ns3:TrackPointExtension>
            <ns3:atemp>35.0</ns3:atemp>
            <ns3:hr>149</ns3:hr>
          </ns3:TrackPointExtension>
        </extensions>
      </trkpt>
      <trkpt lat="48.1745581515133380889892578125" lon="-1.26908509992063045501708984375">
        <ele>111.40000152587890625</ele>
        <time>2026-07-16T12:43:29.000Z</time>
        <extensions>
          <ns3:TrackPointExtension>
            <ns3:atemp>34.0</ns3:atemp>
            <ns3:hr>149</ns3:hr>
          </ns3:TrackPointExtension>
        </extensions>
      </trkpt>
      <trkpt lat="48.174556307494640350341796875" lon="-1.26883707940578460693359375">
        <ele>112.40000152587890625</ele>
        <time>2026-07-16T12:43:34.000Z</time>
        <extensions>
          <ns3:TrackPointExtension>
            <ns3:atemp>34.0</ns3:atemp>
            <ns3:hr>148</ns3:hr>
          </ns3:TrackPointExtension>
        </extensions>
      </trkpt>
      <trkpt lat="48.1745566427707672119140625" lon="-1.26878703944385051727294921875">
        <ele>112.59999847412109375</ele>
        <time>2026-07-16T12:43:35.000Z</time>
        <extensions>
          <ns3:TrackPointExtension>
            <ns3:atemp>34.0</ns3:atemp>
            <ns3:hr>148</ns3:hr>
          </ns3:TrackPointExtension>
        </extensions>
      </trkpt>
      <trkpt lat="48.17456142045557498931884765625" lon="-1.268502809107303619384765625">
        <ele>113.40000152587890625</ele>
        <time>2026-07-16T12:43:41.000Z</time>
        <extensions>
          <ns3:TrackPointExtension>
            <ns3:atemp>35.0</ns3:atemp>
            <ns3:hr>151</ns3:hr>
          </ns3:TrackPointExtension>
        </extensions>
      </trkpt>
      <trkpt lat="48.1745594926178455352783203125" lon="-1.26836325041949748992919921875">
        <ele>113.59999847412109375</ele>
        <time>2026-07-16T12:43:44.000Z</time>
        <extensions>
          <ns3:TrackPointExtension>
            <ns3:atemp>34.0</ns3:atemp>
            <ns3:hr>153</ns3:hr>
          </ns3:TrackPointExtension>
        </extensions>
      </trkpt>
      <trkpt lat="48.1745641864836215972900390625" lon="-1.2681308202445507049560546875">
        <ele>114.1999969482421875</ele>
        <time>2026-07-16T12:43:49.000Z</time>
        <extensions>
          <ns3:TrackPointExtension>
            <ns3:atemp>35.0</ns3:atemp>
            <ns3:hr>154</ns3:hr>
          </ns3:TrackPointExtension>
        </extensions>
      </trkpt>
      <trkpt lat="48.174556307494640350341796875" lon="-1.267944909632205963134765625">
        <ele>114.59999847412109375</ele>
        <time>2026-07-16T12:43:53.000Z</time>
        <extensions>
          <ns3:TrackPointExtension>
            <ns3:atemp>35.0</ns3:atemp>
            <ns3:hr>156</ns3:hr>
          </ns3:TrackPointExtension>
        </extensions>
      </trkpt>
      <trkpt lat="48.174558319151401519775390625" lon="-1.2678166665136814117431640625">
        <ele>115</ele>
        <time>2026-07-16T12:43:56.000Z</time>
        <extensions>
          <ns3:TrackPointExtension>
            <ns3:atemp>34.0</ns3:atemp>
            <ns3:hr>156</ns3:hr>
          </ns3:TrackPointExtension>
        </extensions>
      </trkpt>
      <trkpt lat="48.17455136217176914215087890625" lon="-1.26753595657646656036376953125">
        <ele>115.59999847412109375</ele>
        <time>2026-07-16T12:44:03.000Z</time>
        <extensions>
          <ns3:TrackPointExtension>
            <ns3:atemp>34.0</ns3:atemp>
            <ns3:hr>156</ns3:hr>
          </ns3:TrackPointExtension>
        </extensions>
      </trkpt>
      <trkpt lat="48.1745511107146739959716796875" lon="-1.26749807037413120269775390625">
        <ele>115.8000030517578125</ele>
        <time>2026-07-16T12:44:04.000Z</time>
        <extensions>
          <ns3:TrackPointExtension>
            <ns3:atemp>35.0</ns3:atemp>
            <ns3:hr>157</ns3:hr>
          </ns3:TrackPointExtension>
        </extensions>
      </trkpt>
      <trkpt lat="48.17455169744789600372314453125" lon="-1.26715323887765407562255859375">
        <ele>116.59999847412109375</ele>
        <time>2026-07-16T12:44:13.000Z</time>
        <extensions>
          <ns3:TrackPointExtension>
            <ns3:atemp>35.0</ns3:atemp>
            <ns3:hr>159</ns3:hr>
          </ns3:TrackPointExtension>
        </extensions>
      </trkpt>
      <trkpt lat="48.1745544634759426116943359375" lon="-1.2671115808188915252685546875">
        <ele>116.59999847412109375</ele>
        <time>2026-07-16T12:44:14.000Z</time>
        <extensions>
          <ns3:TrackPointExtension>
            <ns3:atemp>35.0</ns3:atemp>
            <ns3:hr>159</ns3:hr>
          </ns3:TrackPointExtension>
        </extensions>
      </trkpt>
      <trkpt lat="48.17455194890499114990234375" lon="-1.2668101675808429718017578125">
        <ele>117.1999969482421875</ele>
        <time>2026-07-16T12:44:21.000Z</time>
        <extensions>
          <ns3:TrackPointExtension>
            <ns3:atemp>35.0</ns3:atemp>
            <ns3:hr>162</ns3:hr>
          </ns3:TrackPointExtension>
        </extensions>
      </trkpt>
      <trkpt lat="48.1745459139347076416015625" lon="-1.26668452285230159759521484375">
        <ele>117.59999847412109375</ele>
        <time>2026-07-16T12:44:24.000Z</time>
        <extensions>
          <ns3:TrackPointExtension>
            <ns3:atemp>34.0</ns3:atemp>
            <ns3:hr>161</ns3:hr>
          </ns3:TrackPointExtension>
        </extensions>
      </trkpt>
      <trkpt lat="48.17454985342919826507568359375" lon="-1.2665855325758457183837890625">
        <ele>118</ele>
        <time>2026-07-16T12:44:27.000Z</time>
        <extensions>
          <ns3:TrackPointExtension>
            <ns3:atemp>34.0</ns3:atemp>
            <ns3:hr>158</ns3:hr>
          </ns3:TrackPointExtension>
        </extensions>
      </trkpt>
      <trkpt lat="48.17455731332302093505859375" lon="-1.26657354645431041717529296875">
        <ele>118.1999969482421875</ele>
        <time>2026-07-16T12:44:30.000Z</time>
        <extensions>
          <ns3:TrackPointExtension>
            <ns3:atemp>34.0</ns3:atemp>
            <ns3:hr>157</ns3:hr>
          </ns3:TrackPointExtension>
        </extensions>
      </trkpt>
      <trkpt lat="48.17456427030265331268310546875" lon="-1.2665074132382869720458984375">
        <ele>118.1999969482421875</ele>
        <time>2026-07-16T12:44:43.000Z</time>
        <extensions>
          <ns3:TrackPointExtension>
            <ns3:atemp>34.0</ns3:atemp>
            <ns3:hr>159</ns3:hr>
          </ns3:TrackPointExtension>
        </extensions>
      </trkpt>
      <trkpt lat="48.1745581515133380889892578125" lon="-1.26628034748136997222900390625">
        <ele>118.8000030517578125</ele>
        <time>2026-07-16T12:44:48.000Z</time>
        <extensions>
          <ns3:TrackPointExtension>
            <ns3:atemp>35.0</ns3:atemp>
            <ns3:hr>161</ns3:hr>
          </ns3:TrackPointExtension>
        </extensions>
      </trkpt>
      <trkpt lat="48.17455999553203582763671875" lon="-1.26605085097253322601318359375">
        <ele>119.40000152587890625</ele>
        <time>2026-07-16T12:44:52.000Z</time>
        <extensions>
          <ns3:TrackPointExtension>
            <ns3:atemp>35.0</ns3:atemp>
            <ns3:hr>158</ns3:hr>
          </ns3:TrackPointExtension>
        </extensions>
      </trkpt>
      <trkpt lat="48.17456175573170185089111328125" lon="-1.2658190913498401641845703125">
        <ele>119.8000030517578125</ele>
        <time>2026-07-16T12:44:56.000Z</time>
        <extensions>
          <ns3:TrackPointExtension>
            <ns3:atemp>35.0</ns3:atemp>
            <ns3:hr>159</ns3:hr>
          </ns3:TrackPointExtension>
        </extensions>
      </trkpt>
      <trkpt lat="48.1745631806552410125732421875" lon="-1.2654124014079570770263671875">
        <ele>120.8000030517578125</ele>
        <time>2026-07-16T12:45:03.000Z</time>
        <extensions>
          <ns3:TrackPointExtension>
            <ns3:atemp>35.0</ns3:atemp>
            <ns3:hr>159</ns3:hr>
          </ns3:TrackPointExtension>
        </extensions>
      </trkpt>
      <trkpt lat="48.17456225864589214324951171875" lon="-1.26535800285637378692626953125">
        <ele>121</ele>
        <time>2026-07-16T12:45:04.000Z</time>
        <extensions>
          <ns3:TrackPointExtension>
            <ns3:atemp>35.0</ns3:atemp>
            <ns3:hr>159</ns3:hr>
          </ns3:TrackPointExtension>
        </extensions>
      </trkpt>
      <trkpt lat="48.1745571456849575042724609375" lon="-1.26507989130914211273193359375">
        <ele>121.8000030517578125</ele>
        <time>2026-07-16T12:45:09.000Z</time>
        <extensions>
          <ns3:TrackPointExtension>
            <ns3:atemp>34.0</ns3:atemp>
            <ns3:hr>159</ns3:hr>
          </ns3:TrackPointExtension>
        </extensions>
      </trkpt>
      <trkpt lat="48.17456133663654327392578125" lon="-1.26491677947342395782470703125">
        <ele>122.1999969482421875</ele>
        <time>2026-07-16T12:45:12.000Z</time>
        <extensions>
          <ns3:TrackPointExtension>
            <ns3:atemp>34.0</ns3:atemp>
            <ns3:hr>160</ns3:hr>
          </ns3:TrackPointExtension>
        </extensions>
      </trkpt>
      <trkpt lat="48.174550943076610565185546875" lon="-1.264767833054065704345703125">
        <ele>122.59999847412109375</ele>
        <time>2026-07-16T12:45:15.000Z</time>
        <extensions>
          <ns3:TrackPointExtension>
            <ns3:atemp>34.0</ns3:atemp>
            <ns3:hr>162</ns3:hr>
          </ns3:TrackPointExtension>
        </extensions>
      </trkpt>
      <trkpt lat="48.17454415373504161834716796875" lon="-1.264519728720188140869140625">
        <ele>123.1999969482421875</ele>
        <time>2026-07-16T12:45:21.000Z</time>
        <extensions>
          <ns3:TrackPointExtension>
            <ns3:atemp>34.0</ns3:atemp>
            <ns3:hr>164</ns3:hr>
          </ns3:TrackPointExtension>
        </extensions>
      </trkpt>
      <trkpt lat="48.1745420582592487335205078125" lon="-1.26447840593755245208740234375">
        <ele>123.40000152587890625</ele>
        <time>2026-07-16T12:45:22.000Z</time>
        <extensions>
          <ns3:TrackPointExtension>
            <ns3:atemp>35.0</ns3:atemp>
            <ns3:hr>164</ns3:hr>
          </ns3:TrackPointExtension>
        </extensions>
      </trkpt>
      <trkpt lat="48.17454113624989986419677734375" lon="-1.26439123414456844329833984375">
        <ele>123.40000152587890625</ele>
        <time>2026-07-16T12:45:24.000Z</time>
        <extensions>
          <ns3:TrackPointExtension>
            <ns3:atemp>34.0</ns3:atemp>
            <ns3:hr>169</ns3:hr>
          </ns3:TrackPointExtension>
        </extensions>
      </trkpt>
      <trkpt lat="48.1745356880128383636474609375" lon="-1.26425854861736297607421875">
        <ele>123.59999847412109375</ele>
        <time>2026-07-16T12:45:27.000Z</time>
        <extensions>
          <ns3:TrackPointExtension>
            <ns3:atemp>34.0</ns3:atemp>
            <ns3:hr>172</ns3:hr>
          </ns3:TrackPointExtension>
        </extensions>
      </trkpt>
      <trkpt lat="48.17453325726091861724853515625" lon="-1.2641789205372333526611328125">
        <ele>123.8000030517578125</ele>
        <time>2026-07-16T12:45:29.000Z</time>
        <extensions>
          <ns3:TrackPointExtension>
            <ns3:atemp>34.0</ns3:atemp>
            <ns3:hr>174</ns3:hr>
          </ns3:TrackPointExtension>
        </extensions>
      </trkpt>
      <trkpt lat="48.17452839575707912445068359375" lon="-1.2639549560844898223876953125">
        <ele>124.1999969482421875</ele>
        <time>2026-07-16T12:45:34.000Z</time>
        <extensions>
          <ns3:TrackPointExtension>
            <ns3:atemp>34.0</ns3:atemp>
            <ns3:hr>170</ns3:hr>
          </ns3:TrackPointExtension>
        </extensions>
      </trkpt>
      <trkpt lat="48.174528144299983978271484375" lon="-1.263901479542255401611328125">
        <ele>124.1999969482421875</ele>
        <time>2026-07-16T12:45:35.000Z</time>
        <extensions>
          <ns3:TrackPointExtension>
            <ns3:atemp>34.0</ns3:atemp>
            <ns3:hr>170</ns3:hr>
          </ns3:TrackPointExtension>
        </extensions>
      </trkpt>
      <trkpt lat="48.17450257949531078338623046875" lon="-1.26346268691122531890869140625">
        <ele>124.8000030517578125</ele>
        <time>2026-07-16T12:45:43.000Z</time>
        <extensions>
          <ns3:TrackPointExtension>
            <ns3:atemp>34.0</ns3:atemp>
            <ns3:hr>172</ns3:hr>
          </ns3:TrackPointExtension>
        </extensions>
      </trkpt>
      <trkpt lat="48.17449134774506092071533203125" lon="-1.2631962262094020843505859375">
        <ele>125</ele>
        <time>2026-07-16T12:45:48.000Z</time>
        <extensions>
          <ns3:TrackPointExtension>
            <ns3:atemp>34.0</ns3:atemp>
            <ns3:hr>169</ns3:hr>
          </ns3:TrackPointExtension>
        </extensions>
      </trkpt>
      <trkpt lat="48.17448221147060394287109375" lon="-1.2630289234220981597900390625">
        <ele>125.1999969482421875</ele>
        <time>2026-07-16T12:45:51.000Z</time>
        <extensions>
          <ns3:TrackPointExtension>
            <ns3:atemp>34.0</ns3:atemp>
            <ns3:hr>169</ns3:hr>
          </ns3:TrackPointExtension>
        </extensions>
      </trkpt>
      <trkpt lat="48.17446335218846797943115234375" lon="-1.26272390596568584442138671875">
        <ele>125.40000152587890625</ele>
        <time>2026-07-16T12:45:56.000Z</time>
        <extensions>
          <ns3:TrackPointExtension>
            <ns3:atemp>34.0</ns3:atemp>
            <ns3:hr>168</ns3:hr>
          </ns3:TrackPointExtension>
        </extensions>
      </trkpt>
      <trkpt lat="48.17444541491568088531494140625" lon="-1.26247496344149112701416015625">
        <ele>125.40000152587890625</ele>
        <time>2026-07-16T12:46:00.000Z</time>
        <extensions>
          <ns3:TrackPointExtension>
            <ns3:atemp>34.0</ns3:atemp>
            <ns3:hr>168</ns3:hr>
          </ns3:TrackPointExtension>
        </extensions>
      </trkpt>
      <trkpt lat="48.1744401343166828155517578125" lon="-1.262153685092926025390625">
        <ele>125.8000030517578125</ele>
        <time>2026-07-16T12:46:06.000Z</time>
        <extensions>
          <ns3:TrackPointExtension>
            <ns3:atemp>34.0</ns3:atemp>
            <ns3:hr>166</ns3:hr>
          </ns3:TrackPointExtension>
        </extensions>
      </trkpt>
      <trkpt lat="48.17446687258780002593994140625" lon="-1.26211546361446380615234375">
        <ele>125.8000030517578125</ele>
        <time>2026-07-16T12:46:07.000Z</time>
        <extensions>
          <ns3:TrackPointExtension>
            <ns3:atemp>34.0</ns3:atemp>
            <ns3:hr>165</ns3:hr>
          </ns3:TrackPointExtension>
        </extensions>
      </trkpt>
      <trkpt lat="48.17453945986926555633544921875" lon="-1.26208051107823848724365234375">
        <ele>126</ele>
        <time>2026-07-16T12:46:09.000Z</time>
        <extensions>
          <ns3:TrackPointExtension>
            <ns3:atemp>34.0</ns3:atemp>
            <ns3:hr>163</ns3:hr>
          </ns3:TrackPointExtension>
        </extensions>
      </trkpt>
      <trkpt lat="48.174620680510997772216796875" lon="-1.2620492465794086456298828125">
        <ele>125.8000030517578125</ele>
        <time>2026-07-16T12:46:11.000Z</time>
        <extensions>
          <ns3:TrackPointExtension>
            <ns3:atemp>34.0</ns3:atemp>
            <ns3:hr>162</ns3:hr>
          </ns3:TrackPointExtension>
        </extensions>
      </trkpt>
      <trkpt lat="48.1747898273169994354248046875" lon="-1.26199501566588878631591796875">
        <ele>126.40000152587890625</ele>
        <time>2026-07-16T12:46:15.000Z</time>
        <extensions>
          <ns3:TrackPointExtension>
            <ns3:atemp>35.0</ns3:atemp>
            <ns3:hr>162</ns3:hr>
          </ns3:TrackPointExtension>
        </extensions>
      </trkpt>
      <trkpt lat="48.17502443678677082061767578125" lon="-1.26194723881781101226806640625">
        <ele>126.8000030517578125</ele>
        <time>2026-07-16T12:46:20.000Z</time>
        <extensions>
          <ns3:TrackPointExtension>
            <ns3:atemp>34.0</ns3:atemp>
            <ns3:hr>163</ns3:hr>
          </ns3:TrackPointExtension>
        </extensions>
      </trkpt>
      <trkpt lat="48.17527941428124904632568359375" lon="-1.26189527101814746856689453125">
        <ele>127.59999847412109375</ele>
        <time>2026-07-16T12:46:25.000Z</time>
        <extensions>
          <ns3:TrackPointExtension>
            <ns3:atemp>35.0</ns3:atemp>
            <ns3:hr>165</ns3:hr>
          </ns3:TrackPointExtension>
        </extensions>
      </trkpt>
      <trkpt lat="48.17538200877606868743896484375" lon="-1.2618846260011196136474609375">
        <ele>128</ele>
        <time>2026-07-16T12:46:27.000Z</time>
        <extensions>
          <ns3:TrackPointExtension>
            <ns3:atemp>34.0</ns3:atemp>
            <ns3:hr>166</ns3:hr>
          </ns3:TrackPointExtension>
        </extensions>
      </trkpt>
      <trkpt lat="48.17569582723081111907958984375" lon="-1.2618490867316722869873046875">
        <ele>128</ele>
        <time>2026-07-16T12:46:33.000Z</time>
        <extensions>
          <ns3:TrackPointExtension>
            <ns3:atemp>35.0</ns3:atemp>
            <ns3:hr>162</ns3:hr>
          </ns3:TrackPointExtension>
        </extensions>
      </trkpt>
      <trkpt lat="48.17580495961010456085205078125" lon="-1.2618443928658962249755859375">
        <ele>128.1999969482421875</ele>
        <time>2026-07-16T12:46:35.000Z</time>
        <extensions>
          <ns3:TrackPointExtension>
            <ns3:atemp>35.0</ns3:atemp>
            <ns3:hr>161</ns3:hr>
          </ns3:TrackPointExtension>
        </extensions>
      </trkpt>
      <trkpt lat="48.176073767244815826416015625" lon="-1.26184313558042049407958984375">
        <ele>128.600006103515625</ele>
        <time>2026-07-16T12:46:40.000Z</time>
        <extensions>
          <ns3:TrackPointExtension>
            <ns3:atemp>34.0</ns3:atemp>
            <ns3:hr>162</ns3:hr>
          </ns3:TrackPointExtension>
        </extensions>
      </trkpt>
      <trkpt lat="48.17618248052895069122314453125" lon="-1.2618440575897693634033203125">
        <ele>128.8000030517578125</ele>
        <time>2026-07-16T12:46:42.000Z</time>
        <extensions>
          <ns3:TrackPointExtension>
            <ns3:atemp>35.0</ns3:atemp>
            <ns3:hr>162</ns3:hr>
          </ns3:TrackPointExtension>
        </extensions>
      </trkpt>
      <trkpt lat="48.17659973166882991790771484375" lon="-1.26187012530863285064697265625">
        <ele>129</ele>
        <time>2026-07-16T12:46:50.000Z</time>
        <extensions>
          <ns3:TrackPointExtension>
            <ns3:atemp>35.0</ns3:atemp>
            <ns3:hr>162</ns3:hr>
          </ns3:TrackPointExtension>
        </extensions>
      </trkpt>
      <trkpt lat="48.1768078543245792388916015625" lon="-1.261904574930667877197265625">
        <ele>128.8000030517578125</ele>
        <time>2026-07-16T12:46:54.000Z</time>
        <extensions>
          <ns3:TrackPointExtension>
            <ns3:atemp>35.0</ns3:atemp>
            <ns3:hr>163</ns3:hr>
          </ns3:TrackPointExtension>
        </extensions>
      </trkpt>
      <trkpt lat="48.176907263696193695068359375" lon="-1.2618618272244930267333984375">
        <ele>128.600006103515625</ele>
        <time>2026-07-16T12:46:56.000Z</time>
        <extensions>
          <ns3:TrackPointExtension>
            <ns3:atemp>35.0</ns3:atemp>
            <ns3:hr>163</ns3:hr>
          </ns3:TrackPointExtension>
        </extensions>
      </trkpt>
      <trkpt lat="48.1769692897796630859375" lon="-1.26174674369394779205322265625">
        <ele>128.399993896484375</ele>
        <time>2026-07-16T12:46:58.000Z</time>
        <extensions>
          <ns3:TrackPointExtension>
            <ns3:atemp>35.0</ns3:atemp>
            <ns3:hr>162</ns3:hr>
          </ns3:TrackPointExtension>
        </extensions>
      </trkpt>
      <trkpt lat="48.1769838742911815643310546875" lon="-1.26167449168860912322998046875">
        <ele>128.8000030517578125</ele>
        <time>2026-07-16T12:46:59.000Z</time>
        <extensions>
          <ns3:TrackPointExtension>
            <ns3:atemp>35.0</ns3:atemp>
            <ns3:hr>162</ns3:hr>
          </ns3:TrackPointExtension>
        </extensions>
      </trkpt>
      <trkpt lat="48.17705403082072734832763671875" lon="-1.261131428182125091552734375">
        <ele>129.399993896484375</ele>
        <time>2026-07-16T12:47:06.000Z</time>
        <extensions>
          <ns3:TrackPointExtension>
            <ns3:atemp>35.0</ns3:atemp>
            <ns3:hr>163</ns3:hr>
          </ns3:TrackPointExtension>
        </extensions>
      </trkpt>
      <trkpt lat="48.17709711380302906036376953125" lon="-1.260982565581798553466796875">
        <ele>129.399993896484375</ele>
        <time>2026-07-16T12:47:08.000Z</time>
        <extensions>
          <ns3:TrackPointExtension>
            <ns3:atemp>35.0</ns3:atemp>
            <ns3:hr>163</ns3:hr>
          </ns3:TrackPointExtension>
        </extensions>
      </trkpt>
      <trkpt lat="48.1771530210971832275390625" lon="-1.26085239462554454803466796875">
        <ele>129.1999969482421875</ele>
        <time>2026-07-16T12:47:10.000Z</time>
        <extensions>
          <ns3:TrackPointExtension>
            <ns3:atemp>35.0</ns3:atemp>
            <ns3:hr>162</ns3:hr>
          </ns3:TrackPointExtension>
        </extensions>
      </trkpt>
      <trkpt lat="48.1771836988627910614013671875" lon="-1.26079724170267581939697265625">
        <ele>129.1999969482421875</ele>
        <time>2026-07-16T12:47:11.000Z</time>
        <extensions>
          <ns3:TrackPointExtension>
            <ns3:atemp>35.0</ns3:atemp>
            <ns3:hr>163</ns3:hr>
          </ns3:TrackPointExtension>
        </extensions>
      </trkpt>
      <trkpt lat="48.1772182323038578033447265625" lon="-1.2607510574162006378173828125">
        <ele>129.1999969482421875</ele>
        <time>2026-07-16T12:47:12.000Z</time>
        <extensions>
          <ns3:TrackPointExtension>
            <ns3:atemp>35.0</ns3:atemp>
            <ns3:hr>163</ns3:hr>
          </ns3:TrackPointExtension>
        </extensions>
      </trkpt>
      <trkpt lat="48.17728788591921329498291015625" lon="-1.2606709264218807220458984375">
        <ele>129.1999969482421875</ele>
        <time>2026-07-16T12:47:14.000Z</time>
        <extensions>
          <ns3:TrackPointExtension>
            <ns3:atemp>35.0</ns3:atemp>
            <ns3:hr>163</ns3:hr>
          </ns3:TrackPointExtension>
        </extensions>
      </trkpt>
      <trkpt lat="48.17735862918198108673095703125" lon="-1.26059272326529026031494140625">
        <ele>129.1999969482421875</ele>
        <time>2026-07-16T12:47:16.000Z</time>
        <extensions>
          <ns3:TrackPointExtension>
            <ns3:atemp>35.0</ns3:atemp>
            <ns3:hr>163</ns3:hr>
          </ns3:TrackPointExtension>
        </extensions>
      </trkpt>
      <trkpt lat="48.17739601247012615203857421875" lon="-1.26056053675711154937744140625">
        <ele>129</ele>
        <time>2026-07-16T12:47:17.000Z</time>
        <extensions>
          <ns3:TrackPointExtension>
            <ns3:atemp>35.0</ns3:atemp>
            <ns3:hr>162</ns3:hr>
          </ns3:TrackPointExtension>
        </extensions>
      </trkpt>
      <trkpt lat="48.17751168273389339447021484375" lon="-1.26051125116646289825439453125">
        <ele>128.600006103515625</ele>
        <time>2026-07-16T12:47:20.000Z</time>
        <extensions>
          <ns3:TrackPointExtension>
            <ns3:atemp>35.0</ns3:atemp>
            <ns3:hr>160</ns3:hr>
          </ns3:TrackPointExtension>
        </extensions>
      </trkpt>
      <trkpt lat="48.177541606128215789794921875" lon="-1.2605354748666286468505859375">
        <ele>128.399993896484375</ele>
        <time>2026-07-16T12:47:21.000Z</time>
        <extensions>
          <ns3:TrackPointExtension>
            <ns3:atemp>35.0</ns3:atemp>
            <ns3:hr>160</ns3:hr>
          </ns3:TrackPointExtension>
        </extensions>
      </trkpt>
      <trkpt lat="48.1776728667318820953369140625" lon="-1.26065231859683990478515625">
        <ele>127.59999847412109375</ele>
        <time>2026-07-16T12:47:26.000Z</time>
        <extensions>
          <ns3:TrackPointExtension>
            <ns3:atemp>35.0</ns3:atemp>
            <ns3:hr>160</ns3:hr>
          </ns3:TrackPointExtension>
        </extensions>
      </trkpt>
      <trkpt lat="48.1777684204280376434326171875" lon="-1.260767988860607147216796875">
        <ele>127.40000152587890625</ele>
        <time>2026-07-16T12:47:29.000Z</time>
        <extensions>
          <ns3:TrackPointExtension>
            <ns3:atemp>35.0</ns3:atemp>
            <ns3:hr>159</ns3:hr>
          </ns3:TrackPointExtension>
        </extensions>
      </trkpt>
      <trkpt lat="48.1778294406831264495849609375" lon="-1.26083873212337493896484375">
        <ele>127.40000152587890625</ele>
        <time>2026-07-16T12:47:31.000Z</time>
        <extensions>
          <ns3:TrackPointExtension>
            <ns3:atemp>35.0</ns3:atemp>
            <ns3:hr>159</ns3:hr>
          </ns3:TrackPointExtension>
        </extensions>
      </trkpt>
      <trkpt lat="48.177878893911838531494140625" lon="-1.2609173543751239776611328125">
        <ele>127.1999969482421875</ele>
        <time>2026-07-16T12:47:33.000Z</time>
        <extensions>
          <ns3:TrackPointExtension>
            <ns3:atemp>35.0</ns3:atemp>
            <ns3:hr>160</ns3:hr>
          </ns3:TrackPointExtension>
        </extensions>
      </trkpt>
      <trkpt lat="48.17789741791784763336181640625" lon="-1.26103394664824008941650390625">
        <ele>127</ele>
        <time>2026-07-16T12:47:35.000Z</time>
        <extensions>
          <ns3:TrackPointExtension>
            <ns3:atemp>35.0</ns3:atemp>
            <ns3:hr>159</ns3:hr>
          </ns3:TrackPointExtension>
        </extensions>
      </trkpt>
      <trkpt lat="48.1779018603265285491943359375" lon="-1.26112631522119045257568359375">
        <ele>126.59999847412109375</ele>
        <time>2026-07-16T12:47:37.000Z</time>
        <extensions>
          <ns3:TrackPointExtension>
            <ns3:atemp>35.0</ns3:atemp>
            <ns3:hr>156</ns3:hr>
          </ns3:TrackPointExtension>
        </extensions>
      </trkpt>
      <trkpt lat="48.17789792083203792572021484375" lon="-1.26117694191634654998779296875">
        <ele>126.8000030517578125</ele>
        <time>2026-07-16T12:47:39.000Z</time>
        <extensions>
          <ns3:TrackPointExtension>
            <ns3:atemp>35.0</ns3:atemp>
            <ns3:hr>156</ns3:hr>
          </ns3:TrackPointExtension>
        </extensions>
      </trkpt>
      <trkpt lat="48.17788660526275634765625" lon="-1.26133653335273265838623046875">
        <ele>127</ele>
        <time>2026-07-16T12:47:44.000Z</time>
        <extensions>
          <ns3:TrackPointExtension>
            <ns3:atemp>35.0</ns3:atemp>
            <ns3:hr>154</ns3:hr>
          </ns3:TrackPointExtension>
        </extensions>
      </trkpt>
      <trkpt lat="48.17788995802402496337890625" lon="-1.26137316226959228515625">
        <ele>127</ele>
        <time>2026-07-16T12:47:48.000Z</time>
        <extensions>
          <ns3:TrackPointExtension>
            <ns3:atemp>35.0</ns3:atemp>
            <ns3:hr>155</ns3:hr>
          </ns3:TrackPointExtension>
        </extensions>
      </trkpt>
      <trkpt lat="48.17789674736559391021728515625" lon="-1.26138833351433277130126953125">
        <ele>127.1999969482421875</ele>
        <time>2026-07-16T12:47:50.000Z</time>
        <extensions>
          <ns3:TrackPointExtension>
            <ns3:atemp>35.0</ns3:atemp>
            <ns3:hr>158</ns3:hr>
          </ns3:TrackPointExtension>
        </extensions>
      </trkpt>
      <trkpt lat="48.1778790615499019622802734375" lon="-1.26128640957176685333251953125">
        <ele>127</ele>
        <time>2026-07-16T12:48:17.000Z</time>
        <extensions>
          <ns3:TrackPointExtension>
            <ns3:atemp>35.0</ns3:atemp>
            <ns3:hr>155</ns3:hr>
          </ns3:TrackPointExtension>
        </extensions>
      </trkpt>
      <trkpt lat="48.1778810732066631317138671875" lon="-1.2612486071884632110595703125">
        <ele>126.8000030517578125</ele>
        <time>2026-07-16T12:48:19.000Z</time>
        <extensions>
          <ns3:TrackPointExtension>
            <ns3:atemp>35.0</ns3:atemp>
            <ns3:hr>154</ns3:hr>
          </ns3:TrackPointExtension>
        </extensions>
      </trkpt>
      <trkpt lat="48.17788853310048580169677734375" lon="-1.26120619475841522216796875">
        <ele>126.8000030517578125</ele>
        <time>2026-07-16T12:48:24.000Z</time>
        <extensions>
          <ns3:TrackPointExtension>
            <ns3:atemp>35.0</ns3:atemp>
            <ns3:hr>155</ns3:hr>
          </ns3:TrackPointExtension>
        </extensions>
      </trkpt>
      <trkpt lat="48.17794553004205226898193359375" lon="-1.26122840680181980133056640625">
        <ele>126.8000030517578125</ele>
        <time>2026-07-16T12:48:30.000Z</time>
        <extensions>
          <ns3:TrackPointExtension>
            <ns3:atemp>35.0</ns3:atemp>
            <ns3:hr>154</ns3:hr>
          </ns3:TrackPointExtension>
        </extensions>
      </trkpt>
      <trkpt lat="48.17797369323670864105224609375" lon="-1.2612328492105007171630859375">
        <ele>127</ele>
        <time>2026-07-16T12:48:34.000Z</time>
        <extensions>
          <ns3:TrackPointExtension>
            <ns3:atemp>35.0</ns3:atemp>
            <ns3:hr>155</ns3:hr>
          </ns3:TrackPointExtension>
        </extensions>
      </trkpt>
    </trkseg>
  </trk>
</gpx>
