<?xml version="1.0" encoding="UTF-8"?>
<gpx creator="Garmin Connect" version="1.1"
  xsi:schemaLocation="http://www.topografix.com/GPX/1/1 http://www.topografix.com/GPX/11.xsd"
  xmlns:ns3="http://www.garmin.com/xmlschemas/TrackPointExtension/v1"
  xmlns="http://www.topografix.com/GPX/1/1"
  xmlns:xsi="http://www.w3.org/2001/XMLSchema-instance" xmlns:ns2="http://www.garmin.com/xmlschemas/GpxExtensions/v3">
  <metadata>
    <link href="connect.garmin.com">
      <text>Garmin Connect</text>
    </link>
    <time>2026-09-24T16:04:24.000Z</time>
  </metadata>
  <trk>
    <name>Vitré Course à pied</name>
    <type>running</type>
    <trkseg>
      <trkpt lat="48.1202967278659343719482421875" lon="-1.21136379428207874298095703125">
        <ele>106.8000030517578125</ele>
        <time>2026-09-24T16:04:24.000Z</time>
        <extensions>
          <ns3:TrackPointExtension>
            <ns3:atemp>29.0</ns3:atemp>
            <ns3:hr>97</ns3:hr>
            <ns3:cad>58</ns3:cad>
          </ns3:TrackPointExtension>
        </extensions>
      </trkpt>
      <trkpt lat="48.12028474174439907073974609375" lon="-1.2113524787127971649169921875">
        <ele>106.8000030517578125</ele>
        <time>2026-09-24T16:04:25.000Z</time>
        <extensions>
          <ns3:TrackPointExtension>
            <ns3:atemp>29.0</ns3:atemp>
            <ns3:hr>100</ns3:hr>
            <ns3:cad>58</ns3:cad>
          </ns3:TrackPointExtension>
        </extensions>
      </trkpt>
      <trkpt lat="48.12026940286159515380859375" lon="-1.2113347090780735015869140625">
        <ele>106.8000030517578125</ele>
        <time>2026-09-24T16:04:26.000Z</time>
        <extensions>
          <ns3:TrackPointExtension>
            <ns3:atemp>29.0</ns3:atemp>
            <ns3:hr>102</ns3:hr>
            <ns3:cad>58</ns3:cad>
          </ns3:TrackPointExtension>
        </extensions>
      </trkpt>
      <trkpt lat="48.1202524714171886444091796875" lon="-1.21132909320294857025146484375">
        <ele>106.8000030517578125</ele>
        <time>2026-09-24T16:04:27.000Z</time>
        <extensions>
          <ns3:TrackPointExtension>
            <ns3:atemp>29.0</ns3:atemp>
            <ns3:hr>102</ns3:hr>
            <ns3:cad>75</ns3:cad>
          </ns3:TrackPointExtension>
        </extensions>
      </trkpt>
      <trkpt lat="48.12025733292102813720703125" lon="-1.21132808737456798553466796875">
        <ele>106.59999847412109375</ele>
        <time>2026-09-24T16:04:28.000Z</time>
        <extensions>
          <ns3:TrackPointExtension>
            <ns3:atemp>29.0</ns3:atemp>
            <ns3:hr>102</ns3:hr>
            <ns3:cad>75</ns3:cad>
          </ns3:TrackPointExtension>
        </extensions>
      </trkpt>
      <trkpt lat="48.12025540508329868316650390625" lon="-1.21133931912481784820556640625">
        <ele>106.40000152587890625</ele>
        <time>2026-09-24T16:04:29.000Z</time>
        <extensions>
          <ns3:TrackPointExtension>
            <ns3:atemp>29.0</ns3:atemp>
            <ns3:hr>101</ns3:hr>
            <ns3:cad>75</ns3:cad>
          </ns3:TrackPointExtension>
        </extensions>
      </trkpt>
      <trkpt lat="48.12024794518947601318359375" lon="-1.21135876514017581939697265625">
        <ele>106.40000152587890625</ele>
        <time>2026-09-24T16:04:30.000Z</time>
        <extensions>
          <ns3:TrackPointExtension>
            <ns3:atemp>29.0</ns3:atemp>
            <ns3:hr>102</ns3:hr>
            <ns3:cad>75</ns3:cad>
          </ns3:TrackPointExtension>
        </extensions>
      </trkpt>
      <trkpt lat="48.120247609913349151611328125" lon="-1.2113729305565357208251953125">
        <ele>106.40000152587890625</ele>
        <time>2026-09-24T16:04:31.000Z</time>
        <extensions>
          <ns3:TrackPointExtension>
            <ns3:atemp>29.0</ns3:atemp>
            <ns3:hr>102</ns3:hr>
            <ns3:cad>75</ns3:cad>
          </ns3:TrackPointExtension>
        </extensions>
      </trkpt>
      <trkpt lat="48.12024400569498538970947265625" lon="-1.21138893999159336090087890625">
        <ele>106.59999847412109375</ele>
        <time>2026-09-24T16:04:32.000Z</time>
        <extensions>
          <ns3:TrackPointExtension>
            <ns3:atemp>29.0</ns3:atemp>
            <ns3:hr>102</ns3:hr>
            <ns3:cad>0</ns3:cad>
          </ns3:TrackPointExtension>
        </extensions>
      </trkpt>
      <trkpt lat="48.120242245495319366455078125" lon="-1.21140134520828723907470703125">
        <ele>106.59999847412109375</ele>
        <time>2026-09-24T16:04:33.000Z</time>
        <extensions>
          <ns3:TrackPointExtension>
            <ns3:atemp>29.0</ns3:atemp>
            <ns3:hr>102</ns3:hr>
            <ns3:cad>0</ns3:cad>
          </ns3:TrackPointExtension>
        </extensions>
      </trkpt>
      <trkpt lat="48.1202326901257038116455078125" lon="-1.21142062358558177947998046875">
        <ele>106.59999847412109375</ele>
        <time>2026-09-24T16:04:34.000Z</time>
        <extensions>
          <ns3:TrackPointExtension>
            <ns3:atemp>29.0</ns3:atemp>
            <ns3:hr>102</ns3:hr>
            <ns3:cad>0</ns3:cad>
          </ns3:TrackPointExtension>
        </extensions>
      </trkpt>
      <trkpt lat="48.1202266551554203033447265625" lon="-1.2114426679909229278564453125">
        <ele>106.59999847412109375</ele>
        <time>2026-09-24T16:04:35.000Z</time>
        <extensions>
          <ns3:TrackPointExtension>
            <ns3:atemp>29.0</ns3:atemp>
            <ns3:hr>102</ns3:hr>
            <ns3:cad>0</ns3:cad>
          </ns3:TrackPointExtension>
        </extensions>
      </trkpt>
      <trkpt lat="48.1202199496328830718994140625" lon="-1.21146806515753269195556640625">
        <ele>106.59999847412109375</ele>
        <time>2026-09-24T16:04:36.000Z</time>
        <extensions>
          <ns3:TrackPointExtension>
            <ns3:atemp>29.0</ns3:atemp>
            <ns3:hr>102</ns3:hr>
            <ns3:cad>0</ns3:cad>
          </ns3:TrackPointExtension>
        </extensions>
      </trkpt>
      <trkpt lat="48.120210058987140655517578125" lon="-1.211493127048015594482421875">
        <ele>106.59999847412109375</ele>
        <time>2026-09-24T16:04:37.000Z</time>
        <extensions>
          <ns3:TrackPointExtension>
            <ns3:atemp>29.0</ns3:atemp>
            <ns3:hr>102</ns3:hr>
            <ns3:cad>0</ns3:cad>
          </ns3:TrackPointExtension>
        </extensions>
      </trkpt>
      <trkpt lat="48.12019966542720794677734375" lon="-1.211517937481403350830078125">
        <ele>106.59999847412109375</ele>
        <time>2026-09-24T16:04:38.000Z</time>
        <extensions>
          <ns3:TrackPointExtension>
            <ns3:atemp>29.0</ns3:atemp>
            <ns3:hr>102</ns3:hr>
            <ns3:cad>0</ns3:cad>
          </ns3:TrackPointExtension>
        </extensions>
      </trkpt>
      <trkpt lat="48.12018734402954578399658203125" lon="-1.2115358747541904449462890625">
        <ele>106.59999847412109375</ele>
        <time>2026-09-24T16:04:39.000Z</time>
        <extensions>
          <ns3:TrackPointExtension>
            <ns3:atemp>29.0</ns3:atemp>
            <ns3:hr>103</ns3:hr>
            <ns3:cad>75</ns3:cad>
          </ns3:TrackPointExtension>
        </extensions>
      </trkpt>
      <trkpt lat="48.12016420997679233551025390625" lon="-1.21155121363699436187744140625">
        <ele>106.59999847412109375</ele>
        <time>2026-09-24T16:04:40.000Z</time>
        <extensions>
          <ns3:TrackPointExtension>
            <ns3:atemp>29.0</ns3:atemp>
            <ns3:hr>103</ns3:hr>
            <ns3:cad>79</ns3:cad>
          </ns3:TrackPointExtension>
        </extensions>
      </trkpt>
      <trkpt lat="48.1201448477804660797119140625" lon="-1.21156713925302028656005859375">
        <ele>106.59999847412109375</ele>
        <time>2026-09-24T16:04:41.000Z</time>
        <extensions>
          <ns3:TrackPointExtension>
            <ns3:atemp>29.0</ns3:atemp>
            <ns3:hr>104</ns3:hr>
            <ns3:cad>77</ns3:cad>
          </ns3:TrackPointExtension>
        </extensions>
      </trkpt>
      <trkpt lat="48.1201279163360595703125" lon="-1.21157770045101642608642578125">
        <ele>106.59999847412109375</ele>
        <time>2026-09-24T16:04:42.000Z</time>
        <extensions>
          <ns3:TrackPointExtension>
            <ns3:atemp>29.0</ns3:atemp>
            <ns3:hr>105</ns3:hr>
            <ns3:cad>77</ns3:cad>
          </ns3:TrackPointExtension>
        </extensions>
      </trkpt>
      <trkpt lat="48.1200912036001682281494140625" lon="-1.21156294830143451690673828125">
        <ele>106.59999847412109375</ele>
        <time>2026-09-24T16:04:43.000Z</time>
        <extensions>
          <ns3:TrackPointExtension>
            <ns3:atemp>29.0</ns3:atemp>
            <ns3:hr>106</ns3:hr>
            <ns3:cad>77</ns3:cad>
          </ns3:TrackPointExtension>
        </extensions>
      </trkpt>
      <trkpt lat="48.12006396241486072540283203125" lon="-1.21155540458858013153076171875">
        <ele>106.59999847412109375</ele>
        <time>2026-09-24T16:04:44.000Z</time>
        <extensions>
          <ns3:TrackPointExtension>
            <ns3:atemp>29.0</ns3:atemp>
            <ns3:hr>107</ns3:hr>
            <ns3:cad>77</ns3:cad>
          </ns3:TrackPointExtension>
        </extensions>
      </trkpt>
      <trkpt lat="48.1200372241437435150146484375" lon="-1.2115538120269775390625">
        <ele>106.8000030517578125</ele>
        <time>2026-09-24T16:04:45.000Z</time>
        <extensions>
          <ns3:TrackPointExtension>
            <ns3:atemp>29.0</ns3:atemp>
            <ns3:hr>107</ns3:hr>
            <ns3:cad>79</ns3:cad>
          </ns3:TrackPointExtension>
        </extensions>
      </trkpt>
      <trkpt lat="48.1200085580348968505859375" lon="-1.2115395627915859222412109375">
        <ele>107</ele>
        <time>2026-09-24T16:04:46.000Z</time>
        <extensions>
          <ns3:TrackPointExtension>
            <ns3:atemp>29.0</ns3:atemp>
            <ns3:hr>107</ns3:hr>
            <ns3:cad>80</ns3:cad>
          </ns3:TrackPointExtension>
        </extensions>
      </trkpt>
      <trkpt lat="48.11998299323022365570068359375" lon="-1.211526654660701751708984375">
        <ele>107.1999969482421875</ele>
        <time>2026-09-24T16:04:47.000Z</time>
        <extensions>
          <ns3:TrackPointExtension>
            <ns3:atemp>29.0</ns3:atemp>
            <ns3:hr>108</ns3:hr>
            <ns3:cad>80</ns3:cad>
          </ns3:TrackPointExtension>
        </extensions>
      </trkpt>
      <trkpt lat="48.1199597753584384918212890625" lon="-1.2115204520523548126220703125">
        <ele>107.40000152587890625</ele>
        <time>2026-09-24T16:04:48.000Z</time>
        <extensions>
          <ns3:TrackPointExtension>
            <ns3:atemp>29.0</ns3:atemp>
            <ns3:hr>108</ns3:hr>
            <ns3:cad>80</ns3:cad>
          </ns3:TrackPointExtension>
        </extensions>
      </trkpt>
      <trkpt lat="48.11993337236344814300537109375" lon="-1.21149974875152111053466796875">
        <ele>107.59999847412109375</ele>
        <time>2026-09-24T16:04:49.000Z</time>
        <extensions>
          <ns3:TrackPointExtension>
            <ns3:atemp>29.0</ns3:atemp>
            <ns3:hr>109</ns3:hr>
            <ns3:cad>81</ns3:cad>
          </ns3:TrackPointExtension>
        </extensions>
      </trkpt>
      <trkpt lat="48.11990789137780666351318359375" lon="-1.2114825658500194549560546875">
        <ele>107.59999847412109375</ele>
        <time>2026-09-24T16:04:50.000Z</time>
        <extensions>
          <ns3:TrackPointExtension>
            <ns3:atemp>29.0</ns3:atemp>
            <ns3:hr>109</ns3:hr>
            <ns3:cad>81</ns3:cad>
          </ns3:TrackPointExtension>
        </extensions>
      </trkpt>
      <trkpt lat="48.1198824942111968994140625" lon="-1.2114715017378330230712890625">
        <ele>107.8000030517578125</ele>
        <time>2026-09-24T16:04:51.000Z</time>
        <extensions>
          <ns3:TrackPointExtension>
            <ns3:atemp>29.0</ns3:atemp>
            <ns3:hr>109</ns3:hr>
            <ns3:cad>81</ns3:cad>
          </ns3:TrackPointExtension>
        </extensions>
      </trkpt>
      <trkpt lat="48.11985223554074764251708984375" lon="-1.2114453501999378204345703125">
        <ele>108</ele>
        <time>2026-09-24T16:04:52.000Z</time>
        <extensions>
          <ns3:TrackPointExtension>
            <ns3:atemp>29.0</ns3:atemp>
            <ns3:hr>109</ns3:hr>
            <ns3:cad>81</ns3:cad>
          </ns3:TrackPointExtension>
        </extensions>
      </trkpt>
      <trkpt lat="48.11983077786862850189208984375" lon="-1.211432777345180511474609375">
        <ele>108.1999969482421875</ele>
        <time>2026-09-24T16:04:53.000Z</time>
        <extensions>
          <ns3:TrackPointExtension>
            <ns3:atemp>29.0</ns3:atemp>
            <ns3:hr>110</ns3:hr>
            <ns3:cad>80</ns3:cad>
          </ns3:TrackPointExtension>
        </extensions>
      </trkpt>
      <trkpt lat="48.11980747617781162261962890625" lon="-1.211410649120807647705078125">
        <ele>108.40000152587890625</ele>
        <time>2026-09-24T16:04:54.000Z</time>
        <extensions>
          <ns3:TrackPointExtension>
            <ns3:atemp>30.0</ns3:atemp>
            <ns3:hr>112</ns3:hr>
            <ns3:cad>79</ns3:cad>
          </ns3:TrackPointExtension>
        </extensions>
      </trkpt>
      <trkpt lat="48.1197805702686309814453125" lon="-1.211379468441009521484375">
        <ele>108.59999847412109375</ele>
        <time>2026-09-24T16:04:55.000Z</time>
        <extensions>
          <ns3:TrackPointExtension>
            <ns3:atemp>29.0</ns3:atemp>
            <ns3:hr>113</ns3:hr>
            <ns3:cad>80</ns3:cad>
          </ns3:TrackPointExtension>
        </extensions>
      </trkpt>
      <trkpt lat="48.11976053752005100250244140625" lon="-1.2113524787127971649169921875">
        <ele>108.59999847412109375</ele>
        <time>2026-09-24T16:04:56.000Z</time>
        <extensions>
          <ns3:TrackPointExtension>
            <ns3:atemp>30.0</ns3:atemp>
            <ns3:hr>115</ns3:hr>
            <ns3:cad>81</ns3:cad>
          </ns3:TrackPointExtension>
        </extensions>
      </trkpt>
      <trkpt lat="48.11973757110536098480224609375" lon="-1.21132791973650455474853515625">
        <ele>108.8000030517578125</ele>
        <time>2026-09-24T16:04:57.000Z</time>
        <extensions>
          <ns3:TrackPointExtension>
            <ns3:atemp>30.0</ns3:atemp>
            <ns3:hr>116</ns3:hr>
            <ns3:cad>81</ns3:cad>
          </ns3:TrackPointExtension>
        </extensions>
      </trkpt>
      <trkpt lat="48.1197110004723072052001953125" lon="-1.21130193583667278289794921875">
        <ele>108.8000030517578125</ele>
        <time>2026-09-24T16:04:58.000Z</time>
        <extensions>
          <ns3:TrackPointExtension>
            <ns3:atemp>29.0</ns3:atemp>
            <ns3:hr>118</ns3:hr>
            <ns3:cad>81</ns3:cad>
          </ns3:TrackPointExtension>
        </extensions>
      </trkpt>
      <trkpt lat="48.1196935661137104034423828125" lon="-1.21128223836421966552734375">
        <ele>108.8000030517578125</ele>
        <time>2026-09-24T16:04:59.000Z</time>
        <extensions>
          <ns3:TrackPointExtension>
            <ns3:atemp>29.0</ns3:atemp>
            <ns3:hr>120</ns3:hr>
            <ns3:cad>81</ns3:cad>
          </ns3:TrackPointExtension>
        </extensions>
      </trkpt>
      <trkpt lat="48.1196679174900054931640625" lon="-1.2112505547702312469482421875">
        <ele>109</ele>
        <time>2026-09-24T16:05:00.000Z</time>
        <extensions>
          <ns3:TrackPointExtension>
            <ns3:atemp>29.0</ns3:atemp>
            <ns3:hr>122</ns3:hr>
            <ns3:cad>80</ns3:cad>
          </ns3:TrackPointExtension>
        </extensions>
      </trkpt>
      <trkpt lat="48.1196415983140468597412109375" lon="-1.21123018674552440643310546875">
        <ele>109</ele>
        <time>2026-09-24T16:05:01.000Z</time>
        <extensions>
          <ns3:TrackPointExtension>
            <ns3:atemp>29.0</ns3:atemp>
            <ns3:hr>124</ns3:hr>
            <ns3:cad>80</ns3:cad>
          </ns3:TrackPointExtension>
        </extensions>
      </trkpt>
      <trkpt lat="48.11961972154676914215087890625" lon="-1.21122700162231922149658203125">
        <ele>109.1999969482421875</ele>
        <time>2026-09-24T16:05:02.000Z</time>
        <extensions>
          <ns3:TrackPointExtension>
            <ns3:atemp>29.0</ns3:atemp>
            <ns3:hr>126</ns3:hr>
            <ns3:cad>80</ns3:cad>
          </ns3:TrackPointExtension>
        </extensions>
      </trkpt>
      <trkpt lat="48.11957982368767261505126953125" lon="-1.211208812892436981201171875">
        <ele>109.1999969482421875</ele>
        <time>2026-09-24T16:05:03.000Z</time>
        <extensions>
          <ns3:TrackPointExtension>
            <ns3:atemp>30.0</ns3:atemp>
            <ns3:hr>128</ns3:hr>
            <ns3:cad>81</ns3:cad>
          </ns3:TrackPointExtension>
        </extensions>
      </trkpt>
      <trkpt lat="48.11955886892974376678466796875" lon="-1.21119104325771331787109375">
        <ele>109.1999969482421875</ele>
        <time>2026-09-24T16:05:04.000Z</time>
        <extensions>
          <ns3:TrackPointExtension>
            <ns3:atemp>30.0</ns3:atemp>
            <ns3:hr>130</ns3:hr>
            <ns3:cad>81</ns3:cad>
          </ns3:TrackPointExtension>
        </extensions>
      </trkpt>
      <trkpt lat="48.119535148143768310546875" lon="-1.21117754839360713958740234375">
        <ele>109.1999969482421875</ele>
        <time>2026-09-24T16:05:05.000Z</time>
        <extensions>
          <ns3:TrackPointExtension>
            <ns3:atemp>30.0</ns3:atemp>
            <ns3:hr>131</ns3:hr>
            <ns3:cad>81</ns3:cad>
          </ns3:TrackPointExtension>
        </extensions>
      </trkpt>
      <trkpt lat="48.1195027939975261688232421875" lon="-1.21117419563233852386474609375">
        <ele>109.1999969482421875</ele>
        <time>2026-09-24T16:05:06.000Z</time>
        <extensions>
          <ns3:TrackPointExtension>
            <ns3:atemp>29.0</ns3:atemp>
            <ns3:hr>131</ns3:hr>
            <ns3:cad>81</ns3:cad>
          </ns3:TrackPointExtension>
        </extensions>
      </trkpt>
      <trkpt lat="48.119483180344104766845703125" lon="-1.21115676127374172210693359375">
        <ele>109.40000152587890625</ele>
        <time>2026-09-24T16:05:07.000Z</time>
        <extensions>
          <ns3:TrackPointExtension>
            <ns3:atemp>29.0</ns3:atemp>
            <ns3:hr>132</ns3:hr>
            <ns3:cad>81</ns3:cad>
          </ns3:TrackPointExtension>
        </extensions>
      </trkpt>
      <trkpt lat="48.1194578669965267181396484375" lon="-1.21114536188542842864990234375">
        <ele>109.40000152587890625</ele>
        <time>2026-09-24T16:05:08.000Z</time>
        <extensions>
          <ns3:TrackPointExtension>
            <ns3:atemp>30.0</ns3:atemp>
            <ns3:hr>132</ns3:hr>
            <ns3:cad>81</ns3:cad>
          </ns3:TrackPointExtension>
        </extensions>
      </trkpt>
      <trkpt lat="48.11942408792674541473388671875" lon="-1.2111308611929416656494140625">
        <ele>109.1999969482421875</ele>
        <time>2026-09-24T16:05:09.000Z</time>
        <extensions>
          <ns3:TrackPointExtension>
            <ns3:atemp>29.0</ns3:atemp>
            <ns3:hr>132</ns3:hr>
            <ns3:cad>81</ns3:cad>
          </ns3:TrackPointExtension>
        </extensions>
      </trkpt>
      <trkpt lat="48.11940430663526058197021484375" lon="-1.21111367829144001007080078125">
        <ele>109.1999969482421875</ele>
        <time>2026-09-24T16:05:10.000Z</time>
        <extensions>
          <ns3:TrackPointExtension>
            <ns3:atemp>29.0</ns3:atemp>
            <ns3:hr>132</ns3:hr>
            <ns3:cad>81</ns3:cad>
          </ns3:TrackPointExtension>
        </extensions>
      </trkpt>
      <trkpt lat="48.11937614344060420989990234375" lon="-1.2110973335802555084228515625">
        <ele>109.1999969482421875</ele>
        <time>2026-09-24T16:05:11.000Z</time>
        <extensions>
          <ns3:TrackPointExtension>
            <ns3:atemp>29.0</ns3:atemp>
            <ns3:hr>132</ns3:hr>
            <ns3:cad>81</ns3:cad>
          </ns3:TrackPointExtension>
        </extensions>
      </trkpt>
      <trkpt lat="48.11934613622725009918212890625" lon="-1.21108710765838623046875">
        <ele>109</ele>
        <time>2026-09-24T16:05:12.000Z</time>
        <extensions>
          <ns3:TrackPointExtension>
            <ns3:atemp>30.0</ns3:atemp>
            <ns3:hr>132</ns3:hr>
            <ns3:cad>81</ns3:cad>
          </ns3:TrackPointExtension>
        </extensions>
      </trkpt>
      <trkpt lat="48.1193192303180694580078125" lon="-1.2110792286694049835205078125">
        <ele>109</ele>
        <time>2026-09-24T16:05:13.000Z</time>
        <extensions>
          <ns3:TrackPointExtension>
            <ns3:atemp>30.0</ns3:atemp>
            <ns3:hr>133</ns3:hr>
            <ns3:cad>81</ns3:cad>
          </ns3:TrackPointExtension>
        </extensions>
      </trkpt>
      <trkpt lat="48.119288049638271331787109375" lon="-1.2110594473779201507568359375">
        <ele>109</ele>
        <time>2026-09-24T16:05:14.000Z</time>
        <extensions>
          <ns3:TrackPointExtension>
            <ns3:atemp>30.0</ns3:atemp>
            <ns3:hr>133</ns3:hr>
            <ns3:cad>81</ns3:cad>
          </ns3:TrackPointExtension>
        </extensions>
      </trkpt>
      <trkpt lat="48.1192602217197418212890625" lon="-1.21104410849511623382568359375">
        <ele>109</ele>
        <time>2026-09-24T16:05:15.000Z</time>
        <extensions>
          <ns3:TrackPointExtension>
            <ns3:atemp>30.0</ns3:atemp>
            <ns3:hr>134</ns3:hr>
            <ns3:cad>81</ns3:cad>
          </ns3:TrackPointExtension>
        </extensions>
      </trkpt>
      <trkpt lat="48.11923230998218059539794921875" lon="-1.21103740297257900238037109375">
        <ele>109</ele>
        <time>2026-09-24T16:05:16.000Z</time>
        <extensions>
          <ns3:TrackPointExtension>
            <ns3:atemp>30.0</ns3:atemp>
            <ns3:hr>135</ns3:hr>
            <ns3:cad>82</ns3:cad>
          </ns3:TrackPointExtension>
        </extensions>
      </trkpt>
      <trkpt lat="48.11919911764562129974365234375" lon="-1.21101393364369869232177734375">
        <ele>109</ele>
        <time>2026-09-24T16:05:17.000Z</time>
        <extensions>
          <ns3:TrackPointExtension>
            <ns3:atemp>30.0</ns3:atemp>
            <ns3:hr>135</ns3:hr>
            <ns3:cad>82</ns3:cad>
          </ns3:TrackPointExtension>
        </extensions>
      </trkpt>
      <trkpt lat="48.1191742233932018280029296875" lon="-1.2109957449138164520263671875">
        <ele>109</ele>
        <time>2026-09-24T16:05:18.000Z</time>
        <extensions>
          <ns3:TrackPointExtension>
            <ns3:atemp>30.0</ns3:atemp>
            <ns3:hr>136</ns3:hr>
            <ns3:cad>82</ns3:cad>
          </ns3:TrackPointExtension>
        </extensions>
      </trkpt>
      <trkpt lat="48.119145222008228302001953125" lon="-1.210978813469409942626953125">
        <ele>108.8000030517578125</ele>
        <time>2026-09-24T16:05:19.000Z</time>
        <extensions>
          <ns3:TrackPointExtension>
            <ns3:atemp>29.0</ns3:atemp>
            <ns3:hr>136</ns3:hr>
            <ns3:cad>82</ns3:cad>
          </ns3:TrackPointExtension>
        </extensions>
      </trkpt>
      <trkpt lat="48.11911110766232013702392578125" lon="-1.21095727197825908660888671875">
        <ele>108.59999847412109375</ele>
        <time>2026-09-24T16:05:20.000Z</time>
        <extensions>
          <ns3:TrackPointExtension>
            <ns3:atemp>30.0</ns3:atemp>
            <ns3:hr>137</ns3:hr>
            <ns3:cad>82</ns3:cad>
          </ns3:TrackPointExtension>
        </extensions>
      </trkpt>
      <trkpt lat="48.1190870516002178192138671875" lon="-1.21094562113285064697265625">
        <ele>108.59999847412109375</ele>
        <time>2026-09-24T16:05:21.000Z</time>
        <extensions>
          <ns3:TrackPointExtension>
            <ns3:atemp>30.0</ns3:atemp>
            <ns3:hr>137</ns3:hr>
            <ns3:cad>81</ns3:cad>
          </ns3:TrackPointExtension>
        </extensions>
      </trkpt>
      <trkpt lat="48.11905427835881710052490234375" lon="-1.2109233252704143524169921875">
        <ele>108.59999847412109375</ele>
        <time>2026-09-24T16:05:22.000Z</time>
        <extensions>
          <ns3:TrackPointExtension>
            <ns3:atemp>30.0</ns3:atemp>
            <ns3:hr>138</ns3:hr>
            <ns3:cad>81</ns3:cad>
          </ns3:TrackPointExtension>
        </extensions>
      </trkpt>
      <trkpt lat="48.119025193154811859130859375" lon="-1.210904382169246673583984375">
        <ele>108.40000152587890625</ele>
        <time>2026-09-24T16:05:23.000Z</time>
        <extensions>
          <ns3:TrackPointExtension>
            <ns3:atemp>30.0</ns3:atemp>
            <ns3:hr>138</ns3:hr>
            <ns3:cad>81</ns3:cad>
          </ns3:TrackPointExtension>
        </extensions>
      </trkpt>
      <trkpt lat="48.11900113709270954132080078125" lon="-1.21089641936123371124267578125">
        <ele>108.40000152587890625</ele>
        <time>2026-09-24T16:05:24.000Z</time>
        <extensions>
          <ns3:TrackPointExtension>
            <ns3:atemp>30.0</ns3:atemp>
            <ns3:hr>139</ns3:hr>
            <ns3:cad>82</ns3:cad>
          </ns3:TrackPointExtension>
        </extensions>
      </trkpt>
      <trkpt lat="48.1189700402319431304931640625" lon="-1.210881583392620086669921875">
        <ele>108.40000152587890625</ele>
        <time>2026-09-24T16:05:25.000Z</time>
        <extensions>
          <ns3:TrackPointExtension>
            <ns3:atemp>30.0</ns3:atemp>
            <ns3:hr>139</ns3:hr>
            <ns3:cad>82</ns3:cad>
          </ns3:TrackPointExtension>
        </extensions>
      </trkpt>
      <trkpt lat="48.1189482472836971282958984375" lon="-1.21086356230080127716064453125">
        <ele>108.1999969482421875</ele>
        <time>2026-09-24T16:05:26.000Z</time>
        <extensions>
          <ns3:TrackPointExtension>
            <ns3:atemp>30.0</ns3:atemp>
            <ns3:hr>139</ns3:hr>
            <ns3:cad>81</ns3:cad>
          </ns3:TrackPointExtension>
        </extensions>
      </trkpt>
      <trkpt lat="48.11892963945865631103515625" lon="-1.21085350401699542999267578125">
        <ele>108.1999969482421875</ele>
        <time>2026-09-24T16:05:27.000Z</time>
        <extensions>
          <ns3:TrackPointExtension>
            <ns3:atemp>30.0</ns3:atemp>
            <ns3:hr>140</ns3:hr>
            <ns3:cad>81</ns3:cad>
          </ns3:TrackPointExtension>
        </extensions>
      </trkpt>
      <trkpt lat="48.11889301054179668426513671875" lon="-1.21083405800163745880126953125">
        <ele>108</ele>
        <time>2026-09-24T16:05:28.000Z</time>
        <extensions>
          <ns3:TrackPointExtension>
            <ns3:atemp>30.0</ns3:atemp>
            <ns3:hr>140</ns3:hr>
            <ns3:cad>81</ns3:cad>
          </ns3:TrackPointExtension>
        </extensions>
      </trkpt>
      <trkpt lat="48.1188701279461383819580078125" lon="-1.2108173780143260955810546875">
        <ele>108</ele>
        <time>2026-09-24T16:05:29.000Z</time>
        <extensions>
          <ns3:TrackPointExtension>
            <ns3:atemp>30.0</ns3:atemp>
            <ns3:hr>140</ns3:hr>
            <ns3:cad>80</ns3:cad>
          </ns3:TrackPointExtension>
        </extensions>
      </trkpt>
      <trkpt lat="48.118844144046306610107421875" lon="-1.2108046375215053558349609375">
        <ele>108</ele>
        <time>2026-09-24T16:05:30.000Z</time>
        <extensions>
          <ns3:TrackPointExtension>
            <ns3:atemp>30.0</ns3:atemp>
            <ns3:hr>140</ns3:hr>
            <ns3:cad>80</ns3:cad>
          </ns3:TrackPointExtension>
        </extensions>
      </trkpt>
      <trkpt lat="48.118806593120098114013671875" lon="-1.21078996919095516204833984375">
        <ele>107.8000030517578125</ele>
        <time>2026-09-24T16:05:31.000Z</time>
        <extensions>
          <ns3:TrackPointExtension>
            <ns3:atemp>30.0</ns3:atemp>
            <ns3:hr>141</ns3:hr>
            <ns3:cad>80</ns3:cad>
          </ns3:TrackPointExtension>
        </extensions>
      </trkpt>
      <trkpt lat="48.118784464895725250244140625" lon="-1.210784353315830230712890625">
        <ele>107.8000030517578125</ele>
        <time>2026-09-24T16:05:32.000Z</time>
        <extensions>
          <ns3:TrackPointExtension>
            <ns3:atemp>30.0</ns3:atemp>
            <ns3:hr>141</ns3:hr>
            <ns3:cad>80</ns3:cad>
          </ns3:TrackPointExtension>
        </extensions>
      </trkpt>
      <trkpt lat="48.118754290044307708740234375" lon="-1.2107701040804386138916015625">
        <ele>107.59999847412109375</ele>
        <time>2026-09-24T16:05:33.000Z</time>
        <extensions>
          <ns3:TrackPointExtension>
            <ns3:atemp>30.0</ns3:atemp>
            <ns3:hr>142</ns3:hr>
            <ns3:cad>82</ns3:cad>
          </ns3:TrackPointExtension>
        </extensions>
      </trkpt>
      <trkpt lat="48.1187185831367969512939453125" lon="-1.21075090952217578887939453125">
        <ele>107.40000152587890625</ele>
        <time>2026-09-24T16:05:34.000Z</time>
        <extensions>
          <ns3:TrackPointExtension>
            <ns3:atemp>30.0</ns3:atemp>
            <ns3:hr>142</ns3:hr>
            <ns3:cad>82</ns3:cad>
          </ns3:TrackPointExtension>
        </extensions>
      </trkpt>
      <trkpt lat="48.118697963654994964599609375" lon="-1.21073867194354534149169921875">
        <ele>107.1999969482421875</ele>
        <time>2026-09-24T16:05:35.000Z</time>
        <extensions>
          <ns3:TrackPointExtension>
            <ns3:atemp>30.0</ns3:atemp>
            <ns3:hr>142</ns3:hr>
            <ns3:cad>81</ns3:cad>
          </ns3:TrackPointExtension>
        </extensions>
      </trkpt>
      <trkpt lat="48.11866971664130687713623046875" lon="-1.2107194773852825164794921875">
        <ele>107</ele>
        <time>2026-09-24T16:05:36.000Z</time>
        <extensions>
          <ns3:TrackPointExtension>
            <ns3:atemp>30.0</ns3:atemp>
            <ns3:hr>142</ns3:hr>
            <ns3:cad>81</ns3:cad>
          </ns3:TrackPointExtension>
        </extensions>
      </trkpt>
      <trkpt lat="48.11863618902862071990966796875" lon="-1.21070765890181064605712890625">
        <ele>106.8000030517578125</ele>
        <time>2026-09-24T16:05:37.000Z</time>
        <extensions>
          <ns3:TrackPointExtension>
            <ns3:atemp>30.0</ns3:atemp>
            <ns3:hr>142</ns3:hr>
            <ns3:cad>81</ns3:cad>
          </ns3:TrackPointExtension>
        </extensions>
      </trkpt>
      <trkpt lat="48.1186102889478206634521484375" lon="-1.2106846086680889129638671875">
        <ele>106.8000030517578125</ele>
        <time>2026-09-24T16:05:38.000Z</time>
        <extensions>
          <ns3:TrackPointExtension>
            <ns3:atemp>30.0</ns3:atemp>
            <ns3:hr>142</ns3:hr>
            <ns3:cad>80</ns3:cad>
          </ns3:TrackPointExtension>
        </extensions>
      </trkpt>
      <trkpt lat="48.11858053319156169891357421875" lon="-1.21067069470882415771484375">
        <ele>106.8000030517578125</ele>
        <time>2026-09-24T16:05:39.000Z</time>
        <extensions>
          <ns3:TrackPointExtension>
            <ns3:atemp>30.0</ns3:atemp>
            <ns3:hr>142</ns3:hr>
            <ns3:cad>80</ns3:cad>
          </ns3:TrackPointExtension>
        </extensions>
      </trkpt>
      <trkpt lat="48.1185428984463214874267578125" lon="-1.21065384708344936370849609375">
        <ele>106.8000030517578125</ele>
        <time>2026-09-24T16:05:40.000Z</time>
        <extensions>
          <ns3:TrackPointExtension>
            <ns3:atemp>30.0</ns3:atemp>
            <ns3:hr>142</ns3:hr>
            <ns3:cad>80</ns3:cad>
          </ns3:TrackPointExtension>
        </extensions>
      </trkpt>
      <trkpt lat="48.11851297505199909210205078125" lon="-1.21064663864672183990478515625">
        <ele>106.59999847412109375</ele>
        <time>2026-09-24T16:05:41.000Z</time>
        <extensions>
          <ns3:TrackPointExtension>
            <ns3:atemp>30.0</ns3:atemp>
            <ns3:hr>143</ns3:hr>
            <ns3:cad>80</ns3:cad>
          </ns3:TrackPointExtension>
        </extensions>
      </trkpt>
      <trkpt lat="48.1184879131615161895751953125" lon="-1.21064177714288234710693359375">
        <ele>106.40000152587890625</ele>
        <time>2026-09-24T16:05:42.000Z</time>
        <extensions>
          <ns3:TrackPointExtension>
            <ns3:atemp>30.0</ns3:atemp>
            <ns3:hr>143</ns3:hr>
            <ns3:cad>79</ns3:cad>
          </ns3:TrackPointExtension>
        </extensions>
      </trkpt>
      <trkpt lat="48.1184533797204494476318359375" lon="-1.21062736026942729949951171875">
        <ele>106.1999969482421875</ele>
        <time>2026-09-24T16:05:43.000Z</time>
        <extensions>
          <ns3:TrackPointExtension>
            <ns3:atemp>30.0</ns3:atemp>
            <ns3:hr>143</ns3:hr>
            <ns3:cad>79</ns3:cad>
          </ns3:TrackPointExtension>
        </extensions>
      </trkpt>
      <trkpt lat="48.11843343079090118408203125" lon="-1.210617721080780029296875">
        <ele>106</ele>
        <time>2026-09-24T16:05:44.000Z</time>
        <extensions>
          <ns3:TrackPointExtension>
            <ns3:atemp>30.0</ns3:atemp>
            <ns3:hr>143</ns3:hr>
            <ns3:cad>79</ns3:cad>
          </ns3:TrackPointExtension>
        </extensions>
      </trkpt>
      <trkpt lat="48.11840518377721309661865234375" lon="-1.2106044776737689971923828125">
        <ele>105.8000030517578125</ele>
        <time>2026-09-24T16:05:45.000Z</time>
        <extensions>
          <ns3:TrackPointExtension>
            <ns3:atemp>30.0</ns3:atemp>
            <ns3:hr>144</ns3:hr>
            <ns3:cad>80</ns3:cad>
          </ns3:TrackPointExtension>
        </extensions>
      </trkpt>
      <trkpt lat="48.11837366782128810882568359375" lon="-1.2105850316584110260009765625">
        <ele>105.8000030517578125</ele>
        <time>2026-09-24T16:05:46.000Z</time>
        <extensions>
          <ns3:TrackPointExtension>
            <ns3:atemp>30.0</ns3:atemp>
            <ns3:hr>144</ns3:hr>
            <ns3:cad>81</ns3:cad>
          </ns3:TrackPointExtension>
        </extensions>
      </trkpt>
      <trkpt lat="48.1183457560837268829345703125" lon="-1.210581846535205841064453125">
        <ele>105.59999847412109375</ele>
        <time>2026-09-24T16:05:47.000Z</time>
        <extensions>
          <ns3:TrackPointExtension>
            <ns3:atemp>30.0</ns3:atemp>
            <ns3:hr>144</ns3:hr>
            <ns3:cad>81</ns3:cad>
          </ns3:TrackPointExtension>
        </extensions>
      </trkpt>
      <trkpt lat="48.118317089974880218505859375" lon="-1.21057740412652492523193359375">
        <ele>105.59999847412109375</ele>
        <time>2026-09-24T16:05:48.000Z</time>
        <extensions>
          <ns3:TrackPointExtension>
            <ns3:atemp>30.0</ns3:atemp>
            <ns3:hr>144</ns3:hr>
            <ns3:cad>81</ns3:cad>
          </ns3:TrackPointExtension>
        </extensions>
      </trkpt>
      <trkpt lat="48.118277527391910552978515625" lon="-1.210558377206325531005859375">
        <ele>105.40000152587890625</ele>
        <time>2026-09-24T16:05:49.000Z</time>
        <extensions>
          <ns3:TrackPointExtension>
            <ns3:atemp>30.0</ns3:atemp>
            <ns3:hr>144</ns3:hr>
            <ns3:cad>81</ns3:cad>
          </ns3:TrackPointExtension>
        </extensions>
      </trkpt>
      <trkpt lat="48.11825045384466648101806640625" lon="-1.21054957620799541473388671875">
        <ele>105.40000152587890625</ele>
        <time>2026-09-24T16:05:50.000Z</time>
        <extensions>
          <ns3:TrackPointExtension>
            <ns3:atemp>30.0</ns3:atemp>
            <ns3:hr>144</ns3:hr>
            <ns3:cad>79</ns3:cad>
          </ns3:TrackPointExtension>
        </extensions>
      </trkpt>
      <trkpt lat="48.11822614632546901702880859375" lon="-1.21054035611450672149658203125">
        <ele>105.1999969482421875</ele>
        <time>2026-09-24T16:05:51.000Z</time>
        <extensions>
          <ns3:TrackPointExtension>
            <ns3:atemp>30.0</ns3:atemp>
            <ns3:hr>144</ns3:hr>
            <ns3:cad>79</ns3:cad>
          </ns3:TrackPointExtension>
        </extensions>
      </trkpt>
      <trkpt lat="48.11819613911211490631103515625" lon="-1.210530884563922882080078125">
        <ele>105.1999969482421875</ele>
        <time>2026-09-24T16:05:52.000Z</time>
        <extensions>
          <ns3:TrackPointExtension>
            <ns3:atemp>30.0</ns3:atemp>
            <ns3:hr>143</ns3:hr>
            <ns3:cad>79</ns3:cad>
          </ns3:TrackPointExtension>
        </extensions>
      </trkpt>
      <trkpt lat="48.11817350797355175018310546875" lon="-1.21052225120365619659423828125">
        <ele>105.40000152587890625</ele>
        <time>2026-09-24T16:05:53.000Z</time>
        <extensions>
          <ns3:TrackPointExtension>
            <ns3:atemp>30.0</ns3:atemp>
            <ns3:hr>142</ns3:hr>
            <ns3:cad>79</ns3:cad>
          </ns3:TrackPointExtension>
        </extensions>
      </trkpt>
      <trkpt lat="48.118148781359195709228515625" lon="-1.21051688678562641143798828125">
        <ele>105.40000152587890625</ele>
        <time>2026-09-24T16:05:54.000Z</time>
        <extensions>
          <ns3:TrackPointExtension>
            <ns3:atemp>30.0</ns3:atemp>
            <ns3:hr>142</ns3:hr>
            <ns3:cad>80</ns3:cad>
          </ns3:TrackPointExtension>
        </extensions>
      </trkpt>
      <trkpt lat="48.11811651103198528289794921875" lon="-1.21050565503537654876708984375">
        <ele>105.40000152587890625</ele>
        <time>2026-09-24T16:05:55.000Z</time>
        <extensions>
          <ns3:TrackPointExtension>
            <ns3:atemp>30.0</ns3:atemp>
            <ns3:hr>142</ns3:hr>
            <ns3:cad>80</ns3:cad>
          </ns3:TrackPointExtension>
        </extensions>
      </trkpt>
      <trkpt lat="48.11809220351278781890869140625" lon="-1.2105008773505687713623046875">
        <ele>105.1999969482421875</ele>
        <time>2026-09-24T16:05:56.000Z</time>
        <extensions>
          <ns3:TrackPointExtension>
            <ns3:atemp>30.0</ns3:atemp>
            <ns3:hr>142</ns3:hr>
            <ns3:cad>80</ns3:cad>
          </ns3:TrackPointExtension>
        </extensions>
      </trkpt>
      <trkpt lat="48.1180590949952602386474609375" lon="-1.210486628115177154541015625">
        <ele>105.1999969482421875</ele>
        <time>2026-09-24T16:05:57.000Z</time>
        <extensions>
          <ns3:TrackPointExtension>
            <ns3:atemp>30.0</ns3:atemp>
            <ns3:hr>142</ns3:hr>
            <ns3:cad>80</ns3:cad>
          </ns3:TrackPointExtension>
        </extensions>
      </trkpt>
      <trkpt lat="48.11803244054317474365234375" lon="-1.21047413907945156097412109375">
        <ele>105.1999969482421875</ele>
        <time>2026-09-24T16:05:58.000Z</time>
        <extensions>
          <ns3:TrackPointExtension>
            <ns3:atemp>30.0</ns3:atemp>
            <ns3:hr>142</ns3:hr>
            <ns3:cad>81</ns3:cad>
          </ns3:TrackPointExtension>
        </extensions>
      </trkpt>
      <trkpt lat="48.11800620518624782562255859375" lon="-1.21047363616526126861572265625">
        <ele>105.1999969482421875</ele>
        <time>2026-09-24T16:05:59.000Z</time>
        <extensions>
          <ns3:TrackPointExtension>
            <ns3:atemp>30.0</ns3:atemp>
            <ns3:hr>142</ns3:hr>
            <ns3:cad>81</ns3:cad>
          </ns3:TrackPointExtension>
        </extensions>
      </trkpt>
      <trkpt lat="48.11796731315553188323974609375" lon="-1.21045687235891819000244140625">
        <ele>105.1999969482421875</ele>
        <time>2026-09-24T16:06:00.000Z</time>
        <extensions>
          <ns3:TrackPointExtension>
            <ns3:atemp>30.0</ns3:atemp>
            <ns3:hr>143</ns3:hr>
            <ns3:cad>81</ns3:cad>
          </ns3:TrackPointExtension>
        </extensions>
      </trkpt>
      <trkpt lat="48.1179400719702243804931640625" lon="-1.21044002473354339599609375">
        <ele>105.1999969482421875</ele>
        <time>2026-09-24T16:06:01.000Z</time>
        <extensions>
          <ns3:TrackPointExtension>
            <ns3:atemp>30.0</ns3:atemp>
            <ns3:hr>143</ns3:hr>
            <ns3:cad>81</ns3:cad>
          </ns3:TrackPointExtension>
        </extensions>
      </trkpt>
      <trkpt lat="48.1179172731935977935791015625" lon="-1.2104318104684352874755859375">
        <ele>105.1999969482421875</ele>
        <time>2026-09-24T16:06:02.000Z</time>
        <extensions>
          <ns3:TrackPointExtension>
            <ns3:atemp>30.0</ns3:atemp>
            <ns3:hr>143</ns3:hr>
            <ns3:cad>81</ns3:cad>
          </ns3:TrackPointExtension>
        </extensions>
      </trkpt>
      <trkpt lat="48.117881231009960174560546875" lon="-1.21043725870549678802490234375">
        <ele>105</ele>
        <time>2026-09-24T16:06:03.000Z</time>
        <extensions>
          <ns3:TrackPointExtension>
            <ns3:atemp>30.0</ns3:atemp>
            <ns3:hr>143</ns3:hr>
            <ns3:cad>81</ns3:cad>
          </ns3:TrackPointExtension>
        </extensions>
      </trkpt>
      <trkpt lat="48.1178532354533672332763671875" lon="-1.2104331515729427337646484375">
        <ele>105</ele>
        <time>2026-09-24T16:06:04.000Z</time>
        <extensions>
          <ns3:TrackPointExtension>
            <ns3:atemp>30.0</ns3:atemp>
            <ns3:hr>144</ns3:hr>
            <ns3:cad>81</ns3:cad>
          </ns3:TrackPointExtension>
        </extensions>
      </trkpt>
      <trkpt lat="48.1178183667361736297607421875" lon="-1.210432983934879302978515625">
        <ele>105</ele>
        <time>2026-09-24T16:06:05.000Z</time>
        <extensions>
          <ns3:TrackPointExtension>
            <ns3:atemp>30.0</ns3:atemp>
            <ns3:hr>145</ns3:hr>
            <ns3:cad>81</ns3:cad>
          </ns3:TrackPointExtension>
        </extensions>
      </trkpt>
      <trkpt lat="48.1177784688770771026611328125" lon="-1.2104224227368831634521484375">
        <ele>105</ele>
        <time>2026-09-24T16:06:06.000Z</time>
        <extensions>
          <ns3:TrackPointExtension>
            <ns3:atemp>30.0</ns3:atemp>
            <ns3:hr>144</ns3:hr>
            <ns3:cad>81</ns3:cad>
          </ns3:TrackPointExtension>
        </extensions>
      </trkpt>
      <trkpt lat="48.1177472881972789764404296875" lon="-1.21042468585073947906494140625">
        <ele>105</ele>
        <time>2026-09-24T16:06:07.000Z</time>
        <extensions>
          <ns3:TrackPointExtension>
            <ns3:atemp>30.0</ns3:atemp>
            <ns3:hr>144</ns3:hr>
            <ns3:cad>81</ns3:cad>
          </ns3:TrackPointExtension>
        </extensions>
      </trkpt>
      <trkpt lat="48.117720969021320343017578125" lon="-1.21042124927043914794921875">
        <ele>105</ele>
        <time>2026-09-24T16:06:08.000Z</time>
        <extensions>
          <ns3:TrackPointExtension>
            <ns3:atemp>30.0</ns3:atemp>
            <ns3:hr>144</ns3:hr>
            <ns3:cad>81</ns3:cad>
          </ns3:TrackPointExtension>
        </extensions>
      </trkpt>
      <trkpt lat="48.11768375337123870849609375" lon="-1.21041311882436275482177734375">
        <ele>105</ele>
        <time>2026-09-24T16:06:09.000Z</time>
        <extensions>
          <ns3:TrackPointExtension>
            <ns3:atemp>30.0</ns3:atemp>
            <ns3:hr>143</ns3:hr>
            <ns3:cad>81</ns3:cad>
          </ns3:TrackPointExtension>
        </extensions>
      </trkpt>
      <trkpt lat="48.117663972079753875732421875" lon="-1.2104103527963161468505859375">
        <ele>105.1999969482421875</ele>
        <time>2026-09-24T16:06:10.000Z</time>
        <extensions>
          <ns3:TrackPointExtension>
            <ns3:atemp>30.0</ns3:atemp>
            <ns3:hr>143</ns3:hr>
            <ns3:cad>81</ns3:cad>
          </ns3:TrackPointExtension>
        </extensions>
      </trkpt>
      <trkpt lat="48.1176336295902729034423828125" lon="-1.2104018032550811767578125">
        <ele>105.1999969482421875</ele>
        <time>2026-09-24T16:06:11.000Z</time>
        <extensions>
          <ns3:TrackPointExtension>
            <ns3:atemp>30.0</ns3:atemp>
            <ns3:hr>143</ns3:hr>
            <ns3:cad>80</ns3:cad>
          </ns3:TrackPointExtension>
        </extensions>
      </trkpt>
      <trkpt lat="48.11759867705404758453369140625" lon="-1.2104026414453983306884765625">
        <ele>105.40000152587890625</ele>
        <time>2026-09-24T16:06:12.000Z</time>
        <extensions>
          <ns3:TrackPointExtension>
            <ns3:atemp>30.0</ns3:atemp>
            <ns3:hr>143</ns3:hr>
            <ns3:cad>80</ns3:cad>
          </ns3:TrackPointExtension>
        </extensions>
      </trkpt>
      <trkpt lat="48.11758191324770450592041015625" lon="-1.21040155179798603057861328125">
        <ele>105.40000152587890625</ele>
        <time>2026-09-24T16:06:13.000Z</time>
        <extensions>
          <ns3:TrackPointExtension>
            <ns3:atemp>30.0</ns3:atemp>
            <ns3:hr>144</ns3:hr>
            <ns3:cad>80</ns3:cad>
          </ns3:TrackPointExtension>
        </extensions>
      </trkpt>
      <trkpt lat="48.1175501458346843719482421875" lon="-1.210412867367267608642578125">
        <ele>105.40000152587890625</ele>
        <time>2026-09-24T16:06:14.000Z</time>
        <extensions>
          <ns3:TrackPointExtension>
            <ns3:atemp>30.0</ns3:atemp>
            <ns3:hr>144</ns3:hr>
            <ns3:cad>81</ns3:cad>
          </ns3:TrackPointExtension>
        </extensions>
      </trkpt>
      <trkpt lat="48.1175196357071399688720703125" lon="-1.21041043661534786224365234375">
        <ele>105.40000152587890625</ele>
        <time>2026-09-24T16:06:15.000Z</time>
        <extensions>
          <ns3:TrackPointExtension>
            <ns3:atemp>30.0</ns3:atemp>
            <ns3:hr>144</ns3:hr>
            <ns3:cad>81</ns3:cad>
          </ns3:TrackPointExtension>
        </extensions>
      </trkpt>
      <trkpt lat="48.1174991838634014129638671875" lon="-1.2104098498821258544921875">
        <ele>105.1999969482421875</ele>
        <time>2026-09-24T16:06:16.000Z</time>
        <extensions>
          <ns3:TrackPointExtension>
            <ns3:atemp>30.0</ns3:atemp>
            <ns3:hr>144</ns3:hr>
            <ns3:cad>81</ns3:cad>
          </ns3:TrackPointExtension>
        </extensions>
      </trkpt>
      <trkpt lat="48.11747319996356964111328125" lon="-1.21040088124573230743408203125">
        <ele>105.40000152587890625</ele>
        <time>2026-09-24T16:06:17.000Z</time>
        <extensions>
          <ns3:TrackPointExtension>
            <ns3:atemp>30.0</ns3:atemp>
            <ns3:hr>144</ns3:hr>
            <ns3:cad>80</ns3:cad>
          </ns3:TrackPointExtension>
        </extensions>
      </trkpt>
      <trkpt lat="48.11745978891849517822265625" lon="-1.21039015240967273712158203125">
        <ele>105.40000152587890625</ele>
        <time>2026-09-24T16:06:18.000Z</time>
        <extensions>
          <ns3:TrackPointExtension>
            <ns3:atemp>30.0</ns3:atemp>
            <ns3:hr>145</ns3:hr>
            <ns3:cad>80</ns3:cad>
          </ns3:TrackPointExtension>
        </extensions>
      </trkpt>
      <trkpt lat="48.11744042672216892242431640625" lon="-1.21038747020065784454345703125">
        <ele>105.40000152587890625</ele>
        <time>2026-09-24T16:06:19.000Z</time>
        <extensions>
          <ns3:TrackPointExtension>
            <ns3:atemp>30.0</ns3:atemp>
            <ns3:hr>146</ns3:hr>
            <ns3:cad>80</ns3:cad>
          </ns3:TrackPointExtension>
        </extensions>
      </trkpt>
      <trkpt lat="48.1174207292497158050537109375" lon="-1.21038126759231090545654296875">
        <ele>105.59999847412109375</ele>
        <time>2026-09-24T16:06:20.000Z</time>
        <extensions>
          <ns3:TrackPointExtension>
            <ns3:atemp>30.0</ns3:atemp>
            <ns3:hr>146</ns3:hr>
            <ns3:cad>80</ns3:cad>
          </ns3:TrackPointExtension>
        </extensions>
      </trkpt>
      <trkpt lat="48.1173898838460445404052734375" lon="-1.2103808484971523284912109375">
        <ele>105.59999847412109375</ele>
        <time>2026-09-24T16:06:21.000Z</time>
        <extensions>
          <ns3:TrackPointExtension>
            <ns3:atemp>30.0</ns3:atemp>
            <ns3:hr>146</ns3:hr>
            <ns3:cad>80</ns3:cad>
          </ns3:TrackPointExtension>
        </extensions>
      </trkpt>
      <trkpt lat="48.11736767180263996124267578125" lon="-1.21037573553621768951416015625">
        <ele>105.8000030517578125</ele>
        <time>2026-09-24T16:06:22.000Z</time>
        <extensions>
          <ns3:TrackPointExtension>
            <ns3:atemp>30.0</ns3:atemp>
            <ns3:hr>146</ns3:hr>
            <ns3:cad>79</ns3:cad>
          </ns3:TrackPointExtension>
        </extensions>
      </trkpt>
      <trkpt lat="48.11734537594020366668701171875" lon="-1.21037439443171024322509765625">
        <ele>105.8000030517578125</ele>
        <time>2026-09-24T16:06:23.000Z</time>
        <extensions>
          <ns3:TrackPointExtension>
            <ns3:atemp>30.0</ns3:atemp>
            <ns3:hr>145</ns3:hr>
            <ns3:cad>79</ns3:cad>
          </ns3:TrackPointExtension>
        </extensions>
      </trkpt>
      <trkpt lat="48.11731486581265926361083984375" lon="-1.21037942357361316680908203125">
        <ele>105.8000030517578125</ele>
        <time>2026-09-24T16:06:24.000Z</time>
        <extensions>
          <ns3:TrackPointExtension>
            <ns3:atemp>30.0</ns3:atemp>
            <ns3:hr>145</ns3:hr>
            <ns3:cad>79</ns3:cad>
          </ns3:TrackPointExtension>
        </extensions>
      </trkpt>
      <trkpt lat="48.1172887980937957763671875" lon="-1.2103734724223613739013671875">
        <ele>106</ele>
        <time>2026-09-24T16:06:25.000Z</time>
        <extensions>
          <ns3:TrackPointExtension>
            <ns3:atemp>30.0</ns3:atemp>
            <ns3:hr>145</ns3:hr>
            <ns3:cad>79</ns3:cad>
          </ns3:TrackPointExtension>
        </extensions>
      </trkpt>
      <trkpt lat="48.1172614730894565582275390625" lon="-1.21037825010716915130615234375">
        <ele>106.1999969482421875</ele>
        <time>2026-09-24T16:06:26.000Z</time>
        <extensions>
          <ns3:TrackPointExtension>
            <ns3:atemp>30.0</ns3:atemp>
            <ns3:hr>145</ns3:hr>
            <ns3:cad>79</ns3:cad>
          </ns3:TrackPointExtension>
        </extensions>
      </trkpt>
      <trkpt lat="48.117228448390960693359375" lon="-1.21038579382002353668212890625">
        <ele>106.40000152587890625</ele>
        <time>2026-09-24T16:06:27.000Z</time>
        <extensions>
          <ns3:TrackPointExtension>
            <ns3:atemp>30.0</ns3:atemp>
            <ns3:hr>146</ns3:hr>
            <ns3:cad>79</ns3:cad>
          </ns3:TrackPointExtension>
        </extensions>
      </trkpt>
      <trkpt lat="48.1172141991555690765380859375" lon="-1.210413537919521331787109375">
        <ele>106.40000152587890625</ele>
        <time>2026-09-24T16:06:28.000Z</time>
        <extensions>
          <ns3:TrackPointExtension>
            <ns3:atemp>30.0</ns3:atemp>
            <ns3:hr>146</ns3:hr>
            <ns3:cad>80</ns3:cad>
          </ns3:TrackPointExtension>
        </extensions>
      </trkpt>
      <trkpt lat="48.11720791272819042205810546875" lon="-1.21045737527310848236083984375">
        <ele>106.59999847412109375</ele>
        <time>2026-09-24T16:06:29.000Z</time>
        <extensions>
          <ns3:TrackPointExtension>
            <ns3:atemp>30.0</ns3:atemp>
            <ns3:hr>146</ns3:hr>
            <ns3:cad>79</ns3:cad>
          </ns3:TrackPointExtension>
        </extensions>
      </trkpt>
      <trkpt lat="48.1171877123415470123291015625" lon="-1.21049660257995128631591796875">
        <ele>106.8000030517578125</ele>
        <time>2026-09-24T16:06:30.000Z</time>
        <extensions>
          <ns3:TrackPointExtension>
            <ns3:atemp>30.0</ns3:atemp>
            <ns3:hr>147</ns3:hr>
            <ns3:cad>79</ns3:cad>
          </ns3:TrackPointExtension>
        </extensions>
      </trkpt>
      <trkpt lat="48.11716013588011264801025390625" lon="-1.21051219291985034942626953125">
        <ele>106.8000030517578125</ele>
        <time>2026-09-24T16:06:31.000Z</time>
        <extensions>
          <ns3:TrackPointExtension>
            <ns3:atemp>30.0</ns3:atemp>
            <ns3:hr>149</ns3:hr>
            <ns3:cad>80</ns3:cad>
          </ns3:TrackPointExtension>
        </extensions>
      </trkpt>
      <trkpt lat="48.11713415198028087615966796875" lon="-1.21052811853587627410888671875">
        <ele>107</ele>
        <time>2026-09-24T16:06:32.000Z</time>
        <extensions>
          <ns3:TrackPointExtension>
            <ns3:atemp>30.0</ns3:atemp>
            <ns3:hr>150</ns3:hr>
            <ns3:cad>79</ns3:cad>
          </ns3:TrackPointExtension>
        </extensions>
      </trkpt>
      <trkpt lat="48.11710582114756107330322265625" lon="-1.2105558626353740692138671875">
        <ele>107</ele>
        <time>2026-09-24T16:06:33.000Z</time>
        <extensions>
          <ns3:TrackPointExtension>
            <ns3:atemp>30.0</ns3:atemp>
            <ns3:hr>151</ns3:hr>
            <ns3:cad>79</ns3:cad>
          </ns3:TrackPointExtension>
        </extensions>
      </trkpt>
      <trkpt lat="48.1170874647796154022216796875" lon="-1.2105820141732692718505859375">
        <ele>107</ele>
        <time>2026-09-24T16:06:34.000Z</time>
        <extensions>
          <ns3:TrackPointExtension>
            <ns3:atemp>30.0</ns3:atemp>
            <ns3:hr>151</ns3:hr>
            <ns3:cad>79</ns3:cad>
          </ns3:TrackPointExtension>
        </extensions>
      </trkpt>
      <trkpt lat="48.1170683540403842926025390625" lon="-1.21061076410114765167236328125">
        <ele>107</ele>
        <time>2026-09-24T16:06:35.000Z</time>
        <extensions>
          <ns3:TrackPointExtension>
            <ns3:atemp>30.0</ns3:atemp>
            <ns3:hr>151</ns3:hr>
            <ns3:cad>79</ns3:cad>
          </ns3:TrackPointExtension>
        </extensions>
      </trkpt>
      <trkpt lat="48.117040693759918212890625" lon="-1.21063993312418460845947265625">
        <ele>106.8000030517578125</ele>
        <time>2026-09-24T16:06:36.000Z</time>
        <extensions>
          <ns3:TrackPointExtension>
            <ns3:atemp>30.0</ns3:atemp>
            <ns3:hr>151</ns3:hr>
            <ns3:cad>80</ns3:cad>
          </ns3:TrackPointExtension>
        </extensions>
      </trkpt>
      <trkpt lat="48.11702703125774860382080078125" lon="-1.210664324462413787841796875">
        <ele>106.8000030517578125</ele>
        <time>2026-09-24T16:06:37.000Z</time>
        <extensions>
          <ns3:TrackPointExtension>
            <ns3:atemp>30.0</ns3:atemp>
            <ns3:hr>150</ns3:hr>
            <ns3:cad>80</ns3:cad>
          </ns3:TrackPointExtension>
        </extensions>
      </trkpt>
      <trkpt lat="48.1170019693672657012939453125" lon="-1.2106929905712604522705078125">
        <ele>106.8000030517578125</ele>
        <time>2026-09-24T16:06:38.000Z</time>
        <extensions>
          <ns3:TrackPointExtension>
            <ns3:atemp>30.0</ns3:atemp>
            <ns3:hr>150</ns3:hr>
            <ns3:cad>80</ns3:cad>
          </ns3:TrackPointExtension>
        </extensions>
      </trkpt>
      <trkpt lat="48.11697104014456272125244140625" lon="-1.21071537025272846221923828125">
        <ele>106.59999847412109375</ele>
        <time>2026-09-24T16:06:39.000Z</time>
        <extensions>
          <ns3:TrackPointExtension>
            <ns3:atemp>30.0</ns3:atemp>
            <ns3:hr>150</ns3:hr>
            <ns3:cad>80</ns3:cad>
          </ns3:TrackPointExtension>
        </extensions>
      </trkpt>
      <trkpt lat="48.11695142649114131927490234375" lon="-1.21073548682034015655517578125">
        <ele>106.59999847412109375</ele>
        <time>2026-09-24T16:06:40.000Z</time>
        <extensions>
          <ns3:TrackPointExtension>
            <ns3:atemp>30.0</ns3:atemp>
            <ns3:hr>150</ns3:hr>
            <ns3:cad>80</ns3:cad>
          </ns3:TrackPointExtension>
        </extensions>
      </trkpt>
      <trkpt lat="48.11692074872553348541259765625" lon="-1.21075694449245929718017578125">
        <ele>106.59999847412109375</ele>
        <time>2026-09-24T16:06:41.000Z</time>
        <extensions>
          <ns3:TrackPointExtension>
            <ns3:atemp>30.0</ns3:atemp>
            <ns3:hr>150</ns3:hr>
            <ns3:cad>80</ns3:cad>
          </ns3:TrackPointExtension>
        </extensions>
      </trkpt>
      <trkpt lat="48.1168916635215282440185546875" lon="-1.21077605523169040679931640625">
        <ele>106.8000030517578125</ele>
        <time>2026-09-24T16:06:42.000Z</time>
        <extensions>
          <ns3:TrackPointExtension>
            <ns3:atemp>30.0</ns3:atemp>
            <ns3:hr>150</ns3:hr>
            <ns3:cad>80</ns3:cad>
          </ns3:TrackPointExtension>
        </extensions>
      </trkpt>
      <trkpt lat="48.1168663501739501953125" lon="-1.21079047210514545440673828125">
        <ele>106.8000030517578125</ele>
        <time>2026-09-24T16:06:43.000Z</time>
        <extensions>
          <ns3:TrackPointExtension>
            <ns3:atemp>30.0</ns3:atemp>
            <ns3:hr>150</ns3:hr>
            <ns3:cad>80</ns3:cad>
          </ns3:TrackPointExtension>
        </extensions>
      </trkpt>
      <trkpt lat="48.11682955361902713775634765625" lon="-1.210809834301471710205078125">
        <ele>106.8000030517578125</ele>
        <time>2026-09-24T16:06:44.000Z</time>
        <extensions>
          <ns3:TrackPointExtension>
            <ns3:atemp>30.0</ns3:atemp>
            <ns3:hr>151</ns3:hr>
            <ns3:cad>80</ns3:cad>
          </ns3:TrackPointExtension>
        </extensions>
      </trkpt>
      <trkpt lat="48.11680507846176624298095703125" lon="-1.21082182042300701141357421875">
        <ele>107</ele>
        <time>2026-09-24T16:06:45.000Z</time>
        <extensions>
          <ns3:TrackPointExtension>
            <ns3:atemp>30.0</ns3:atemp>
            <ns3:hr>150</ns3:hr>
            <ns3:cad>80</ns3:cad>
          </ns3:TrackPointExtension>
        </extensions>
      </trkpt>
      <trkpt lat="48.1167783401906490325927734375" lon="-1.21083774603903293609619140625">
        <ele>107.1999969482421875</ele>
        <time>2026-09-24T16:06:46.000Z</time>
        <extensions>
          <ns3:TrackPointExtension>
            <ns3:atemp>30.0</ns3:atemp>
            <ns3:hr>150</ns3:hr>
            <ns3:cad>81</ns3:cad>
          </ns3:TrackPointExtension>
        </extensions>
      </trkpt>
      <trkpt lat="48.11674724332988262176513671875" lon="-1.210861466825008392333984375">
        <ele>107.1999969482421875</ele>
        <time>2026-09-24T16:06:47.000Z</time>
        <extensions>
          <ns3:TrackPointExtension>
            <ns3:atemp>30.0</ns3:atemp>
            <ns3:hr>150</ns3:hr>
            <ns3:cad>81</ns3:cad>
          </ns3:TrackPointExtension>
        </extensions>
      </trkpt>
      <trkpt lat="48.11672754585742950439453125" lon="-1.2108706869184970855712890625">
        <ele>107.40000152587890625</ele>
        <time>2026-09-24T16:06:48.000Z</time>
        <extensions>
          <ns3:TrackPointExtension>
            <ns3:atemp>30.0</ns3:atemp>
            <ns3:hr>151</ns3:hr>
            <ns3:cad>81</ns3:cad>
          </ns3:TrackPointExtension>
        </extensions>
      </trkpt>
      <trkpt lat="48.116702400147914886474609375" lon="-1.21088367886841297149658203125">
        <ele>107.40000152587890625</ele>
        <time>2026-09-24T16:06:49.000Z</time>
        <extensions>
          <ns3:TrackPointExtension>
            <ns3:atemp>30.0</ns3:atemp>
            <ns3:hr>150</ns3:hr>
            <ns3:cad>81</ns3:cad>
          </ns3:TrackPointExtension>
        </extensions>
      </trkpt>
      <trkpt lat="48.116674236953258514404296875" lon="-1.2109075672924518585205078125">
        <ele>107.40000152587890625</ele>
        <time>2026-09-24T16:06:50.000Z</time>
        <extensions>
          <ns3:TrackPointExtension>
            <ns3:atemp>30.0</ns3:atemp>
            <ns3:hr>150</ns3:hr>
            <ns3:cad>81</ns3:cad>
          </ns3:TrackPointExtension>
        </extensions>
      </trkpt>
      <trkpt lat="48.11664900742471218109130859375" lon="-1.2109239958226680755615234375">
        <ele>107.59999847412109375</ele>
        <time>2026-09-24T16:06:51.000Z</time>
        <extensions>
          <ns3:TrackPointExtension>
            <ns3:atemp>30.0</ns3:atemp>
            <ns3:hr>151</ns3:hr>
            <ns3:cad>81</ns3:cad>
          </ns3:TrackPointExtension>
        </extensions>
      </trkpt>
      <trkpt lat="48.1166247837245464324951171875" lon="-1.2109457887709140777587890625">
        <ele>107.8000030517578125</ele>
        <time>2026-09-24T16:06:52.000Z</time>
        <extensions>
          <ns3:TrackPointExtension>
            <ns3:atemp>30.0</ns3:atemp>
            <ns3:hr>151</ns3:hr>
            <ns3:cad>81</ns3:cad>
          </ns3:TrackPointExtension>
        </extensions>
      </trkpt>
      <trkpt lat="48.116590417921543121337890625" lon="-1.210966408252716064453125">
        <ele>107.8000030517578125</ele>
        <time>2026-09-24T16:06:53.000Z</time>
        <extensions>
          <ns3:TrackPointExtension>
            <ns3:atemp>30.0</ns3:atemp>
            <ns3:hr>151</ns3:hr>
            <ns3:cad>81</ns3:cad>
          </ns3:TrackPointExtension>
        </extensions>
      </trkpt>
      <trkpt lat="48.11657139100134372711181640625" lon="-1.21097889728844165802001953125">
        <ele>108</ele>
        <time>2026-09-24T16:06:54.000Z</time>
        <extensions>
          <ns3:TrackPointExtension>
            <ns3:atemp>30.0</ns3:atemp>
            <ns3:hr>151</ns3:hr>
            <ns3:cad>80</ns3:cad>
          </ns3:TrackPointExtension>
        </extensions>
      </trkpt>
      <trkpt lat="48.1165446527302265167236328125" lon="-1.2109997682273387908935546875">
        <ele>108</ele>
        <time>2026-09-24T16:06:55.000Z</time>
        <extensions>
          <ns3:TrackPointExtension>
            <ns3:atemp>30.0</ns3:atemp>
            <ns3:hr>150</ns3:hr>
            <ns3:cad>80</ns3:cad>
          </ns3:TrackPointExtension>
        </extensions>
      </trkpt>
      <trkpt lat="48.1165067665278911590576171875" lon="-1.21101845987141132354736328125">
        <ele>108.1999969482421875</ele>
        <time>2026-09-24T16:06:56.000Z</time>
        <extensions>
          <ns3:TrackPointExtension>
            <ns3:atemp>30.0</ns3:atemp>
            <ns3:hr>151</ns3:hr>
            <ns3:cad>80</ns3:cad>
          </ns3:TrackPointExtension>
        </extensions>
      </trkpt>
      <trkpt lat="48.11648614704608917236328125" lon="-1.211028434336185455322265625">
        <ele>108.1999969482421875</ele>
        <time>2026-09-24T16:06:57.000Z</time>
        <extensions>
          <ns3:TrackPointExtension>
            <ns3:atemp>30.0</ns3:atemp>
            <ns3:hr>151</ns3:hr>
            <ns3:cad>80</ns3:cad>
          </ns3:TrackPointExtension>
        </extensions>
      </trkpt>
      <trkpt lat="48.1164611689746379852294921875" lon="-1.2110410071909427642822265625">
        <ele>108.1999969482421875</ele>
        <time>2026-09-24T16:06:58.000Z</time>
        <extensions>
          <ns3:TrackPointExtension>
            <ns3:atemp>30.0</ns3:atemp>
            <ns3:hr>151</ns3:hr>
            <ns3:cad>80</ns3:cad>
          </ns3:TrackPointExtension>
        </extensions>
      </trkpt>
      <trkpt lat="48.11643158085644245147705078125" lon="-1.2110564298927783966064453125">
        <ele>108.40000152587890625</ele>
        <time>2026-09-24T16:06:59.000Z</time>
        <extensions>
          <ns3:TrackPointExtension>
            <ns3:atemp>30.0</ns3:atemp>
            <ns3:hr>151</ns3:hr>
            <ns3:cad>80</ns3:cad>
          </ns3:TrackPointExtension>
        </extensions>
      </trkpt>
      <trkpt lat="48.11641682870686054229736328125" lon="-1.211074031889438629150390625">
        <ele>108.59999847412109375</ele>
        <time>2026-09-24T16:07:00.000Z</time>
        <extensions>
          <ns3:TrackPointExtension>
            <ns3:atemp>30.0</ns3:atemp>
            <ns3:hr>151</ns3:hr>
            <ns3:cad>80</ns3:cad>
          </ns3:TrackPointExtension>
        </extensions>
      </trkpt>
      <trkpt lat="48.11638967134058475494384765625" lon="-1.21109046041965484619140625">
        <ele>108.59999847412109375</ele>
        <time>2026-09-24T16:07:01.000Z</time>
        <extensions>
          <ns3:TrackPointExtension>
            <ns3:atemp>30.0</ns3:atemp>
            <ns3:hr>152</ns3:hr>
            <ns3:cad>80</ns3:cad>
          </ns3:TrackPointExtension>
        </extensions>
      </trkpt>
      <trkpt lat="48.11635949648916721343994140625" lon="-1.21111636050045490264892578125">
        <ele>108.59999847412109375</ele>
        <time>2026-09-24T16:07:02.000Z</time>
        <extensions>
          <ns3:TrackPointExtension>
            <ns3:atemp>30.0</ns3:atemp>
            <ns3:hr>152</ns3:hr>
            <ns3:cad>80</ns3:cad>
          </ns3:TrackPointExtension>
        </extensions>
      </trkpt>
      <trkpt lat="48.116341643035411834716796875" lon="-1.2111352197825908660888671875">
        <ele>108.59999847412109375</ele>
        <time>2026-09-24T16:07:03.000Z</time>
        <extensions>
          <ns3:TrackPointExtension>
            <ns3:atemp>30.0</ns3:atemp>
            <ns3:hr>152</ns3:hr>
            <ns3:cad>80</ns3:cad>
          </ns3:TrackPointExtension>
        </extensions>
      </trkpt>
      <trkpt lat="48.1163153238594532012939453125" lon="-1.211155839264392852783203125">
        <ele>108.8000030517578125</ele>
        <time>2026-09-24T16:07:04.000Z</time>
        <extensions>
          <ns3:TrackPointExtension>
            <ns3:atemp>30.0</ns3:atemp>
            <ns3:hr>153</ns3:hr>
            <ns3:cad>81</ns3:cad>
          </ns3:TrackPointExtension>
        </extensions>
      </trkpt>
      <trkpt lat="48.11628070659935474395751953125" lon="-1.2111754529178142547607421875">
        <ele>108.8000030517578125</ele>
        <time>2026-09-24T16:07:05.000Z</time>
        <extensions>
          <ns3:TrackPointExtension>
            <ns3:atemp>30.0</ns3:atemp>
            <ns3:hr>154</ns3:hr>
            <ns3:cad>81</ns3:cad>
          </ns3:TrackPointExtension>
        </extensions>
      </trkpt>
      <trkpt lat="48.11625991947948932647705078125" lon="-1.21118810959160327911376953125">
        <ele>108.8000030517578125</ele>
        <time>2026-09-24T16:07:06.000Z</time>
        <extensions>
          <ns3:TrackPointExtension>
            <ns3:atemp>30.0</ns3:atemp>
            <ns3:hr>154</ns3:hr>
            <ns3:cad>81</ns3:cad>
          </ns3:TrackPointExtension>
        </extensions>
      </trkpt>
      <trkpt lat="48.1162291578948497772216796875" lon="-1.21121157892048358917236328125">
        <ele>109</ele>
        <time>2026-09-24T16:07:07.000Z</time>
        <extensions>
          <ns3:TrackPointExtension>
            <ns3:atemp>30.0</ns3:atemp>
            <ns3:hr>154</ns3:hr>
            <ns3:cad>80</ns3:cad>
          </ns3:TrackPointExtension>
        </extensions>
      </trkpt>
      <trkpt lat="48.11619780957698822021484375" lon="-1.21123421005904674530029296875">
        <ele>109</ele>
        <time>2026-09-24T16:07:08.000Z</time>
        <extensions>
          <ns3:TrackPointExtension>
            <ns3:atemp>30.0</ns3:atemp>
            <ns3:hr>155</ns3:hr>
            <ns3:cad>78</ns3:cad>
          </ns3:TrackPointExtension>
        </extensions>
      </trkpt>
      <trkpt lat="48.1161761842668056488037109375" lon="-1.21124066412448883056640625">
        <ele>109.1999969482421875</ele>
        <time>2026-09-24T16:07:09.000Z</time>
        <extensions>
          <ns3:TrackPointExtension>
            <ns3:atemp>30.0</ns3:atemp>
            <ns3:hr>155</ns3:hr>
            <ns3:cad>78</ns3:cad>
          </ns3:TrackPointExtension>
        </extensions>
      </trkpt>
      <trkpt lat="48.11614676378667354583740234375" lon="-1.2112582661211490631103515625">
        <ele>109.1999969482421875</ele>
        <time>2026-09-24T16:07:10.000Z</time>
        <extensions>
          <ns3:TrackPointExtension>
            <ns3:atemp>30.0</ns3:atemp>
            <ns3:hr>156</ns3:hr>
            <ns3:cad>78</ns3:cad>
          </ns3:TrackPointExtension>
        </extensions>
      </trkpt>
      <trkpt lat="48.1161108054220676422119140625" lon="-1.21127310208976268768310546875">
        <ele>109.40000152587890625</ele>
        <time>2026-09-24T16:07:11.000Z</time>
        <extensions>
          <ns3:TrackPointExtension>
            <ns3:atemp>30.0</ns3:atemp>
            <ns3:hr>156</ns3:hr>
            <ns3:cad>79</ns3:cad>
          </ns3:TrackPointExtension>
        </extensions>
      </trkpt>
      <trkpt lat="48.116091527044773101806640625" lon="-1.2112790532410144805908203125">
        <ele>109.59999847412109375</ele>
        <time>2026-09-24T16:07:12.000Z</time>
        <extensions>
          <ns3:TrackPointExtension>
            <ns3:atemp>30.0</ns3:atemp>
            <ns3:hr>156</ns3:hr>
            <ns3:cad>79</ns3:cad>
          </ns3:TrackPointExtension>
        </extensions>
      </trkpt>
      <trkpt lat="48.11606378294527530670166015625" lon="-1.21129120700061321258544921875">
        <ele>109.59999847412109375</ele>
        <time>2026-09-24T16:07:13.000Z</time>
        <extensions>
          <ns3:TrackPointExtension>
            <ns3:atemp>30.0</ns3:atemp>
            <ns3:hr>155</ns3:hr>
            <ns3:cad>79</ns3:cad>
          </ns3:TrackPointExtension>
        </extensions>
      </trkpt>
      <trkpt lat="48.116038553416728973388671875" lon="-1.21131115593016147613525390625">
        <ele>109.8000030517578125</ele>
        <time>2026-09-24T16:07:14.000Z</time>
        <extensions>
          <ns3:TrackPointExtension>
            <ns3:atemp>30.0</ns3:atemp>
            <ns3:hr>155</ns3:hr>
            <ns3:cad>79</ns3:cad>
          </ns3:TrackPointExtension>
        </extensions>
      </trkpt>
      <trkpt lat="48.1160236336290836334228515625" lon="-1.2113196216523647308349609375">
        <ele>110</ele>
        <time>2026-09-24T16:07:15.000Z</time>
        <extensions>
          <ns3:TrackPointExtension>
            <ns3:atemp>30.0</ns3:atemp>
            <ns3:hr>154</ns3:hr>
            <ns3:cad>80</ns3:cad>
          </ns3:TrackPointExtension>
        </extensions>
      </trkpt>
      <trkpt lat="48.11599471606314182281494140625" lon="-1.21133361943066120147705078125">
        <ele>110</ele>
        <time>2026-09-24T16:07:16.000Z</time>
        <extensions>
          <ns3:TrackPointExtension>
            <ns3:atemp>30.0</ns3:atemp>
            <ns3:hr>154</ns3:hr>
            <ns3:cad>80</ns3:cad>
          </ns3:TrackPointExtension>
        </extensions>
      </trkpt>
      <trkpt lat="48.115958757698535919189453125" lon="-1.21135105378925800323486328125">
        <ele>110</ele>
        <time>2026-09-24T16:07:17.000Z</time>
        <extensions>
          <ns3:TrackPointExtension>
            <ns3:atemp>30.0</ns3:atemp>
            <ns3:hr>154</ns3:hr>
            <ns3:cad>79</ns3:cad>
          </ns3:TrackPointExtension>
        </extensions>
      </trkpt>
      <trkpt lat="48.11593763530254364013671875" lon="-1.211356334388256072998046875">
        <ele>110.1999969482421875</ele>
        <time>2026-09-24T16:07:18.000Z</time>
        <extensions>
          <ns3:TrackPointExtension>
            <ns3:atemp>30.0</ns3:atemp>
            <ns3:hr>155</ns3:hr>
            <ns3:cad>79</ns3:cad>
          </ns3:TrackPointExtension>
        </extensions>
      </trkpt>
      <trkpt lat="48.11590687371790409088134765625" lon="-1.21137217618525028228759765625">
        <ele>110.1999969482421875</ele>
        <time>2026-09-24T16:07:19.000Z</time>
        <extensions>
          <ns3:TrackPointExtension>
            <ns3:atemp>30.0</ns3:atemp>
            <ns3:hr>155</ns3:hr>
            <ns3:cad>80</ns3:cad>
          </ns3:TrackPointExtension>
        </extensions>
      </trkpt>
      <trkpt lat="48.1158871762454509735107421875" lon="-1.21139891445636749267578125">
        <ele>110.1999969482421875</ele>
        <time>2026-09-24T16:07:20.000Z</time>
        <extensions>
          <ns3:TrackPointExtension>
            <ns3:atemp>30.0</ns3:atemp>
            <ns3:hr>155</ns3:hr>
            <ns3:cad>80</ns3:cad>
          </ns3:TrackPointExtension>
        </extensions>
      </trkpt>
      <trkpt lat="48.11587728559970855712890625" lon="-1.21143286116421222686767578125">
        <ele>110.1999969482421875</ele>
        <time>2026-09-24T16:07:21.000Z</time>
        <extensions>
          <ns3:TrackPointExtension>
            <ns3:atemp>30.0</ns3:atemp>
            <ns3:hr>155</ns3:hr>
            <ns3:cad>81</ns3:cad>
          </ns3:TrackPointExtension>
        </extensions>
      </trkpt>
      <trkpt lat="48.11586898751556873321533203125" lon="-1.21146328747272491455078125">
        <ele>110.40000152587890625</ele>
        <time>2026-09-24T16:07:22.000Z</time>
        <extensions>
          <ns3:TrackPointExtension>
            <ns3:atemp>30.0</ns3:atemp>
            <ns3:hr>154</ns3:hr>
            <ns3:cad>82</ns3:cad>
          </ns3:TrackPointExtension>
        </extensions>
      </trkpt>
      <trkpt lat="48.1158657185733318328857421875" lon="-1.21149840764701366424560546875">
        <ele>110.40000152587890625</ele>
        <time>2026-09-24T16:07:23.000Z</time>
        <extensions>
          <ns3:TrackPointExtension>
            <ns3:atemp>30.0</ns3:atemp>
            <ns3:hr>155</ns3:hr>
            <ns3:cad>82</ns3:cad>
          </ns3:TrackPointExtension>
        </extensions>
      </trkpt>
      <trkpt lat="48.1158700771629810333251953125" lon="-1.21152858249843120574951171875">
        <ele>110.59999847412109375</ele>
        <time>2026-09-24T16:07:24.000Z</time>
        <extensions>
          <ns3:TrackPointExtension>
            <ns3:atemp>30.0</ns3:atemp>
            <ns3:hr>155</ns3:hr>
            <ns3:cad>82</ns3:cad>
          </ns3:TrackPointExtension>
        </extensions>
      </trkpt>
      <trkpt lat="48.11587669886648654937744140625" lon="-1.21156990528106689453125">
        <ele>110.59999847412109375</ele>
        <time>2026-09-24T16:07:25.000Z</time>
        <extensions>
          <ns3:TrackPointExtension>
            <ns3:atemp>30.0</ns3:atemp>
            <ns3:hr>155</ns3:hr>
            <ns3:cad>80</ns3:cad>
          </ns3:TrackPointExtension>
        </extensions>
      </trkpt>
      <trkpt lat="48.1158798001706600189208984375" lon="-1.2116079591214656829833984375">
        <ele>110.8000030517578125</ele>
        <time>2026-09-24T16:07:26.000Z</time>
        <extensions>
          <ns3:TrackPointExtension>
            <ns3:atemp>30.0</ns3:atemp>
            <ns3:hr>156</ns3:hr>
            <ns3:cad>80</ns3:cad>
          </ns3:TrackPointExtension>
        </extensions>
      </trkpt>
      <trkpt lat="48.1158801354467868804931640625" lon="-1.21164240874350070953369140625">
        <ele>111</ele>
        <time>2026-09-24T16:07:27.000Z</time>
        <extensions>
          <ns3:TrackPointExtension>
            <ns3:atemp>30.0</ns3:atemp>
            <ns3:hr>156</ns3:hr>
            <ns3:cad>79</ns3:cad>
          </ns3:TrackPointExtension>
        </extensions>
      </trkpt>
      <trkpt lat="48.11587435193359851837158203125" lon="-1.2116823904216289520263671875">
        <ele>111.1999969482421875</ele>
        <time>2026-09-24T16:07:28.000Z</time>
        <extensions>
          <ns3:TrackPointExtension>
            <ns3:atemp>30.0</ns3:atemp>
            <ns3:hr>156</ns3:hr>
            <ns3:cad>80</ns3:cad>
          </ns3:TrackPointExtension>
        </extensions>
      </trkpt>
      <trkpt lat="48.11586429364979267120361328125" lon="-1.2117189355194568634033203125">
        <ele>111.40000152587890625</ele>
        <time>2026-09-24T16:07:29.000Z</time>
        <extensions>
          <ns3:TrackPointExtension>
            <ns3:atemp>30.0</ns3:atemp>
            <ns3:hr>157</ns3:hr>
            <ns3:cad>81</ns3:cad>
          </ns3:TrackPointExtension>
        </extensions>
      </trkpt>
      <trkpt lat="48.115855157375335693359375" lon="-1.2117536365985870361328125">
        <ele>111.59999847412109375</ele>
        <time>2026-09-24T16:07:30.000Z</time>
        <extensions>
          <ns3:TrackPointExtension>
            <ns3:atemp>30.0</ns3:atemp>
            <ns3:hr>157</ns3:hr>
            <ns3:cad>81</ns3:cad>
          </ns3:TrackPointExtension>
        </extensions>
      </trkpt>
      <trkpt lat="48.11584183014929294586181640625" lon="-1.21179680339992046356201171875">
        <ele>111.8000030517578125</ele>
        <time>2026-09-24T16:07:31.000Z</time>
        <extensions>
          <ns3:TrackPointExtension>
            <ns3:atemp>30.0</ns3:atemp>
            <ns3:hr>157</ns3:hr>
            <ns3:cad>81</ns3:cad>
          </ns3:TrackPointExtension>
        </extensions>
      </trkpt>
      <trkpt lat="48.11583344824612140655517578125" lon="-1.2118272297084331512451171875">
        <ele>111.8000030517578125</ele>
        <time>2026-09-24T16:07:32.000Z</time>
        <extensions>
          <ns3:TrackPointExtension>
            <ns3:atemp>30.0</ns3:atemp>
            <ns3:hr>157</ns3:hr>
            <ns3:cad>81</ns3:cad>
          </ns3:TrackPointExtension>
        </extensions>
      </trkpt>
      <trkpt lat="48.115819953382015228271484375" lon="-1.2118641100823879241943359375">
        <ele>111.8000030517578125</ele>
        <time>2026-09-24T16:07:33.000Z</time>
        <extensions>
          <ns3:TrackPointExtension>
            <ns3:atemp>30.0</ns3:atemp>
            <ns3:hr>157</ns3:hr>
            <ns3:cad>81</ns3:cad>
          </ns3:TrackPointExtension>
        </extensions>
      </trkpt>
      <trkpt lat="48.11580277048051357269287109375" lon="-1.21190249919891357421875">
        <ele>111.8000030517578125</ele>
        <time>2026-09-24T16:07:34.000Z</time>
        <extensions>
          <ns3:TrackPointExtension>
            <ns3:atemp>30.0</ns3:atemp>
            <ns3:hr>156</ns3:hr>
            <ns3:cad>81</ns3:cad>
          </ns3:TrackPointExtension>
        </extensions>
      </trkpt>
      <trkpt lat="48.1157886050641536712646484375" lon="-1.21193669736385345458984375">
        <ele>112</ele>
        <time>2026-09-24T16:07:35.000Z</time>
        <extensions>
          <ns3:TrackPointExtension>
            <ns3:atemp>30.0</ns3:atemp>
            <ns3:hr>156</ns3:hr>
            <ns3:cad>82</ns3:cad>
          </ns3:TrackPointExtension>
        </extensions>
      </trkpt>
      <trkpt lat="48.11579145491123199462890625" lon="-1.211929656565189361572265625">
        <ele>112</ele>
        <time>2026-09-24T16:07:36.000Z</time>
        <extensions>
          <ns3:TrackPointExtension>
            <ns3:atemp>30.0</ns3:atemp>
            <ns3:hr>156</ns3:hr>
            <ns3:cad>82</ns3:cad>
          </ns3:TrackPointExtension>
        </extensions>
      </trkpt>
      <trkpt lat="48.11580394394695758819580078125" lon="-1.2119050137698650360107421875">
        <ele>112</ele>
        <time>2026-09-24T16:07:37.000Z</time>
        <extensions>
          <ns3:TrackPointExtension>
            <ns3:atemp>30.0</ns3:atemp>
            <ns3:hr>155</ns3:hr>
            <ns3:cad>82</ns3:cad>
          </ns3:TrackPointExtension>
        </extensions>
      </trkpt>
      <trkpt lat="48.11581132002174854278564453125" lon="-1.2118828855454921722412109375">
        <ele>112.1999969482421875</ele>
        <time>2026-09-24T16:07:38.000Z</time>
        <extensions>
          <ns3:TrackPointExtension>
            <ns3:atemp>30.0</ns3:atemp>
            <ns3:hr>155</ns3:hr>
            <ns3:cad>82</ns3:cad>
          </ns3:TrackPointExtension>
        </extensions>
      </trkpt>
      <trkpt lat="48.11581081710755825042724609375" lon="-1.21186989359557628631591796875">
        <ele>112.1999969482421875</ele>
        <time>2026-09-24T16:07:39.000Z</time>
        <extensions>
          <ns3:TrackPointExtension>
            <ns3:atemp>30.0</ns3:atemp>
            <ns3:hr>156</ns3:hr>
            <ns3:cad>82</ns3:cad>
          </ns3:TrackPointExtension>
        </extensions>
      </trkpt>
      <trkpt lat="48.115808553993701934814453125" lon="-1.211858578026294708251953125">
        <ele>112.1999969482421875</ele>
        <time>2026-09-24T16:07:40.000Z</time>
        <extensions>
          <ns3:TrackPointExtension>
            <ns3:atemp>30.0</ns3:atemp>
            <ns3:hr>156</ns3:hr>
            <ns3:cad>82</ns3:cad>
          </ns3:TrackPointExtension>
        </extensions>
      </trkpt>
      <trkpt lat="48.1158077158033847808837890625" lon="-1.2118570692837238311767578125">
        <ele>112.1999969482421875</ele>
        <time>2026-09-24T16:07:41.000Z</time>
        <extensions>
          <ns3:TrackPointExtension>
            <ns3:atemp>30.0</ns3:atemp>
            <ns3:hr>156</ns3:hr>
            <ns3:cad>82</ns3:cad>
          </ns3:TrackPointExtension>
        </extensions>
      </trkpt>
      <trkpt lat="48.1158067099750041961669921875" lon="-1.2118553929030895233154296875">
        <ele>112</ele>
        <time>2026-09-24T16:07:42.000Z</time>
        <extensions>
          <ns3:TrackPointExtension>
            <ns3:atemp>30.0</ns3:atemp>
            <ns3:hr>156</ns3:hr>
            <ns3:cad>0</ns3:cad>
          </ns3:TrackPointExtension>
        </extensions>
      </trkpt>
      <trkpt lat="48.11580562032759189605712890625" lon="-1.2118520401418209075927734375">
        <ele>112</ele>
        <time>2026-09-24T16:07:43.000Z</time>
        <extensions>
          <ns3:TrackPointExtension>
            <ns3:atemp>30.0</ns3:atemp>
            <ns3:hr>155</ns3:hr>
            <ns3:cad>0</ns3:cad>
          </ns3:TrackPointExtension>
        </extensions>
      </trkpt>
      <trkpt lat="48.115803860127925872802734375" lon="-1.2118490226566791534423828125">
        <ele>111.8000030517578125</ele>
        <time>2026-09-24T16:07:44.000Z</time>
        <extensions>
          <ns3:TrackPointExtension>
            <ns3:atemp>30.0</ns3:atemp>
            <ns3:hr>156</ns3:hr>
            <ns3:cad>0</ns3:cad>
          </ns3:TrackPointExtension>
        </extensions>
      </trkpt>
      <trkpt lat="48.11579841189086437225341796875" lon="-1.211853884160518646240234375">
        <ele>111.59999847412109375</ele>
        <time>2026-09-24T16:07:45.000Z</time>
        <extensions>
          <ns3:TrackPointExtension>
            <ns3:atemp>30.0</ns3:atemp>
            <ns3:hr>155</ns3:hr>
            <ns3:cad>0</ns3:cad>
          </ns3:TrackPointExtension>
        </extensions>
      </trkpt>
      <trkpt lat="48.11579422093927860260009765625" lon="-1.211859248578548431396484375">
        <ele>111.59999847412109375</ele>
        <time>2026-09-24T16:07:46.000Z</time>
        <extensions>
          <ns3:TrackPointExtension>
            <ns3:atemp>30.0</ns3:atemp>
            <ns3:hr>156</ns3:hr>
            <ns3:cad>0</ns3:cad>
          </ns3:TrackPointExtension>
        </extensions>
      </trkpt>
      <trkpt lat="48.11579204164445400238037109375" lon="-1.21185849420726299285888671875">
        <ele>111.59999847412109375</ele>
        <time>2026-09-24T16:07:47.000Z</time>
        <extensions>
          <ns3:TrackPointExtension>
            <ns3:atemp>30.0</ns3:atemp>
            <ns3:hr>157</ns3:hr>
            <ns3:cad>0</ns3:cad>
          </ns3:TrackPointExtension>
        </extensions>
      </trkpt>
      <trkpt lat="48.11578667722642421722412109375" lon="-1.21186620555818080902099609375">
        <ele>111.59999847412109375</ele>
        <time>2026-09-24T16:07:48.000Z</time>
        <extensions>
          <ns3:TrackPointExtension>
            <ns3:atemp>30.0</ns3:atemp>
            <ns3:hr>157</ns3:hr>
            <ns3:cad>0</ns3:cad>
          </ns3:TrackPointExtension>
        </extensions>
      </trkpt>
      <trkpt lat="48.11578332446515560150146484375" lon="-1.21187073178589344024658203125">
        <ele>111.59999847412109375</ele>
        <time>2026-09-24T16:07:49.000Z</time>
        <extensions>
          <ns3:TrackPointExtension>
            <ns3:atemp>30.0</ns3:atemp>
            <ns3:hr>157</ns3:hr>
            <ns3:cad>0</ns3:cad>
          </ns3:TrackPointExtension>
        </extensions>
      </trkpt>
      <trkpt lat="48.115780390799045562744140625" lon="-1.21187634766101837158203125">
        <ele>111.59999847412109375</ele>
        <time>2026-09-24T16:07:50.000Z</time>
        <extensions>
          <ns3:TrackPointExtension>
            <ns3:atemp>30.0</ns3:atemp>
            <ns3:hr>157</ns3:hr>
            <ns3:cad>0</ns3:cad>
          </ns3:TrackPointExtension>
        </extensions>
      </trkpt>
      <trkpt lat="48.11578148044645786285400390625" lon="-1.21188129298388957977294921875">
        <ele>111.8000030517578125</ele>
        <time>2026-09-24T16:07:51.000Z</time>
        <extensions>
          <ns3:TrackPointExtension>
            <ns3:atemp>30.0</ns3:atemp>
            <ns3:hr>156</ns3:hr>
            <ns3:cad>0</ns3:cad>
          </ns3:TrackPointExtension>
        </extensions>
      </trkpt>
      <trkpt lat="48.1157818995416164398193359375" lon="-1.21188632212579250335693359375">
        <ele>111.8000030517578125</ele>
        <time>2026-09-24T16:07:52.000Z</time>
        <extensions>
          <ns3:TrackPointExtension>
            <ns3:atemp>30.0</ns3:atemp>
            <ns3:hr>156</ns3:hr>
            <ns3:cad>0</ns3:cad>
          </ns3:TrackPointExtension>
        </extensions>
      </trkpt>
      <trkpt lat="48.1157832406461238861083984375" lon="-1.211886741220951080322265625">
        <ele>111.8000030517578125</ele>
        <time>2026-09-24T16:07:53.000Z</time>
        <extensions>
          <ns3:TrackPointExtension>
            <ns3:atemp>30.0</ns3:atemp>
            <ns3:hr>156</ns3:hr>
            <ns3:cad>0</ns3:cad>
          </ns3:TrackPointExtension>
        </extensions>
      </trkpt>
      <trkpt lat="48.11578072607517242431640625" lon="-1.2118859030306339263916015625">
        <ele>111.8000030517578125</ele>
        <time>2026-09-24T16:07:54.000Z</time>
        <extensions>
          <ns3:TrackPointExtension>
            <ns3:atemp>30.0</ns3:atemp>
            <ns3:hr>155</ns3:hr>
            <ns3:cad>0</ns3:cad>
          </ns3:TrackPointExtension>
        </extensions>
      </trkpt>
      <trkpt lat="48.1157785467803478240966796875" lon="-1.21188179589807987213134765625">
        <ele>111.8000030517578125</ele>
        <time>2026-09-24T16:07:55.000Z</time>
        <extensions>
          <ns3:TrackPointExtension>
            <ns3:atemp>30.0</ns3:atemp>
            <ns3:hr>155</ns3:hr>
            <ns3:cad>0</ns3:cad>
          </ns3:TrackPointExtension>
        </extensions>
      </trkpt>
      <trkpt lat="48.11577427200973033905029296875" lon="-1.21187441982328891754150390625">
        <ele>111.8000030517578125</ele>
        <time>2026-09-24T16:07:56.000Z</time>
        <extensions>
          <ns3:TrackPointExtension>
            <ns3:atemp>30.0</ns3:atemp>
            <ns3:hr>155</ns3:hr>
            <ns3:cad>0</ns3:cad>
          </ns3:TrackPointExtension>
        </extensions>
      </trkpt>
      <trkpt lat="48.11577737331390380859375" lon="-1.21187509037554264068603515625">
        <ele>111.8000030517578125</ele>
        <time>2026-09-24T16:07:57.000Z</time>
        <extensions>
          <ns3:TrackPointExtension>
            <ns3:atemp>30.0</ns3:atemp>
            <ns3:hr>154</ns3:hr>
            <ns3:cad>0</ns3:cad>
          </ns3:TrackPointExtension>
        </extensions>
      </trkpt>
      <trkpt lat="48.115778379142284393310546875" lon="-1.21187156997621059417724609375">
        <ele>111.8000030517578125</ele>
        <time>2026-09-24T16:07:58.000Z</time>
        <extensions>
          <ns3:TrackPointExtension>
            <ns3:atemp>30.0</ns3:atemp>
            <ns3:hr>154</ns3:hr>
            <ns3:cad>0</ns3:cad>
          </ns3:TrackPointExtension>
        </extensions>
      </trkpt>
      <trkpt lat="48.11578332446515560150146484375" lon="-1.21187098324298858642578125">
        <ele>111.8000030517578125</ele>
        <time>2026-09-24T16:07:59.000Z</time>
        <extensions>
          <ns3:TrackPointExtension>
            <ns3:atemp>30.0</ns3:atemp>
            <ns3:hr>153</ns3:hr>
            <ns3:cad>0</ns3:cad>
          </ns3:TrackPointExtension>
        </extensions>
      </trkpt>
      <trkpt lat="48.115785419940948486328125" lon="-1.2118708156049251556396484375">
        <ele>111.8000030517578125</ele>
        <time>2026-09-24T16:08:00.000Z</time>
        <extensions>
          <ns3:TrackPointExtension>
            <ns3:atemp>30.0</ns3:atemp>
            <ns3:hr>153</ns3:hr>
            <ns3:cad>0</ns3:cad>
          </ns3:TrackPointExtension>
        </extensions>
      </trkpt>
      <trkpt lat="48.11578701250255107879638671875" lon="-1.2118694745004177093505859375">
        <ele>111.8000030517578125</ele>
        <time>2026-09-24T16:08:01.000Z</time>
        <extensions>
          <ns3:TrackPointExtension>
            <ns3:atemp>30.0</ns3:atemp>
            <ns3:hr>152</ns3:hr>
            <ns3:cad>0</ns3:cad>
          </ns3:TrackPointExtension>
        </extensions>
      </trkpt>
      <trkpt lat="48.1157896108925342559814453125" lon="-1.2118743360042572021484375">
        <ele>111.8000030517578125</ele>
        <time>2026-09-24T16:08:02.000Z</time>
        <extensions>
          <ns3:TrackPointExtension>
            <ns3:atemp>30.0</ns3:atemp>
            <ns3:hr>150</ns3:hr>
            <ns3:cad>0</ns3:cad>
          </ns3:TrackPointExtension>
        </extensions>
      </trkpt>
      <trkpt lat="48.1157936342060565948486328125" lon="-1.2118738330900669097900390625">
        <ele>111.8000030517578125</ele>
        <time>2026-09-24T16:08:03.000Z</time>
        <extensions>
          <ns3:TrackPointExtension>
            <ns3:atemp>30.0</ns3:atemp>
            <ns3:hr>147</ns3:hr>
            <ns3:cad>0</ns3:cad>
          </ns3:TrackPointExtension>
        </extensions>
      </trkpt>
      <trkpt lat="48.11579807661473751068115234375" lon="-1.21187710203230381011962890625">
        <ele>111.8000030517578125</ele>
        <time>2026-09-24T16:08:04.000Z</time>
        <extensions>
          <ns3:TrackPointExtension>
            <ns3:atemp>30.0</ns3:atemp>
            <ns3:hr>145</ns3:hr>
            <ns3:cad>0</ns3:cad>
          </ns3:TrackPointExtension>
        </extensions>
      </trkpt>
      <trkpt lat="48.11579807661473751068115234375" lon="-1.21187710203230381011962890625">
        <ele>112.1999969482421875</ele>
        <time>2026-09-24T16:08:05.000Z</time>
        <extensions>
          <ns3:TrackPointExtension>
            <ns3:atemp>30.0</ns3:atemp>
            <ns3:hr>143</ns3:hr>
            <ns3:cad>0</ns3:cad>
          </ns3:TrackPointExtension>
        </extensions>
      </trkpt>
      <trkpt lat="48.11579807661473751068115234375" lon="-1.21187710203230381011962890625">
        <ele>112.40000152587890625</ele>
        <time>2026-09-24T16:08:06.000Z</time>
        <extensions>
          <ns3:TrackPointExtension>
            <ns3:atemp>30.0</ns3:atemp>
            <ns3:hr>143</ns3:hr>
            <ns3:cad>0</ns3:cad>
          </ns3:TrackPointExtension>
        </extensions>
      </trkpt>
      <trkpt lat="48.11579807661473751068115234375" lon="-1.21187710203230381011962890625">
        <ele>112.59999847412109375</ele>
        <time>2026-09-24T16:08:07.000Z</time>
        <extensions>
          <ns3:TrackPointExtension>
            <ns3:atemp>30.0</ns3:atemp>
            <ns3:hr>143</ns3:hr>
            <ns3:cad>0</ns3:cad>
          </ns3:TrackPointExtension>
        </extensions>
      </trkpt>
      <trkpt lat="48.11579807661473751068115234375" lon="-1.21187710203230381011962890625">
        <ele>112.59999847412109375</ele>
        <time>2026-09-24T16:08:08.000Z</time>
        <extensions>
          <ns3:TrackPointExtension>
            <ns3:atemp>30.0</ns3:atemp>
            <ns3:hr>143</ns3:hr>
            <ns3:cad>0</ns3:cad>
          </ns3:TrackPointExtension>
        </extensions>
      </trkpt>
      <trkpt lat="48.11579807661473751068115234375" lon="-1.21187710203230381011962890625">
        <ele>112.59999847412109375</ele>
        <time>2026-09-24T16:08:09.000Z</time>
        <extensions>
          <ns3:TrackPointExtension>
            <ns3:atemp>30.0</ns3:atemp>
            <ns3:hr>141</ns3:hr>
            <ns3:cad>0</ns3:cad>
          </ns3:TrackPointExtension>
        </extensions>
      </trkpt>
      <trkpt lat="48.11579807661473751068115234375" lon="-1.21187710203230381011962890625">
        <ele>112.40000152587890625</ele>
        <time>2026-09-24T16:08:10.000Z</time>
        <extensions>
          <ns3:TrackPointExtension>
            <ns3:atemp>30.0</ns3:atemp>
            <ns3:hr>141</ns3:hr>
            <ns3:cad>0</ns3:cad>
          </ns3:TrackPointExtension>
        </extensions>
      </trkpt>
      <trkpt lat="48.11579807661473751068115234375" lon="-1.21187710203230381011962890625">
        <ele>112.1999969482421875</ele>
        <time>2026-09-24T16:08:11.000Z</time>
        <extensions>
          <ns3:TrackPointExtension>
            <ns3:atemp>30.0</ns3:atemp>
            <ns3:hr>140</ns3:hr>
            <ns3:cad>0</ns3:cad>
          </ns3:TrackPointExtension>
        </extensions>
      </trkpt>
      <trkpt lat="48.11579807661473751068115234375" lon="-1.21187710203230381011962890625">
        <ele>112.1999969482421875</ele>
        <time>2026-09-24T16:08:12.000Z</time>
        <extensions>
          <ns3:TrackPointExtension>
            <ns3:atemp>30.0</ns3:atemp>
            <ns3:hr>140</ns3:hr>
            <ns3:cad>0</ns3:cad>
          </ns3:TrackPointExtension>
        </extensions>
      </trkpt>
      <trkpt lat="48.11579807661473751068115234375" lon="-1.21187710203230381011962890625">
        <ele>112.1999969482421875</ele>
        <time>2026-09-24T16:08:13.000Z</time>
        <extensions>
          <ns3:TrackPointExtension>
            <ns3:atemp>30.0</ns3:atemp>
            <ns3:hr>139</ns3:hr>
            <ns3:cad>0</ns3:cad>
          </ns3:TrackPointExtension>
        </extensions>
      </trkpt>
      <trkpt lat="48.11579807661473751068115234375" lon="-1.21187710203230381011962890625">
        <ele>112.1999969482421875</ele>
        <time>2026-09-24T16:08:14.000Z</time>
        <extensions>
          <ns3:TrackPointExtension>
            <ns3:atemp>30.0</ns3:atemp>
            <ns3:hr>137</ns3:hr>
            <ns3:cad>0</ns3:cad>
          </ns3:TrackPointExtension>
        </extensions>
      </trkpt>
      <trkpt lat="48.11579807661473751068115234375" lon="-1.21187710203230381011962890625">
        <ele>112.1999969482421875</ele>
        <time>2026-09-24T16:08:15.000Z</time>
        <extensions>
          <ns3:TrackPointExtension>
            <ns3:atemp>30.0</ns3:atemp>
            <ns3:hr>134</ns3:hr>
            <ns3:cad>0</ns3:cad>
          </ns3:TrackPointExtension>
        </extensions>
      </trkpt>
      <trkpt lat="48.11579807661473751068115234375" lon="-1.21187710203230381011962890625">
        <ele>112.1999969482421875</ele>
        <time>2026-09-24T16:08:16.000Z</time>
        <extensions>
          <ns3:TrackPointExtension>
            <ns3:atemp>30.0</ns3:atemp>
            <ns3:hr>132</ns3:hr>
            <ns3:cad>0</ns3:cad>
          </ns3:TrackPointExtension>
        </extensions>
      </trkpt>
      <trkpt lat="48.11579807661473751068115234375" lon="-1.21187710203230381011962890625">
        <ele>112.40000152587890625</ele>
        <time>2026-09-24T16:08:17.000Z</time>
        <extensions>
          <ns3:TrackPointExtension>
            <ns3:atemp>30.0</ns3:atemp>
            <ns3:hr>131</ns3:hr>
            <ns3:cad>0</ns3:cad>
          </ns3:TrackPointExtension>
        </extensions>
      </trkpt>
      <trkpt lat="48.11579807661473751068115234375" lon="-1.21187710203230381011962890625">
        <ele>112.40000152587890625</ele>
        <time>2026-09-24T16:08:18.000Z</time>
        <extensions>
          <ns3:TrackPointExtension>
            <ns3:atemp>30.0</ns3:atemp>
            <ns3:hr>130</ns3:hr>
            <ns3:cad>0</ns3:cad>
          </ns3:TrackPointExtension>
        </extensions>
      </trkpt>
      <trkpt lat="48.11579807661473751068115234375" lon="-1.21187710203230381011962890625">
        <ele>112.40000152587890625</ele>
        <time>2026-09-24T16:08:19.000Z</time>
        <extensions>
          <ns3:TrackPointExtension>
            <ns3:atemp>30.0</ns3:atemp>
            <ns3:hr>130</ns3:hr>
            <ns3:cad>0</ns3:cad>
          </ns3:TrackPointExtension>
        </extensions>
      </trkpt>
      <trkpt lat="48.11579807661473751068115234375" lon="-1.21187710203230381011962890625">
        <ele>112.59999847412109375</ele>
        <time>2026-09-24T16:08:20.000Z</time>
        <extensions>
          <ns3:TrackPointExtension>
            <ns3:atemp>30.0</ns3:atemp>
            <ns3:hr>130</ns3:hr>
            <ns3:cad>0</ns3:cad>
          </ns3:TrackPointExtension>
        </extensions>
      </trkpt>
      <trkpt lat="48.11579807661473751068115234375" lon="-1.21187710203230381011962890625">
        <ele>112.59999847412109375</ele>
        <time>2026-09-24T16:08:21.000Z</time>
        <extensions>
          <ns3:TrackPointExtension>
            <ns3:atemp>30.0</ns3:atemp>
            <ns3:hr>129</ns3:hr>
            <ns3:cad>0</ns3:cad>
          </ns3:TrackPointExtension>
        </extensions>
      </trkpt>
      <trkpt lat="48.11579807661473751068115234375" lon="-1.21187710203230381011962890625">
        <ele>112.59999847412109375</ele>
        <time>2026-09-24T16:08:22.000Z</time>
        <extensions>
          <ns3:TrackPointExtension>
            <ns3:atemp>30.0</ns3:atemp>
            <ns3:hr>129</ns3:hr>
            <ns3:cad>0</ns3:cad>
          </ns3:TrackPointExtension>
        </extensions>
      </trkpt>
      <trkpt lat="48.11579807661473751068115234375" lon="-1.21187710203230381011962890625">
        <ele>112.59999847412109375</ele>
        <time>2026-09-24T16:08:23.000Z</time>
        <extensions>
          <ns3:TrackPointExtension>
            <ns3:atemp>30.0</ns3:atemp>
            <ns3:hr>129</ns3:hr>
            <ns3:cad>0</ns3:cad>
          </ns3:TrackPointExtension>
        </extensions>
      </trkpt>
      <trkpt lat="48.11579807661473751068115234375" lon="-1.21187710203230381011962890625">
        <ele>112.40000152587890625</ele>
        <time>2026-09-24T16:08:24.000Z</time>
        <extensions>
          <ns3:TrackPointExtension>
            <ns3:atemp>30.0</ns3:atemp>
            <ns3:hr>129</ns3:hr>
            <ns3:cad>0</ns3:cad>
          </ns3:TrackPointExtension>
        </extensions>
      </trkpt>
      <trkpt lat="48.11579807661473751068115234375" lon="-1.21187710203230381011962890625">
        <ele>112.40000152587890625</ele>
        <time>2026-09-24T16:08:25.000Z</time>
        <extensions>
          <ns3:TrackPointExtension>
            <ns3:atemp>30.0</ns3:atemp>
            <ns3:hr>129</ns3:hr>
            <ns3:cad>0</ns3:cad>
          </ns3:TrackPointExtension>
        </extensions>
      </trkpt>
      <trkpt lat="48.11579807661473751068115234375" lon="-1.21187710203230381011962890625">
        <ele>112.1999969482421875</ele>
        <time>2026-09-24T16:08:26.000Z</time>
        <extensions>
          <ns3:TrackPointExtension>
            <ns3:atemp>30.0</ns3:atemp>
            <ns3:hr>129</ns3:hr>
            <ns3:cad>0</ns3:cad>
          </ns3:TrackPointExtension>
        </extensions>
      </trkpt>
      <trkpt lat="48.11579807661473751068115234375" lon="-1.21187710203230381011962890625">
        <ele>112</ele>
        <time>2026-09-24T16:08:27.000Z</time>
        <extensions>
          <ns3:TrackPointExtension>
            <ns3:atemp>30.0</ns3:atemp>
            <ns3:hr>129</ns3:hr>
            <ns3:cad>0</ns3:cad>
          </ns3:TrackPointExtension>
        </extensions>
      </trkpt>
      <trkpt lat="48.11579807661473751068115234375" lon="-1.21187710203230381011962890625">
        <ele>111.8000030517578125</ele>
        <time>2026-09-24T16:08:28.000Z</time>
        <extensions>
          <ns3:TrackPointExtension>
            <ns3:atemp>30.0</ns3:atemp>
            <ns3:hr>128</ns3:hr>
            <ns3:cad>0</ns3:cad>
          </ns3:TrackPointExtension>
        </extensions>
      </trkpt>
      <trkpt lat="48.11579807661473751068115234375" lon="-1.21187710203230381011962890625">
        <ele>111.8000030517578125</ele>
        <time>2026-09-24T16:08:29.000Z</time>
        <extensions>
          <ns3:TrackPointExtension>
            <ns3:atemp>30.0</ns3:atemp>
            <ns3:hr>129</ns3:hr>
            <ns3:cad>0</ns3:cad>
          </ns3:TrackPointExtension>
        </extensions>
      </trkpt>
      <trkpt lat="48.11579807661473751068115234375" lon="-1.21187710203230381011962890625">
        <ele>111.8000030517578125</ele>
        <time>2026-09-24T16:08:30.000Z</time>
        <extensions>
          <ns3:TrackPointExtension>
            <ns3:atemp>30.0</ns3:atemp>
            <ns3:hr>129</ns3:hr>
            <ns3:cad>0</ns3:cad>
          </ns3:TrackPointExtension>
        </extensions>
      </trkpt>
      <trkpt lat="48.11579807661473751068115234375" lon="-1.21187710203230381011962890625">
        <ele>111.8000030517578125</ele>
        <time>2026-09-24T16:08:31.000Z</time>
        <extensions>
          <ns3:TrackPointExtension>
            <ns3:atemp>30.0</ns3:atemp>
            <ns3:hr>129</ns3:hr>
            <ns3:cad>0</ns3:cad>
          </ns3:TrackPointExtension>
        </extensions>
      </trkpt>
      <trkpt lat="48.11579807661473751068115234375" lon="-1.21187710203230381011962890625">
        <ele>111.8000030517578125</ele>
        <time>2026-09-24T16:08:32.000Z</time>
        <extensions>
          <ns3:TrackPointExtension>
            <ns3:atemp>30.0</ns3:atemp>
            <ns3:hr>129</ns3:hr>
            <ns3:cad>0</ns3:cad>
          </ns3:TrackPointExtension>
        </extensions>
      </trkpt>
      <trkpt lat="48.11579807661473751068115234375" lon="-1.21187710203230381011962890625">
        <ele>111.8000030517578125</ele>
        <time>2026-09-24T16:08:33.000Z</time>
        <extensions>
          <ns3:TrackPointExtension>
            <ns3:atemp>30.0</ns3:atemp>
            <ns3:hr>128</ns3:hr>
            <ns3:cad>0</ns3:cad>
          </ns3:TrackPointExtension>
        </extensions>
      </trkpt>
      <trkpt lat="48.11579807661473751068115234375" lon="-1.21187710203230381011962890625">
        <ele>111.8000030517578125</ele>
        <time>2026-09-24T16:08:34.000Z</time>
        <extensions>
          <ns3:TrackPointExtension>
            <ns3:atemp>30.0</ns3:atemp>
            <ns3:hr>128</ns3:hr>
            <ns3:cad>0</ns3:cad>
          </ns3:TrackPointExtension>
        </extensions>
      </trkpt>
      <trkpt lat="48.11579807661473751068115234375" lon="-1.21187710203230381011962890625">
        <ele>111.8000030517578125</ele>
        <time>2026-09-24T16:08:35.000Z</time>
        <extensions>
          <ns3:TrackPointExtension>
            <ns3:atemp>30.0</ns3:atemp>
            <ns3:hr>127</ns3:hr>
            <ns3:cad>0</ns3:cad>
          </ns3:TrackPointExtension>
        </extensions>
      </trkpt>
      <trkpt lat="48.11579807661473751068115234375" lon="-1.21187710203230381011962890625">
        <ele>111.8000030517578125</ele>
        <time>2026-09-24T16:08:36.000Z</time>
        <extensions>
          <ns3:TrackPointExtension>
            <ns3:atemp>30.0</ns3:atemp>
            <ns3:hr>126</ns3:hr>
            <ns3:cad>0</ns3:cad>
          </ns3:TrackPointExtension>
        </extensions>
      </trkpt>
      <trkpt lat="48.11579807661473751068115234375" lon="-1.21187710203230381011962890625">
        <ele>111.59999847412109375</ele>
        <time>2026-09-24T16:08:37.000Z</time>
        <extensions>
          <ns3:TrackPointExtension>
            <ns3:atemp>30.0</ns3:atemp>
            <ns3:hr>126</ns3:hr>
            <ns3:cad>0</ns3:cad>
          </ns3:TrackPointExtension>
        </extensions>
      </trkpt>
      <trkpt lat="48.11579807661473751068115234375" lon="-1.21187710203230381011962890625">
        <ele>111.59999847412109375</ele>
        <time>2026-09-24T16:08:38.000Z</time>
        <extensions>
          <ns3:TrackPointExtension>
            <ns3:atemp>30.0</ns3:atemp>
            <ns3:hr>124</ns3:hr>
            <ns3:cad>0</ns3:cad>
          </ns3:TrackPointExtension>
        </extensions>
      </trkpt>
      <trkpt lat="48.11579807661473751068115234375" lon="-1.21187710203230381011962890625">
        <ele>111.59999847412109375</ele>
        <time>2026-09-24T16:08:39.000Z</time>
        <extensions>
          <ns3:TrackPointExtension>
            <ns3:atemp>30.0</ns3:atemp>
            <ns3:hr>124</ns3:hr>
            <ns3:cad>0</ns3:cad>
          </ns3:TrackPointExtension>
        </extensions>
      </trkpt>
      <trkpt lat="48.11579807661473751068115234375" lon="-1.21187710203230381011962890625">
        <ele>111.40000152587890625</ele>
        <time>2026-09-24T16:08:40.000Z</time>
        <extensions>
          <ns3:TrackPointExtension>
            <ns3:atemp>30.0</ns3:atemp>
            <ns3:hr>125</ns3:hr>
            <ns3:cad>0</ns3:cad>
          </ns3:TrackPointExtension>
        </extensions>
      </trkpt>
      <trkpt lat="48.11579807661473751068115234375" lon="-1.21187710203230381011962890625">
        <ele>111.40000152587890625</ele>
        <time>2026-09-24T16:08:41.000Z</time>
        <extensions>
          <ns3:TrackPointExtension>
            <ns3:atemp>30.0</ns3:atemp>
            <ns3:hr>125</ns3:hr>
            <ns3:cad>0</ns3:cad>
          </ns3:TrackPointExtension>
        </extensions>
      </trkpt>
      <trkpt lat="48.11579807661473751068115234375" lon="-1.21187710203230381011962890625">
        <ele>111.40000152587890625</ele>
        <time>2026-09-24T16:08:42.000Z</time>
        <extensions>
          <ns3:TrackPointExtension>
            <ns3:atemp>30.0</ns3:atemp>
            <ns3:hr>125</ns3:hr>
            <ns3:cad>0</ns3:cad>
          </ns3:TrackPointExtension>
        </extensions>
      </trkpt>
      <trkpt lat="48.11580545268952846527099609375" lon="-1.21186888776719570159912109375">
        <ele>111.40000152587890625</ele>
        <time>2026-09-24T16:08:43.000Z</time>
        <extensions>
          <ns3:TrackPointExtension>
            <ns3:atemp>30.0</ns3:atemp>
            <ns3:hr>125</ns3:hr>
            <ns3:cad>0</ns3:cad>
          </ns3:TrackPointExtension>
        </extensions>
      </trkpt>
      <trkpt lat="48.11580696143209934234619140625" lon="-1.21187844313681125640869140625">
        <ele>111.59999847412109375</ele>
        <time>2026-09-24T16:08:44.000Z</time>
        <extensions>
          <ns3:TrackPointExtension>
            <ns3:atemp>30.0</ns3:atemp>
            <ns3:hr>126</ns3:hr>
            <ns3:cad>0</ns3:cad>
          </ns3:TrackPointExtension>
        </extensions>
      </trkpt>
      <trkpt lat="48.11581199057400226593017578125" lon="-1.2118889205157756805419921875">
        <ele>111.59999847412109375</ele>
        <time>2026-09-24T16:08:45.000Z</time>
        <extensions>
          <ns3:TrackPointExtension>
            <ns3:atemp>30.0</ns3:atemp>
            <ns3:hr>126</ns3:hr>
            <ns3:cad>0</ns3:cad>
          </ns3:TrackPointExtension>
        </extensions>
      </trkpt>
      <trkpt lat="48.11580578796565532684326171875" lon="-1.2119201011955738067626953125">
        <ele>111.8000030517578125</ele>
        <time>2026-09-24T16:08:46.000Z</time>
        <extensions>
          <ns3:TrackPointExtension>
            <ns3:atemp>30.0</ns3:atemp>
            <ns3:hr>126</ns3:hr>
            <ns3:cad>0</ns3:cad>
          </ns3:TrackPointExtension>
        </extensions>
      </trkpt>
      <trkpt lat="48.11579824425280094146728515625" lon="-1.21195673011243343353271484375">
        <ele>112</ele>
        <time>2026-09-24T16:08:47.000Z</time>
        <extensions>
          <ns3:TrackPointExtension>
            <ns3:atemp>30.0</ns3:atemp>
            <ns3:hr>125</ns3:hr>
            <ns3:cad>0</ns3:cad>
          </ns3:TrackPointExtension>
        </extensions>
      </trkpt>
      <trkpt lat="48.115791119635105133056640625" lon="-1.211991012096405029296875">
        <ele>112</ele>
        <time>2026-09-24T16:08:48.000Z</time>
        <extensions>
          <ns3:TrackPointExtension>
            <ns3:atemp>30.0</ns3:atemp>
            <ns3:hr>125</ns3:hr>
            <ns3:cad>0</ns3:cad>
          </ns3:TrackPointExtension>
        </extensions>
      </trkpt>
      <trkpt lat="48.1157755292952060699462890625" lon="-1.2120357714593410491943359375">
        <ele>112.1999969482421875</ele>
        <time>2026-09-24T16:08:49.000Z</time>
        <extensions>
          <ns3:TrackPointExtension>
            <ns3:atemp>30.0</ns3:atemp>
            <ns3:hr>125</ns3:hr>
            <ns3:cad>85</ns3:cad>
          </ns3:TrackPointExtension>
        </extensions>
      </trkpt>
      <trkpt lat="48.11575901694595813751220703125" lon="-1.21207038871943950653076171875">
        <ele>112.40000152587890625</ele>
        <time>2026-09-24T16:08:50.000Z</time>
        <extensions>
          <ns3:TrackPointExtension>
            <ns3:atemp>30.0</ns3:atemp>
            <ns3:hr>126</ns3:hr>
            <ns3:cad>85</ns3:cad>
          </ns3:TrackPointExtension>
        </extensions>
      </trkpt>
      <trkpt lat="48.1157406605780124664306640625" lon="-1.2121142260730266571044921875">
        <ele>112.40000152587890625</ele>
        <time>2026-09-24T16:08:51.000Z</time>
        <extensions>
          <ns3:TrackPointExtension>
            <ns3:atemp>30.0</ns3:atemp>
            <ns3:hr>125</ns3:hr>
            <ns3:cad>85</ns3:cad>
          </ns3:TrackPointExtension>
        </extensions>
      </trkpt>
      <trkpt lat="48.1157228909432888031005859375" lon="-1.21215663850307464599609375">
        <ele>112.59999847412109375</ele>
        <time>2026-09-24T16:08:52.000Z</time>
        <extensions>
          <ns3:TrackPointExtension>
            <ns3:atemp>30.0</ns3:atemp>
            <ns3:hr>125</ns3:hr>
            <ns3:cad>83</ns3:cad>
          </ns3:TrackPointExtension>
        </extensions>
      </trkpt>
      <trkpt lat="48.1157091446220874786376953125" lon="-1.212195865809917449951171875">
        <ele>112.59999847412109375</ele>
        <time>2026-09-24T16:08:53.000Z</time>
        <extensions>
          <ns3:TrackPointExtension>
            <ns3:atemp>30.0</ns3:atemp>
            <ns3:hr>125</ns3:hr>
            <ns3:cad>83</ns3:cad>
          </ns3:TrackPointExtension>
        </extensions>
      </trkpt>
      <trkpt lat="48.115693889558315277099609375" lon="-1.212237440049648284912109375">
        <ele>112.8000030517578125</ele>
        <time>2026-09-24T16:08:54.000Z</time>
        <extensions>
          <ns3:TrackPointExtension>
            <ns3:atemp>30.0</ns3:atemp>
            <ns3:hr>126</ns3:hr>
            <ns3:cad>83</ns3:cad>
          </ns3:TrackPointExtension>
        </extensions>
      </trkpt>
      <trkpt lat="48.11567838303744792938232421875" lon="-1.21227976866066455841064453125">
        <ele>112.59999847412109375</ele>
        <time>2026-09-24T16:08:55.000Z</time>
        <extensions>
          <ns3:TrackPointExtension>
            <ns3:atemp>30.0</ns3:atemp>
            <ns3:hr>126</ns3:hr>
            <ns3:cad>84</ns3:cad>
          </ns3:TrackPointExtension>
        </extensions>
      </trkpt>
      <trkpt lat="48.1156648881733417510986328125" lon="-1.2123174034059047698974609375">
        <ele>112.8000030517578125</ele>
        <time>2026-09-24T16:08:56.000Z</time>
        <extensions>
          <ns3:TrackPointExtension>
            <ns3:atemp>30.0</ns3:atemp>
            <ns3:hr>126</ns3:hr>
            <ns3:cad>84</ns3:cad>
          </ns3:TrackPointExtension>
        </extensions>
      </trkpt>
      <trkpt lat="48.11564837582409381866455078125" lon="-1.2123630009591579437255859375">
        <ele>112.8000030517578125</ele>
        <time>2026-09-24T16:08:57.000Z</time>
        <extensions>
          <ns3:TrackPointExtension>
            <ns3:atemp>30.0</ns3:atemp>
            <ns3:hr>126</ns3:hr>
            <ns3:cad>84</ns3:cad>
          </ns3:TrackPointExtension>
        </extensions>
      </trkpt>
      <trkpt lat="48.11563077382743358612060546875" lon="-1.21240432374179363250732421875">
        <ele>112.8000030517578125</ele>
        <time>2026-09-24T16:08:58.000Z</time>
        <extensions>
          <ns3:TrackPointExtension>
            <ns3:atemp>30.0</ns3:atemp>
            <ns3:hr>126</ns3:hr>
            <ns3:cad>83</ns3:cad>
          </ns3:TrackPointExtension>
        </extensions>
      </trkpt>
      <trkpt lat="48.11561602167785167694091796875" lon="-1.21244363486766815185546875">
        <ele>113</ele>
        <time>2026-09-24T16:08:59.000Z</time>
        <extensions>
          <ns3:TrackPointExtension>
            <ns3:atemp>30.0</ns3:atemp>
            <ns3:hr>126</ns3:hr>
            <ns3:cad>81</ns3:cad>
          </ns3:TrackPointExtension>
        </extensions>
      </trkpt>
      <trkpt lat="48.11559992842376232147216796875" lon="-1.21250004507601261138916015625">
        <ele>113</ele>
        <time>2026-09-24T16:09:00.000Z</time>
        <extensions>
          <ns3:TrackPointExtension>
            <ns3:atemp>30.0</ns3:atemp>
            <ns3:hr>127</ns3:hr>
            <ns3:cad>81</ns3:cad>
          </ns3:TrackPointExtension>
        </extensions>
      </trkpt>
      <trkpt lat="48.11558718793094158172607421875" lon="-1.212543547153472900390625">
        <ele>113.1999969482421875</ele>
        <time>2026-09-24T16:09:01.000Z</time>
        <extensions>
          <ns3:TrackPointExtension>
            <ns3:atemp>30.0</ns3:atemp>
            <ns3:hr>128</ns3:hr>
            <ns3:cad>81</ns3:cad>
          </ns3:TrackPointExtension>
        </extensions>
      </trkpt>
      <trkpt lat="48.1155777163803577423095703125" lon="-1.212586462497711181640625">
        <ele>113.1999969482421875</ele>
        <time>2026-09-24T16:09:02.000Z</time>
        <extensions>
          <ns3:TrackPointExtension>
            <ns3:atemp>30.0</ns3:atemp>
            <ns3:hr>129</ns3:hr>
            <ns3:cad>80</ns3:cad>
          </ns3:TrackPointExtension>
        </extensions>
      </trkpt>
      <trkpt lat="48.11556858010590076446533203125" lon="-1.21263667009770870208740234375">
        <ele>113.40000152587890625</ele>
        <time>2026-09-24T16:09:03.000Z</time>
        <extensions>
          <ns3:TrackPointExtension>
            <ns3:atemp>30.0</ns3:atemp>
            <ns3:hr>130</ns3:hr>
            <ns3:cad>80</ns3:cad>
          </ns3:TrackPointExtension>
        </extensions>
      </trkpt>
      <trkpt lat="48.11556824482977390289306640625" lon="-1.21267338283360004425048828125">
        <ele>113.40000152587890625</ele>
        <time>2026-09-24T16:09:04.000Z</time>
        <extensions>
          <ns3:TrackPointExtension>
            <ns3:atemp>30.0</ns3:atemp>
            <ns3:hr>131</ns3:hr>
            <ns3:cad>80</ns3:cad>
          </ns3:TrackPointExtension>
        </extensions>
      </trkpt>
      <trkpt lat="48.115567155182361602783203125" lon="-1.21271680109202861785888671875">
        <ele>113.40000152587890625</ele>
        <time>2026-09-24T16:09:05.000Z</time>
        <extensions>
          <ns3:TrackPointExtension>
            <ns3:atemp>30.0</ns3:atemp>
            <ns3:hr>132</ns3:hr>
            <ns3:cad>80</ns3:cad>
          </ns3:TrackPointExtension>
        </extensions>
      </trkpt>
      <trkpt lat="48.1155643053352832794189453125" lon="-1.21276793070137500762939453125">
        <ele>113.59999847412109375</ele>
        <time>2026-09-24T16:09:06.000Z</time>
        <extensions>
          <ns3:TrackPointExtension>
            <ns3:atemp>30.0</ns3:atemp>
            <ns3:hr>133</ns3:hr>
            <ns3:cad>80</ns3:cad>
          </ns3:TrackPointExtension>
        </extensions>
      </trkpt>
      <trkpt lat="48.11556086875498294830322265625" lon="-1.21280900202691555023193359375">
        <ele>113.59999847412109375</ele>
        <time>2026-09-24T16:09:07.000Z</time>
        <extensions>
          <ns3:TrackPointExtension>
            <ns3:atemp>30.0</ns3:atemp>
            <ns3:hr>134</ns3:hr>
            <ns3:cad>80</ns3:cad>
          </ns3:TrackPointExtension>
        </extensions>
      </trkpt>
      <trkpt lat="48.11555332504212856292724609375" lon="-1.2128560245037078857421875">
        <ele>113.59999847412109375</ele>
        <time>2026-09-24T16:09:08.000Z</time>
        <extensions>
          <ns3:TrackPointExtension>
            <ns3:atemp>30.0</ns3:atemp>
            <ns3:hr>136</ns3:hr>
            <ns3:cad>81</ns3:cad>
          </ns3:TrackPointExtension>
        </extensions>
      </trkpt>
      <trkpt lat="48.11554209329187870025634765625" lon="-1.212918050587177276611328125">
        <ele>113.59999847412109375</ele>
        <time>2026-09-24T16:09:09.000Z</time>
        <extensions>
          <ns3:TrackPointExtension>
            <ns3:atemp>30.0</ns3:atemp>
            <ns3:hr>139</ns3:hr>
            <ns3:cad>79</ns3:cad>
          </ns3:TrackPointExtension>
        </extensions>
      </trkpt>
      <trkpt lat="48.11552734114229679107666015625" lon="-1.21296389959752559661865234375">
        <ele>113.59999847412109375</ele>
        <time>2026-09-24T16:09:10.000Z</time>
        <extensions>
          <ns3:TrackPointExtension>
            <ns3:atemp>30.0</ns3:atemp>
            <ns3:hr>140</ns3:hr>
            <ns3:cad>79</ns3:cad>
          </ns3:TrackPointExtension>
        </extensions>
      </trkpt>
      <trkpt lat="48.1155123375356197357177734375" lon="-1.21302005834877490997314453125">
        <ele>113.40000152587890625</ele>
        <time>2026-09-24T16:09:11.000Z</time>
        <extensions>
          <ns3:TrackPointExtension>
            <ns3:atemp>30.0</ns3:atemp>
            <ns3:hr>142</ns3:hr>
            <ns3:cad>79</ns3:cad>
          </ns3:TrackPointExtension>
        </extensions>
      </trkpt>
      <trkpt lat="48.115493394434452056884765625" lon="-1.213080994784832000732421875">
        <ele>113.40000152587890625</ele>
        <time>2026-09-24T16:09:12.000Z</time>
        <extensions>
          <ns3:TrackPointExtension>
            <ns3:atemp>30.0</ns3:atemp>
            <ns3:hr>143</ns3:hr>
            <ns3:cad>80</ns3:cad>
          </ns3:TrackPointExtension>
        </extensions>
      </trkpt>
      <trkpt lat="48.11548224650323390960693359375" lon="-1.21313053183257579803466796875">
        <ele>113.40000152587890625</ele>
        <time>2026-09-24T16:09:13.000Z</time>
        <extensions>
          <ns3:TrackPointExtension>
            <ns3:atemp>30.0</ns3:atemp>
            <ns3:hr>144</ns3:hr>
            <ns3:cad>80</ns3:cad>
          </ns3:TrackPointExtension>
        </extensions>
      </trkpt>
      <trkpt lat="48.11546950601041316986083984375" lon="-1.21318182907998561859130859375">
        <ele>113.40000152587890625</ele>
        <time>2026-09-24T16:09:14.000Z</time>
        <extensions>
          <ns3:TrackPointExtension>
            <ns3:atemp>30.0</ns3:atemp>
            <ns3:hr>145</ns3:hr>
            <ns3:cad>80</ns3:cad>
          </ns3:TrackPointExtension>
        </extensions>
      </trkpt>
      <trkpt lat="48.1154513172805309295654296875" lon="-1.213229186832904815673828125">
        <ele>113.1999969482421875</ele>
        <time>2026-09-24T16:09:15.000Z</time>
        <extensions>
          <ns3:TrackPointExtension>
            <ns3:atemp>30.0</ns3:atemp>
            <ns3:hr>145</ns3:hr>
            <ns3:cad>81</ns3:cad>
          </ns3:TrackPointExtension>
        </extensions>
      </trkpt>
      <trkpt lat="48.1154358945786952972412109375" lon="-1.213260702788829803466796875">
        <ele>113.1999969482421875</ele>
        <time>2026-09-24T16:09:16.000Z</time>
        <extensions>
          <ns3:TrackPointExtension>
            <ns3:atemp>30.0</ns3:atemp>
            <ns3:hr>146</ns3:hr>
            <ns3:cad>81</ns3:cad>
          </ns3:TrackPointExtension>
        </extensions>
      </trkpt>
      <trkpt lat="48.11541066505014896392822265625" lon="-1.21329163201153278350830078125">
        <ele>113.1999969482421875</ele>
        <time>2026-09-24T16:09:17.000Z</time>
        <extensions>
          <ns3:TrackPointExtension>
            <ns3:atemp>30.0</ns3:atemp>
            <ns3:hr>146</ns3:hr>
            <ns3:cad>81</ns3:cad>
          </ns3:TrackPointExtension>
        </extensions>
      </trkpt>
      <trkpt lat="48.11537646688520908355712890625" lon="-1.21330730617046356201171875">
        <ele>113</ele>
        <time>2026-09-24T16:09:18.000Z</time>
        <extensions>
          <ns3:TrackPointExtension>
            <ns3:atemp>30.0</ns3:atemp>
            <ns3:hr>146</ns3:hr>
            <ns3:cad>81</ns3:cad>
          </ns3:TrackPointExtension>
        </extensions>
      </trkpt>
      <trkpt lat="48.11535148881375789642333984375" lon="-1.2133225612342357635498046875">
        <ele>112.8000030517578125</ele>
        <time>2026-09-24T16:09:19.000Z</time>
        <extensions>
          <ns3:TrackPointExtension>
            <ns3:atemp>30.0</ns3:atemp>
            <ns3:hr>146</ns3:hr>
            <ns3:cad>81</ns3:cad>
          </ns3:TrackPointExtension>
        </extensions>
      </trkpt>
      <trkpt lat="48.11531812883913516998291015625" lon="-1.2133342958986759185791015625">
        <ele>112.8000030517578125</ele>
        <time>2026-09-24T16:09:20.000Z</time>
        <extensions>
          <ns3:TrackPointExtension>
            <ns3:atemp>30.0</ns3:atemp>
            <ns3:hr>146</ns3:hr>
            <ns3:cad>81</ns3:cad>
          </ns3:TrackPointExtension>
        </extensions>
      </trkpt>
      <trkpt lat="48.115290217101573944091796875" lon="-1.21333857066929340362548828125">
        <ele>112.8000030517578125</ele>
        <time>2026-09-24T16:09:21.000Z</time>
        <extensions>
          <ns3:TrackPointExtension>
            <ns3:atemp>30.0</ns3:atemp>
            <ns3:hr>145</ns3:hr>
            <ns3:cad>81</ns3:cad>
          </ns3:TrackPointExtension>
        </extensions>
      </trkpt>
      <trkpt lat="48.1152608804404735565185546875" lon="-1.2133497186005115509033203125">
        <ele>112.8000030517578125</ele>
        <time>2026-09-24T16:09:22.000Z</time>
        <extensions>
          <ns3:TrackPointExtension>
            <ns3:atemp>30.0</ns3:atemp>
            <ns3:hr>144</ns3:hr>
            <ns3:cad>80</ns3:cad>
          </ns3:TrackPointExtension>
        </extensions>
      </trkpt>
      <trkpt lat="48.11522576026618480682373046875" lon="-1.21335483156144618988037109375">
        <ele>112.8000030517578125</ele>
        <time>2026-09-24T16:09:23.000Z</time>
        <extensions>
          <ns3:TrackPointExtension>
            <ns3:atemp>30.0</ns3:atemp>
            <ns3:hr>142</ns3:hr>
            <ns3:cad>80</ns3:cad>
          </ns3:TrackPointExtension>
        </extensions>
      </trkpt>
      <trkpt lat="48.11520111747086048126220703125" lon="-1.21335801668465137481689453125">
        <ele>113</ele>
        <time>2026-09-24T16:09:24.000Z</time>
        <extensions>
          <ns3:TrackPointExtension>
            <ns3:atemp>30.0</ns3:atemp>
            <ns3:hr>141</ns3:hr>
            <ns3:cad>80</ns3:cad>
          </ns3:TrackPointExtension>
        </extensions>
      </trkpt>
      <trkpt lat="48.11516993679106235504150390625" lon="-1.21336631476879119873046875">
        <ele>113</ele>
        <time>2026-09-24T16:09:25.000Z</time>
        <extensions>
          <ns3:TrackPointExtension>
            <ns3:atemp>30.0</ns3:atemp>
            <ns3:hr>140</ns3:hr>
            <ns3:cad>81</ns3:cad>
          </ns3:TrackPointExtension>
        </extensions>
      </trkpt>
      <trkpt lat="48.115137331187725067138671875" lon="-1.213373355567455291748046875">
        <ele>113.1999969482421875</ele>
        <time>2026-09-24T16:09:26.000Z</time>
        <extensions>
          <ns3:TrackPointExtension>
            <ns3:atemp>30.0</ns3:atemp>
            <ns3:hr>140</ns3:hr>
            <ns3:cad>81</ns3:cad>
          </ns3:TrackPointExtension>
        </extensions>
      </trkpt>
      <trkpt lat="48.1151113472878932952880859375" lon="-1.21337461285293102264404296875">
        <ele>113.1999969482421875</ele>
        <time>2026-09-24T16:09:27.000Z</time>
        <extensions>
          <ns3:TrackPointExtension>
            <ns3:atemp>30.0</ns3:atemp>
            <ns3:hr>140</ns3:hr>
            <ns3:cad>81</ns3:cad>
          </ns3:TrackPointExtension>
        </extensions>
      </trkpt>
      <trkpt lat="48.11508058570325374603271484375" lon="-1.21338064782321453094482421875">
        <ele>113.40000152587890625</ele>
        <time>2026-09-24T16:09:28.000Z</time>
        <extensions>
          <ns3:TrackPointExtension>
            <ns3:atemp>30.0</ns3:atemp>
            <ns3:hr>141</ns3:hr>
            <ns3:cad>80</ns3:cad>
          </ns3:TrackPointExtension>
        </extensions>
      </trkpt>
      <trkpt lat="48.11504454351961612701416015625" lon="-1.21338509023189544677734375">
        <ele>113.40000152587890625</ele>
        <time>2026-09-24T16:09:29.000Z</time>
        <extensions>
          <ns3:TrackPointExtension>
            <ns3:atemp>30.0</ns3:atemp>
            <ns3:hr>141</ns3:hr>
            <ns3:cad>80</ns3:cad>
          </ns3:TrackPointExtension>
        </extensions>
      </trkpt>
      <trkpt lat="48.115016631782054901123046875" lon="-1.21338416822254657745361328125">
        <ele>113.40000152587890625</ele>
        <time>2026-09-24T16:09:30.000Z</time>
        <extensions>
          <ns3:TrackPointExtension>
            <ns3:atemp>30.0</ns3:atemp>
            <ns3:hr>142</ns3:hr>
            <ns3:cad>80</ns3:cad>
          </ns3:TrackPointExtension>
        </extensions>
      </trkpt>
      <trkpt lat="48.11498704366385936737060546875" lon="-1.21338936500251293182373046875">
        <ele>113.40000152587890625</ele>
        <time>2026-09-24T16:09:31.000Z</time>
        <extensions>
          <ns3:TrackPointExtension>
            <ns3:atemp>30.0</ns3:atemp>
            <ns3:hr>142</ns3:hr>
            <ns3:cad>80</ns3:cad>
          </ns3:TrackPointExtension>
        </extensions>
      </trkpt>
      <trkpt lat="48.114948570728302001953125" lon="-1.2133886106312274932861328125">
        <ele>113.1999969482421875</ele>
        <time>2026-09-24T16:09:32.000Z</time>
        <extensions>
          <ns3:TrackPointExtension>
            <ns3:atemp>30.0</ns3:atemp>
            <ns3:hr>143</ns3:hr>
            <ns3:cad>80</ns3:cad>
          </ns3:TrackPointExtension>
        </extensions>
      </trkpt>
      <trkpt lat="48.114918731153011322021484375" lon="-1.2133852578699588775634765625">
        <ele>113.40000152587890625</ele>
        <time>2026-09-24T16:09:33.000Z</time>
        <extensions>
          <ns3:TrackPointExtension>
            <ns3:atemp>30.0</ns3:atemp>
            <ns3:hr>144</ns3:hr>
            <ns3:cad>80</ns3:cad>
          </ns3:TrackPointExtension>
        </extensions>
      </trkpt>
      <trkpt lat="48.11488755047321319580078125" lon="-1.2133922986686229705810546875">
        <ele>113.40000152587890625</ele>
        <time>2026-09-24T16:09:34.000Z</time>
        <extensions>
          <ns3:TrackPointExtension>
            <ns3:atemp>30.0</ns3:atemp>
            <ns3:hr>144</ns3:hr>
            <ns3:cad>80</ns3:cad>
          </ns3:TrackPointExtension>
        </extensions>
      </trkpt>
      <trkpt lat="48.1148506700992584228515625" lon="-1.21341166086494922637939453125">
        <ele>113.40000152587890625</ele>
        <time>2026-09-24T16:09:35.000Z</time>
        <extensions>
          <ns3:TrackPointExtension>
            <ns3:atemp>30.0</ns3:atemp>
            <ns3:hr>145</ns3:hr>
            <ns3:cad>79</ns3:cad>
          </ns3:TrackPointExtension>
        </extensions>
      </trkpt>
      <trkpt lat="48.114827536046504974365234375" lon="-1.21342859230935573577880859375">
        <ele>113.59999847412109375</ele>
        <time>2026-09-24T16:09:36.000Z</time>
        <extensions>
          <ns3:TrackPointExtension>
            <ns3:atemp>30.0</ns3:atemp>
            <ns3:hr>145</ns3:hr>
            <ns3:cad>79</ns3:cad>
          </ns3:TrackPointExtension>
        </extensions>
      </trkpt>
      <trkpt lat="48.114807419478893280029296875" lon="-1.21345843188464641571044921875">
        <ele>113.8000030517578125</ele>
        <time>2026-09-24T16:09:37.000Z</time>
        <extensions>
          <ns3:TrackPointExtension>
            <ns3:atemp>30.0</ns3:atemp>
            <ns3:hr>145</ns3:hr>
            <ns3:cad>79</ns3:cad>
          </ns3:TrackPointExtension>
        </extensions>
      </trkpt>
      <trkpt lat="48.11478956602513790130615234375" lon="-1.2135093100368976593017578125">
        <ele>113.8000030517578125</ele>
        <time>2026-09-24T16:09:38.000Z</time>
        <extensions>
          <ns3:TrackPointExtension>
            <ns3:atemp>30.0</ns3:atemp>
            <ns3:hr>145</ns3:hr>
            <ns3:cad>80</ns3:cad>
          </ns3:TrackPointExtension>
        </extensions>
      </trkpt>
      <trkpt lat="48.11478168703615665435791015625" lon="-1.2135502137243747711181640625">
        <ele>114</ele>
        <time>2026-09-24T16:09:39.000Z</time>
        <extensions>
          <ns3:TrackPointExtension>
            <ns3:atemp>30.0</ns3:atemp>
            <ns3:hr>145</ns3:hr>
            <ns3:cad>80</ns3:cad>
          </ns3:TrackPointExtension>
        </extensions>
      </trkpt>
      <trkpt lat="48.11478017829358577728271484375" lon="-1.2135978229343891143798828125">
        <ele>114</ele>
        <time>2026-09-24T16:09:40.000Z</time>
        <extensions>
          <ns3:TrackPointExtension>
            <ns3:atemp>30.0</ns3:atemp>
            <ns3:hr>145</ns3:hr>
            <ns3:cad>80</ns3:cad>
          </ns3:TrackPointExtension>
        </extensions>
      </trkpt>
      <trkpt lat="48.11478487215936183929443359375" lon="-1.21365423314273357391357421875">
        <ele>114</ele>
        <time>2026-09-24T16:09:41.000Z</time>
        <extensions>
          <ns3:TrackPointExtension>
            <ns3:atemp>30.0</ns3:atemp>
            <ns3:hr>145</ns3:hr>
            <ns3:cad>81</ns3:cad>
          </ns3:TrackPointExtension>
        </extensions>
      </trkpt>
      <trkpt lat="48.11479526571929454803466796875" lon="-1.21369463391602039337158203125">
        <ele>114</ele>
        <time>2026-09-24T16:09:42.000Z</time>
        <extensions>
          <ns3:TrackPointExtension>
            <ns3:atemp>30.0</ns3:atemp>
            <ns3:hr>145</ns3:hr>
            <ns3:cad>81</ns3:cad>
          </ns3:TrackPointExtension>
        </extensions>
      </trkpt>
      <trkpt lat="48.11480113305151462554931640625" lon="-1.21374182403087615966796875">
        <ele>114</ele>
        <time>2026-09-24T16:09:43.000Z</time>
        <extensions>
          <ns3:TrackPointExtension>
            <ns3:atemp>30.0</ns3:atemp>
            <ns3:hr>145</ns3:hr>
            <ns3:cad>81</ns3:cad>
          </ns3:TrackPointExtension>
        </extensions>
      </trkpt>
      <trkpt lat="48.1148052401840686798095703125" lon="-1.2138020060956478118896484375">
        <ele>114</ele>
        <time>2026-09-24T16:09:44.000Z</time>
        <extensions>
          <ns3:TrackPointExtension>
            <ns3:atemp>30.0</ns3:atemp>
            <ns3:hr>145</ns3:hr>
            <ns3:cad>80</ns3:cad>
          </ns3:TrackPointExtension>
        </extensions>
      </trkpt>
      <trkpt lat="48.1148131191730499267578125" lon="-1.2138422392308712005615234375">
        <ele>113.8000030517578125</ele>
        <time>2026-09-24T16:09:45.000Z</time>
        <extensions>
          <ns3:TrackPointExtension>
            <ns3:atemp>30.0</ns3:atemp>
            <ns3:hr>146</ns3:hr>
            <ns3:cad>80</ns3:cad>
          </ns3:TrackPointExtension>
        </extensions>
      </trkpt>
      <trkpt lat="48.1148213334381580352783203125" lon="-1.21389546431601047515869140625">
        <ele>113.8000030517578125</ele>
        <time>2026-09-24T16:09:46.000Z</time>
        <extensions>
          <ns3:TrackPointExtension>
            <ns3:atemp>30.0</ns3:atemp>
            <ns3:hr>146</ns3:hr>
            <ns3:cad>80</ns3:cad>
          </ns3:TrackPointExtension>
        </extensions>
      </trkpt>
      <trkpt lat="48.1148240156471729278564453125" lon="-1.2139458395540714263916015625">
        <ele>113.8000030517578125</ele>
        <time>2026-09-24T16:09:47.000Z</time>
        <extensions>
          <ns3:TrackPointExtension>
            <ns3:atemp>30.0</ns3:atemp>
            <ns3:hr>146</ns3:hr>
            <ns3:cad>80</ns3:cad>
          </ns3:TrackPointExtension>
        </extensions>
      </trkpt>
      <trkpt lat="48.11482451856136322021484375" lon="-1.21397978626191616058349609375">
        <ele>113.59999847412109375</ele>
        <time>2026-09-24T16:09:48.000Z</time>
        <extensions>
          <ns3:TrackPointExtension>
            <ns3:atemp>30.0</ns3:atemp>
            <ns3:hr>146</ns3:hr>
            <ns3:cad>80</ns3:cad>
          </ns3:TrackPointExtension>
        </extensions>
      </trkpt>
      <trkpt lat="48.1148176454007625579833984375" lon="-1.2140185944736003875732421875">
        <ele>113.59999847412109375</ele>
        <time>2026-09-24T16:09:49.000Z</time>
        <extensions>
          <ns3:TrackPointExtension>
            <ns3:atemp>30.0</ns3:atemp>
            <ns3:hr>147</ns3:hr>
            <ns3:cad>80</ns3:cad>
          </ns3:TrackPointExtension>
        </extensions>
      </trkpt>
      <trkpt lat="48.11479962430894374847412109375" lon="-1.2140571512281894683837890625">
        <ele>113.59999847412109375</ele>
        <time>2026-09-24T16:09:50.000Z</time>
        <extensions>
          <ns3:TrackPointExtension>
            <ns3:atemp>30.0</ns3:atemp>
            <ns3:hr>147</ns3:hr>
            <ns3:cad>80</ns3:cad>
          </ns3:TrackPointExtension>
        </extensions>
      </trkpt>
      <trkpt lat="48.11478889547288417816162109375" lon="-1.21409176848828792572021484375">
        <ele>113.59999847412109375</ele>
        <time>2026-09-24T16:09:51.000Z</time>
        <extensions>
          <ns3:TrackPointExtension>
            <ns3:atemp>30.0</ns3:atemp>
            <ns3:hr>147</ns3:hr>
            <ns3:cad>80</ns3:cad>
          </ns3:TrackPointExtension>
        </extensions>
      </trkpt>
      <trkpt lat="48.11477095820009708404541015625" lon="-1.2141287326812744140625">
        <ele>113.8000030517578125</ele>
        <time>2026-09-24T16:09:52.000Z</time>
        <extensions>
          <ns3:TrackPointExtension>
            <ns3:atemp>30.0</ns3:atemp>
            <ns3:hr>147</ns3:hr>
            <ns3:cad>80</ns3:cad>
          </ns3:TrackPointExtension>
        </extensions>
      </trkpt>
      <trkpt lat="48.11474882997572422027587890625" lon="-1.21416066773235797882080078125">
        <ele>113.8000030517578125</ele>
        <time>2026-09-24T16:09:53.000Z</time>
        <extensions>
          <ns3:TrackPointExtension>
            <ns3:atemp>30.0</ns3:atemp>
            <ns3:hr>148</ns3:hr>
            <ns3:cad>81</ns3:cad>
          </ns3:TrackPointExtension>
        </extensions>
      </trkpt>
      <trkpt lat="48.11473340727388858795166015625" lon="-1.214184723794460296630859375">
        <ele>113.8000030517578125</ele>
        <time>2026-09-24T16:09:54.000Z</time>
        <extensions>
          <ns3:TrackPointExtension>
            <ns3:atemp>30.0</ns3:atemp>
            <ns3:hr>148</ns3:hr>
            <ns3:cad>81</ns3:cad>
          </ns3:TrackPointExtension>
        </extensions>
      </trkpt>
      <trkpt lat="48.11470641754567623138427734375" lon="-1.2142013199627399444580078125">
        <ele>113.59999847412109375</ele>
        <time>2026-09-24T16:09:55.000Z</time>
        <extensions>
          <ns3:TrackPointExtension>
            <ns3:atemp>30.0</ns3:atemp>
            <ns3:hr>149</ns3:hr>
            <ns3:cad>81</ns3:cad>
          </ns3:TrackPointExtension>
        </extensions>
      </trkpt>
      <trkpt lat="48.11467297375202178955078125" lon="-1.21421028859913349151611328125">
        <ele>113.59999847412109375</ele>
        <time>2026-09-24T16:09:56.000Z</time>
        <extensions>
          <ns3:TrackPointExtension>
            <ns3:atemp>30.0</ns3:atemp>
            <ns3:hr>151</ns3:hr>
            <ns3:cad>80</ns3:cad>
          </ns3:TrackPointExtension>
        </extensions>
      </trkpt>
      <trkpt lat="48.1146495044231414794921875" lon="-1.214219592511653900146484375">
        <ele>113.8000030517578125</ele>
        <time>2026-09-24T16:09:57.000Z</time>
        <extensions>
          <ns3:TrackPointExtension>
            <ns3:atemp>30.0</ns3:atemp>
            <ns3:hr>152</ns3:hr>
            <ns3:cad>80</ns3:cad>
          </ns3:TrackPointExtension>
        </extensions>
      </trkpt>
      <trkpt lat="48.1146173179149627685546875" lon="-1.214226298034191131591796875">
        <ele>113.8000030517578125</ele>
        <time>2026-09-24T16:09:58.000Z</time>
        <extensions>
          <ns3:TrackPointExtension>
            <ns3:atemp>30.0</ns3:atemp>
            <ns3:hr>153</ns3:hr>
            <ns3:cad>80</ns3:cad>
          </ns3:TrackPointExtension>
        </extensions>
      </trkpt>
      <trkpt lat="48.11458789743483066558837890625" lon="-1.21423962526023387908935546875">
        <ele>113.8000030517578125</ele>
        <time>2026-09-24T16:09:59.000Z</time>
        <extensions>
          <ns3:TrackPointExtension>
            <ns3:atemp>30.0</ns3:atemp>
            <ns3:hr>153</ns3:hr>
            <ns3:cad>79</ns3:cad>
          </ns3:TrackPointExtension>
        </extensions>
      </trkpt>
      <trkpt lat="48.1145658530294895172119140625" lon="-1.21425739489495754241943359375">
        <ele>114</ele>
        <time>2026-09-24T16:10:00.000Z</time>
        <extensions>
          <ns3:TrackPointExtension>
            <ns3:atemp>30.0</ns3:atemp>
            <ns3:hr>152</ns3:hr>
            <ns3:cad>79</ns3:cad>
          </ns3:TrackPointExtension>
        </extensions>
      </trkpt>
      <trkpt lat="48.1145390309393405914306640625" lon="-1.214271895587444305419921875">
        <ele>114</ele>
        <time>2026-09-24T16:10:01.000Z</time>
        <extensions>
          <ns3:TrackPointExtension>
            <ns3:atemp>30.0</ns3:atemp>
            <ns3:hr>152</ns3:hr>
            <ns3:cad>79</ns3:cad>
          </ns3:TrackPointExtension>
        </extensions>
      </trkpt>
      <trkpt lat="48.11450726352632045745849609375" lon="-1.214276589453220367431640625">
        <ele>114</ele>
        <time>2026-09-24T16:10:02.000Z</time>
        <extensions>
          <ns3:TrackPointExtension>
            <ns3:atemp>30.0</ns3:atemp>
            <ns3:hr>152</ns3:hr>
            <ns3:cad>80</ns3:cad>
          </ns3:TrackPointExtension>
        </extensions>
      </trkpt>
      <trkpt lat="48.11448228545486927032470703125" lon="-1.214283965528011322021484375">
        <ele>114.1999969482421875</ele>
        <time>2026-09-24T16:10:03.000Z</time>
        <extensions>
          <ns3:TrackPointExtension>
            <ns3:atemp>30.0</ns3:atemp>
            <ns3:hr>152</ns3:hr>
            <ns3:cad>80</ns3:cad>
          </ns3:TrackPointExtension>
        </extensions>
      </trkpt>
      <trkpt lat="48.11444909311830997467041015625" lon="-1.21428321115672588348388671875">
        <ele>114.1999969482421875</ele>
        <time>2026-09-24T16:10:04.000Z</time>
        <extensions>
          <ns3:TrackPointExtension>
            <ns3:atemp>30.0</ns3:atemp>
            <ns3:hr>152</ns3:hr>
            <ns3:cad>80</ns3:cad>
          </ns3:TrackPointExtension>
        </extensions>
      </trkpt>
      <trkpt lat="48.11442243866622447967529296875" lon="-1.21428220532834529876708984375">
        <ele>114.1999969482421875</ele>
        <time>2026-09-24T16:10:05.000Z</time>
        <extensions>
          <ns3:TrackPointExtension>
            <ns3:atemp>30.0</ns3:atemp>
            <ns3:hr>152</ns3:hr>
            <ns3:cad>80</ns3:cad>
          </ns3:TrackPointExtension>
        </extensions>
      </trkpt>
      <trkpt lat="48.114396035671234130859375" lon="-1.2142883241176605224609375">
        <ele>114.1999969482421875</ele>
        <time>2026-09-24T16:10:06.000Z</time>
        <extensions>
          <ns3:TrackPointExtension>
            <ns3:atemp>30.0</ns3:atemp>
            <ns3:hr>153</ns3:hr>
            <ns3:cad>81</ns3:cad>
          </ns3:TrackPointExtension>
        </extensions>
      </trkpt>
      <trkpt lat="48.11435990966856479644775390625" lon="-1.21429746039211750030517578125">
        <ele>114.40000152587890625</ele>
        <time>2026-09-24T16:10:07.000Z</time>
        <extensions>
          <ns3:TrackPointExtension>
            <ns3:atemp>30.0</ns3:atemp>
            <ns3:hr>153</ns3:hr>
            <ns3:cad>81</ns3:cad>
          </ns3:TrackPointExtension>
        </extensions>
      </trkpt>
      <trkpt lat="48.11433778144419193267822265625" lon="-1.21430575847625732421875">
        <ele>114.40000152587890625</ele>
        <time>2026-09-24T16:10:08.000Z</time>
        <extensions>
          <ns3:TrackPointExtension>
            <ns3:atemp>30.0</ns3:atemp>
            <ns3:hr>153</ns3:hr>
            <ns3:cad>81</ns3:cad>
          </ns3:TrackPointExtension>
        </extensions>
      </trkpt>
      <trkpt lat="48.1143130548298358917236328125" lon="-1.21431154198944568634033203125">
        <ele>114.40000152587890625</ele>
        <time>2026-09-24T16:10:09.000Z</time>
        <extensions>
          <ns3:TrackPointExtension>
            <ns3:atemp>30.0</ns3:atemp>
            <ns3:hr>154</ns3:hr>
            <ns3:cad>81</ns3:cad>
          </ns3:TrackPointExtension>
        </extensions>
      </trkpt>
      <trkpt lat="48.1142825447022914886474609375" lon="-1.2143149785697460174560546875">
        <ele>114.59999847412109375</ele>
        <time>2026-09-24T16:10:10.000Z</time>
        <extensions>
          <ns3:TrackPointExtension>
            <ns3:atemp>30.0</ns3:atemp>
            <ns3:hr>154</ns3:hr>
            <ns3:cad>81</ns3:cad>
          </ns3:TrackPointExtension>
        </extensions>
      </trkpt>
      <trkpt lat="48.1142579019069671630859375" lon="-1.214317493140697479248046875">
        <ele>114.59999847412109375</ele>
        <time>2026-09-24T16:10:11.000Z</time>
        <extensions>
          <ns3:TrackPointExtension>
            <ns3:atemp>30.0</ns3:atemp>
            <ns3:hr>155</ns3:hr>
            <ns3:cad>81</ns3:cad>
          </ns3:TrackPointExtension>
        </extensions>
      </trkpt>
      <trkpt lat="48.1142366118729114532470703125" lon="-1.21433132328093051910400390625">
        <ele>114.59999847412109375</ele>
        <time>2026-09-24T16:10:12.000Z</time>
        <extensions>
          <ns3:TrackPointExtension>
            <ns3:atemp>30.0</ns3:atemp>
            <ns3:hr>156</ns3:hr>
            <ns3:cad>81</ns3:cad>
          </ns3:TrackPointExtension>
        </extensions>
      </trkpt>
      <trkpt lat="48.1142057664692401885986328125" lon="-1.21433920226991176605224609375">
        <ele>114.59999847412109375</ele>
        <time>2026-09-24T16:10:13.000Z</time>
        <extensions>
          <ns3:TrackPointExtension>
            <ns3:atemp>30.0</ns3:atemp>
            <ns3:hr>156</ns3:hr>
            <ns3:cad>81</ns3:cad>
          </ns3:TrackPointExtension>
        </extensions>
      </trkpt>
      <trkpt lat="48.11417852528393268585205078125" lon="-1.21435026638209819793701171875">
        <ele>114.59999847412109375</ele>
        <time>2026-09-24T16:10:14.000Z</time>
        <extensions>
          <ns3:TrackPointExtension>
            <ns3:atemp>30.0</ns3:atemp>
            <ns3:hr>156</ns3:hr>
            <ns3:cad>79</ns3:cad>
          </ns3:TrackPointExtension>
        </extensions>
      </trkpt>
      <trkpt lat="48.1141506135463714599609375" lon="-1.2143632583320140838623046875">
        <ele>114.59999847412109375</ele>
        <time>2026-09-24T16:10:15.000Z</time>
        <extensions>
          <ns3:TrackPointExtension>
            <ns3:atemp>30.0</ns3:atemp>
            <ns3:hr>156</ns3:hr>
            <ns3:cad>79</ns3:cad>
          </ns3:TrackPointExtension>
        </extensions>
      </trkpt>
      <trkpt lat="48.1141130626201629638671875" lon="-1.2143770046532154083251953125">
        <ele>114.59999847412109375</ele>
        <time>2026-09-24T16:10:16.000Z</time>
        <extensions>
          <ns3:TrackPointExtension>
            <ns3:atemp>30.0</ns3:atemp>
            <ns3:hr>157</ns3:hr>
            <ns3:cad>78</ns3:cad>
          </ns3:TrackPointExtension>
        </extensions>
      </trkpt>
      <trkpt lat="48.11408422887325286865234375" lon="-1.21438748203217983245849609375">
        <ele>114.59999847412109375</ele>
        <time>2026-09-24T16:10:17.000Z</time>
        <extensions>
          <ns3:TrackPointExtension>
            <ns3:atemp>30.0</ns3:atemp>
            <ns3:hr>156</ns3:hr>
            <ns3:cad>78</ns3:cad>
          </ns3:TrackPointExtension>
        </extensions>
      </trkpt>
      <trkpt lat="48.11405816115438938140869140625" lon="-1.21440055780112743377685546875">
        <ele>114.8000030517578125</ele>
        <time>2026-09-24T16:10:18.000Z</time>
        <extensions>
          <ns3:TrackPointExtension>
            <ns3:atemp>30.0</ns3:atemp>
            <ns3:hr>156</ns3:hr>
            <ns3:cad>79</ns3:cad>
          </ns3:TrackPointExtension>
        </extensions>
      </trkpt>
      <trkpt lat="48.11402949504554271697998046875" lon="-1.2144125439226627349853515625">
        <ele>114.8000030517578125</ele>
        <time>2026-09-24T16:10:19.000Z</time>
        <extensions>
          <ns3:TrackPointExtension>
            <ns3:atemp>30.0</ns3:atemp>
            <ns3:hr>156</ns3:hr>
            <ns3:cad>79</ns3:cad>
          </ns3:TrackPointExtension>
        </extensions>
      </trkpt>
      <trkpt lat="48.11400384642183780670166015625" lon="-1.21441916562616825103759765625">
        <ele>114.8000030517578125</ele>
        <time>2026-09-24T16:10:20.000Z</time>
        <extensions>
          <ns3:TrackPointExtension>
            <ns3:atemp>30.0</ns3:atemp>
            <ns3:hr>155</ns3:hr>
            <ns3:cad>79</ns3:cad>
          </ns3:TrackPointExtension>
        </extensions>
      </trkpt>
      <trkpt lat="48.11398230493068695068359375" lon="-1.21442838571965694427490234375">
        <ele>114.8000030517578125</ele>
        <time>2026-09-24T16:10:21.000Z</time>
        <extensions>
          <ns3:TrackPointExtension>
            <ns3:atemp>30.0</ns3:atemp>
            <ns3:hr>155</ns3:hr>
            <ns3:cad>79</ns3:cad>
          </ns3:TrackPointExtension>
        </extensions>
      </trkpt>
      <trkpt lat="48.11395271681249141693115234375" lon="-1.21443877927958965301513671875">
        <ele>114.8000030517578125</ele>
        <time>2026-09-24T16:10:22.000Z</time>
        <extensions>
          <ns3:TrackPointExtension>
            <ns3:atemp>30.0</ns3:atemp>
            <ns3:hr>155</ns3:hr>
            <ns3:cad>80</ns3:cad>
          </ns3:TrackPointExtension>
        </extensions>
      </trkpt>
      <trkpt lat="48.11392572708427906036376953125" lon="-1.21445286087691783905029296875">
        <ele>115</ele>
        <time>2026-09-24T16:10:23.000Z</time>
        <extensions>
          <ns3:TrackPointExtension>
            <ns3:atemp>30.0</ns3:atemp>
            <ns3:hr>156</ns3:hr>
            <ns3:cad>80</ns3:cad>
          </ns3:TrackPointExtension>
        </extensions>
      </trkpt>
      <trkpt lat="48.11390913091599941253662109375" lon="-1.2144692055881023406982421875">
        <ele>115</ele>
        <time>2026-09-24T16:10:24.000Z</time>
        <extensions>
          <ns3:TrackPointExtension>
            <ns3:atemp>30.0</ns3:atemp>
            <ns3:hr>155</ns3:hr>
            <ns3:cad>80</ns3:cad>
          </ns3:TrackPointExtension>
        </extensions>
      </trkpt>
      <trkpt lat="48.11387836933135986328125" lon="-1.21447716839611530303955078125">
        <ele>115</ele>
        <time>2026-09-24T16:10:25.000Z</time>
        <extensions>
          <ns3:TrackPointExtension>
            <ns3:atemp>30.0</ns3:atemp>
            <ns3:hr>155</ns3:hr>
            <ns3:cad>80</ns3:cad>
          </ns3:TrackPointExtension>
        </extensions>
      </trkpt>
      <trkpt lat="48.11384878121316432952880859375" lon="-1.214485801756381988525390625">
        <ele>115</ele>
        <time>2026-09-24T16:10:26.000Z</time>
        <extensions>
          <ns3:TrackPointExtension>
            <ns3:atemp>30.0</ns3:atemp>
            <ns3:hr>156</ns3:hr>
            <ns3:cad>79</ns3:cad>
          </ns3:TrackPointExtension>
        </extensions>
      </trkpt>
      <trkpt lat="48.11382472515106201171875" lon="-1.2145003862679004669189453125">
        <ele>115.1999969482421875</ele>
        <time>2026-09-24T16:10:27.000Z</time>
        <extensions>
          <ns3:TrackPointExtension>
            <ns3:atemp>30.0</ns3:atemp>
            <ns3:hr>155</ns3:hr>
            <ns3:cad>79</ns3:cad>
          </ns3:TrackPointExtension>
        </extensions>
      </trkpt>
      <trkpt lat="48.11379631049931049346923828125" lon="-1.2145060859620571136474609375">
        <ele>115.1999969482421875</ele>
        <time>2026-09-24T16:10:28.000Z</time>
        <extensions>
          <ns3:TrackPointExtension>
            <ns3:atemp>30.0</ns3:atemp>
            <ns3:hr>155</ns3:hr>
            <ns3:cad>79</ns3:cad>
          </ns3:TrackPointExtension>
        </extensions>
      </trkpt>
      <trkpt lat="48.1137709133327007293701171875" lon="-1.2145225144922733306884765625">
        <ele>115.1999969482421875</ele>
        <time>2026-09-24T16:10:29.000Z</time>
        <extensions>
          <ns3:TrackPointExtension>
            <ns3:atemp>30.0</ns3:atemp>
            <ns3:hr>155</ns3:hr>
            <ns3:cad>80</ns3:cad>
          </ns3:TrackPointExtension>
        </extensions>
      </trkpt>
      <trkpt lat="48.11375272460281848907470703125" lon="-1.2145404517650604248046875">
        <ele>115.40000152587890625</ele>
        <time>2026-09-24T16:10:30.000Z</time>
        <extensions>
          <ns3:TrackPointExtension>
            <ns3:atemp>30.0</ns3:atemp>
            <ns3:hr>156</ns3:hr>
            <ns3:cad>80</ns3:cad>
          </ns3:TrackPointExtension>
        </extensions>
      </trkpt>
      <trkpt lat="48.11372959055006504058837890625" lon="-1.2145597301423549652099609375">
        <ele>115.59999847412109375</ele>
        <time>2026-09-24T16:10:31.000Z</time>
        <extensions>
          <ns3:TrackPointExtension>
            <ns3:atemp>30.0</ns3:atemp>
            <ns3:hr>155</ns3:hr>
            <ns3:cad>80</ns3:cad>
          </ns3:TrackPointExtension>
        </extensions>
      </trkpt>
      <trkpt lat="48.11370695941150188446044921875" lon="-1.2145687825977802276611328125">
        <ele>115.59999847412109375</ele>
        <time>2026-09-24T16:10:32.000Z</time>
        <extensions>
          <ns3:TrackPointExtension>
            <ns3:atemp>30.0</ns3:atemp>
            <ns3:hr>155</ns3:hr>
            <ns3:cad>79</ns3:cad>
          </ns3:TrackPointExtension>
        </extensions>
      </trkpt>
      <trkpt lat="48.1136830709874629974365234375" lon="-1.214579008519649505615234375">
        <ele>115.59999847412109375</ele>
        <time>2026-09-24T16:10:33.000Z</time>
        <extensions>
          <ns3:TrackPointExtension>
            <ns3:atemp>30.0</ns3:atemp>
            <ns3:hr>155</ns3:hr>
            <ns3:cad>79</ns3:cad>
          </ns3:TrackPointExtension>
        </extensions>
      </trkpt>
      <trkpt lat="48.113660775125026702880859375" lon="-1.2145798467099666595458984375">
        <ele>115.8000030517578125</ele>
        <time>2026-09-24T16:10:34.000Z</time>
        <extensions>
          <ns3:TrackPointExtension>
            <ns3:atemp>30.0</ns3:atemp>
            <ns3:hr>155</ns3:hr>
            <ns3:cad>79</ns3:cad>
          </ns3:TrackPointExtension>
        </extensions>
      </trkpt>
      <trkpt lat="48.11363051645457744598388671875" lon="-1.21457775123417377471923828125">
        <ele>115.59999847412109375</ele>
        <time>2026-09-24T16:10:35.000Z</time>
        <extensions>
          <ns3:TrackPointExtension>
            <ns3:atemp>30.0</ns3:atemp>
            <ns3:hr>154</ns3:hr>
            <ns3:cad>79</ns3:cad>
          </ns3:TrackPointExtension>
        </extensions>
      </trkpt>
      <trkpt lat="48.11360436491668224334716796875" lon="-1.21458940207958221435546875">
        <ele>115.59999847412109375</ele>
        <time>2026-09-24T16:10:36.000Z</time>
        <extensions>
          <ns3:TrackPointExtension>
            <ns3:atemp>30.0</ns3:atemp>
            <ns3:hr>154</ns3:hr>
            <ns3:cad>79</ns3:cad>
          </ns3:TrackPointExtension>
        </extensions>
      </trkpt>
      <trkpt lat="48.11357419006526470184326171875" lon="-1.2145966105163097381591796875">
        <ele>115.59999847412109375</ele>
        <time>2026-09-24T16:10:37.000Z</time>
        <extensions>
          <ns3:TrackPointExtension>
            <ns3:atemp>30.0</ns3:atemp>
            <ns3:hr>154</ns3:hr>
            <ns3:cad>81</ns3:cad>
          </ns3:TrackPointExtension>
        </extensions>
      </trkpt>
      <trkpt lat="48.11354636214673519134521484375" lon="-1.21460407041013240814208984375">
        <ele>115.59999847412109375</ele>
        <time>2026-09-24T16:10:38.000Z</time>
        <extensions>
          <ns3:TrackPointExtension>
            <ns3:atemp>30.0</ns3:atemp>
            <ns3:hr>154</ns3:hr>
            <ns3:cad>81</ns3:cad>
          </ns3:TrackPointExtension>
        </extensions>
      </trkpt>
      <trkpt lat="48.11352205462753772735595703125" lon="-1.21461488306522369384765625">
        <ele>115.40000152587890625</ele>
        <time>2026-09-24T16:10:39.000Z</time>
        <extensions>
          <ns3:TrackPointExtension>
            <ns3:atemp>30.0</ns3:atemp>
            <ns3:hr>153</ns3:hr>
            <ns3:cad>81</ns3:cad>
          </ns3:TrackPointExtension>
        </extensions>
      </trkpt>
      <trkpt lat="48.11349104158580303192138671875" lon="-1.214620582759380340576171875">
        <ele>115.59999847412109375</ele>
        <time>2026-09-24T16:10:40.000Z</time>
        <extensions>
          <ns3:TrackPointExtension>
            <ns3:atemp>30.0</ns3:atemp>
            <ns3:hr>153</ns3:hr>
            <ns3:cad>80</ns3:cad>
          </ns3:TrackPointExtension>
        </extensions>
      </trkpt>
      <trkpt lat="48.11346304602921009063720703125" lon="-1.214630305767059326171875">
        <ele>115.59999847412109375</ele>
        <time>2026-09-24T16:10:41.000Z</time>
        <extensions>
          <ns3:TrackPointExtension>
            <ns3:atemp>30.0</ns3:atemp>
            <ns3:hr>153</ns3:hr>
            <ns3:cad>80</ns3:cad>
          </ns3:TrackPointExtension>
        </extensions>
      </trkpt>
      <trkpt lat="48.11343907378613948822021484375" lon="-1.2146462313830852508544921875">
        <ele>115.59999847412109375</ele>
        <time>2026-09-24T16:10:42.000Z</time>
        <extensions>
          <ns3:TrackPointExtension>
            <ns3:atemp>30.0</ns3:atemp>
            <ns3:hr>153</ns3:hr>
            <ns3:cad>80</ns3:cad>
          </ns3:TrackPointExtension>
        </extensions>
      </trkpt>
      <trkpt lat="48.11340470798313617706298828125" lon="-1.2146579660475254058837890625">
        <ele>115.59999847412109375</ele>
        <time>2026-09-24T16:10:43.000Z</time>
        <extensions>
          <ns3:TrackPointExtension>
            <ns3:atemp>30.0</ns3:atemp>
            <ns3:hr>153</ns3:hr>
            <ns3:cad>79</ns3:cad>
          </ns3:TrackPointExtension>
        </extensions>
      </trkpt>
      <trkpt lat="48.113376460969448089599609375" lon="-1.21467095799744129180908203125">
        <ele>115.59999847412109375</ele>
        <time>2026-09-24T16:10:44.000Z</time>
        <extensions>
          <ns3:TrackPointExtension>
            <ns3:atemp>30.0</ns3:atemp>
            <ns3:hr>154</ns3:hr>
            <ns3:cad>79</ns3:cad>
          </ns3:TrackPointExtension>
        </extensions>
      </trkpt>
      <trkpt lat="48.1133504770696163177490234375" lon="-1.2146821059286594390869140625">
        <ele>115.8000030517578125</ele>
        <time>2026-09-24T16:10:45.000Z</time>
        <extensions>
          <ns3:TrackPointExtension>
            <ns3:atemp>30.0</ns3:atemp>
            <ns3:hr>154</ns3:hr>
            <ns3:cad>79</ns3:cad>
          </ns3:TrackPointExtension>
        </extensions>
      </trkpt>
      <trkpt lat="48.113324828445911407470703125" lon="-1.21469073928892612457275390625">
        <ele>115.8000030517578125</ele>
        <time>2026-09-24T16:10:46.000Z</time>
        <extensions>
          <ns3:TrackPointExtension>
            <ns3:atemp>30.0</ns3:atemp>
            <ns3:hr>154</ns3:hr>
            <ns3:cad>79</ns3:cad>
          </ns3:TrackPointExtension>
        </extensions>
      </trkpt>
      <trkpt lat="48.11329574324190616607666015625" lon="-1.214700043201446533203125">
        <ele>116</ele>
        <time>2026-09-24T16:10:47.000Z</time>
        <extensions>
          <ns3:TrackPointExtension>
            <ns3:atemp>30.0</ns3:atemp>
            <ns3:hr>154</ns3:hr>
            <ns3:cad>80</ns3:cad>
          </ns3:TrackPointExtension>
        </extensions>
      </trkpt>
      <trkpt lat="48.11327864415943622589111328125" lon="-1.21471404097974300384521484375">
        <ele>116.1999969482421875</ele>
        <time>2026-09-24T16:10:48.000Z</time>
        <extensions>
          <ns3:TrackPointExtension>
            <ns3:atemp>30.0</ns3:atemp>
            <ns3:hr>154</ns3:hr>
            <ns3:cad>80</ns3:cad>
          </ns3:TrackPointExtension>
        </extensions>
      </trkpt>
      <trkpt lat="48.11325266025960445404052734375" lon="-1.21472217142581939697265625">
        <ele>116.1999969482421875</ele>
        <time>2026-09-24T16:10:49.000Z</time>
        <extensions>
          <ns3:TrackPointExtension>
            <ns3:atemp>30.0</ns3:atemp>
            <ns3:hr>154</ns3:hr>
            <ns3:cad>79</ns3:cad>
          </ns3:TrackPointExtension>
        </extensions>
      </trkpt>
      <trkpt lat="48.11322852037847042083740234375" lon="-1.21473801322281360626220703125">
        <ele>116.1999969482421875</ele>
        <time>2026-09-24T16:10:50.000Z</time>
        <extensions>
          <ns3:TrackPointExtension>
            <ns3:atemp>30.0</ns3:atemp>
            <ns3:hr>153</ns3:hr>
            <ns3:cad>79</ns3:cad>
          </ns3:TrackPointExtension>
        </extensions>
      </trkpt>
      <trkpt lat="48.11320907436311244964599609375" lon="-1.214748322963714599609375">
        <ele>116.1999969482421875</ele>
        <time>2026-09-24T16:10:51.000Z</time>
        <extensions>
          <ns3:TrackPointExtension>
            <ns3:atemp>30.0</ns3:atemp>
            <ns3:hr>154</ns3:hr>
            <ns3:cad>79</ns3:cad>
          </ns3:TrackPointExtension>
        </extensions>
      </trkpt>
      <trkpt lat="48.11319348402321338653564453125" lon="-1.2147588841617107391357421875">
        <ele>116.1999969482421875</ele>
        <time>2026-09-24T16:10:52.000Z</time>
        <extensions>
          <ns3:TrackPointExtension>
            <ns3:atemp>30.0</ns3:atemp>
            <ns3:hr>154</ns3:hr>
            <ns3:cad>78</ns3:cad>
          </ns3:TrackPointExtension>
        </extensions>
      </trkpt>
      <trkpt lat="48.11316599138081073760986328125" lon="-1.2147716246545314788818359375">
        <ele>116.1999969482421875</ele>
        <time>2026-09-24T16:10:53.000Z</time>
        <extensions>
          <ns3:TrackPointExtension>
            <ns3:atemp>30.0</ns3:atemp>
            <ns3:hr>154</ns3:hr>
            <ns3:cad>78</ns3:cad>
          </ns3:TrackPointExtension>
        </extensions>
      </trkpt>
      <trkpt lat="48.11314822174608707427978515625" lon="-1.214780509471893310546875">
        <ele>116.40000152587890625</ele>
        <time>2026-09-24T16:10:54.000Z</time>
        <extensions>
          <ns3:TrackPointExtension>
            <ns3:atemp>30.0</ns3:atemp>
            <ns3:hr>155</ns3:hr>
            <ns3:cad>78</ns3:cad>
          </ns3:TrackPointExtension>
        </extensions>
      </trkpt>
      <trkpt lat="48.11312374658882617950439453125" lon="-1.2147917412221431732177734375">
        <ele>116.40000152587890625</ele>
        <time>2026-09-24T16:10:55.000Z</time>
        <extensions>
          <ns3:TrackPointExtension>
            <ns3:atemp>30.0</ns3:atemp>
            <ns3:hr>155</ns3:hr>
            <ns3:cad>78</ns3:cad>
          </ns3:TrackPointExtension>
        </extensions>
      </trkpt>
      <trkpt lat="48.11309508047997951507568359375" lon="-1.2147914059460163116455078125">
        <ele>116.40000152587890625</ele>
        <time>2026-09-24T16:10:56.000Z</time>
        <extensions>
          <ns3:TrackPointExtension>
            <ns3:atemp>30.0</ns3:atemp>
            <ns3:hr>155</ns3:hr>
            <ns3:cad>78</ns3:cad>
          </ns3:TrackPointExtension>
        </extensions>
      </trkpt>
      <trkpt lat="48.11306524090468883514404296875" lon="-1.21480389498174190521240234375">
        <ele>116.59999847412109375</ele>
        <time>2026-09-24T16:10:57.000Z</time>
        <extensions>
          <ns3:TrackPointExtension>
            <ns3:atemp>30.0</ns3:atemp>
            <ns3:hr>155</ns3:hr>
            <ns3:cad>78</ns3:cad>
          </ns3:TrackPointExtension>
        </extensions>
      </trkpt>
      <trkpt lat="48.11303540132939815521240234375" lon="-1.2148188985884189605712890625">
        <ele>116.59999847412109375</ele>
        <time>2026-09-24T16:10:58.000Z</time>
        <extensions>
          <ns3:TrackPointExtension>
            <ns3:atemp>30.0</ns3:atemp>
            <ns3:hr>155</ns3:hr>
            <ns3:cad>78</ns3:cad>
          </ns3:TrackPointExtension>
        </extensions>
      </trkpt>
      <trkpt lat="48.11300556175410747528076171875" lon="-1.214825771749019622802734375">
        <ele>116.59999847412109375</ele>
        <time>2026-09-24T16:10:59.000Z</time>
        <extensions>
          <ns3:TrackPointExtension>
            <ns3:atemp>30.0</ns3:atemp>
            <ns3:hr>155</ns3:hr>
            <ns3:cad>78</ns3:cad>
          </ns3:TrackPointExtension>
        </extensions>
      </trkpt>
      <trkpt lat="48.1129840202629566192626953125" lon="-1.21483105234801769256591796875">
        <ele>116.59999847412109375</ele>
        <time>2026-09-24T16:11:00.000Z</time>
        <extensions>
          <ns3:TrackPointExtension>
            <ns3:atemp>30.0</ns3:atemp>
            <ns3:hr>155</ns3:hr>
            <ns3:cad>78</ns3:cad>
          </ns3:TrackPointExtension>
        </extensions>
      </trkpt>
      <trkpt lat="48.11295635998249053955078125" lon="-1.214841194450855255126953125">
        <ele>116.59999847412109375</ele>
        <time>2026-09-24T16:11:01.000Z</time>
        <extensions>
          <ns3:TrackPointExtension>
            <ns3:atemp>30.0</ns3:atemp>
            <ns3:hr>155</ns3:hr>
            <ns3:cad>80</ns3:cad>
          </ns3:TrackPointExtension>
        </extensions>
      </trkpt>
      <trkpt lat="48.11291989870369434356689453125" lon="-1.21485494077205657958984375">
        <ele>116.59999847412109375</ele>
        <time>2026-09-24T16:11:02.000Z</time>
        <extensions>
          <ns3:TrackPointExtension>
            <ns3:atemp>30.0</ns3:atemp>
            <ns3:hr>155</ns3:hr>
            <ns3:cad>80</ns3:cad>
          </ns3:TrackPointExtension>
        </extensions>
      </trkpt>
      <trkpt lat="48.112899698317050933837890625" lon="-1.21486541815102100372314453125">
        <ele>116.59999847412109375</ele>
        <time>2026-09-24T16:11:03.000Z</time>
        <extensions>
          <ns3:TrackPointExtension>
            <ns3:atemp>30.0</ns3:atemp>
            <ns3:hr>155</ns3:hr>
            <ns3:cad>81</ns3:cad>
          </ns3:TrackPointExtension>
        </extensions>
      </trkpt>
      <trkpt lat="48.1128765642642974853515625" lon="-1.2148795835673809051513671875">
        <ele>116.8000030517578125</ele>
        <time>2026-09-24T16:11:04.000Z</time>
        <extensions>
          <ns3:TrackPointExtension>
            <ns3:atemp>30.0</ns3:atemp>
            <ns3:hr>155</ns3:hr>
            <ns3:cad>80</ns3:cad>
          </ns3:TrackPointExtension>
        </extensions>
      </trkpt>
      <trkpt lat="48.112840019166469573974609375" lon="-1.21489861048758029937744140625">
        <ele>116.8000030517578125</ele>
        <time>2026-09-24T16:11:05.000Z</time>
        <extensions>
          <ns3:TrackPointExtension>
            <ns3:atemp>30.0</ns3:atemp>
            <ns3:hr>154</ns3:hr>
            <ns3:cad>80</ns3:cad>
          </ns3:TrackPointExtension>
        </extensions>
      </trkpt>
      <trkpt lat="48.11281831003725528717041015625" lon="-1.21490548364818096160888671875">
        <ele>116.8000030517578125</ele>
        <time>2026-09-24T16:11:06.000Z</time>
        <extensions>
          <ns3:TrackPointExtension>
            <ns3:atemp>30.0</ns3:atemp>
            <ns3:hr>153</ns3:hr>
            <ns3:cad>79</ns3:cad>
          </ns3:TrackPointExtension>
        </extensions>
      </trkpt>
      <trkpt lat="48.112787716090679168701171875" lon="-1.2149144522845745086669921875">
        <ele>116.8000030517578125</ele>
        <time>2026-09-24T16:11:07.000Z</time>
        <extensions>
          <ns3:TrackPointExtension>
            <ns3:atemp>30.0</ns3:atemp>
            <ns3:hr>153</ns3:hr>
            <ns3:cad>80</ns3:cad>
          </ns3:TrackPointExtension>
        </extensions>
      </trkpt>
      <trkpt lat="48.112757205963134765625" lon="-1.2149248458445072174072265625">
        <ele>117</ele>
        <time>2026-09-24T16:11:08.000Z</time>
        <extensions>
          <ns3:TrackPointExtension>
            <ns3:atemp>30.0</ns3:atemp>
            <ns3:hr>152</ns3:hr>
            <ns3:cad>80</ns3:cad>
          </ns3:TrackPointExtension>
        </extensions>
      </trkpt>
      <trkpt lat="48.1127446331083774566650390625" lon="-1.2149466387927532196044921875">
        <ele>117</ele>
        <time>2026-09-24T16:11:09.000Z</time>
        <extensions>
          <ns3:TrackPointExtension>
            <ns3:atemp>30.0</ns3:atemp>
            <ns3:hr>151</ns3:hr>
            <ns3:cad>80</ns3:cad>
          </ns3:TrackPointExtension>
        </extensions>
      </trkpt>
      <trkpt lat="48.11272543855011463165283203125" lon="-1.2149707786738872528076171875">
        <ele>117</ele>
        <time>2026-09-24T16:11:10.000Z</time>
        <extensions>
          <ns3:TrackPointExtension>
            <ns3:atemp>30.0</ns3:atemp>
            <ns3:hr>151</ns3:hr>
            <ns3:cad>79</ns3:cad>
          </ns3:TrackPointExtension>
        </extensions>
      </trkpt>
      <trkpt lat="48.11270079575479030609130859375" lon="-1.21499366126954555511474609375">
        <ele>117</ele>
        <time>2026-09-24T16:11:11.000Z</time>
        <extensions>
          <ns3:TrackPointExtension>
            <ns3:atemp>30.0</ns3:atemp>
            <ns3:hr>150</ns3:hr>
            <ns3:cad>79</ns3:cad>
          </ns3:TrackPointExtension>
        </extensions>
      </trkpt>
      <trkpt lat="48.112675733864307403564453125" lon="-1.21500221081078052520751953125">
        <ele>117</ele>
        <time>2026-09-24T16:11:12.000Z</time>
        <extensions>
          <ns3:TrackPointExtension>
            <ns3:atemp>30.0</ns3:atemp>
            <ns3:hr>150</ns3:hr>
            <ns3:cad>79</ns3:cad>
          </ns3:TrackPointExtension>
        </extensions>
      </trkpt>
      <trkpt lat="48.1126494146883487701416015625" lon="-1.21501386165618896484375">
        <ele>117</ele>
        <time>2026-09-24T16:11:13.000Z</time>
        <extensions>
          <ns3:TrackPointExtension>
            <ns3:atemp>30.0</ns3:atemp>
            <ns3:hr>151</ns3:hr>
            <ns3:cad>80</ns3:cad>
          </ns3:TrackPointExtension>
        </extensions>
      </trkpt>
      <trkpt lat="48.11261530034244060516357421875" lon="-1.2150207348167896270751953125">
        <ele>117</ele>
        <time>2026-09-24T16:11:14.000Z</time>
        <extensions>
          <ns3:TrackPointExtension>
            <ns3:atemp>30.0</ns3:atemp>
            <ns3:hr>151</ns3:hr>
            <ns3:cad>80</ns3:cad>
          </ns3:TrackPointExtension>
        </extensions>
      </trkpt>
      <trkpt lat="48.11258889734745025634765625" lon="-1.21501947753131389617919921875">
        <ele>117</ele>
        <time>2026-09-24T16:11:15.000Z</time>
        <extensions>
          <ns3:TrackPointExtension>
            <ns3:atemp>30.0</ns3:atemp>
            <ns3:hr>151</ns3:hr>
            <ns3:cad>80</ns3:cad>
          </ns3:TrackPointExtension>
        </extensions>
      </trkpt>
      <trkpt lat="48.11256098560988903045654296875" lon="-1.21501729823648929595947265625">
        <ele>117</ele>
        <time>2026-09-24T16:11:16.000Z</time>
        <extensions>
          <ns3:TrackPointExtension>
            <ns3:atemp>30.0</ns3:atemp>
            <ns3:hr>152</ns3:hr>
            <ns3:cad>79</ns3:cad>
          </ns3:TrackPointExtension>
        </extensions>
      </trkpt>
      <trkpt lat="48.11253483407199382781982421875" lon="-1.2149919010698795318603515625">
        <ele>117</ele>
        <time>2026-09-24T16:11:17.000Z</time>
        <extensions>
          <ns3:TrackPointExtension>
            <ns3:atemp>30.0</ns3:atemp>
            <ns3:hr>152</ns3:hr>
            <ns3:cad>79</ns3:cad>
          </ns3:TrackPointExtension>
        </extensions>
      </trkpt>
      <trkpt lat="48.11251170001924037933349609375" lon="-1.21497052721679210662841796875">
        <ele>117</ele>
        <time>2026-09-24T16:11:18.000Z</time>
        <extensions>
          <ns3:TrackPointExtension>
            <ns3:atemp>30.0</ns3:atemp>
            <ns3:hr>152</ns3:hr>
            <ns3:cad>79</ns3:cad>
          </ns3:TrackPointExtension>
        </extensions>
      </trkpt>
      <trkpt lat="48.11249057762324810028076171875" lon="-1.21494957245886325836181640625">
        <ele>117.1999969482421875</ele>
        <time>2026-09-24T16:11:19.000Z</time>
        <extensions>
          <ns3:TrackPointExtension>
            <ns3:atemp>30.0</ns3:atemp>
            <ns3:hr>151</ns3:hr>
            <ns3:cad>79</ns3:cad>
          </ns3:TrackPointExtension>
        </extensions>
      </trkpt>
      <trkpt lat="48.112480938434600830078125" lon="-1.2149127759039402008056640625">
        <ele>117.40000152587890625</ele>
        <time>2026-09-24T16:11:20.000Z</time>
        <extensions>
          <ns3:TrackPointExtension>
            <ns3:atemp>30.0</ns3:atemp>
            <ns3:hr>151</ns3:hr>
            <ns3:cad>79</ns3:cad>
          </ns3:TrackPointExtension>
        </extensions>
      </trkpt>
      <trkpt lat="48.1124747358262538909912109375" lon="-1.21488310396671295166015625">
        <ele>117.40000152587890625</ele>
        <time>2026-09-24T16:11:21.000Z</time>
        <extensions>
          <ns3:TrackPointExtension>
            <ns3:atemp>30.0</ns3:atemp>
            <ns3:hr>151</ns3:hr>
            <ns3:cad>79</ns3:cad>
          </ns3:TrackPointExtension>
        </extensions>
      </trkpt>
      <trkpt lat="48.11246576718986034393310546875" lon="-1.214861311018466949462890625">
        <ele>117.59999847412109375</ele>
        <time>2026-09-24T16:11:22.000Z</time>
        <extensions>
          <ns3:TrackPointExtension>
            <ns3:atemp>30.0</ns3:atemp>
            <ns3:hr>151</ns3:hr>
            <ns3:cad>79</ns3:cad>
          </ns3:TrackPointExtension>
        </extensions>
      </trkpt>
      <trkpt lat="48.11246442608535289764404296875" lon="-1.21483926661312580108642578125">
        <ele>117.59999847412109375</ele>
        <time>2026-09-24T16:11:23.000Z</time>
        <extensions>
          <ns3:TrackPointExtension>
            <ns3:atemp>30.0</ns3:atemp>
            <ns3:hr>151</ns3:hr>
            <ns3:cad>79</ns3:cad>
          </ns3:TrackPointExtension>
        </extensions>
      </trkpt>
      <trkpt lat="48.11246559955179691314697265625" lon="-1.214806325733661651611328125">
        <ele>117.59999847412109375</ele>
        <time>2026-09-24T16:11:24.000Z</time>
        <extensions>
          <ns3:TrackPointExtension>
            <ns3:atemp>30.0</ns3:atemp>
            <ns3:hr>152</ns3:hr>
            <ns3:cad>79</ns3:cad>
          </ns3:TrackPointExtension>
        </extensions>
      </trkpt>
      <trkpt lat="48.11246861703693866729736328125" lon="-1.214766763150691986083984375">
        <ele>117.59999847412109375</ele>
        <time>2026-09-24T16:11:25.000Z</time>
        <extensions>
          <ns3:TrackPointExtension>
            <ns3:atemp>30.0</ns3:atemp>
            <ns3:hr>152</ns3:hr>
            <ns3:cad>79</ns3:cad>
          </ns3:TrackPointExtension>
        </extensions>
      </trkpt>
      <trkpt lat="48.11246911995112895965576171875" lon="-1.214734576642513275146484375">
        <ele>117.40000152587890625</ele>
        <time>2026-09-24T16:11:26.000Z</time>
        <extensions>
          <ns3:TrackPointExtension>
            <ns3:atemp>30.0</ns3:atemp>
            <ns3:hr>155</ns3:hr>
            <ns3:cad>79</ns3:cad>
          </ns3:TrackPointExtension>
        </extensions>
      </trkpt>
      <trkpt lat="48.11247096396982669830322265625" lon="-1.21469627134501934051513671875">
        <ele>117.40000152587890625</ele>
        <time>2026-09-24T16:11:27.000Z</time>
        <extensions>
          <ns3:TrackPointExtension>
            <ns3:atemp>30.0</ns3:atemp>
            <ns3:hr>156</ns3:hr>
            <ns3:cad>79</ns3:cad>
          </ns3:TrackPointExtension>
        </extensions>
      </trkpt>
      <trkpt lat="48.11247532255947589874267578125" lon="-1.214654780924320220947265625">
        <ele>117.40000152587890625</ele>
        <time>2026-09-24T16:11:28.000Z</time>
        <extensions>
          <ns3:TrackPointExtension>
            <ns3:atemp>30.0</ns3:atemp>
            <ns3:hr>156</ns3:hr>
            <ns3:cad>80</ns3:cad>
          </ns3:TrackPointExtension>
        </extensions>
      </trkpt>
      <trkpt lat="48.1124780885875225067138671875" lon="-1.2146123684942722320556640625">
        <ele>117.40000152587890625</ele>
        <time>2026-09-24T16:11:29.000Z</time>
        <extensions>
          <ns3:TrackPointExtension>
            <ns3:atemp>30.0</ns3:atemp>
            <ns3:hr>156</ns3:hr>
            <ns3:cad>80</ns3:cad>
          </ns3:TrackPointExtension>
        </extensions>
      </trkpt>
      <trkpt lat="48.11248051933944225311279296875" lon="-1.2145614065229892730712890625">
        <ele>117.40000152587890625</ele>
        <time>2026-09-24T16:11:30.000Z</time>
        <extensions>
          <ns3:TrackPointExtension>
            <ns3:atemp>30.0</ns3:atemp>
            <ns3:hr>155</ns3:hr>
            <ns3:cad>80</ns3:cad>
          </ns3:TrackPointExtension>
        </extensions>
      </trkpt>
      <trkpt lat="48.11247733421623706817626953125" lon="-1.21451455168426036834716796875">
        <ele>117.40000152587890625</ele>
        <time>2026-09-24T16:11:31.000Z</time>
        <extensions>
          <ns3:TrackPointExtension>
            <ns3:atemp>30.0</ns3:atemp>
            <ns3:hr>154</ns3:hr>
            <ns3:cad>79</ns3:cad>
          </ns3:TrackPointExtension>
        </extensions>
      </trkpt>
      <trkpt lat="48.11247247271239757537841796875" lon="-1.214469037950038909912109375">
        <ele>117.40000152587890625</ele>
        <time>2026-09-24T16:11:32.000Z</time>
        <extensions>
          <ns3:TrackPointExtension>
            <ns3:atemp>30.0</ns3:atemp>
            <ns3:hr>154</ns3:hr>
            <ns3:cad>79</ns3:cad>
          </ns3:TrackPointExtension>
        </extensions>
      </trkpt>
      <trkpt lat="48.11247113160789012908935546875" lon="-1.21441681869328022003173828125">
        <ele>117.40000152587890625</ele>
        <time>2026-09-24T16:11:33.000Z</time>
        <extensions>
          <ns3:TrackPointExtension>
            <ns3:atemp>30.0</ns3:atemp>
            <ns3:hr>154</ns3:hr>
            <ns3:cad>79</ns3:cad>
          </ns3:TrackPointExtension>
        </extensions>
      </trkpt>
      <trkpt lat="48.11246643774211406707763671875" lon="-1.2143713049590587615966796875">
        <ele>117.59999847412109375</ele>
        <time>2026-09-24T16:11:34.000Z</time>
        <extensions>
          <ns3:TrackPointExtension>
            <ns3:atemp>30.0</ns3:atemp>
            <ns3:hr>153</ns3:hr>
            <ns3:cad>80</ns3:cad>
          </ns3:TrackPointExtension>
        </extensions>
      </trkpt>
      <trkpt lat="48.11245612800121307373046875" lon="-1.214329898357391357421875">
        <ele>117.59999847412109375</ele>
        <time>2026-09-24T16:11:35.000Z</time>
        <extensions>
          <ns3:TrackPointExtension>
            <ns3:atemp>30.0</ns3:atemp>
            <ns3:hr>154</ns3:hr>
            <ns3:cad>81</ns3:cad>
          </ns3:TrackPointExtension>
        </extensions>
      </trkpt>
      <trkpt lat="48.11245051212608814239501953125" lon="-1.2142754159867763519287109375">
        <ele>117.59999847412109375</ele>
        <time>2026-09-24T16:11:36.000Z</time>
        <extensions>
          <ns3:TrackPointExtension>
            <ns3:atemp>30.0</ns3:atemp>
            <ns3:hr>154</ns3:hr>
            <ns3:cad>81</ns3:cad>
          </ns3:TrackPointExtension>
        </extensions>
      </trkpt>
      <trkpt lat="48.1124412082135677337646484375" lon="-1.214230991899967193603515625">
        <ele>117.8000030517578125</ele>
        <time>2026-09-24T16:11:37.000Z</time>
        <extensions>
          <ns3:TrackPointExtension>
            <ns3:atemp>30.0</ns3:atemp>
            <ns3:hr>154</ns3:hr>
            <ns3:cad>81</ns3:cad>
          </ns3:TrackPointExtension>
        </extensions>
      </trkpt>
      <trkpt lat="48.11242905445396900177001953125" lon="-1.21419972740113735198974609375">
        <ele>117.8000030517578125</ele>
        <time>2026-09-24T16:11:38.000Z</time>
        <extensions>
          <ns3:TrackPointExtension>
            <ns3:atemp>30.0</ns3:atemp>
            <ns3:hr>154</ns3:hr>
            <ns3:cad>81</ns3:cad>
          </ns3:TrackPointExtension>
        </extensions>
      </trkpt>
      <trkpt lat="48.11241924762725830078125" lon="-1.21415329165756702423095703125">
        <ele>117.8000030517578125</ele>
        <time>2026-09-24T16:11:39.000Z</time>
        <extensions>
          <ns3:TrackPointExtension>
            <ns3:atemp>30.0</ns3:atemp>
            <ns3:hr>154</ns3:hr>
            <ns3:cad>81</ns3:cad>
          </ns3:TrackPointExtension>
        </extensions>
      </trkpt>
      <trkpt lat="48.112408854067325592041015625" lon="-1.21411071158945560455322265625">
        <ele>117.8000030517578125</ele>
        <time>2026-09-24T16:11:40.000Z</time>
        <extensions>
          <ns3:TrackPointExtension>
            <ns3:atemp>30.0</ns3:atemp>
            <ns3:hr>154</ns3:hr>
            <ns3:cad>80</ns3:cad>
          </ns3:TrackPointExtension>
        </extensions>
      </trkpt>
      <trkpt lat="48.11239284463226795196533203125" lon="-1.21407617814838886260986328125">
        <ele>117.8000030517578125</ele>
        <time>2026-09-24T16:11:41.000Z</time>
        <extensions>
          <ns3:TrackPointExtension>
            <ns3:atemp>30.0</ns3:atemp>
            <ns3:hr>154</ns3:hr>
            <ns3:cad>80</ns3:cad>
          </ns3:TrackPointExtension>
        </extensions>
      </trkpt>
      <trkpt lat="48.11237432062625885009765625" lon="-1.21402923949062824249267578125">
        <ele>117.59999847412109375</ele>
        <time>2026-09-24T16:11:42.000Z</time>
        <extensions>
          <ns3:TrackPointExtension>
            <ns3:atemp>30.0</ns3:atemp>
            <ns3:hr>155</ns3:hr>
            <ns3:cad>80</ns3:cad>
          </ns3:TrackPointExtension>
        </extensions>
      </trkpt>
      <trkpt lat="48.11235965229570865631103515625" lon="-1.21399202384054660797119140625">
        <ele>117.59999847412109375</ele>
        <time>2026-09-24T16:11:43.000Z</time>
        <extensions>
          <ns3:TrackPointExtension>
            <ns3:atemp>30.0</ns3:atemp>
            <ns3:hr>155</ns3:hr>
            <ns3:cad>80</ns3:cad>
          </ns3:TrackPointExtension>
        </extensions>
      </trkpt>
      <trkpt lat="48.1123446486890316009521484375" lon="-1.21395899914205074310302734375">
        <ele>117.40000152587890625</ele>
        <time>2026-09-24T16:11:44.000Z</time>
        <extensions>
          <ns3:TrackPointExtension>
            <ns3:atemp>30.0</ns3:atemp>
            <ns3:hr>155</ns3:hr>
            <ns3:cad>80</ns3:cad>
          </ns3:TrackPointExtension>
        </extensions>
      </trkpt>
      <trkpt lat="48.11232780106365680694580078125" lon="-1.21391055174171924591064453125">
        <ele>117.40000152587890625</ele>
        <time>2026-09-24T16:11:45.000Z</time>
        <extensions>
          <ns3:TrackPointExtension>
            <ns3:atemp>30.0</ns3:atemp>
            <ns3:hr>156</ns3:hr>
            <ns3:cad>80</ns3:cad>
          </ns3:TrackPointExtension>
        </extensions>
      </trkpt>
      <trkpt lat="48.112312965095043182373046875" lon="-1.21387484483420848846435546875">
        <ele>117.40000152587890625</ele>
        <time>2026-09-24T16:11:46.000Z</time>
        <extensions>
          <ns3:TrackPointExtension>
            <ns3:atemp>30.0</ns3:atemp>
            <ns3:hr>157</ns3:hr>
            <ns3:cad>80</ns3:cad>
          </ns3:TrackPointExtension>
        </extensions>
      </trkpt>
      <trkpt lat="48.112296871840953826904296875" lon="-1.21385305188596248626708984375">
        <ele>117.59999847412109375</ele>
        <time>2026-09-24T16:11:47.000Z</time>
        <extensions>
          <ns3:TrackPointExtension>
            <ns3:atemp>30.0</ns3:atemp>
            <ns3:hr>158</ns3:hr>
            <ns3:cad>80</ns3:cad>
          </ns3:TrackPointExtension>
        </extensions>
      </trkpt>
      <trkpt lat="48.11227717436850070953369140625" lon="-1.2138164229691028594970703125">
        <ele>117.59999847412109375</ele>
        <time>2026-09-24T16:11:48.000Z</time>
        <extensions>
          <ns3:TrackPointExtension>
            <ns3:atemp>30.0</ns3:atemp>
            <ns3:hr>158</ns3:hr>
            <ns3:cad>80</ns3:cad>
          </ns3:TrackPointExtension>
        </extensions>
      </trkpt>
      <trkpt lat="48.11225898563861846923828125" lon="-1.2137840688228607177734375">
        <ele>117.59999847412109375</ele>
        <time>2026-09-24T16:11:49.000Z</time>
        <extensions>
          <ns3:TrackPointExtension>
            <ns3:atemp>30.0</ns3:atemp>
            <ns3:hr>159</ns3:hr>
            <ns3:cad>80</ns3:cad>
          </ns3:TrackPointExtension>
        </extensions>
      </trkpt>
      <trkpt lat="48.11223777942359447479248046875" lon="-1.21375950984656810760498046875">
        <ele>117.59999847412109375</ele>
        <time>2026-09-24T16:11:50.000Z</time>
        <extensions>
          <ns3:TrackPointExtension>
            <ns3:atemp>30.0</ns3:atemp>
            <ns3:hr>158</ns3:hr>
            <ns3:cad>80</ns3:cad>
          </ns3:TrackPointExtension>
        </extensions>
      </trkpt>
      <trkpt lat="48.11221280135214328765869140625" lon="-1.213721372187137603759765625">
        <ele>117.59999847412109375</ele>
        <time>2026-09-24T16:11:51.000Z</time>
        <extensions>
          <ns3:TrackPointExtension>
            <ns3:atemp>30.0</ns3:atemp>
            <ns3:hr>158</ns3:hr>
            <ns3:cad>80</ns3:cad>
          </ns3:TrackPointExtension>
        </extensions>
      </trkpt>
      <trkpt lat="48.1121971271932125091552734375" lon="-1.2136866711080074310302734375">
        <ele>117.59999847412109375</ele>
        <time>2026-09-24T16:11:52.000Z</time>
        <extensions>
          <ns3:TrackPointExtension>
            <ns3:atemp>30.0</ns3:atemp>
            <ns3:hr>158</ns3:hr>
            <ns3:cad>80</ns3:cad>
          </ns3:TrackPointExtension>
        </extensions>
      </trkpt>
      <trkpt lat="48.112179525196552276611328125" lon="-1.21366362087428569793701171875">
        <ele>117.59999847412109375</ele>
        <time>2026-09-24T16:11:53.000Z</time>
        <extensions>
          <ns3:TrackPointExtension>
            <ns3:atemp>30.0</ns3:atemp>
            <ns3:hr>158</ns3:hr>
            <ns3:cad>80</ns3:cad>
          </ns3:TrackPointExtension>
        </extensions>
      </trkpt>
      <trkpt lat="48.11215437948703765869140625" lon="-1.21362757869064807891845703125">
        <ele>117.59999847412109375</ele>
        <time>2026-09-24T16:11:54.000Z</time>
        <extensions>
          <ns3:TrackPointExtension>
            <ns3:atemp>30.0</ns3:atemp>
            <ns3:hr>158</ns3:hr>
            <ns3:cad>80</ns3:cad>
          </ns3:TrackPointExtension>
        </extensions>
      </trkpt>
      <trkpt lat="48.11213786713778972625732421875" lon="-1.21359975077211856842041015625">
        <ele>117.8000030517578125</ele>
        <time>2026-09-24T16:11:55.000Z</time>
        <extensions>
          <ns3:TrackPointExtension>
            <ns3:atemp>30.0</ns3:atemp>
            <ns3:hr>158</ns3:hr>
            <ns3:cad>80</ns3:cad>
          </ns3:TrackPointExtension>
        </extensions>
      </trkpt>
      <trkpt lat="48.1121176667511463165283203125" lon="-1.21357410214841365814208984375">
        <ele>117.8000030517578125</ele>
        <time>2026-09-24T16:11:56.000Z</time>
        <extensions>
          <ns3:TrackPointExtension>
            <ns3:atemp>30.0</ns3:atemp>
            <ns3:hr>158</ns3:hr>
            <ns3:cad>80</ns3:cad>
          </ns3:TrackPointExtension>
        </extensions>
      </trkpt>
      <trkpt lat="48.1120928563177585601806640625" lon="-1.2135373055934906005859375">
        <ele>118</ele>
        <time>2026-09-24T16:11:57.000Z</time>
        <extensions>
          <ns3:TrackPointExtension>
            <ns3:atemp>30.0</ns3:atemp>
            <ns3:hr>158</ns3:hr>
            <ns3:cad>80</ns3:cad>
          </ns3:TrackPointExtension>
        </extensions>
      </trkpt>
      <trkpt lat="48.11207818798720836639404296875" lon="-1.2135093100368976593017578125">
        <ele>118</ele>
        <time>2026-09-24T16:11:58.000Z</time>
        <extensions>
          <ns3:TrackPointExtension>
            <ns3:atemp>30.0</ns3:atemp>
            <ns3:hr>158</ns3:hr>
            <ns3:cad>80</ns3:cad>
          </ns3:TrackPointExtension>
        </extensions>
      </trkpt>
      <trkpt lat="48.1120633520185947418212890625" lon="-1.21348776854574680328369140625">
        <ele>118.1999969482421875</ele>
        <time>2026-09-24T16:11:59.000Z</time>
        <extensions>
          <ns3:TrackPointExtension>
            <ns3:atemp>30.0</ns3:atemp>
            <ns3:hr>158</ns3:hr>
            <ns3:cad>80</ns3:cad>
          </ns3:TrackPointExtension>
        </extensions>
      </trkpt>
      <trkpt lat="48.11203560791909694671630859375" lon="-1.21345004998147487640380859375">
        <ele>118.40000152587890625</ele>
        <time>2026-09-24T16:12:00.000Z</time>
        <extensions>
          <ns3:TrackPointExtension>
            <ns3:atemp>30.0</ns3:atemp>
            <ns3:hr>158</ns3:hr>
            <ns3:cad>80</ns3:cad>
          </ns3:TrackPointExtension>
        </extensions>
      </trkpt>
      <trkpt lat="48.11201783828437328338623046875" lon="-1.2134150974452495574951171875">
        <ele>118.40000152587890625</ele>
        <time>2026-09-24T16:12:01.000Z</time>
        <extensions>
          <ns3:TrackPointExtension>
            <ns3:atemp>30.0</ns3:atemp>
            <ns3:hr>158</ns3:hr>
            <ns3:cad>80</ns3:cad>
          </ns3:TrackPointExtension>
        </extensions>
      </trkpt>
      <trkpt lat="48.1119996495544910430908203125" lon="-1.21338852681219577789306640625">
        <ele>118.1999969482421875</ele>
        <time>2026-09-24T16:12:02.000Z</time>
        <extensions>
          <ns3:TrackPointExtension>
            <ns3:atemp>30.0</ns3:atemp>
            <ns3:hr>159</ns3:hr>
            <ns3:cad>80</ns3:cad>
          </ns3:TrackPointExtension>
        </extensions>
      </trkpt>
      <trkpt lat="48.1119751743972301483154296875" lon="-1.213358938694000244140625">
        <ele>118.1999969482421875</ele>
        <time>2026-09-24T16:12:03.000Z</time>
        <extensions>
          <ns3:TrackPointExtension>
            <ns3:atemp>30.0</ns3:atemp>
            <ns3:hr>159</ns3:hr>
            <ns3:cad>80</ns3:cad>
          </ns3:TrackPointExtension>
        </extensions>
      </trkpt>
      <trkpt lat="48.11196117661893367767333984375" lon="-1.2133289314806461334228515625">
        <ele>118</ele>
        <time>2026-09-24T16:12:04.000Z</time>
        <extensions>
          <ns3:TrackPointExtension>
            <ns3:atemp>30.0</ns3:atemp>
            <ns3:hr>159</ns3:hr>
            <ns3:cad>80</ns3:cad>
          </ns3:TrackPointExtension>
        </extensions>
      </trkpt>
      <trkpt lat="48.1119431555271148681640625" lon="-1.2132964096963405609130859375">
        <ele>118</ele>
        <time>2026-09-24T16:12:05.000Z</time>
        <extensions>
          <ns3:TrackPointExtension>
            <ns3:atemp>30.0</ns3:atemp>
            <ns3:hr>159</ns3:hr>
            <ns3:cad>80</ns3:cad>
          </ns3:TrackPointExtension>
        </extensions>
      </trkpt>
      <trkpt lat="48.11191742308437824249267578125" lon="-1.2132658995687961578369140625">
        <ele>118</ele>
        <time>2026-09-24T16:12:06.000Z</time>
        <extensions>
          <ns3:TrackPointExtension>
            <ns3:atemp>30.0</ns3:atemp>
            <ns3:hr>160</ns3:hr>
            <ns3:cad>80</ns3:cad>
          </ns3:TrackPointExtension>
        </extensions>
      </trkpt>
      <trkpt lat="48.11190091073513031005859375" lon="-1.21324427425861358642578125">
        <ele>118</ele>
        <time>2026-09-24T16:12:07.000Z</time>
        <extensions>
          <ns3:TrackPointExtension>
            <ns3:atemp>30.0</ns3:atemp>
            <ns3:hr>160</ns3:hr>
            <ns3:cad>81</ns3:cad>
          </ns3:TrackPointExtension>
        </extensions>
      </trkpt>
      <trkpt lat="48.111873082816600799560546875" lon="-1.21321535669267177581787109375">
        <ele>118</ele>
        <time>2026-09-24T16:12:08.000Z</time>
        <extensions>
          <ns3:TrackPointExtension>
            <ns3:atemp>30.0</ns3:atemp>
            <ns3:hr>160</ns3:hr>
            <ns3:cad>81</ns3:cad>
          </ns3:TrackPointExtension>
        </extensions>
      </trkpt>
      <trkpt lat="48.11184315942227840423583984375" lon="-1.21318886987864971160888671875">
        <ele>118.1999969482421875</ele>
        <time>2026-09-24T16:12:09.000Z</time>
        <extensions>
          <ns3:TrackPointExtension>
            <ns3:atemp>30.0</ns3:atemp>
            <ns3:hr>160</ns3:hr>
            <ns3:cad>81</ns3:cad>
          </ns3:TrackPointExtension>
        </extensions>
      </trkpt>
      <trkpt lat="48.11182438395917415618896484375" lon="-1.21316791512072086334228515625">
        <ele>118.1999969482421875</ele>
        <time>2026-09-24T16:12:10.000Z</time>
        <extensions>
          <ns3:TrackPointExtension>
            <ns3:atemp>30.0</ns3:atemp>
            <ns3:hr>160</ns3:hr>
            <ns3:cad>81</ns3:cad>
          </ns3:TrackPointExtension>
        </extensions>
      </trkpt>
      <trkpt lat="48.11180560849606990814208984375" lon="-1.2131358124315738677978515625">
        <ele>118.1999969482421875</ele>
        <time>2026-09-24T16:12:11.000Z</time>
        <extensions>
          <ns3:TrackPointExtension>
            <ns3:atemp>30.0</ns3:atemp>
            <ns3:hr>160</ns3:hr>
            <ns3:cad>80</ns3:cad>
          </ns3:TrackPointExtension>
        </extensions>
      </trkpt>
      <trkpt lat="48.11178331263363361358642578125" lon="-1.2131046317517757415771484375">
        <ele>118.1999969482421875</ele>
        <time>2026-09-24T16:12:12.000Z</time>
        <extensions>
          <ns3:TrackPointExtension>
            <ns3:atemp>30.0</ns3:atemp>
            <ns3:hr>161</ns3:hr>
            <ns3:cad>80</ns3:cad>
          </ns3:TrackPointExtension>
        </extensions>
      </trkpt>
      <trkpt lat="48.11176638118922710418701171875" lon="-1.2130811624228954315185546875">
        <ele>118.1999969482421875</ele>
        <time>2026-09-24T16:12:13.000Z</time>
        <extensions>
          <ns3:TrackPointExtension>
            <ns3:atemp>30.0</ns3:atemp>
            <ns3:hr>161</ns3:hr>
            <ns3:cad>80</ns3:cad>
          </ns3:TrackPointExtension>
        </extensions>
      </trkpt>
      <trkpt lat="48.1117461808025836944580078125" lon="-1.2130509875714778900146484375">
        <ele>118</ele>
        <time>2026-09-24T16:12:14.000Z</time>
        <extensions>
          <ns3:TrackPointExtension>
            <ns3:atemp>30.0</ns3:atemp>
            <ns3:hr>162</ns3:hr>
            <ns3:cad>80</ns3:cad>
          </ns3:TrackPointExtension>
        </extensions>
      </trkpt>
      <trkpt lat="48.1117193587124347686767578125" lon="-1.21302139945328235626220703125">
        <ele>118</ele>
        <time>2026-09-24T16:12:15.000Z</time>
        <extensions>
          <ns3:TrackPointExtension>
            <ns3:atemp>30.0</ns3:atemp>
            <ns3:hr>162</ns3:hr>
            <ns3:cad>80</ns3:cad>
          </ns3:TrackPointExtension>
        </extensions>
      </trkpt>
      <trkpt lat="48.11170217581093311309814453125" lon="-1.2129996903240680694580078125">
        <ele>118</ele>
        <time>2026-09-24T16:12:16.000Z</time>
        <extensions>
          <ns3:TrackPointExtension>
            <ns3:atemp>30.0</ns3:atemp>
            <ns3:hr>162</ns3:hr>
            <ns3:cad>80</ns3:cad>
          </ns3:TrackPointExtension>
        </extensions>
      </trkpt>
      <trkpt lat="48.11168323270976543426513671875" lon="-1.21297144331037998199462890625">
        <ele>118</ele>
        <time>2026-09-24T16:12:17.000Z</time>
        <extensions>
          <ns3:TrackPointExtension>
            <ns3:atemp>30.0</ns3:atemp>
            <ns3:hr>163</ns3:hr>
            <ns3:cad>80</ns3:cad>
          </ns3:TrackPointExtension>
        </extensions>
      </trkpt>
      <trkpt lat="48.11165926046669483184814453125" lon="-1.21294026263058185577392578125">
        <ele>118.1999969482421875</ele>
        <time>2026-09-24T16:12:18.000Z</time>
        <extensions>
          <ns3:TrackPointExtension>
            <ns3:atemp>30.0</ns3:atemp>
            <ns3:hr>163</ns3:hr>
            <ns3:cad>80</ns3:cad>
          </ns3:TrackPointExtension>
        </extensions>
      </trkpt>
      <trkpt lat="48.1116415746510028839111328125" lon="-1.21290824376046657562255859375">
        <ele>118.1999969482421875</ele>
        <time>2026-09-24T16:12:19.000Z</time>
        <extensions>
          <ns3:TrackPointExtension>
            <ns3:atemp>30.0</ns3:atemp>
            <ns3:hr>163</ns3:hr>
            <ns3:cad>80</ns3:cad>
          </ns3:TrackPointExtension>
        </extensions>
      </trkpt>
      <trkpt lat="48.11162573285400867462158203125" lon="-1.2128830142319202423095703125">
        <ele>118.1999969482421875</ele>
        <time>2026-09-24T16:12:20.000Z</time>
        <extensions>
          <ns3:TrackPointExtension>
            <ns3:atemp>30.0</ns3:atemp>
            <ns3:hr>163</ns3:hr>
            <ns3:cad>80</ns3:cad>
          </ns3:TrackPointExtension>
        </extensions>
      </trkpt>
      <trkpt lat="48.1116107292473316192626953125" lon="-1.2128528393805027008056640625">
        <ele>118.1999969482421875</ele>
        <time>2026-09-24T16:12:21.000Z</time>
        <extensions>
          <ns3:TrackPointExtension>
            <ns3:atemp>30.0</ns3:atemp>
            <ns3:hr>163</ns3:hr>
            <ns3:cad>79</ns3:cad>
          </ns3:TrackPointExtension>
        </extensions>
      </trkpt>
      <trkpt lat="48.111602179706096649169921875" lon="-1.2128337286412715911865234375">
        <ele>118.1999969482421875</ele>
        <time>2026-09-24T16:12:22.000Z</time>
        <extensions>
          <ns3:TrackPointExtension>
            <ns3:atemp>30.0</ns3:atemp>
            <ns3:hr>163</ns3:hr>
            <ns3:cad>79</ns3:cad>
          </ns3:TrackPointExtension>
        </extensions>
      </trkpt>
      <trkpt lat="48.11159723438322544097900390625" lon="-1.21282794512808322906494140625">
        <ele>118.1999969482421875</ele>
        <time>2026-09-24T16:12:23.000Z</time>
        <extensions>
          <ns3:TrackPointExtension>
            <ns3:atemp>30.0</ns3:atemp>
            <ns3:hr>162</ns3:hr>
            <ns3:cad>79</ns3:cad>
          </ns3:TrackPointExtension>
        </extensions>
      </trkpt>
      <trkpt lat="48.11159388162195682525634765625" lon="-1.21282962150871753692626953125">
        <ele>118.1999969482421875</ele>
        <time>2026-09-24T16:12:24.000Z</time>
        <extensions>
          <ns3:TrackPointExtension>
            <ns3:atemp>30.0</ns3:atemp>
            <ns3:hr>161</ns3:hr>
            <ns3:cad>78</ns3:cad>
          </ns3:TrackPointExtension>
        </extensions>
      </trkpt>
      <trkpt lat="48.111592121422290802001953125" lon="-1.21282660402357578277587890625">
        <ele>118.1999969482421875</ele>
        <time>2026-09-24T16:12:25.000Z</time>
        <extensions>
          <ns3:TrackPointExtension>
            <ns3:atemp>30.0</ns3:atemp>
            <ns3:hr>160</ns3:hr>
            <ns3:cad>78</ns3:cad>
          </ns3:TrackPointExtension>
        </extensions>
      </trkpt>
      <trkpt lat="48.11158985830843448638916015625" lon="-1.21282191015779972076416015625">
        <ele>118.1999969482421875</ele>
        <time>2026-09-24T16:12:26.000Z</time>
        <extensions>
          <ns3:TrackPointExtension>
            <ns3:atemp>30.0</ns3:atemp>
            <ns3:hr>159</ns3:hr>
            <ns3:cad>0</ns3:cad>
          </ns3:TrackPointExtension>
        </extensions>
      </trkpt>
      <trkpt lat="48.11158977448940277099609375" lon="-1.21282174251973628997802734375">
        <ele>118.1999969482421875</ele>
        <time>2026-09-24T16:12:27.000Z</time>
        <extensions>
          <ns3:TrackPointExtension>
            <ns3:atemp>30.0</ns3:atemp>
            <ns3:hr>159</ns3:hr>
            <ns3:cad>0</ns3:cad>
          </ns3:TrackPointExtension>
        </extensions>
      </trkpt>
      <trkpt lat="48.1115896068513393402099609375" lon="-1.212821491062641143798828125">
        <ele>118</ele>
        <time>2026-09-24T16:12:28.000Z</time>
        <extensions>
          <ns3:TrackPointExtension>
            <ns3:atemp>30.0</ns3:atemp>
            <ns3:hr>157</ns3:hr>
            <ns3:cad>0</ns3:cad>
          </ns3:TrackPointExtension>
        </extensions>
      </trkpt>
      <trkpt lat="48.11158432625234127044677734375" lon="-1.21280447579920291900634765625">
        <ele>118</ele>
        <time>2026-09-24T16:12:29.000Z</time>
        <extensions>
          <ns3:TrackPointExtension>
            <ns3:atemp>30.0</ns3:atemp>
            <ns3:hr>157</ns3:hr>
            <ns3:cad>0</ns3:cad>
          </ns3:TrackPointExtension>
        </extensions>
      </trkpt>
      <trkpt lat="48.111583404242992401123046875" lon="-1.2127790786325931549072265625">
        <ele>118.1999969482421875</ele>
        <time>2026-09-24T16:12:30.000Z</time>
        <extensions>
          <ns3:TrackPointExtension>
            <ns3:atemp>30.0</ns3:atemp>
            <ns3:hr>157</ns3:hr>
            <ns3:cad>0</ns3:cad>
          </ns3:TrackPointExtension>
        </extensions>
      </trkpt>
      <trkpt lat="48.1115808896720409393310546875" lon="-1.2127522565424442291259765625">
        <ele>118.1999969482421875</ele>
        <time>2026-09-24T16:12:31.000Z</time>
        <extensions>
          <ns3:TrackPointExtension>
            <ns3:atemp>30.0</ns3:atemp>
            <ns3:hr>158</ns3:hr>
            <ns3:cad>0</ns3:cad>
          </ns3:TrackPointExtension>
        </extensions>
      </trkpt>
      <trkpt lat="48.1115775369107723236083984375" lon="-1.21271110139787197113037109375">
        <ele>118.1999969482421875</ele>
        <time>2026-09-24T16:12:32.000Z</time>
        <extensions>
          <ns3:TrackPointExtension>
            <ns3:atemp>30.0</ns3:atemp>
            <ns3:hr>158</ns3:hr>
            <ns3:cad>75</ns3:cad>
          </ns3:TrackPointExtension>
        </extensions>
      </trkpt>
      <trkpt lat="48.111576698720455169677734375" lon="-1.21267003007233142852783203125">
        <ele>118.40000152587890625</ele>
        <time>2026-09-24T16:12:33.000Z</time>
        <extensions>
          <ns3:TrackPointExtension>
            <ns3:atemp>30.0</ns3:atemp>
            <ns3:hr>158</ns3:hr>
            <ns3:cad>75</ns3:cad>
          </ns3:TrackPointExtension>
        </extensions>
      </trkpt>
      <trkpt lat="48.1115832366049289703369140625" lon="-1.212630383670330047607421875">
        <ele>118.40000152587890625</ele>
        <time>2026-09-24T16:12:34.000Z</time>
        <extensions>
          <ns3:TrackPointExtension>
            <ns3:atemp>30.0</ns3:atemp>
            <ns3:hr>158</ns3:hr>
            <ns3:cad>75</ns3:cad>
          </ns3:TrackPointExtension>
        </extensions>
      </trkpt>
      <trkpt lat="48.11159513890743255615234375" lon="-1.21258755214512348175048828125">
        <ele>118.40000152587890625</ele>
        <time>2026-09-24T16:12:35.000Z</time>
        <extensions>
          <ns3:TrackPointExtension>
            <ns3:atemp>30.0</ns3:atemp>
            <ns3:hr>158</ns3:hr>
            <ns3:cad>79</ns3:cad>
          </ns3:TrackPointExtension>
        </extensions>
      </trkpt>
      <trkpt lat="48.11161458492279052734375" lon="-1.21254346333444118499755859375">
        <ele>118.40000152587890625</ele>
        <time>2026-09-24T16:12:36.000Z</time>
        <extensions>
          <ns3:TrackPointExtension>
            <ns3:atemp>30.0</ns3:atemp>
            <ns3:hr>158</ns3:hr>
            <ns3:cad>79</ns3:cad>
          </ns3:TrackPointExtension>
        </extensions>
      </trkpt>
      <trkpt lat="48.1116311810910701751708984375" lon="-1.21250943280756473541259765625">
        <ele>118.59999847412109375</ele>
        <time>2026-09-24T16:12:37.000Z</time>
        <extensions>
          <ns3:TrackPointExtension>
            <ns3:atemp>30.0</ns3:atemp>
            <ns3:hr>158</ns3:hr>
            <ns3:cad>79</ns3:cad>
          </ns3:TrackPointExtension>
        </extensions>
      </trkpt>
      <trkpt lat="48.11166889965534210205078125" lon="-1.212486214935779571533203125">
        <ele>118.59999847412109375</ele>
        <time>2026-09-24T16:12:38.000Z</time>
        <extensions>
          <ns3:TrackPointExtension>
            <ns3:atemp>30.0</ns3:atemp>
            <ns3:hr>157</ns3:hr>
            <ns3:cad>80</ns3:cad>
          </ns3:TrackPointExtension>
        </extensions>
      </trkpt>
      <trkpt lat="48.111694715917110443115234375" lon="-1.2124438025057315826416015625">
        <ele>118.59999847412109375</ele>
        <time>2026-09-24T16:12:39.000Z</time>
        <extensions>
          <ns3:TrackPointExtension>
            <ns3:atemp>30.0</ns3:atemp>
            <ns3:hr>157</ns3:hr>
            <ns3:cad>80</ns3:cad>
          </ns3:TrackPointExtension>
        </extensions>
      </trkpt>
      <trkpt lat="48.11171189881861209869384765625" lon="-1.2124106101691722869873046875">
        <ele>118.59999847412109375</ele>
        <time>2026-09-24T16:12:40.000Z</time>
        <extensions>
          <ns3:TrackPointExtension>
            <ns3:atemp>30.0</ns3:atemp>
            <ns3:hr>157</ns3:hr>
            <ns3:cad>80</ns3:cad>
          </ns3:TrackPointExtension>
        </extensions>
      </trkpt>
      <trkpt lat="48.11174240894615650177001953125" lon="-1.2123797647655010223388671875">
        <ele>118.8000030517578125</ele>
        <time>2026-09-24T16:12:41.000Z</time>
        <extensions>
          <ns3:TrackPointExtension>
            <ns3:atemp>30.0</ns3:atemp>
            <ns3:hr>156</ns3:hr>
            <ns3:cad>80</ns3:cad>
          </ns3:TrackPointExtension>
        </extensions>
      </trkpt>
      <trkpt lat="48.11176453717052936553955078125" lon="-1.212345063686370849609375">
        <ele>118.8000030517578125</ele>
        <time>2026-09-24T16:12:42.000Z</time>
        <extensions>
          <ns3:TrackPointExtension>
            <ns3:atemp>30.0</ns3:atemp>
            <ns3:hr>155</ns3:hr>
            <ns3:cad>80</ns3:cad>
          </ns3:TrackPointExtension>
        </extensions>
      </trkpt>
      <trkpt lat="48.11178264208137989044189453125" lon="-1.2123170681297779083251953125">
        <ele>118.8000030517578125</ele>
        <time>2026-09-24T16:12:43.000Z</time>
        <extensions>
          <ns3:TrackPointExtension>
            <ns3:atemp>30.0</ns3:atemp>
            <ns3:hr>155</ns3:hr>
            <ns3:cad>80</ns3:cad>
          </ns3:TrackPointExtension>
        </extensions>
      </trkpt>
      <trkpt lat="48.11181399039924144744873046875" lon="-1.21228345669806003570556640625">
        <ele>118.59999847412109375</ele>
        <time>2026-09-24T16:12:44.000Z</time>
        <extensions>
          <ns3:TrackPointExtension>
            <ns3:atemp>30.0</ns3:atemp>
            <ns3:hr>155</ns3:hr>
            <ns3:cad>80</ns3:cad>
          </ns3:TrackPointExtension>
        </extensions>
      </trkpt>
      <trkpt lat="48.11183846555650234222412109375" lon="-1.21225160546600818634033203125">
        <ele>118.8000030517578125</ele>
        <time>2026-09-24T16:12:45.000Z</time>
        <extensions>
          <ns3:TrackPointExtension>
            <ns3:atemp>30.0</ns3:atemp>
            <ns3:hr>155</ns3:hr>
            <ns3:cad>80</ns3:cad>
          </ns3:TrackPointExtension>
        </extensions>
      </trkpt>
      <trkpt lat="48.1118568219244480133056640625" lon="-1.212215311825275421142578125">
        <ele>118.59999847412109375</ele>
        <time>2026-09-24T16:12:46.000Z</time>
        <extensions>
          <ns3:TrackPointExtension>
            <ns3:atemp>30.0</ns3:atemp>
            <ns3:hr>155</ns3:hr>
            <ns3:cad>80</ns3:cad>
          </ns3:TrackPointExtension>
        </extensions>
      </trkpt>
      <trkpt lat="48.1118789501488208770751953125" lon="-1.2121816165745258331298828125">
        <ele>118.59999847412109375</ele>
        <time>2026-09-24T16:12:47.000Z</time>
        <extensions>
          <ns3:TrackPointExtension>
            <ns3:atemp>30.0</ns3:atemp>
            <ns3:hr>156</ns3:hr>
            <ns3:cad>80</ns3:cad>
          </ns3:TrackPointExtension>
        </extensions>
      </trkpt>
      <trkpt lat="48.1118980608880519866943359375" lon="-1.21215169318020343780517578125">
        <ele>118.59999847412109375</ele>
        <time>2026-09-24T16:12:48.000Z</time>
        <extensions>
          <ns3:TrackPointExtension>
            <ns3:atemp>30.0</ns3:atemp>
            <ns3:hr>155</ns3:hr>
            <ns3:cad>80</ns3:cad>
          </ns3:TrackPointExtension>
        </extensions>
      </trkpt>
      <trkpt lat="48.11191557906568050384521484375" lon="-1.21212000958621501922607421875">
        <ele>118.59999847412109375</ele>
        <time>2026-09-24T16:12:49.000Z</time>
        <extensions>
          <ns3:TrackPointExtension>
            <ns3:atemp>30.0</ns3:atemp>
            <ns3:hr>156</ns3:hr>
            <ns3:cad>79</ns3:cad>
          </ns3:TrackPointExtension>
        </extensions>
      </trkpt>
      <trkpt lat="48.111945502460002899169921875" lon="-1.212079189717769622802734375">
        <ele>118.59999847412109375</ele>
        <time>2026-09-24T16:12:50.000Z</time>
        <extensions>
          <ns3:TrackPointExtension>
            <ns3:atemp>30.0</ns3:atemp>
            <ns3:hr>156</ns3:hr>
            <ns3:cad>81</ns3:cad>
          </ns3:TrackPointExtension>
        </extensions>
      </trkpt>
      <trkpt lat="48.11196637339890003204345703125" lon="-1.21205144561827182769775390625">
        <ele>118.8000030517578125</ele>
        <time>2026-09-24T16:12:51.000Z</time>
        <extensions>
          <ns3:TrackPointExtension>
            <ns3:atemp>30.0</ns3:atemp>
            <ns3:hr>156</ns3:hr>
            <ns3:cad>81</ns3:cad>
          </ns3:TrackPointExtension>
        </extensions>
      </trkpt>
      <trkpt lat="48.111984729766845703125" lon="-1.212017834186553955078125">
        <ele>118.8000030517578125</ele>
        <time>2026-09-24T16:12:52.000Z</time>
        <extensions>
          <ns3:TrackPointExtension>
            <ns3:atemp>30.0</ns3:atemp>
            <ns3:hr>156</ns3:hr>
            <ns3:cad>81</ns3:cad>
          </ns3:TrackPointExtension>
        </extensions>
      </trkpt>
      <trkpt lat="48.1120090372860431671142578125" lon="-1.21198036707937717437744140625">
        <ele>118.59999847412109375</ele>
        <time>2026-09-24T16:12:53.000Z</time>
        <extensions>
          <ns3:TrackPointExtension>
            <ns3:atemp>30.0</ns3:atemp>
            <ns3:hr>156</ns3:hr>
            <ns3:cad>81</ns3:cad>
          </ns3:TrackPointExtension>
        </extensions>
      </trkpt>
      <trkpt lat="48.11202756129205226898193359375" lon="-1.21195388026535511016845703125">
        <ele>118.8000030517578125</ele>
        <time>2026-09-24T16:12:54.000Z</time>
        <extensions>
          <ns3:TrackPointExtension>
            <ns3:atemp>30.0</ns3:atemp>
            <ns3:hr>156</ns3:hr>
            <ns3:cad>81</ns3:cad>
          </ns3:TrackPointExtension>
        </extensions>
      </trkpt>
      <trkpt lat="48.112049102783203125" lon="-1.2119207717478275299072265625">
        <ele>118.8000030517578125</ele>
        <time>2026-09-24T16:12:55.000Z</time>
        <extensions>
          <ns3:TrackPointExtension>
            <ns3:atemp>30.0</ns3:atemp>
            <ns3:hr>155</ns3:hr>
            <ns3:cad>80</ns3:cad>
          </ns3:TrackPointExtension>
        </extensions>
      </trkpt>
      <trkpt lat="48.11207433231174945831298828125" lon="-1.2118818797171115875244140625">
        <ele>118.8000030517578125</ele>
        <time>2026-09-24T16:12:56.000Z</time>
        <extensions>
          <ns3:TrackPointExtension>
            <ns3:atemp>30.0</ns3:atemp>
            <ns3:hr>156</ns3:hr>
            <ns3:cad>80</ns3:cad>
          </ns3:TrackPointExtension>
        </extensions>
      </trkpt>
      <trkpt lat="48.112094365060329437255859375" lon="-1.21185866184532642364501953125">
        <ele>118.8000030517578125</ele>
        <time>2026-09-24T16:12:57.000Z</time>
        <extensions>
          <ns3:TrackPointExtension>
            <ns3:atemp>30.0</ns3:atemp>
            <ns3:hr>156</ns3:hr>
            <ns3:cad>80</ns3:cad>
          </ns3:TrackPointExtension>
        </extensions>
      </trkpt>
      <trkpt lat="48.11211674474179744720458984375" lon="-1.21182630769908428192138671875">
        <ele>119</ele>
        <time>2026-09-24T16:12:58.000Z</time>
        <extensions>
          <ns3:TrackPointExtension>
            <ns3:atemp>30.0</ns3:atemp>
            <ns3:hr>155</ns3:hr>
            <ns3:cad>81</ns3:cad>
          </ns3:TrackPointExtension>
        </extensions>
      </trkpt>
      <trkpt lat="48.11214088462293148040771484375" lon="-1.21178808622062206268310546875">
        <ele>119</ele>
        <time>2026-09-24T16:12:59.000Z</time>
        <extensions>
          <ns3:TrackPointExtension>
            <ns3:atemp>30.0</ns3:atemp>
            <ns3:hr>156</ns3:hr>
            <ns3:cad>81</ns3:cad>
          </ns3:TrackPointExtension>
        </extensions>
      </trkpt>
      <trkpt lat="48.11215630732476711273193359375" lon="-1.21175589971244335174560546875">
        <ele>118.8000030517578125</ele>
        <time>2026-09-24T16:13:00.000Z</time>
        <extensions>
          <ns3:TrackPointExtension>
            <ns3:atemp>30.0</ns3:atemp>
            <ns3:hr>156</ns3:hr>
            <ns3:cad>81</ns3:cad>
          </ns3:TrackPointExtension>
        </extensions>
      </trkpt>
      <trkpt lat="48.11217776499688625335693359375" lon="-1.211723126471042633056640625">
        <ele>118.8000030517578125</ele>
        <time>2026-09-24T16:13:01.000Z</time>
        <extensions>
          <ns3:TrackPointExtension>
            <ns3:atemp>30.0</ns3:atemp>
            <ns3:hr>156</ns3:hr>
            <ns3:cad>81</ns3:cad>
          </ns3:TrackPointExtension>
        </extensions>
      </trkpt>
      <trkpt lat="48.112203665077686309814453125" lon="-1.21168465353548526763916015625">
        <ele>119</ele>
        <time>2026-09-24T16:13:02.000Z</time>
        <extensions>
          <ns3:TrackPointExtension>
            <ns3:atemp>30.0</ns3:atemp>
            <ns3:hr>156</ns3:hr>
            <ns3:cad>81</ns3:cad>
          </ns3:TrackPointExtension>
        </extensions>
      </trkpt>
      <trkpt lat="48.11221598647534847259521484375" lon="-1.2116478569805622100830078125">
        <ele>119</ele>
        <time>2026-09-24T16:13:03.000Z</time>
        <extensions>
          <ns3:TrackPointExtension>
            <ns3:atemp>30.0</ns3:atemp>
            <ns3:hr>156</ns3:hr>
            <ns3:cad>81</ns3:cad>
          </ns3:TrackPointExtension>
        </extensions>
      </trkpt>
      <trkpt lat="48.11223895289003849029541015625" lon="-1.2116116471588611602783203125">
        <ele>119</ele>
        <time>2026-09-24T16:13:04.000Z</time>
        <extensions>
          <ns3:TrackPointExtension>
            <ns3:atemp>30.0</ns3:atemp>
            <ns3:hr>157</ns3:hr>
            <ns3:cad>81</ns3:cad>
          </ns3:TrackPointExtension>
        </extensions>
      </trkpt>
      <trkpt lat="48.1122631765902042388916015625" lon="-1.21157753281295299530029296875">
        <ele>119</ele>
        <time>2026-09-24T16:13:05.000Z</time>
        <extensions>
          <ns3:TrackPointExtension>
            <ns3:atemp>30.0</ns3:atemp>
            <ns3:hr>157</ns3:hr>
            <ns3:cad>81</ns3:cad>
          </ns3:TrackPointExtension>
        </extensions>
      </trkpt>
      <trkpt lat="48.11228002421557903289794921875" lon="-1.21154836378991603851318359375">
        <ele>119</ele>
        <time>2026-09-24T16:13:06.000Z</time>
        <extensions>
          <ns3:TrackPointExtension>
            <ns3:atemp>30.0</ns3:atemp>
            <ns3:hr>157</ns3:hr>
            <ns3:cad>81</ns3:cad>
          </ns3:TrackPointExtension>
        </extensions>
      </trkpt>
      <trkpt lat="48.11230617575347423553466796875" lon="-1.2115176022052764892578125">
        <ele>119.1999969482421875</ele>
        <time>2026-09-24T16:13:07.000Z</time>
        <extensions>
          <ns3:TrackPointExtension>
            <ns3:atemp>30.0</ns3:atemp>
            <ns3:hr>157</ns3:hr>
            <ns3:cad>80</ns3:cad>
          </ns3:TrackPointExtension>
        </extensions>
      </trkpt>
      <trkpt lat="48.11233081854879856109619140625" lon="-1.2114865891635417938232421875">
        <ele>119.1999969482421875</ele>
        <time>2026-09-24T16:13:08.000Z</time>
        <extensions>
          <ns3:TrackPointExtension>
            <ns3:atemp>30.0</ns3:atemp>
            <ns3:hr>158</ns3:hr>
            <ns3:cad>81</ns3:cad>
          </ns3:TrackPointExtension>
        </extensions>
      </trkpt>
      <trkpt lat="48.11234942637383937835693359375" lon="-1.21145297773182392120361328125">
        <ele>119</ele>
        <time>2026-09-24T16:13:09.000Z</time>
        <extensions>
          <ns3:TrackPointExtension>
            <ns3:atemp>30.0</ns3:atemp>
            <ns3:hr>157</ns3:hr>
            <ns3:cad>81</ns3:cad>
          </ns3:TrackPointExtension>
        </extensions>
      </trkpt>
      <trkpt lat="48.11237272806465625762939453125" lon="-1.211420036852359771728515625">
        <ele>119</ele>
        <time>2026-09-24T16:13:10.000Z</time>
        <extensions>
          <ns3:TrackPointExtension>
            <ns3:atemp>30.0</ns3:atemp>
            <ns3:hr>157</ns3:hr>
            <ns3:cad>81</ns3:cad>
          </ns3:TrackPointExtension>
        </extensions>
      </trkpt>
      <trkpt lat="48.11239485628902912139892578125" lon="-1.21138877235352993011474609375">
        <ele>118.8000030517578125</ele>
        <time>2026-09-24T16:13:11.000Z</time>
        <extensions>
          <ns3:TrackPointExtension>
            <ns3:atemp>30.0</ns3:atemp>
            <ns3:hr>158</ns3:hr>
            <ns3:cad>80</ns3:cad>
          </ns3:TrackPointExtension>
        </extensions>
      </trkpt>
      <trkpt lat="48.11241279356181621551513671875" lon="-1.21135742403566837310791015625">
        <ele>118.59999847412109375</ele>
        <time>2026-09-24T16:13:12.000Z</time>
        <extensions>
          <ns3:TrackPointExtension>
            <ns3:atemp>30.0</ns3:atemp>
            <ns3:hr>158</ns3:hr>
            <ns3:cad>80</ns3:cad>
          </ns3:TrackPointExtension>
        </extensions>
      </trkpt>
      <trkpt lat="48.11243408359587192535400390625" lon="-1.211327500641345977783203125">
        <ele>118.59999847412109375</ele>
        <time>2026-09-24T16:13:13.000Z</time>
        <extensions>
          <ns3:TrackPointExtension>
            <ns3:atemp>30.0</ns3:atemp>
            <ns3:hr>159</ns3:hr>
            <ns3:cad>80</ns3:cad>
          </ns3:TrackPointExtension>
        </extensions>
      </trkpt>
      <trkpt lat="48.112458474934101104736328125" lon="-1.21129321865737438201904296875">
        <ele>118.8000030517578125</ele>
        <time>2026-09-24T16:13:14.000Z</time>
        <extensions>
          <ns3:TrackPointExtension>
            <ns3:atemp>30.0</ns3:atemp>
            <ns3:hr>159</ns3:hr>
            <ns3:cad>80</ns3:cad>
          </ns3:TrackPointExtension>
        </extensions>
      </trkpt>
      <trkpt lat="48.11247490346431732177734375" lon="-1.21126673184335231781005859375">
        <ele>118.8000030517578125</ele>
        <time>2026-09-24T16:13:15.000Z</time>
        <extensions>
          <ns3:TrackPointExtension>
            <ns3:atemp>30.0</ns3:atemp>
            <ns3:hr>161</ns3:hr>
            <ns3:cad>80</ns3:cad>
          </ns3:TrackPointExtension>
        </extensions>
      </trkpt>
      <trkpt lat="48.112502060830593109130859375" lon="-1.21123068965971469879150390625">
        <ele>119</ele>
        <time>2026-09-24T16:13:16.000Z</time>
        <extensions>
          <ns3:TrackPointExtension>
            <ns3:atemp>30.0</ns3:atemp>
            <ns3:hr>161</ns3:hr>
            <ns3:cad>80</ns3:cad>
          </ns3:TrackPointExtension>
        </extensions>
      </trkpt>
      <trkpt lat="48.11252511106431484222412109375" lon="-1.2111952342092990875244140625">
        <ele>119</ele>
        <time>2026-09-24T16:13:17.000Z</time>
        <extensions>
          <ns3:TrackPointExtension>
            <ns3:atemp>30.0</ns3:atemp>
            <ns3:hr>161</ns3:hr>
            <ns3:cad>81</ns3:cad>
          </ns3:TrackPointExtension>
        </extensions>
      </trkpt>
      <trkpt lat="48.1125417910516262054443359375" lon="-1.21116195805370807647705078125">
        <ele>119</ele>
        <time>2026-09-24T16:13:18.000Z</time>
        <extensions>
          <ns3:TrackPointExtension>
            <ns3:atemp>30.0</ns3:atemp>
            <ns3:hr>161</ns3:hr>
            <ns3:cad>81</ns3:cad>
          </ns3:TrackPointExtension>
        </extensions>
      </trkpt>
      <trkpt lat="48.11257146298885345458984375" lon="-1.2111181207001209259033203125">
        <ele>119</ele>
        <time>2026-09-24T16:13:19.000Z</time>
        <extensions>
          <ns3:TrackPointExtension>
            <ns3:atemp>30.0</ns3:atemp>
            <ns3:hr>160</ns3:hr>
            <ns3:cad>81</ns3:cad>
          </ns3:TrackPointExtension>
        </extensions>
      </trkpt>
      <trkpt lat="48.112591244280338287353515625" lon="-1.21108786202967166900634765625">
        <ele>119</ele>
        <time>2026-09-24T16:13:20.000Z</time>
        <extensions>
          <ns3:TrackPointExtension>
            <ns3:atemp>30.0</ns3:atemp>
            <ns3:hr>160</ns3:hr>
            <ns3:cad>80</ns3:cad>
          </ns3:TrackPointExtension>
        </extensions>
      </trkpt>
      <trkpt lat="48.1126071698963642120361328125" lon="-1.21105416677892208099365234375">
        <ele>119</ele>
        <time>2026-09-24T16:13:21.000Z</time>
        <extensions>
          <ns3:TrackPointExtension>
            <ns3:atemp>30.0</ns3:atemp>
            <ns3:hr>160</ns3:hr>
            <ns3:cad>80</ns3:cad>
          </ns3:TrackPointExtension>
        </extensions>
      </trkpt>
      <trkpt lat="48.1126363389194011688232421875" lon="-1.21101695112884044647216796875">
        <ele>119.1999969482421875</ele>
        <time>2026-09-24T16:13:22.000Z</time>
        <extensions>
          <ns3:TrackPointExtension>
            <ns3:atemp>30.0</ns3:atemp>
            <ns3:hr>160</ns3:hr>
            <ns3:cad>80</ns3:cad>
          </ns3:TrackPointExtension>
        </extensions>
      </trkpt>
      <trkpt lat="48.11265788041055202484130859375" lon="-1.21099046431481838226318359375">
        <ele>119.1999969482421875</ele>
        <time>2026-09-24T16:13:23.000Z</time>
        <extensions>
          <ns3:TrackPointExtension>
            <ns3:atemp>30.0</ns3:atemp>
            <ns3:hr>160</ns3:hr>
            <ns3:cad>81</ns3:cad>
          </ns3:TrackPointExtension>
        </extensions>
      </trkpt>
      <trkpt lat="48.11267447657883167266845703125" lon="-1.2109558470547199249267578125">
        <ele>119.40000152587890625</ele>
        <time>2026-09-24T16:13:24.000Z</time>
        <extensions>
          <ns3:TrackPointExtension>
            <ns3:atemp>30.0</ns3:atemp>
            <ns3:hr>160</ns3:hr>
            <ns3:cad>81</ns3:cad>
          </ns3:TrackPointExtension>
        </extensions>
      </trkpt>
      <trkpt lat="48.11269945465028285980224609375" lon="-1.21091050095856189727783203125">
        <ele>119.40000152587890625</ele>
        <time>2026-09-24T16:13:25.000Z</time>
        <extensions>
          <ns3:TrackPointExtension>
            <ns3:atemp>30.0</ns3:atemp>
            <ns3:hr>160</ns3:hr>
            <ns3:cad>81</ns3:cad>
          </ns3:TrackPointExtension>
        </extensions>
      </trkpt>
      <trkpt lat="48.11271764338016510009765625" lon="-1.21087932027876377105712890625">
        <ele>119.40000152587890625</ele>
        <time>2026-09-24T16:13:26.000Z</time>
        <extensions>
          <ns3:TrackPointExtension>
            <ns3:atemp>30.0</ns3:atemp>
            <ns3:hr>161</ns3:hr>
            <ns3:cad>81</ns3:cad>
          </ns3:TrackPointExtension>
        </extensions>
      </trkpt>
      <trkpt lat="48.11274203471839427947998046875" lon="-1.21084009297192096710205078125">
        <ele>119.40000152587890625</ele>
        <time>2026-09-24T16:13:27.000Z</time>
        <extensions>
          <ns3:TrackPointExtension>
            <ns3:atemp>30.0</ns3:atemp>
            <ns3:hr>161</ns3:hr>
            <ns3:cad>81</ns3:cad>
          </ns3:TrackPointExtension>
        </extensions>
      </trkpt>
      <trkpt lat="48.11276952736079692840576171875" lon="-1.2107979319989681243896484375">
        <ele>119.1999969482421875</ele>
        <time>2026-09-24T16:13:28.000Z</time>
        <extensions>
          <ns3:TrackPointExtension>
            <ns3:atemp>30.0</ns3:atemp>
            <ns3:hr>161</ns3:hr>
            <ns3:cad>81</ns3:cad>
          </ns3:TrackPointExtension>
        </extensions>
      </trkpt>
      <trkpt lat="48.1127853691577911376953125" lon="-1.2107647396624088287353515625">
        <ele>119</ele>
        <time>2026-09-24T16:13:29.000Z</time>
        <extensions>
          <ns3:TrackPointExtension>
            <ns3:atemp>30.0</ns3:atemp>
            <ns3:hr>161</ns3:hr>
            <ns3:cad>81</ns3:cad>
          </ns3:TrackPointExtension>
        </extensions>
      </trkpt>
      <trkpt lat="48.11280481517314910888671875" lon="-1.21073230169713497161865234375">
        <ele>119</ele>
        <time>2026-09-24T16:13:30.000Z</time>
        <extensions>
          <ns3:TrackPointExtension>
            <ns3:atemp>30.0</ns3:atemp>
            <ns3:hr>161</ns3:hr>
            <ns3:cad>81</ns3:cad>
          </ns3:TrackPointExtension>
        </extensions>
      </trkpt>
      <trkpt lat="48.11282652430236339569091796875" lon="-1.2106919847428798675537109375">
        <ele>118.8000030517578125</ele>
        <time>2026-09-24T16:13:31.000Z</time>
        <extensions>
          <ns3:TrackPointExtension>
            <ns3:atemp>30.0</ns3:atemp>
            <ns3:hr>161</ns3:hr>
            <ns3:cad>81</ns3:cad>
          </ns3:TrackPointExtension>
        </extensions>
      </trkpt>
      <trkpt lat="48.11284236609935760498046875" lon="-1.21066323481500148773193359375">
        <ele>118.59999847412109375</ele>
        <time>2026-09-24T16:13:32.000Z</time>
        <extensions>
          <ns3:TrackPointExtension>
            <ns3:atemp>30.0</ns3:atemp>
            <ns3:hr>161</ns3:hr>
            <ns3:cad>81</ns3:cad>
          </ns3:TrackPointExtension>
        </extensions>
      </trkpt>
      <trkpt lat="48.11286441050469875335693359375" lon="-1.21063188649713993072509765625">
        <ele>118.59999847412109375</ele>
        <time>2026-09-24T16:13:33.000Z</time>
        <extensions>
          <ns3:TrackPointExtension>
            <ns3:atemp>30.0</ns3:atemp>
            <ns3:hr>161</ns3:hr>
            <ns3:cad>80</ns3:cad>
          </ns3:TrackPointExtension>
        </extensions>
      </trkpt>
      <trkpt lat="48.1128914840519428253173828125" lon="-1.2105957604944705963134765625">
        <ele>118.40000152587890625</ele>
        <time>2026-09-24T16:13:34.000Z</time>
        <extensions>
          <ns3:TrackPointExtension>
            <ns3:atemp>30.0</ns3:atemp>
            <ns3:hr>161</ns3:hr>
            <ns3:cad>80</ns3:cad>
          </ns3:TrackPointExtension>
        </extensions>
      </trkpt>
      <trkpt lat="48.1129126064479351043701171875" lon="-1.21056952513754367828369140625">
        <ele>118.40000152587890625</ele>
        <time>2026-09-24T16:13:35.000Z</time>
        <extensions>
          <ns3:TrackPointExtension>
            <ns3:atemp>30.0</ns3:atemp>
            <ns3:hr>161</ns3:hr>
            <ns3:cad>80</ns3:cad>
          </ns3:TrackPointExtension>
        </extensions>
      </trkpt>
      <trkpt lat="48.11293666251003742218017578125" lon="-1.21053800918161869049072265625">
        <ele>118.1999969482421875</ele>
        <time>2026-09-24T16:13:36.000Z</time>
        <extensions>
          <ns3:TrackPointExtension>
            <ns3:atemp>30.0</ns3:atemp>
            <ns3:hr>162</ns3:hr>
            <ns3:cad>80</ns3:cad>
          </ns3:TrackPointExtension>
        </extensions>
      </trkpt>
      <trkpt lat="48.1129618920385837554931640625" lon="-1.21050305664539337158203125">
        <ele>118.1999969482421875</ele>
        <time>2026-09-24T16:13:37.000Z</time>
        <extensions>
          <ns3:TrackPointExtension>
            <ns3:atemp>30.0</ns3:atemp>
            <ns3:hr>161</ns3:hr>
            <ns3:cad>80</ns3:cad>
          </ns3:TrackPointExtension>
        </extensions>
      </trkpt>
      <trkpt lat="48.112979494035243988037109375" lon="-1.21046944521367549896240234375">
        <ele>118</ele>
        <time>2026-09-24T16:13:38.000Z</time>
        <extensions>
          <ns3:TrackPointExtension>
            <ns3:atemp>30.0</ns3:atemp>
            <ns3:hr>161</ns3:hr>
            <ns3:cad>80</ns3:cad>
          </ns3:TrackPointExtension>
        </extensions>
      </trkpt>
      <trkpt lat="48.11300329864025115966796875" lon="-1.2104339897632598876953125">
        <ele>118</ele>
        <time>2026-09-24T16:13:39.000Z</time>
        <extensions>
          <ns3:TrackPointExtension>
            <ns3:atemp>30.0</ns3:atemp>
            <ns3:hr>161</ns3:hr>
            <ns3:cad>80</ns3:cad>
          </ns3:TrackPointExtension>
        </extensions>
      </trkpt>
      <trkpt lat="48.11303012073040008544921875" lon="-1.21039702557027339935302734375">
        <ele>118</ele>
        <time>2026-09-24T16:13:40.000Z</time>
        <extensions>
          <ns3:TrackPointExtension>
            <ns3:atemp>30.0</ns3:atemp>
            <ns3:hr>161</ns3:hr>
            <ns3:cad>80</ns3:cad>
          </ns3:TrackPointExtension>
        </extensions>
      </trkpt>
      <trkpt lat="48.11305115930736064910888671875" lon="-1.2103677727282047271728515625">
        <ele>117.8000030517578125</ele>
        <time>2026-09-24T16:13:41.000Z</time>
        <extensions>
          <ns3:TrackPointExtension>
            <ns3:atemp>30.0</ns3:atemp>
            <ns3:hr>161</ns3:hr>
            <ns3:cad>80</ns3:cad>
          </ns3:TrackPointExtension>
        </extensions>
      </trkpt>
      <trkpt lat="48.1130772270262241363525390625" lon="-1.2103412859141826629638671875">
        <ele>117.8000030517578125</ele>
        <time>2026-09-24T16:13:42.000Z</time>
        <extensions>
          <ns3:TrackPointExtension>
            <ns3:atemp>30.0</ns3:atemp>
            <ns3:hr>161</ns3:hr>
            <ns3:cad>79</ns3:cad>
          </ns3:TrackPointExtension>
        </extensions>
      </trkpt>
      <trkpt lat="48.1131040491163730621337890625" lon="-1.21031639166176319122314453125">
        <ele>117.8000030517578125</ele>
        <time>2026-09-24T16:13:43.000Z</time>
        <extensions>
          <ns3:TrackPointExtension>
            <ns3:atemp>30.0</ns3:atemp>
            <ns3:hr>161</ns3:hr>
            <ns3:cad>79</ns3:cad>
          </ns3:TrackPointExtension>
        </extensions>
      </trkpt>
      <trkpt lat="48.11312609352171421051025390625" lon="-1.21029878966510295867919921875">
        <ele>117.8000030517578125</ele>
        <time>2026-09-24T16:13:44.000Z</time>
        <extensions>
          <ns3:TrackPointExtension>
            <ns3:atemp>30.0</ns3:atemp>
            <ns3:hr>161</ns3:hr>
            <ns3:cad>79</ns3:cad>
          </ns3:TrackPointExtension>
        </extensions>
      </trkpt>
      <trkpt lat="48.1131529994308948516845703125" lon="-1.21028370223939418792724609375">
        <ele>117.59999847412109375</ele>
        <time>2026-09-24T16:13:45.000Z</time>
        <extensions>
          <ns3:TrackPointExtension>
            <ns3:atemp>30.0</ns3:atemp>
            <ns3:hr>161</ns3:hr>
            <ns3:cad>79</ns3:cad>
          </ns3:TrackPointExtension>
        </extensions>
      </trkpt>
      <trkpt lat="48.1131818331778049468994140625" lon="-1.210274398326873779296875">
        <ele>117.59999847412109375</ele>
        <time>2026-09-24T16:13:46.000Z</time>
        <extensions>
          <ns3:TrackPointExtension>
            <ns3:atemp>30.0</ns3:atemp>
            <ns3:hr>161</ns3:hr>
            <ns3:cad>80</ns3:cad>
          </ns3:TrackPointExtension>
        </extensions>
      </trkpt>
      <trkpt lat="48.11320823617279529571533203125" lon="-1.21027146466076374053955078125">
        <ele>117.40000152587890625</ele>
        <time>2026-09-24T16:13:47.000Z</time>
        <extensions>
          <ns3:TrackPointExtension>
            <ns3:atemp>30.0</ns3:atemp>
            <ns3:hr>161</ns3:hr>
            <ns3:cad>80</ns3:cad>
          </ns3:TrackPointExtension>
        </extensions>
      </trkpt>
      <trkpt lat="48.113235644996166229248046875" lon="-1.21027196757495403289794921875">
        <ele>117.1999969482421875</ele>
        <time>2026-09-24T16:13:48.000Z</time>
        <extensions>
          <ns3:TrackPointExtension>
            <ns3:atemp>30.0</ns3:atemp>
            <ns3:hr>161</ns3:hr>
            <ns3:cad>79</ns3:cad>
          </ns3:TrackPointExtension>
        </extensions>
      </trkpt>
      <trkpt lat="48.1132629700005054473876953125" lon="-1.21027163229882717132568359375">
        <ele>117</ele>
        <time>2026-09-24T16:13:49.000Z</time>
        <extensions>
          <ns3:TrackPointExtension>
            <ns3:atemp>30.0</ns3:atemp>
            <ns3:hr>160</ns3:hr>
            <ns3:cad>78</ns3:cad>
          </ns3:TrackPointExtension>
        </extensions>
      </trkpt>
      <trkpt lat="48.11328954063355922698974609375" lon="-1.210276745259761810302734375">
        <ele>117</ele>
        <time>2026-09-24T16:13:50.000Z</time>
        <extensions>
          <ns3:TrackPointExtension>
            <ns3:atemp>30.0</ns3:atemp>
            <ns3:hr>160</ns3:hr>
            <ns3:cad>78</ns3:cad>
          </ns3:TrackPointExtension>
        </extensions>
      </trkpt>
      <trkpt lat="48.11331669799983501434326171875" lon="-1.21028303168714046478271484375">
        <ele>117</ele>
        <time>2026-09-24T16:13:51.000Z</time>
        <extensions>
          <ns3:TrackPointExtension>
            <ns3:atemp>30.0</ns3:atemp>
            <ns3:hr>160</ns3:hr>
            <ns3:cad>78</ns3:cad>
          </ns3:TrackPointExtension>
        </extensions>
      </trkpt>
      <trkpt lat="48.11334838159382343292236328125" lon="-1.21029225178062915802001953125">
        <ele>116.8000030517578125</ele>
        <time>2026-09-24T16:13:52.000Z</time>
        <extensions>
          <ns3:TrackPointExtension>
            <ns3:atemp>30.0</ns3:atemp>
            <ns3:hr>160</ns3:hr>
            <ns3:cad>79</ns3:cad>
          </ns3:TrackPointExtension>
        </extensions>
      </trkpt>
      <trkpt lat="48.1133799813687801361083984375" lon="-1.210301220417022705078125">
        <ele>116.8000030517578125</ele>
        <time>2026-09-24T16:13:53.000Z</time>
        <extensions>
          <ns3:TrackPointExtension>
            <ns3:atemp>30.0</ns3:atemp>
            <ns3:hr>160</ns3:hr>
            <ns3:cad>79</ns3:cad>
          </ns3:TrackPointExtension>
        </extensions>
      </trkpt>
      <trkpt lat="48.11340806074440479278564453125" lon="-1.21031119488179683685302734375">
        <ele>116.8000030517578125</ele>
        <time>2026-09-24T16:13:54.000Z</time>
        <extensions>
          <ns3:TrackPointExtension>
            <ns3:atemp>30.0</ns3:atemp>
            <ns3:hr>160</ns3:hr>
            <ns3:cad>79</ns3:cad>
          </ns3:TrackPointExtension>
        </extensions>
      </trkpt>
      <trkpt lat="48.11344175599515438079833984375" lon="-1.21032200753688812255859375">
        <ele>116.8000030517578125</ele>
        <time>2026-09-24T16:13:55.000Z</time>
        <extensions>
          <ns3:TrackPointExtension>
            <ns3:atemp>30.0</ns3:atemp>
            <ns3:hr>160</ns3:hr>
            <ns3:cad>80</ns3:cad>
          </ns3:TrackPointExtension>
        </extensions>
      </trkpt>
      <trkpt lat="48.113468326628208160400390625" lon="-1.21032879687845706939697265625">
        <ele>116.8000030517578125</ele>
        <time>2026-09-24T16:13:56.000Z</time>
        <extensions>
          <ns3:TrackPointExtension>
            <ns3:atemp>30.0</ns3:atemp>
            <ns3:hr>160</ns3:hr>
            <ns3:cad>80</ns3:cad>
          </ns3:TrackPointExtension>
        </extensions>
      </trkpt>
      <trkpt lat="48.11349682509899139404296875" lon="-1.2103352509438991546630859375">
        <ele>116.8000030517578125</ele>
        <time>2026-09-24T16:13:57.000Z</time>
        <extensions>
          <ns3:TrackPointExtension>
            <ns3:atemp>30.0</ns3:atemp>
            <ns3:hr>160</ns3:hr>
            <ns3:cad>80</ns3:cad>
          </ns3:TrackPointExtension>
        </extensions>
      </trkpt>
      <trkpt lat="48.1135390698909759521484375" lon="-1.21035779826343059539794921875">
        <ele>116.8000030517578125</ele>
        <time>2026-09-24T16:13:58.000Z</time>
        <extensions>
          <ns3:TrackPointExtension>
            <ns3:atemp>30.0</ns3:atemp>
            <ns3:hr>159</ns3:hr>
            <ns3:cad>80</ns3:cad>
          </ns3:TrackPointExtension>
        </extensions>
      </trkpt>
      <trkpt lat="48.11357083730399608612060546875" lon="-1.21037699282169342041015625">
        <ele>116.59999847412109375</ele>
        <time>2026-09-24T16:13:59.000Z</time>
        <extensions>
          <ns3:TrackPointExtension>
            <ns3:atemp>30.0</ns3:atemp>
            <ns3:hr>160</ns3:hr>
            <ns3:cad>80</ns3:cad>
          </ns3:TrackPointExtension>
        </extensions>
      </trkpt>
      <trkpt lat="48.1136039458215236663818359375" lon="-1.2103868834674358367919921875">
        <ele>116.59999847412109375</ele>
        <time>2026-09-24T16:14:00.000Z</time>
        <extensions>
          <ns3:TrackPointExtension>
            <ns3:atemp>30.0</ns3:atemp>
            <ns3:hr>159</ns3:hr>
            <ns3:cad>80</ns3:cad>
          </ns3:TrackPointExtension>
        </extensions>
      </trkpt>
      <trkpt lat="48.1136378087103366851806640625" lon="-1.21039576828479766845703125">
        <ele>116.40000152587890625</ele>
        <time>2026-09-24T16:14:01.000Z</time>
        <extensions>
          <ns3:TrackPointExtension>
            <ns3:atemp>30.0</ns3:atemp>
            <ns3:hr>159</ns3:hr>
            <ns3:cad>81</ns3:cad>
          </ns3:TrackPointExtension>
        </extensions>
      </trkpt>
      <trkpt lat="48.11366789974272251129150390625" lon="-1.21040473692119121551513671875">
        <ele>116.40000152587890625</ele>
        <time>2026-09-24T16:14:02.000Z</time>
        <extensions>
          <ns3:TrackPointExtension>
            <ns3:atemp>30.0</ns3:atemp>
            <ns3:hr>159</ns3:hr>
            <ns3:cad>81</ns3:cad>
          </ns3:TrackPointExtension>
        </extensions>
      </trkpt>
      <trkpt lat="48.113697655498981475830078125" lon="-1.210413537919521331787109375">
        <ele>116.40000152587890625</ele>
        <time>2026-09-24T16:14:03.000Z</time>
        <extensions>
          <ns3:TrackPointExtension>
            <ns3:atemp>30.0</ns3:atemp>
            <ns3:hr>159</ns3:hr>
            <ns3:cad>81</ns3:cad>
          </ns3:TrackPointExtension>
        </extensions>
      </trkpt>
      <trkpt lat="48.1137295067310333251953125" lon="-1.2104237638413906097412109375">
        <ele>116.1999969482421875</ele>
        <time>2026-09-24T16:14:04.000Z</time>
        <extensions>
          <ns3:TrackPointExtension>
            <ns3:atemp>30.0</ns3:atemp>
            <ns3:hr>159</ns3:hr>
            <ns3:cad>79</ns3:cad>
          </ns3:TrackPointExtension>
        </extensions>
      </trkpt>
      <trkpt lat="48.1137575022876262664794921875" lon="-1.21043155901134014129638671875">
        <ele>116.1999969482421875</ele>
        <time>2026-09-24T16:14:05.000Z</time>
        <extensions>
          <ns3:TrackPointExtension>
            <ns3:atemp>30.0</ns3:atemp>
            <ns3:hr>159</ns3:hr>
            <ns3:cad>79</ns3:cad>
          </ns3:TrackPointExtension>
        </extensions>
      </trkpt>
      <trkpt lat="48.1137843243777751922607421875" lon="-1.2104381807148456573486328125">
        <ele>116.1999969482421875</ele>
        <time>2026-09-24T16:14:06.000Z</time>
        <extensions>
          <ns3:TrackPointExtension>
            <ns3:atemp>30.0</ns3:atemp>
            <ns3:hr>159</ns3:hr>
            <ns3:cad>79</ns3:cad>
          </ns3:TrackPointExtension>
        </extensions>
      </trkpt>
      <trkpt lat="48.11381642706692218780517578125" lon="-1.21044681407511234283447265625">
        <ele>116.1999969482421875</ele>
        <time>2026-09-24T16:14:07.000Z</time>
        <extensions>
          <ns3:TrackPointExtension>
            <ns3:atemp>30.0</ns3:atemp>
            <ns3:hr>159</ns3:hr>
            <ns3:cad>78</ns3:cad>
          </ns3:TrackPointExtension>
        </extensions>
      </trkpt>
      <trkpt lat="48.11384417116641998291015625" lon="-1.2104549445211887359619140625">
        <ele>116.1999969482421875</ele>
        <time>2026-09-24T16:14:08.000Z</time>
        <extensions>
          <ns3:TrackPointExtension>
            <ns3:atemp>30.0</ns3:atemp>
            <ns3:hr>159</ns3:hr>
            <ns3:cad>78</ns3:cad>
          </ns3:TrackPointExtension>
        </extensions>
      </trkpt>
      <trkpt lat="48.11387233436107635498046875" lon="-1.2104606442153453826904296875">
        <ele>116.40000152587890625</ele>
        <time>2026-09-24T16:14:09.000Z</time>
        <extensions>
          <ns3:TrackPointExtension>
            <ns3:atemp>30.0</ns3:atemp>
            <ns3:hr>159</ns3:hr>
            <ns3:cad>78</ns3:cad>
          </ns3:TrackPointExtension>
        </extensions>
      </trkpt>
      <trkpt lat="48.11390452086925506591796875" lon="-1.21046391315758228302001953125">
        <ele>116.40000152587890625</ele>
        <time>2026-09-24T16:14:10.000Z</time>
        <extensions>
          <ns3:TrackPointExtension>
            <ns3:atemp>30.0</ns3:atemp>
            <ns3:hr>159</ns3:hr>
            <ns3:cad>80</ns3:cad>
          </ns3:TrackPointExtension>
        </extensions>
      </trkpt>
      <trkpt lat="48.11393695883452892303466796875" lon="-1.2104740552604198455810546875">
        <ele>116.1999969482421875</ele>
        <time>2026-09-24T16:14:11.000Z</time>
        <extensions>
          <ns3:TrackPointExtension>
            <ns3:atemp>30.0</ns3:atemp>
            <ns3:hr>159</ns3:hr>
            <ns3:cad>80</ns3:cad>
          </ns3:TrackPointExtension>
        </extensions>
      </trkpt>
      <trkpt lat="48.1139643676578998565673828125" lon="-1.210477240383625030517578125">
        <ele>116.1999969482421875</ele>
        <time>2026-09-24T16:14:12.000Z</time>
        <extensions>
          <ns3:TrackPointExtension>
            <ns3:atemp>30.0</ns3:atemp>
            <ns3:hr>159</ns3:hr>
            <ns3:cad>80</ns3:cad>
          </ns3:TrackPointExtension>
        </extensions>
      </trkpt>
      <trkpt lat="48.11399915255606174468994140625" lon="-1.2104795873165130615234375">
        <ele>116</ele>
        <time>2026-09-24T16:14:13.000Z</time>
        <extensions>
          <ns3:TrackPointExtension>
            <ns3:atemp>30.0</ns3:atemp>
            <ns3:hr>159</ns3:hr>
            <ns3:cad>79</ns3:cad>
          </ns3:TrackPointExtension>
        </extensions>
      </trkpt>
      <trkpt lat="48.114030249416828155517578125" lon="-1.21048369444906711578369140625">
        <ele>115.8000030517578125</ele>
        <time>2026-09-24T16:14:14.000Z</time>
        <extensions>
          <ns3:TrackPointExtension>
            <ns3:atemp>30.0</ns3:atemp>
            <ns3:hr>159</ns3:hr>
            <ns3:cad>79</ns3:cad>
          </ns3:TrackPointExtension>
        </extensions>
      </trkpt>
      <trkpt lat="48.11405966989696025848388671875" lon="-1.2104790844023227691650390625">
        <ele>115.8000030517578125</ele>
        <time>2026-09-24T16:14:15.000Z</time>
        <extensions>
          <ns3:TrackPointExtension>
            <ns3:atemp>30.0</ns3:atemp>
            <ns3:hr>159</ns3:hr>
            <ns3:cad>79</ns3:cad>
          </ns3:TrackPointExtension>
        </extensions>
      </trkpt>
      <trkpt lat="48.1140894256532192230224609375" lon="-1.21048285625874996185302734375">
        <ele>115.59999847412109375</ele>
        <time>2026-09-24T16:14:16.000Z</time>
        <extensions>
          <ns3:TrackPointExtension>
            <ns3:atemp>30.0</ns3:atemp>
            <ns3:hr>159</ns3:hr>
            <ns3:cad>79</ns3:cad>
          </ns3:TrackPointExtension>
        </extensions>
      </trkpt>
      <trkpt lat="48.1141229532659053802490234375" lon="-1.210481934249401092529296875">
        <ele>115.59999847412109375</ele>
        <time>2026-09-24T16:14:17.000Z</time>
        <extensions>
          <ns3:TrackPointExtension>
            <ns3:atemp>30.0</ns3:atemp>
            <ns3:hr>160</ns3:hr>
            <ns3:cad>79</ns3:cad>
          </ns3:TrackPointExtension>
        </extensions>
      </trkpt>
      <trkpt lat="48.1141484342515468597412109375" lon="-1.21047397144138813018798828125">
        <ele>115.40000152587890625</ele>
        <time>2026-09-24T16:14:18.000Z</time>
        <extensions>
          <ns3:TrackPointExtension>
            <ns3:atemp>30.0</ns3:atemp>
            <ns3:hr>160</ns3:hr>
            <ns3:cad>79</ns3:cad>
          </ns3:TrackPointExtension>
        </extensions>
      </trkpt>
      <trkpt lat="48.114179782569408416748046875" lon="-1.21046961285173892974853515625">
        <ele>115.40000152587890625</ele>
        <time>2026-09-24T16:14:19.000Z</time>
        <extensions>
          <ns3:TrackPointExtension>
            <ns3:atemp>30.0</ns3:atemp>
            <ns3:hr>160</ns3:hr>
            <ns3:cad>78</ns3:cad>
          </ns3:TrackPointExtension>
        </extensions>
      </trkpt>
      <trkpt lat="48.11421020887792110443115234375" lon="-1.21046810410916805267333984375">
        <ele>115.1999969482421875</ele>
        <time>2026-09-24T16:14:20.000Z</time>
        <extensions>
          <ns3:TrackPointExtension>
            <ns3:atemp>30.0</ns3:atemp>
            <ns3:hr>160</ns3:hr>
            <ns3:cad>78</ns3:cad>
          </ns3:TrackPointExtension>
        </extensions>
      </trkpt>
      <trkpt lat="48.11423719860613346099853515625" lon="-1.2104680202901363372802734375">
        <ele>115</ele>
        <time>2026-09-24T16:14:21.000Z</time>
        <extensions>
          <ns3:TrackPointExtension>
            <ns3:atemp>30.0</ns3:atemp>
            <ns3:hr>160</ns3:hr>
            <ns3:cad>78</ns3:cad>
          </ns3:TrackPointExtension>
        </extensions>
      </trkpt>
      <trkpt lat="48.11426502652466297149658203125" lon="-1.2104727141559123992919921875">
        <ele>114.8000030517578125</ele>
        <time>2026-09-24T16:14:22.000Z</time>
        <extensions>
          <ns3:TrackPointExtension>
            <ns3:atemp>30.0</ns3:atemp>
            <ns3:hr>160</ns3:hr>
            <ns3:cad>78</ns3:cad>
          </ns3:TrackPointExtension>
        </extensions>
      </trkpt>
      <trkpt lat="48.1142969615757465362548828125" lon="-1.21046525426208972930908203125">
        <ele>114.8000030517578125</ele>
        <time>2026-09-24T16:14:23.000Z</time>
        <extensions>
          <ns3:TrackPointExtension>
            <ns3:atemp>30.0</ns3:atemp>
            <ns3:hr>160</ns3:hr>
            <ns3:cad>79</ns3:cad>
          </ns3:TrackPointExtension>
        </extensions>
      </trkpt>
      <trkpt lat="48.11432604677975177764892578125" lon="-1.21046827174723148345947265625">
        <ele>114.8000030517578125</ele>
        <time>2026-09-24T16:14:24.000Z</time>
        <extensions>
          <ns3:TrackPointExtension>
            <ns3:atemp>30.0</ns3:atemp>
            <ns3:hr>160</ns3:hr>
            <ns3:cad>79</ns3:cad>
          </ns3:TrackPointExtension>
        </extensions>
      </trkpt>
      <trkpt lat="48.1143542937934398651123046875" lon="-1.21046709828078746795654296875">
        <ele>114.59999847412109375</ele>
        <time>2026-09-24T16:14:25.000Z</time>
        <extensions>
          <ns3:TrackPointExtension>
            <ns3:atemp>30.0</ns3:atemp>
            <ns3:hr>161</ns3:hr>
            <ns3:cad>79</ns3:cad>
          </ns3:TrackPointExtension>
        </extensions>
      </trkpt>
      <trkpt lat="48.11438539065420627593994140625" lon="-1.21046416461467742919921875">
        <ele>114.59999847412109375</ele>
        <time>2026-09-24T16:14:26.000Z</time>
        <extensions>
          <ns3:TrackPointExtension>
            <ns3:atemp>30.0</ns3:atemp>
            <ns3:hr>160</ns3:hr>
            <ns3:cad>79</ns3:cad>
          </ns3:TrackPointExtension>
        </extensions>
      </trkpt>
      <trkpt lat="48.11441120691597461700439453125" lon="-1.21045938692986965179443359375">
        <ele>114.59999847412109375</ele>
        <time>2026-09-24T16:14:27.000Z</time>
        <extensions>
          <ns3:TrackPointExtension>
            <ns3:atemp>30.0</ns3:atemp>
            <ns3:hr>160</ns3:hr>
            <ns3:cad>79</ns3:cad>
          </ns3:TrackPointExtension>
        </extensions>
      </trkpt>
      <trkpt lat="48.114438615739345550537109375" lon="-1.2104536034166812896728515625">
        <ele>114.59999847412109375</ele>
        <time>2026-09-24T16:14:28.000Z</time>
        <extensions>
          <ns3:TrackPointExtension>
            <ns3:atemp>30.0</ns3:atemp>
            <ns3:hr>160</ns3:hr>
            <ns3:cad>79</ns3:cad>
          </ns3:TrackPointExtension>
        </extensions>
      </trkpt>
      <trkpt lat="48.11447172425687313079833984375" lon="-1.2104519270360469818115234375">
        <ele>114.59999847412109375</ele>
        <time>2026-09-24T16:14:29.000Z</time>
        <extensions>
          <ns3:TrackPointExtension>
            <ns3:atemp>30.0</ns3:atemp>
            <ns3:hr>160</ns3:hr>
            <ns3:cad>78</ns3:cad>
          </ns3:TrackPointExtension>
        </extensions>
      </trkpt>
      <trkpt lat="48.1144984625279903411865234375" lon="-1.21044966392219066619873046875">
        <ele>114.40000152587890625</ele>
        <time>2026-09-24T16:14:30.000Z</time>
        <extensions>
          <ns3:TrackPointExtension>
            <ns3:atemp>30.0</ns3:atemp>
            <ns3:hr>159</ns3:hr>
            <ns3:cad>78</ns3:cad>
          </ns3:TrackPointExtension>
        </extensions>
      </trkpt>
      <trkpt lat="48.1145189143717288970947265625" lon="-1.2104452215135097503662109375">
        <ele>114.40000152587890625</ele>
        <time>2026-09-24T16:14:31.000Z</time>
        <extensions>
          <ns3:TrackPointExtension>
            <ns3:atemp>30.0</ns3:atemp>
            <ns3:hr>160</ns3:hr>
            <ns3:cad>78</ns3:cad>
          </ns3:TrackPointExtension>
        </extensions>
      </trkpt>
      <trkpt lat="48.1145511008799076080322265625" lon="-1.2104381807148456573486328125">
        <ele>114.40000152587890625</ele>
        <time>2026-09-24T16:14:32.000Z</time>
        <extensions>
          <ns3:TrackPointExtension>
            <ns3:atemp>30.0</ns3:atemp>
            <ns3:hr>159</ns3:hr>
            <ns3:cad>79</ns3:cad>
          </ns3:TrackPointExtension>
        </extensions>
      </trkpt>
      <trkpt lat="48.1145792640745639801025390625" lon="-1.21043876744806766510009765625">
        <ele>114.40000152587890625</ele>
        <time>2026-09-24T16:14:33.000Z</time>
        <extensions>
          <ns3:TrackPointExtension>
            <ns3:atemp>30.0</ns3:atemp>
            <ns3:hr>159</ns3:hr>
            <ns3:cad>79</ns3:cad>
          </ns3:TrackPointExtension>
        </extensions>
      </trkpt>
      <trkpt lat="48.11460700817406177520751953125" lon="-1.21043222956359386444091796875">
        <ele>114.1999969482421875</ele>
        <time>2026-09-24T16:14:34.000Z</time>
        <extensions>
          <ns3:TrackPointExtension>
            <ns3:atemp>30.0</ns3:atemp>
            <ns3:hr>158</ns3:hr>
            <ns3:cad>79</ns3:cad>
          </ns3:TrackPointExtension>
        </extensions>
      </trkpt>
      <trkpt lat="48.11464011669158935546875" lon="-1.21042937971651554107666015625">
        <ele>114.1999969482421875</ele>
        <time>2026-09-24T16:14:35.000Z</time>
        <extensions>
          <ns3:TrackPointExtension>
            <ns3:atemp>30.0</ns3:atemp>
            <ns3:hr>157</ns3:hr>
            <ns3:cad>79</ns3:cad>
          </ns3:TrackPointExtension>
        </extensions>
      </trkpt>
      <trkpt lat="48.114666603505611419677734375" lon="-1.210426278412342071533203125">
        <ele>114</ele>
        <time>2026-09-24T16:14:36.000Z</time>
        <extensions>
          <ns3:TrackPointExtension>
            <ns3:atemp>30.0</ns3:atemp>
            <ns3:hr>156</ns3:hr>
            <ns3:cad>79</ns3:cad>
          </ns3:TrackPointExtension>
        </extensions>
      </trkpt>
      <trkpt lat="48.1146885640919208526611328125" lon="-1.210416220128536224365234375">
        <ele>114</ele>
        <time>2026-09-24T16:14:37.000Z</time>
        <extensions>
          <ns3:TrackPointExtension>
            <ns3:atemp>30.0</ns3:atemp>
            <ns3:hr>156</ns3:hr>
            <ns3:cad>79</ns3:cad>
          </ns3:TrackPointExtension>
        </extensions>
      </trkpt>
      <trkpt lat="48.11471479944884777069091796875" lon="-1.21041881851851940155029296875">
        <ele>113.8000030517578125</ele>
        <time>2026-09-24T16:14:38.000Z</time>
        <extensions>
          <ns3:TrackPointExtension>
            <ns3:atemp>30.0</ns3:atemp>
            <ns3:hr>156</ns3:hr>
            <ns3:cad>79</ns3:cad>
          </ns3:TrackPointExtension>
        </extensions>
      </trkpt>
      <trkpt lat="48.1147452257573604583740234375" lon="-1.2104083411395549774169921875">
        <ele>113.8000030517578125</ele>
        <time>2026-09-24T16:14:39.000Z</time>
        <extensions>
          <ns3:TrackPointExtension>
            <ns3:atemp>30.0</ns3:atemp>
            <ns3:hr>156</ns3:hr>
            <ns3:cad>79</ns3:cad>
          </ns3:TrackPointExtension>
        </extensions>
      </trkpt>
      <trkpt lat="48.11477095820009708404541015625" lon="-1.210404150187969207763671875">
        <ele>113.59999847412109375</ele>
        <time>2026-09-24T16:14:40.000Z</time>
        <extensions>
          <ns3:TrackPointExtension>
            <ns3:atemp>30.0</ns3:atemp>
            <ns3:hr>156</ns3:hr>
            <ns3:cad>79</ns3:cad>
          </ns3:TrackPointExtension>
        </extensions>
      </trkpt>
      <trkpt lat="48.1148022226989269256591796875" lon="-1.210403144359588623046875">
        <ele>113.59999847412109375</ele>
        <time>2026-09-24T16:14:41.000Z</time>
        <extensions>
          <ns3:TrackPointExtension>
            <ns3:atemp>30.0</ns3:atemp>
            <ns3:hr>156</ns3:hr>
            <ns3:cad>79</ns3:cad>
          </ns3:TrackPointExtension>
        </extensions>
      </trkpt>
      <trkpt lat="48.11483399011194705963134765625" lon="-1.21040071360766887664794921875">
        <ele>113.40000152587890625</ele>
        <time>2026-09-24T16:14:42.000Z</time>
        <extensions>
          <ns3:TrackPointExtension>
            <ns3:atemp>30.0</ns3:atemp>
            <ns3:hr>157</ns3:hr>
            <ns3:cad>79</ns3:cad>
          </ns3:TrackPointExtension>
        </extensions>
      </trkpt>
      <trkpt lat="48.11486165039241313934326171875" lon="-1.21039752848446369171142578125">
        <ele>113.1999969482421875</ele>
        <time>2026-09-24T16:14:43.000Z</time>
        <extensions>
          <ns3:TrackPointExtension>
            <ns3:atemp>30.0</ns3:atemp>
            <ns3:hr>156</ns3:hr>
            <ns3:cad>79</ns3:cad>
          </ns3:TrackPointExtension>
        </extensions>
      </trkpt>
      <trkpt lat="48.1148907355964183807373046875" lon="-1.21039501391351222991943359375">
        <ele>113.1999969482421875</ele>
        <time>2026-09-24T16:14:44.000Z</time>
        <extensions>
          <ns3:TrackPointExtension>
            <ns3:atemp>30.0</ns3:atemp>
            <ns3:hr>156</ns3:hr>
            <ns3:cad>79</ns3:cad>
          </ns3:TrackPointExtension>
        </extensions>
      </trkpt>
      <trkpt lat="48.11492166481912136077880859375" lon="-1.21039233170449733734130859375">
        <ele>113</ele>
        <time>2026-09-24T16:14:45.000Z</time>
        <extensions>
          <ns3:TrackPointExtension>
            <ns3:atemp>30.0</ns3:atemp>
            <ns3:hr>155</ns3:hr>
            <ns3:cad>79</ns3:cad>
          </ns3:TrackPointExtension>
        </extensions>
      </trkpt>
      <trkpt lat="48.11494848690927028656005859375" lon="-1.2103858776390552520751953125">
        <ele>113</ele>
        <time>2026-09-24T16:14:46.000Z</time>
        <extensions>
          <ns3:TrackPointExtension>
            <ns3:atemp>30.0</ns3:atemp>
            <ns3:hr>154</ns3:hr>
            <ns3:cad>79</ns3:cad>
          </ns3:TrackPointExtension>
        </extensions>
      </trkpt>
      <trkpt lat="48.114983104169368743896484375" lon="-1.21038093231618404388427734375">
        <ele>113</ele>
        <time>2026-09-24T16:14:47.000Z</time>
        <extensions>
          <ns3:TrackPointExtension>
            <ns3:atemp>30.0</ns3:atemp>
            <ns3:hr>153</ns3:hr>
            <ns3:cad>78</ns3:cad>
          </ns3:TrackPointExtension>
        </extensions>
      </trkpt>
      <trkpt lat="48.1150167994201183319091796875" lon="-1.2103795073926448822021484375">
        <ele>113</ele>
        <time>2026-09-24T16:14:48.000Z</time>
        <extensions>
          <ns3:TrackPointExtension>
            <ns3:atemp>30.0</ns3:atemp>
            <ns3:hr>153</ns3:hr>
            <ns3:cad>79</ns3:cad>
          </ns3:TrackPointExtension>
        </extensions>
      </trkpt>
      <trkpt lat="48.1150439567863941192626953125" lon="-1.21037623845040798187255859375">
        <ele>113</ele>
        <time>2026-09-24T16:14:49.000Z</time>
        <extensions>
          <ns3:TrackPointExtension>
            <ns3:atemp>30.0</ns3:atemp>
            <ns3:hr>153</ns3:hr>
            <ns3:cad>79</ns3:cad>
          </ns3:TrackPointExtension>
        </extensions>
      </trkpt>
      <trkpt lat="48.115076981484889984130859375" lon="-1.210378669202327728271484375">
        <ele>113</ele>
        <time>2026-09-24T16:14:50.000Z</time>
        <extensions>
          <ns3:TrackPointExtension>
            <ns3:atemp>30.0</ns3:atemp>
            <ns3:hr>154</ns3:hr>
            <ns3:cad>79</ns3:cad>
          </ns3:TrackPointExtension>
        </extensions>
      </trkpt>
      <trkpt lat="48.11511285603046417236328125" lon="-1.21038227342069149017333984375">
        <ele>113</ele>
        <time>2026-09-24T16:14:51.000Z</time>
        <extensions>
          <ns3:TrackPointExtension>
            <ns3:atemp>30.0</ns3:atemp>
            <ns3:hr>154</ns3:hr>
            <ns3:cad>80</ns3:cad>
          </ns3:TrackPointExtension>
        </extensions>
      </trkpt>
      <trkpt lat="48.11514428816735744476318359375" lon="-1.21037892065942287445068359375">
        <ele>113</ele>
        <time>2026-09-24T16:14:52.000Z</time>
        <extensions>
          <ns3:TrackPointExtension>
            <ns3:atemp>30.0</ns3:atemp>
            <ns3:hr>155</ns3:hr>
            <ns3:cad>80</ns3:cad>
          </ns3:TrackPointExtension>
        </extensions>
      </trkpt>
      <trkpt lat="48.11517831869423389434814453125" lon="-1.2103781662881374359130859375">
        <ele>113</ele>
        <time>2026-09-24T16:14:53.000Z</time>
        <extensions>
          <ns3:TrackPointExtension>
            <ns3:atemp>30.0</ns3:atemp>
            <ns3:hr>155</ns3:hr>
            <ns3:cad>80</ns3:cad>
          </ns3:TrackPointExtension>
        </extensions>
      </trkpt>
      <trkpt lat="48.11521033756434917449951171875" lon="-1.21037372387945652008056640625">
        <ele>112.8000030517578125</ele>
        <time>2026-09-24T16:14:54.000Z</time>
        <extensions>
          <ns3:TrackPointExtension>
            <ns3:atemp>30.0</ns3:atemp>
            <ns3:hr>155</ns3:hr>
            <ns3:cad>79</ns3:cad>
          </ns3:TrackPointExtension>
        </extensions>
      </trkpt>
      <trkpt lat="48.1152384169399738311767578125" lon="-1.210370957851409912109375">
        <ele>112.59999847412109375</ele>
        <time>2026-09-24T16:14:55.000Z</time>
        <extensions>
          <ns3:TrackPointExtension>
            <ns3:atemp>30.0</ns3:atemp>
            <ns3:hr>155</ns3:hr>
            <ns3:cad>79</ns3:cad>
          </ns3:TrackPointExtension>
        </extensions>
      </trkpt>
      <trkpt lat="48.11527110636234283447265625" lon="-1.21036760509014129638671875">
        <ele>112.40000152587890625</ele>
        <time>2026-09-24T16:14:56.000Z</time>
        <extensions>
          <ns3:TrackPointExtension>
            <ns3:atemp>30.0</ns3:atemp>
            <ns3:hr>154</ns3:hr>
            <ns3:cad>79</ns3:cad>
          </ns3:TrackPointExtension>
        </extensions>
      </trkpt>
      <trkpt lat="48.11530597507953643798828125" lon="-1.210365593433380126953125">
        <ele>112.40000152587890625</ele>
        <time>2026-09-24T16:14:57.000Z</time>
        <extensions>
          <ns3:TrackPointExtension>
            <ns3:atemp>30.0</ns3:atemp>
            <ns3:hr>155</ns3:hr>
            <ns3:cad>80</ns3:cad>
          </ns3:TrackPointExtension>
        </extensions>
      </trkpt>
      <trkpt lat="48.11533606611192226409912109375" lon="-1.21036416850984096527099609375">
        <ele>112.40000152587890625</ele>
        <time>2026-09-24T16:14:58.000Z</time>
        <extensions>
          <ns3:TrackPointExtension>
            <ns3:atemp>30.0</ns3:atemp>
            <ns3:hr>155</ns3:hr>
            <ns3:cad>81</ns3:cad>
          </ns3:TrackPointExtension>
        </extensions>
      </trkpt>
      <trkpt lat="48.11536892317235469818115234375" lon="-1.21036651544272899627685546875">
        <ele>112.1999969482421875</ele>
        <time>2026-09-24T16:14:59.000Z</time>
        <extensions>
          <ns3:TrackPointExtension>
            <ns3:atemp>30.0</ns3:atemp>
            <ns3:hr>155</ns3:hr>
            <ns3:cad>81</ns3:cad>
          </ns3:TrackPointExtension>
        </extensions>
      </trkpt>
      <trkpt lat="48.1154033727943897247314453125" lon="-1.210369952023029327392578125">
        <ele>112.1999969482421875</ele>
        <time>2026-09-24T16:15:00.000Z</time>
        <extensions>
          <ns3:TrackPointExtension>
            <ns3:atemp>30.0</ns3:atemp>
            <ns3:hr>155</ns3:hr>
            <ns3:cad>81</ns3:cad>
          </ns3:TrackPointExtension>
        </extensions>
      </trkpt>
      <trkpt lat="48.11543262563645839691162109375" lon="-1.210365258157253265380859375">
        <ele>112.1999969482421875</ele>
        <time>2026-09-24T16:15:01.000Z</time>
        <extensions>
          <ns3:TrackPointExtension>
            <ns3:atemp>30.0</ns3:atemp>
            <ns3:hr>156</ns3:hr>
            <ns3:cad>79</ns3:cad>
          </ns3:TrackPointExtension>
        </extensions>
      </trkpt>
      <trkpt lat="48.11546883545815944671630859375" lon="-1.21036358177661895751953125">
        <ele>112.1999969482421875</ele>
        <time>2026-09-24T16:15:02.000Z</time>
        <extensions>
          <ns3:TrackPointExtension>
            <ns3:atemp>30.0</ns3:atemp>
            <ns3:hr>156</ns3:hr>
            <ns3:cad>79</ns3:cad>
          </ns3:TrackPointExtension>
        </extensions>
      </trkpt>
      <trkpt lat="48.11550454236567020416259765625" lon="-1.21037154458463191986083984375">
        <ele>112</ele>
        <time>2026-09-24T16:15:03.000Z</time>
        <extensions>
          <ns3:TrackPointExtension>
            <ns3:atemp>30.0</ns3:atemp>
            <ns3:hr>156</ns3:hr>
            <ns3:cad>79</ns3:cad>
          </ns3:TrackPointExtension>
        </extensions>
      </trkpt>
      <trkpt lat="48.115531615912914276123046875" lon="-1.21037003584206104278564453125">
        <ele>112</ele>
        <time>2026-09-24T16:15:04.000Z</time>
        <extensions>
          <ns3:TrackPointExtension>
            <ns3:atemp>30.0</ns3:atemp>
            <ns3:hr>156</ns3:hr>
            <ns3:cad>80</ns3:cad>
          </ns3:TrackPointExtension>
        </extensions>
      </trkpt>
      <trkpt lat="48.1155681610107421875" lon="-1.2103642523288726806640625">
        <ele>111.8000030517578125</ele>
        <time>2026-09-24T16:15:05.000Z</time>
        <extensions>
          <ns3:TrackPointExtension>
            <ns3:atemp>30.0</ns3:atemp>
            <ns3:hr>156</ns3:hr>
            <ns3:cad>80</ns3:cad>
          </ns3:TrackPointExtension>
        </extensions>
      </trkpt>
      <trkpt lat="48.115598000586032867431640625" lon="-1.21035880409181118011474609375">
        <ele>111.8000030517578125</ele>
        <time>2026-09-24T16:15:06.000Z</time>
        <extensions>
          <ns3:TrackPointExtension>
            <ns3:atemp>30.0</ns3:atemp>
            <ns3:hr>156</ns3:hr>
            <ns3:cad>80</ns3:cad>
          </ns3:TrackPointExtension>
        </extensions>
      </trkpt>
      <trkpt lat="48.11562272720038890838623046875" lon="-1.2103489972651004791259765625">
        <ele>111.59999847412109375</ele>
        <time>2026-09-24T16:15:07.000Z</time>
        <extensions>
          <ns3:TrackPointExtension>
            <ns3:atemp>30.0</ns3:atemp>
            <ns3:hr>155</ns3:hr>
            <ns3:cad>80</ns3:cad>
          </ns3:TrackPointExtension>
        </extensions>
      </trkpt>
      <trkpt lat="48.1156534887850284576416015625" lon="-1.21034254319965839385986328125">
        <ele>111.59999847412109375</ele>
        <time>2026-09-24T16:15:08.000Z</time>
        <extensions>
          <ns3:TrackPointExtension>
            <ns3:atemp>30.0</ns3:atemp>
            <ns3:hr>155</ns3:hr>
            <ns3:cad>80</ns3:cad>
          </ns3:TrackPointExtension>
        </extensions>
      </trkpt>
      <trkpt lat="48.115687184035778045654296875" lon="-1.21034623123705387115478515625">
        <ele>111.40000152587890625</ele>
        <time>2026-09-24T16:15:09.000Z</time>
        <extensions>
          <ns3:TrackPointExtension>
            <ns3:atemp>30.0</ns3:atemp>
            <ns3:hr>155</ns3:hr>
            <ns3:cad>80</ns3:cad>
          </ns3:TrackPointExtension>
        </extensions>
      </trkpt>
      <trkpt lat="48.115711323916912078857421875" lon="-1.21034321375191211700439453125">
        <ele>111.40000152587890625</ele>
        <time>2026-09-24T16:15:10.000Z</time>
        <extensions>
          <ns3:TrackPointExtension>
            <ns3:atemp>30.0</ns3:atemp>
            <ns3:hr>156</ns3:hr>
            <ns3:cad>80</ns3:cad>
          </ns3:TrackPointExtension>
        </extensions>
      </trkpt>
      <trkpt lat="48.11574577353894710540771484375" lon="-1.21033650822937488555908203125">
        <ele>111.1999969482421875</ele>
        <time>2026-09-24T16:15:11.000Z</time>
        <extensions>
          <ns3:TrackPointExtension>
            <ns3:atemp>30.0</ns3:atemp>
            <ns3:hr>156</ns3:hr>
            <ns3:cad>80</ns3:cad>
          </ns3:TrackPointExtension>
        </extensions>
      </trkpt>
      <trkpt lat="48.11577796004712581634521484375" lon="-1.210339777171611785888671875">
        <ele>111.1999969482421875</ele>
        <time>2026-09-24T16:15:12.000Z</time>
        <extensions>
          <ns3:TrackPointExtension>
            <ns3:atemp>30.0</ns3:atemp>
            <ns3:hr>156</ns3:hr>
            <ns3:cad>80</ns3:cad>
          </ns3:TrackPointExtension>
        </extensions>
      </trkpt>
      <trkpt lat="48.11580243520438671112060546875" lon="-1.2103355862200260162353515625">
        <ele>111.40000152587890625</ele>
        <time>2026-09-24T16:15:13.000Z</time>
        <extensions>
          <ns3:TrackPointExtension>
            <ns3:atemp>30.0</ns3:atemp>
            <ns3:hr>156</ns3:hr>
            <ns3:cad>80</ns3:cad>
          </ns3:TrackPointExtension>
        </extensions>
      </trkpt>
      <trkpt lat="48.11583914794027805328369140625" lon="-1.21032862924039363861083984375">
        <ele>111.40000152587890625</ele>
        <time>2026-09-24T16:15:14.000Z</time>
        <extensions>
          <ns3:TrackPointExtension>
            <ns3:atemp>30.0</ns3:atemp>
            <ns3:hr>156</ns3:hr>
            <ns3:cad>80</ns3:cad>
          </ns3:TrackPointExtension>
        </extensions>
      </trkpt>
      <trkpt lat="48.1158700771629810333251953125" lon="-1.21032829396426677703857421875">
        <ele>111.1999969482421875</ele>
        <time>2026-09-24T16:15:15.000Z</time>
        <extensions>
          <ns3:TrackPointExtension>
            <ns3:atemp>30.0</ns3:atemp>
            <ns3:hr>156</ns3:hr>
            <ns3:cad>80</ns3:cad>
          </ns3:TrackPointExtension>
        </extensions>
      </trkpt>
      <trkpt lat="48.11590067110955715179443359375" lon="-1.21032737195491790771484375">
        <ele>111.1999969482421875</ele>
        <time>2026-09-24T16:15:16.000Z</time>
        <extensions>
          <ns3:TrackPointExtension>
            <ns3:atemp>30.0</ns3:atemp>
            <ns3:hr>156</ns3:hr>
            <ns3:cad>80</ns3:cad>
          </ns3:TrackPointExtension>
        </extensions>
      </trkpt>
      <trkpt lat="48.115932606160640716552734375" lon="-1.2103248573839664459228515625">
        <ele>111.1999969482421875</ele>
        <time>2026-09-24T16:15:17.000Z</time>
        <extensions>
          <ns3:TrackPointExtension>
            <ns3:atemp>30.0</ns3:atemp>
            <ns3:hr>156</ns3:hr>
            <ns3:cad>80</ns3:cad>
          </ns3:TrackPointExtension>
        </extensions>
      </trkpt>
      <trkpt lat="48.11596177518367767333984375" lon="-1.210325695574283599853515625">
        <ele>111.1999969482421875</ele>
        <time>2026-09-24T16:15:18.000Z</time>
        <extensions>
          <ns3:TrackPointExtension>
            <ns3:atemp>30.0</ns3:atemp>
            <ns3:hr>156</ns3:hr>
            <ns3:cad>79</ns3:cad>
          </ns3:TrackPointExtension>
        </extensions>
      </trkpt>
      <trkpt lat="48.1159884296357631683349609375" lon="-1.210328042507171630859375">
        <ele>111</ele>
        <time>2026-09-24T16:15:19.000Z</time>
        <extensions>
          <ns3:TrackPointExtension>
            <ns3:atemp>30.0</ns3:atemp>
            <ns3:hr>156</ns3:hr>
            <ns3:cad>79</ns3:cad>
          </ns3:TrackPointExtension>
        </extensions>
      </trkpt>
      <trkpt lat="48.1160219572484493255615234375" lon="-1.21033407747745513916015625">
        <ele>111</ele>
        <time>2026-09-24T16:15:20.000Z</time>
        <extensions>
          <ns3:TrackPointExtension>
            <ns3:atemp>30.0</ns3:atemp>
            <ns3:hr>154</ns3:hr>
            <ns3:cad>79</ns3:cad>
          </ns3:TrackPointExtension>
        </extensions>
      </trkpt>
      <trkpt lat="48.1160524673759937286376953125" lon="-1.2103347480297088623046875">
        <ele>110.8000030517578125</ele>
        <time>2026-09-24T16:15:21.000Z</time>
        <extensions>
          <ns3:TrackPointExtension>
            <ns3:atemp>30.0</ns3:atemp>
            <ns3:hr>152</ns3:hr>
            <ns3:cad>80</ns3:cad>
          </ns3:TrackPointExtension>
        </extensions>
      </trkpt>
      <trkpt lat="48.11607778072357177734375" lon="-1.2103248573839664459228515625">
        <ele>110.59999847412109375</ele>
        <time>2026-09-24T16:15:22.000Z</time>
        <extensions>
          <ns3:TrackPointExtension>
            <ns3:atemp>30.0</ns3:atemp>
            <ns3:hr>151</ns3:hr>
            <ns3:cad>80</ns3:cad>
          </ns3:TrackPointExtension>
        </extensions>
      </trkpt>
      <trkpt lat="48.11611223034560680389404296875" lon="-1.21032326482236385345458984375">
        <ele>110.59999847412109375</ele>
        <time>2026-09-24T16:15:23.000Z</time>
        <extensions>
          <ns3:TrackPointExtension>
            <ns3:atemp>30.0</ns3:atemp>
            <ns3:hr>151</ns3:hr>
            <ns3:cad>80</ns3:cad>
          </ns3:TrackPointExtension>
        </extensions>
      </trkpt>
      <trkpt lat="48.11614441685378551483154296875" lon="-1.210324354469776153564453125">
        <ele>110.59999847412109375</ele>
        <time>2026-09-24T16:15:24.000Z</time>
        <extensions>
          <ns3:TrackPointExtension>
            <ns3:atemp>30.0</ns3:atemp>
            <ns3:hr>151</ns3:hr>
            <ns3:cad>79</ns3:cad>
          </ns3:TrackPointExtension>
        </extensions>
      </trkpt>
      <trkpt lat="48.11617274768650531768798828125" lon="-1.21032125316560268402099609375">
        <ele>110.40000152587890625</ele>
        <time>2026-09-24T16:15:25.000Z</time>
        <extensions>
          <ns3:TrackPointExtension>
            <ns3:atemp>30.0</ns3:atemp>
            <ns3:hr>150</ns3:hr>
            <ns3:cad>79</ns3:cad>
          </ns3:TrackPointExtension>
        </extensions>
      </trkpt>
      <trkpt lat="48.1162063591182231903076171875" lon="-1.210318990051746368408203125">
        <ele>110.40000152587890625</ele>
        <time>2026-09-24T16:15:26.000Z</time>
        <extensions>
          <ns3:TrackPointExtension>
            <ns3:atemp>30.0</ns3:atemp>
            <ns3:hr>150</ns3:hr>
            <ns3:cad>79</ns3:cad>
          </ns3:TrackPointExtension>
        </extensions>
      </trkpt>
      <trkpt lat="48.11623862944543361663818359375" lon="-1.21031940914690494537353515625">
        <ele>110.1999969482421875</ele>
        <time>2026-09-24T16:15:27.000Z</time>
        <extensions>
          <ns3:TrackPointExtension>
            <ns3:atemp>30.0</ns3:atemp>
            <ns3:hr>149</ns3:hr>
            <ns3:cad>79</ns3:cad>
          </ns3:TrackPointExtension>
        </extensions>
      </trkpt>
      <trkpt lat="48.11626478098332881927490234375" lon="-1.210314966738224029541015625">
        <ele>110.1999969482421875</ele>
        <time>2026-09-24T16:15:28.000Z</time>
        <extensions>
          <ns3:TrackPointExtension>
            <ns3:atemp>30.0</ns3:atemp>
            <ns3:hr>149</ns3:hr>
            <ns3:cad>79</ns3:cad>
          </ns3:TrackPointExtension>
        </extensions>
      </trkpt>
      <trkpt lat="48.1162968836724758148193359375" lon="-1.21030935086309909820556640625">
        <ele>110</ele>
        <time>2026-09-24T16:15:29.000Z</time>
        <extensions>
          <ns3:TrackPointExtension>
            <ns3:atemp>30.0</ns3:atemp>
            <ns3:hr>148</ns3:hr>
            <ns3:cad>79</ns3:cad>
          </ns3:TrackPointExtension>
        </extensions>
      </trkpt>
      <trkpt lat="48.11632848344743251800537109375" lon="-1.210309602320194244384765625">
        <ele>110</ele>
        <time>2026-09-24T16:15:30.000Z</time>
        <extensions>
          <ns3:TrackPointExtension>
            <ns3:atemp>30.0</ns3:atemp>
            <ns3:hr>148</ns3:hr>
            <ns3:cad>80</ns3:cad>
          </ns3:TrackPointExtension>
        </extensions>
      </trkpt>
      <trkpt lat="48.116354383528232574462890625" lon="-1.21030348353087902069091796875">
        <ele>110</ele>
        <time>2026-09-24T16:15:31.000Z</time>
        <extensions>
          <ns3:TrackPointExtension>
            <ns3:atemp>30.0</ns3:atemp>
            <ns3:hr>147</ns3:hr>
            <ns3:cad>80</ns3:cad>
          </ns3:TrackPointExtension>
        </extensions>
      </trkpt>
      <trkpt lat="48.1163853965699672698974609375" lon="-1.2102998793125152587890625">
        <ele>109.8000030517578125</ele>
        <time>2026-09-24T16:15:32.000Z</time>
        <extensions>
          <ns3:TrackPointExtension>
            <ns3:atemp>30.0</ns3:atemp>
            <ns3:hr>146</ns3:hr>
            <ns3:cad>80</ns3:cad>
          </ns3:TrackPointExtension>
        </extensions>
      </trkpt>
      <trkpt lat="48.116414733231067657470703125" lon="-1.21030348353087902069091796875">
        <ele>109.8000030517578125</ele>
        <time>2026-09-24T16:15:33.000Z</time>
        <extensions>
          <ns3:TrackPointExtension>
            <ns3:atemp>30.0</ns3:atemp>
            <ns3:hr>146</ns3:hr>
            <ns3:cad>80</ns3:cad>
          </ns3:TrackPointExtension>
        </extensions>
      </trkpt>
      <trkpt lat="48.11644054949283599853515625" lon="-1.2102960236370563507080078125">
        <ele>109.59999847412109375</ele>
        <time>2026-09-24T16:15:34.000Z</time>
        <extensions>
          <ns3:TrackPointExtension>
            <ns3:atemp>30.0</ns3:atemp>
            <ns3:hr>145</ns3:hr>
            <ns3:cad>80</ns3:cad>
          </ns3:TrackPointExtension>
        </extensions>
      </trkpt>
      <trkpt lat="48.1164692156016826629638671875" lon="-1.2102940119802951812744140625">
        <ele>109.59999847412109375</ele>
        <time>2026-09-24T16:15:35.000Z</time>
        <extensions>
          <ns3:TrackPointExtension>
            <ns3:atemp>30.0</ns3:atemp>
            <ns3:hr>145</ns3:hr>
            <ns3:cad>79</ns3:cad>
          </ns3:TrackPointExtension>
        </extensions>
      </trkpt>
      <trkpt lat="48.11649645678699016571044921875" lon="-1.21029459871351718902587890625">
        <ele>109.40000152587890625</ele>
        <time>2026-09-24T16:15:36.000Z</time>
        <extensions>
          <ns3:TrackPointExtension>
            <ns3:atemp>30.0</ns3:atemp>
            <ns3:hr>146</ns3:hr>
            <ns3:cad>79</ns3:cad>
          </ns3:TrackPointExtension>
        </extensions>
      </trkpt>
      <trkpt lat="48.11652411706745624542236328125" lon="-1.210288815200328826904296875">
        <ele>109.40000152587890625</ele>
        <time>2026-09-24T16:15:37.000Z</time>
        <extensions>
          <ns3:TrackPointExtension>
            <ns3:atemp>30.0</ns3:atemp>
            <ns3:hr>146</ns3:hr>
            <ns3:cad>78</ns3:cad>
          </ns3:TrackPointExtension>
        </extensions>
      </trkpt>
      <trkpt lat="48.11654959805309772491455078125" lon="-1.210290826857089996337890625">
        <ele>109.1999969482421875</ele>
        <time>2026-09-24T16:15:38.000Z</time>
        <extensions>
          <ns3:TrackPointExtension>
            <ns3:atemp>30.0</ns3:atemp>
            <ns3:hr>147</ns3:hr>
            <ns3:cad>79</ns3:cad>
          </ns3:TrackPointExtension>
        </extensions>
      </trkpt>
      <trkpt lat="48.1165788508951663970947265625" lon="-1.2102886475622653961181640625">
        <ele>109.1999969482421875</ele>
        <time>2026-09-24T16:15:39.000Z</time>
        <extensions>
          <ns3:TrackPointExtension>
            <ns3:atemp>30.0</ns3:atemp>
            <ns3:hr>147</ns3:hr>
            <ns3:cad>79</ns3:cad>
          </ns3:TrackPointExtension>
        </extensions>
      </trkpt>
      <trkpt lat="48.116603828966617584228515625" lon="-1.21027850545942783355712890625">
        <ele>109.1999969482421875</ele>
        <time>2026-09-24T16:15:40.000Z</time>
        <extensions>
          <ns3:TrackPointExtension>
            <ns3:atemp>30.0</ns3:atemp>
            <ns3:hr>146</ns3:hr>
            <ns3:cad>79</ns3:cad>
          </ns3:TrackPointExtension>
        </extensions>
      </trkpt>
      <trkpt lat="48.116631992161273956298828125" lon="-1.21027230285108089447021484375">
        <ele>109</ele>
        <time>2026-09-24T16:15:41.000Z</time>
        <extensions>
          <ns3:TrackPointExtension>
            <ns3:atemp>30.0</ns3:atemp>
            <ns3:hr>146</ns3:hr>
            <ns3:cad>79</ns3:cad>
          </ns3:TrackPointExtension>
        </extensions>
      </trkpt>
      <trkpt lat="48.1166609935462474822998046875" lon="-1.2102604843676090240478515625">
        <ele>109.1999969482421875</ele>
        <time>2026-09-24T16:15:42.000Z</time>
        <extensions>
          <ns3:TrackPointExtension>
            <ns3:atemp>30.0</ns3:atemp>
            <ns3:hr>146</ns3:hr>
            <ns3:cad>80</ns3:cad>
          </ns3:TrackPointExtension>
        </extensions>
      </trkpt>
      <trkpt lat="48.11668454669415950775146484375" lon="-1.21024631895124912261962890625">
        <ele>109.1999969482421875</ele>
        <time>2026-09-24T16:15:43.000Z</time>
        <extensions>
          <ns3:TrackPointExtension>
            <ns3:atemp>30.0</ns3:atemp>
            <ns3:hr>147</ns3:hr>
            <ns3:cad>80</ns3:cad>
          </ns3:TrackPointExtension>
        </extensions>
      </trkpt>
      <trkpt lat="48.11671069823205471038818359375" lon="-1.210239864885807037353515625">
        <ele>109.1999969482421875</ele>
        <time>2026-09-24T16:15:44.000Z</time>
        <extensions>
          <ns3:TrackPointExtension>
            <ns3:atemp>30.0</ns3:atemp>
            <ns3:hr>147</ns3:hr>
            <ns3:cad>80</ns3:cad>
          </ns3:TrackPointExtension>
        </extensions>
      </trkpt>
      <trkpt lat="48.1167411245405673980712890625" lon="-1.2102353386580944061279296875">
        <ele>109.1999969482421875</ele>
        <time>2026-09-24T16:15:45.000Z</time>
        <extensions>
          <ns3:TrackPointExtension>
            <ns3:atemp>30.0</ns3:atemp>
            <ns3:hr>147</ns3:hr>
            <ns3:cad>80</ns3:cad>
          </ns3:TrackPointExtension>
        </extensions>
      </trkpt>
      <trkpt lat="48.11676870100200176239013671875" lon="-1.21023290790617465972900390625">
        <ele>109.1999969482421875</ele>
        <time>2026-09-24T16:15:46.000Z</time>
        <extensions>
          <ns3:TrackPointExtension>
            <ns3:atemp>30.0</ns3:atemp>
            <ns3:hr>147</ns3:hr>
            <ns3:cad>80</ns3:cad>
          </ns3:TrackPointExtension>
        </extensions>
      </trkpt>
      <trkpt lat="48.11680340208113193511962890625" lon="-1.21022905223071575164794921875">
        <ele>109.1999969482421875</ele>
        <time>2026-09-24T16:15:47.000Z</time>
        <extensions>
          <ns3:TrackPointExtension>
            <ns3:atemp>30.0</ns3:atemp>
            <ns3:hr>149</ns3:hr>
            <ns3:cad>80</ns3:cad>
          </ns3:TrackPointExtension>
        </extensions>
      </trkpt>
      <trkpt lat="48.116834163665771484375" lon="-1.21022653765976428985595703125">
        <ele>109.1999969482421875</ele>
        <time>2026-09-24T16:15:48.000Z</time>
        <extensions>
          <ns3:TrackPointExtension>
            <ns3:atemp>30.0</ns3:atemp>
            <ns3:hr>151</ns3:hr>
            <ns3:cad>80</ns3:cad>
          </ns3:TrackPointExtension>
        </extensions>
      </trkpt>
      <trkpt lat="48.1168594770133495330810546875" lon="-1.21022284962236881256103515625">
        <ele>109</ele>
        <time>2026-09-24T16:15:49.000Z</time>
        <extensions>
          <ns3:TrackPointExtension>
            <ns3:atemp>30.0</ns3:atemp>
            <ns3:hr>153</ns3:hr>
            <ns3:cad>80</ns3:cad>
          </ns3:TrackPointExtension>
        </extensions>
      </trkpt>
      <trkpt lat="48.116889484226703643798828125" lon="-1.21021564118564128875732421875">
        <ele>109.1999969482421875</ele>
        <time>2026-09-24T16:15:50.000Z</time>
        <extensions>
          <ns3:TrackPointExtension>
            <ns3:atemp>30.0</ns3:atemp>
            <ns3:hr>153</ns3:hr>
            <ns3:cad>80</ns3:cad>
          </ns3:TrackPointExtension>
        </extensions>
      </trkpt>
      <trkpt lat="48.1169178150594234466552734375" lon="-1.21021295897662639617919921875">
        <ele>109</ele>
        <time>2026-09-24T16:15:51.000Z</time>
        <extensions>
          <ns3:TrackPointExtension>
            <ns3:atemp>30.0</ns3:atemp>
            <ns3:hr>154</ns3:hr>
            <ns3:cad>81</ns3:cad>
          </ns3:TrackPointExtension>
        </extensions>
      </trkpt>
      <trkpt lat="48.11694421805441379547119140625" lon="-1.2102044932544231414794921875">
        <ele>109</ele>
        <time>2026-09-24T16:15:52.000Z</time>
        <extensions>
          <ns3:TrackPointExtension>
            <ns3:atemp>30.0</ns3:atemp>
            <ns3:hr>155</ns3:hr>
            <ns3:cad>81</ns3:cad>
          </ns3:TrackPointExtension>
        </extensions>
      </trkpt>
      <trkpt lat="48.11697757802903652191162109375" lon="-1.2101994641125202178955078125">
        <ele>109</ele>
        <time>2026-09-24T16:15:53.000Z</time>
        <extensions>
          <ns3:TrackPointExtension>
            <ns3:atemp>30.0</ns3:atemp>
            <ns3:hr>156</ns3:hr>
            <ns3:cad>81</ns3:cad>
          </ns3:TrackPointExtension>
        </extensions>
      </trkpt>
      <trkpt lat="48.11700289137661457061767578125" lon="-1.21019720099866390228271484375">
        <ele>109</ele>
        <time>2026-09-24T16:15:54.000Z</time>
        <extensions>
          <ns3:TrackPointExtension>
            <ns3:atemp>30.0</ns3:atemp>
            <ns3:hr>157</ns3:hr>
            <ns3:cad>81</ns3:cad>
          </ns3:TrackPointExtension>
        </extensions>
      </trkpt>
      <trkpt lat="48.117028288543224334716796875" lon="-1.21021212078630924224853515625">
        <ele>108.8000030517578125</ele>
        <time>2026-09-24T16:15:55.000Z</time>
        <extensions>
          <ns3:TrackPointExtension>
            <ns3:atemp>30.0</ns3:atemp>
            <ns3:hr>158</ns3:hr>
            <ns3:cad>81</ns3:cad>
          </ns3:TrackPointExtension>
        </extensions>
      </trkpt>
      <trkpt lat="48.1170559488236904144287109375" lon="-1.21024061925709247589111328125">
        <ele>108.8000030517578125</ele>
        <time>2026-09-24T16:15:56.000Z</time>
        <extensions>
          <ns3:TrackPointExtension>
            <ns3:atemp>30.0</ns3:atemp>
            <ns3:hr>159</ns3:hr>
            <ns3:cad>81</ns3:cad>
          </ns3:TrackPointExtension>
        </extensions>
      </trkpt>
      <trkpt lat="48.117080591619014739990234375" lon="-1.2102703750133514404296875">
        <ele>108.8000030517578125</ele>
        <time>2026-09-24T16:15:57.000Z</time>
        <extensions>
          <ns3:TrackPointExtension>
            <ns3:atemp>30.0</ns3:atemp>
            <ns3:hr>160</ns3:hr>
            <ns3:cad>81</ns3:cad>
          </ns3:TrackPointExtension>
        </extensions>
      </trkpt>
      <trkpt lat="48.11708620749413967132568359375" lon="-1.21031203307211399078369140625">
        <ele>108.59999847412109375</ele>
        <time>2026-09-24T16:15:58.000Z</time>
        <extensions>
          <ns3:TrackPointExtension>
            <ns3:atemp>30.0</ns3:atemp>
            <ns3:hr>160</ns3:hr>
            <ns3:cad>81</ns3:cad>
          </ns3:TrackPointExtension>
        </extensions>
      </trkpt>
      <trkpt lat="48.11708251945674419403076171875" lon="-1.21035645715892314910888671875">
        <ele>108.40000152587890625</ele>
        <time>2026-09-24T16:15:59.000Z</time>
        <extensions>
          <ns3:TrackPointExtension>
            <ns3:atemp>30.0</ns3:atemp>
            <ns3:hr>161</ns3:hr>
            <ns3:cad>80</ns3:cad>
          </ns3:TrackPointExtension>
        </extensions>
      </trkpt>
      <trkpt lat="48.1170794181525707244873046875" lon="-1.21040155179798603057861328125">
        <ele>108.40000152587890625</ele>
        <time>2026-09-24T16:16:00.000Z</time>
        <extensions>
          <ns3:TrackPointExtension>
            <ns3:atemp>30.0</ns3:atemp>
            <ns3:hr>161</ns3:hr>
            <ns3:cad>80</ns3:cad>
          </ns3:TrackPointExtension>
        </extensions>
      </trkpt>
      <trkpt lat="48.1170794181525707244873046875" lon="-1.21044882573187351226806640625">
        <ele>108.40000152587890625</ele>
        <time>2026-09-24T16:16:01.000Z</time>
        <extensions>
          <ns3:TrackPointExtension>
            <ns3:atemp>30.0</ns3:atemp>
            <ns3:hr>161</ns3:hr>
            <ns3:cad>79</ns3:cad>
          </ns3:TrackPointExtension>
        </extensions>
      </trkpt>
      <trkpt lat="48.11708168126642704010009765625" lon="-1.21049090288579463958740234375">
        <ele>108.1999969482421875</ele>
        <time>2026-09-24T16:16:02.000Z</time>
        <extensions>
          <ns3:TrackPointExtension>
            <ns3:atemp>30.0</ns3:atemp>
            <ns3:hr>160</ns3:hr>
            <ns3:cad>79</ns3:cad>
          </ns3:TrackPointExtension>
        </extensions>
      </trkpt>
      <trkpt lat="48.11709324829280376434326171875" lon="-1.21051001362502574920654296875">
        <ele>108.1999969482421875</ele>
        <time>2026-09-24T16:16:03.000Z</time>
        <extensions>
          <ns3:TrackPointExtension>
            <ns3:atemp>30.0</ns3:atemp>
            <ns3:hr>160</ns3:hr>
            <ns3:cad>79</ns3:cad>
          </ns3:TrackPointExtension>
        </extensions>
      </trkpt>
      <trkpt lat="48.11710397712886333465576171875" lon="-1.2105198204517364501953125">
        <ele>108.1999969482421875</ele>
        <time>2026-09-24T16:16:04.000Z</time>
        <extensions>
          <ns3:TrackPointExtension>
            <ns3:atemp>30.0</ns3:atemp>
            <ns3:hr>160</ns3:hr>
            <ns3:cad>79</ns3:cad>
          </ns3:TrackPointExtension>
        </extensions>
      </trkpt>
      <trkpt lat="48.11712828464806079864501953125" lon="-1.2105166353285312652587890625">
        <ele>108.1999969482421875</ele>
        <time>2026-09-24T16:16:05.000Z</time>
        <extensions>
          <ns3:TrackPointExtension>
            <ns3:atemp>30.0</ns3:atemp>
            <ns3:hr>159</ns3:hr>
            <ns3:cad>79</ns3:cad>
          </ns3:TrackPointExtension>
        </extensions>
      </trkpt>
      <trkpt lat="48.117159716784954071044921875" lon="-1.21050649322569370269775390625">
        <ele>108.40000152587890625</ele>
        <time>2026-09-24T16:16:06.000Z</time>
        <extensions>
          <ns3:TrackPointExtension>
            <ns3:atemp>30.0</ns3:atemp>
            <ns3:hr>159</ns3:hr>
            <ns3:cad>79</ns3:cad>
          </ns3:TrackPointExtension>
        </extensions>
      </trkpt>
      <trkpt lat="48.11717941425740718841552734375" lon="-1.21048335917294025421142578125">
        <ele>108.1999969482421875</ele>
        <time>2026-09-24T16:16:07.000Z</time>
        <extensions>
          <ns3:TrackPointExtension>
            <ns3:atemp>30.0</ns3:atemp>
            <ns3:hr>159</ns3:hr>
            <ns3:cad>79</ns3:cad>
          </ns3:TrackPointExtension>
        </extensions>
      </trkpt>
      <trkpt lat="48.1171957589685916900634765625" lon="-1.2104492448270320892333984375">
        <ele>108.1999969482421875</ele>
        <time>2026-09-24T16:16:08.000Z</time>
        <extensions>
          <ns3:TrackPointExtension>
            <ns3:atemp>30.0</ns3:atemp>
            <ns3:hr>160</ns3:hr>
            <ns3:cad>79</ns3:cad>
          </ns3:TrackPointExtension>
        </extensions>
      </trkpt>
      <trkpt lat="48.11721310950815677642822265625" lon="-1.2104147113859653472900390625">
        <ele>108.1999969482421875</ele>
        <time>2026-09-24T16:16:09.000Z</time>
        <extensions>
          <ns3:TrackPointExtension>
            <ns3:atemp>30.0</ns3:atemp>
            <ns3:hr>160</ns3:hr>
            <ns3:cad>79</ns3:cad>
          </ns3:TrackPointExtension>
        </extensions>
      </trkpt>
      <trkpt lat="48.11723171733319759368896484375" lon="-1.2104019708931446075439453125">
        <ele>108.1999969482421875</ele>
        <time>2026-09-24T16:16:10.000Z</time>
        <extensions>
          <ns3:TrackPointExtension>
            <ns3:atemp>30.0</ns3:atemp>
            <ns3:hr>160</ns3:hr>
            <ns3:cad>79</ns3:cad>
          </ns3:TrackPointExtension>
        </extensions>
      </trkpt>
      <trkpt lat="48.1172591261565685272216796875" lon="-1.2103986181318759918212890625">
        <ele>108.1999969482421875</ele>
        <time>2026-09-24T16:16:11.000Z</time>
        <extensions>
          <ns3:TrackPointExtension>
            <ns3:atemp>30.0</ns3:atemp>
            <ns3:hr>160</ns3:hr>
            <ns3:cad>80</ns3:cad>
          </ns3:TrackPointExtension>
        </extensions>
      </trkpt>
      <trkpt lat="48.11728770844638347625732421875" lon="-1.21039434336125850677490234375">
        <ele>108</ele>
        <time>2026-09-24T16:16:12.000Z</time>
        <extensions>
          <ns3:TrackPointExtension>
            <ns3:atemp>30.0</ns3:atemp>
            <ns3:hr>161</ns3:hr>
            <ns3:cad>80</ns3:cad>
          </ns3:TrackPointExtension>
        </extensions>
      </trkpt>
      <trkpt lat="48.117309249937534332275390625" lon="-1.210389398038387298583984375">
        <ele>107.8000030517578125</ele>
        <time>2026-09-24T16:16:13.000Z</time>
        <extensions>
          <ns3:TrackPointExtension>
            <ns3:atemp>30.0</ns3:atemp>
            <ns3:hr>161</ns3:hr>
            <ns3:cad>79</ns3:cad>
          </ns3:TrackPointExtension>
        </extensions>
      </trkpt>
      <trkpt lat="48.1173416040837764739990234375" lon="-1.21038772165775299072265625">
        <ele>107.59999847412109375</ele>
        <time>2026-09-24T16:16:14.000Z</time>
        <extensions>
          <ns3:TrackPointExtension>
            <ns3:atemp>31.0</ns3:atemp>
            <ns3:hr>161</ns3:hr>
            <ns3:cad>79</ns3:cad>
          </ns3:TrackPointExtension>
        </extensions>
      </trkpt>
      <trkpt lat="48.11737555079162120819091796875" lon="-1.2103882245719432830810546875">
        <ele>107.40000152587890625</ele>
        <time>2026-09-24T16:16:15.000Z</time>
        <extensions>
          <ns3:TrackPointExtension>
            <ns3:atemp>30.0</ns3:atemp>
            <ns3:hr>161</ns3:hr>
            <ns3:cad>79</ns3:cad>
          </ns3:TrackPointExtension>
        </extensions>
      </trkpt>
      <trkpt lat="48.11740186996757984161376953125" lon="-1.2103821896016597747802734375">
        <ele>107.1999969482421875</ele>
        <time>2026-09-24T16:16:16.000Z</time>
        <extensions>
          <ns3:TrackPointExtension>
            <ns3:atemp>30.0</ns3:atemp>
            <ns3:hr>160</ns3:hr>
            <ns3:cad>79</ns3:cad>
          </ns3:TrackPointExtension>
        </extensions>
      </trkpt>
      <trkpt lat="48.11743003316223621368408203125" lon="-1.2103818543255329132080078125">
        <ele>107</ele>
        <time>2026-09-24T16:16:17.000Z</time>
        <extensions>
          <ns3:TrackPointExtension>
            <ns3:atemp>30.0</ns3:atemp>
            <ns3:hr>157</ns3:hr>
            <ns3:cad>79</ns3:cad>
          </ns3:TrackPointExtension>
        </extensions>
      </trkpt>
      <trkpt lat="48.117462806403636932373046875" lon="-1.2103858776390552520751953125">
        <ele>107</ele>
        <time>2026-09-24T16:16:18.000Z</time>
        <extensions>
          <ns3:TrackPointExtension>
            <ns3:atemp>30.0</ns3:atemp>
            <ns3:hr>156</ns3:hr>
            <ns3:cad>79</ns3:cad>
          </ns3:TrackPointExtension>
        </extensions>
      </trkpt>
      <trkpt lat="48.11748669482767581939697265625" lon="-1.21037900447845458984375">
        <ele>106.8000030517578125</ele>
        <time>2026-09-24T16:16:19.000Z</time>
        <extensions>
          <ns3:TrackPointExtension>
            <ns3:atemp>30.0</ns3:atemp>
            <ns3:hr>155</ns3:hr>
            <ns3:cad>80</ns3:cad>
          </ns3:TrackPointExtension>
        </extensions>
      </trkpt>
      <trkpt lat="48.11752240173518657684326171875" lon="-1.21037942357361316680908203125">
        <ele>106.59999847412109375</ele>
        <time>2026-09-24T16:16:20.000Z</time>
        <extensions>
          <ns3:TrackPointExtension>
            <ns3:atemp>30.0</ns3:atemp>
            <ns3:hr>154</ns3:hr>
            <ns3:cad>80</ns3:cad>
          </ns3:TrackPointExtension>
        </extensions>
      </trkpt>
      <trkpt lat="48.117556013166904449462890625" lon="-1.21037942357361316680908203125">
        <ele>106.59999847412109375</ele>
        <time>2026-09-24T16:16:21.000Z</time>
        <extensions>
          <ns3:TrackPointExtension>
            <ns3:atemp>30.0</ns3:atemp>
            <ns3:hr>154</ns3:hr>
            <ns3:cad>80</ns3:cad>
          </ns3:TrackPointExtension>
        </extensions>
      </trkpt>
      <trkpt lat="48.1175836734473705291748046875" lon="-1.2103781662881374359130859375">
        <ele>106.40000152587890625</ele>
        <time>2026-09-24T16:16:22.000Z</time>
        <extensions>
          <ns3:TrackPointExtension>
            <ns3:atemp>30.0</ns3:atemp>
            <ns3:hr>153</ns3:hr>
            <ns3:cad>80</ns3:cad>
          </ns3:TrackPointExtension>
        </extensions>
      </trkpt>
      <trkpt lat="48.1176151894032955169677734375" lon="-1.21038026176393032073974609375">
        <ele>106.40000152587890625</ele>
        <time>2026-09-24T16:16:23.000Z</time>
        <extensions>
          <ns3:TrackPointExtension>
            <ns3:atemp>30.0</ns3:atemp>
            <ns3:hr>153</ns3:hr>
            <ns3:cad>80</ns3:cad>
          </ns3:TrackPointExtension>
        </extensions>
      </trkpt>
      <trkpt lat="48.1176433525979518890380859375" lon="-1.21038713492453098297119140625">
        <ele>106.40000152587890625</ele>
        <time>2026-09-24T16:16:24.000Z</time>
        <extensions>
          <ns3:TrackPointExtension>
            <ns3:atemp>30.0</ns3:atemp>
            <ns3:hr>153</ns3:hr>
            <ns3:cad>80</ns3:cad>
          </ns3:TrackPointExtension>
        </extensions>
      </trkpt>
      <trkpt lat="48.11766807921230792999267578125" lon="-1.210387386381626129150390625">
        <ele>106.40000152587890625</ele>
        <time>2026-09-24T16:16:25.000Z</time>
        <extensions>
          <ns3:TrackPointExtension>
            <ns3:atemp>30.0</ns3:atemp>
            <ns3:hr>153</ns3:hr>
            <ns3:cad>80</ns3:cad>
          </ns3:TrackPointExtension>
        </extensions>
      </trkpt>
      <trkpt lat="48.11769590713083744049072265625" lon="-1.21039132587611675262451171875">
        <ele>106.40000152587890625</ele>
        <time>2026-09-24T16:16:26.000Z</time>
        <extensions>
          <ns3:TrackPointExtension>
            <ns3:atemp>30.0</ns3:atemp>
            <ns3:hr>153</ns3:hr>
            <ns3:cad>80</ns3:cad>
          </ns3:TrackPointExtension>
        </extensions>
      </trkpt>
      <trkpt lat="48.11772641725838184356689453125" lon="-1.2103976123034954071044921875">
        <ele>106.40000152587890625</ele>
        <time>2026-09-24T16:16:27.000Z</time>
        <extensions>
          <ns3:TrackPointExtension>
            <ns3:atemp>30.0</ns3:atemp>
            <ns3:hr>153</ns3:hr>
            <ns3:cad>80</ns3:cad>
          </ns3:TrackPointExtension>
        </extensions>
      </trkpt>
      <trkpt lat="48.11774821020662784576416015625" lon="-1.21039803139865398406982421875">
        <ele>106.1999969482421875</ele>
        <time>2026-09-24T16:16:28.000Z</time>
        <extensions>
          <ns3:TrackPointExtension>
            <ns3:atemp>30.0</ns3:atemp>
            <ns3:hr>154</ns3:hr>
            <ns3:cad>79</ns3:cad>
          </ns3:TrackPointExtension>
        </extensions>
      </trkpt>
      <trkpt lat="48.11777469702064990997314453125" lon="-1.21040247380733489990234375">
        <ele>106.1999969482421875</ele>
        <time>2026-09-24T16:16:29.000Z</time>
        <extensions>
          <ns3:TrackPointExtension>
            <ns3:atemp>30.0</ns3:atemp>
            <ns3:hr>154</ns3:hr>
            <ns3:cad>79</ns3:cad>
          </ns3:TrackPointExtension>
        </extensions>
      </trkpt>
      <trkpt lat="48.11780286021530628204345703125" lon="-1.21040607802569866180419921875">
        <ele>106.1999969482421875</ele>
        <time>2026-09-24T16:16:30.000Z</time>
        <extensions>
          <ns3:TrackPointExtension>
            <ns3:atemp>30.0</ns3:atemp>
            <ns3:hr>154</ns3:hr>
            <ns3:cad>79</ns3:cad>
          </ns3:TrackPointExtension>
        </extensions>
      </trkpt>
      <trkpt lat="48.11782498843967914581298828125" lon="-1.2104059942066669464111328125">
        <ele>106.1999969482421875</ele>
        <time>2026-09-24T16:16:31.000Z</time>
        <extensions>
          <ns3:TrackPointExtension>
            <ns3:atemp>30.0</ns3:atemp>
            <ns3:hr>154</ns3:hr>
            <ns3:cad>80</ns3:cad>
          </ns3:TrackPointExtension>
        </extensions>
      </trkpt>
      <trkpt lat="48.1178539060056209564208984375" lon="-1.2104080058634281158447265625">
        <ele>106</ele>
        <time>2026-09-24T16:16:32.000Z</time>
        <extensions>
          <ns3:TrackPointExtension>
            <ns3:atemp>30.0</ns3:atemp>
            <ns3:hr>153</ns3:hr>
            <ns3:cad>79</ns3:cad>
          </ns3:TrackPointExtension>
        </extensions>
      </trkpt>
      <trkpt lat="48.117882907390594482421875" lon="-1.21041362173855304718017578125">
        <ele>106</ele>
        <time>2026-09-24T16:16:33.000Z</time>
        <extensions>
          <ns3:TrackPointExtension>
            <ns3:atemp>30.0</ns3:atemp>
            <ns3:hr>154</ns3:hr>
            <ns3:cad>79</ns3:cad>
          </ns3:TrackPointExtension>
        </extensions>
      </trkpt>
      <trkpt lat="48.11791065149009227752685546875" lon="-1.2104147113859653472900390625">
        <ele>105.8000030517578125</ele>
        <time>2026-09-24T16:16:34.000Z</time>
        <extensions>
          <ns3:TrackPointExtension>
            <ns3:atemp>30.0</ns3:atemp>
            <ns3:hr>155</ns3:hr>
            <ns3:cad>79</ns3:cad>
          </ns3:TrackPointExtension>
        </extensions>
      </trkpt>
      <trkpt lat="48.11793680302798748016357421875" lon="-1.210424602031707763671875">
        <ele>105.8000030517578125</ele>
        <time>2026-09-24T16:16:35.000Z</time>
        <extensions>
          <ns3:TrackPointExtension>
            <ns3:atemp>30.0</ns3:atemp>
            <ns3:hr>155</ns3:hr>
            <ns3:cad>79</ns3:cad>
          </ns3:TrackPointExtension>
        </extensions>
      </trkpt>
      <trkpt lat="48.11796479858458042144775390625" lon="-1.2104348279535770416259765625">
        <ele>105.8000030517578125</ele>
        <time>2026-09-24T16:16:36.000Z</time>
        <extensions>
          <ns3:TrackPointExtension>
            <ns3:atemp>30.0</ns3:atemp>
            <ns3:hr>156</ns3:hr>
            <ns3:cad>79</ns3:cad>
          </ns3:TrackPointExtension>
        </extensions>
      </trkpt>
      <trkpt lat="48.11798810027539730072021484375" lon="-1.2104452215135097503662109375">
        <ele>105.8000030517578125</ele>
        <time>2026-09-24T16:16:37.000Z</time>
        <extensions>
          <ns3:TrackPointExtension>
            <ns3:atemp>30.0</ns3:atemp>
            <ns3:hr>156</ns3:hr>
            <ns3:cad>79</ns3:cad>
          </ns3:TrackPointExtension>
        </extensions>
      </trkpt>
      <trkpt lat="48.1180148385465145111083984375" lon="-1.21045502834022045135498046875">
        <ele>106</ele>
        <time>2026-09-24T16:16:38.000Z</time>
        <extensions>
          <ns3:TrackPointExtension>
            <ns3:atemp>30.0</ns3:atemp>
            <ns3:hr>157</ns3:hr>
            <ns3:cad>80</ns3:cad>
          </ns3:TrackPointExtension>
        </extensions>
      </trkpt>
      <trkpt lat="48.1180369667708873748779296875" lon="-1.2104609794914722442626953125">
        <ele>106</ele>
        <time>2026-09-24T16:16:39.000Z</time>
        <extensions>
          <ns3:TrackPointExtension>
            <ns3:atemp>30.0</ns3:atemp>
            <ns3:hr>156</ns3:hr>
            <ns3:cad>80</ns3:cad>
          </ns3:TrackPointExtension>
        </extensions>
      </trkpt>
      <trkpt lat="48.11805750243365764617919921875" lon="-1.2104700319468975067138671875">
        <ele>106.1999969482421875</ele>
        <time>2026-09-24T16:16:40.000Z</time>
        <extensions>
          <ns3:TrackPointExtension>
            <ns3:atemp>30.0</ns3:atemp>
            <ns3:hr>155</ns3:hr>
            <ns3:cad>80</ns3:cad>
          </ns3:TrackPointExtension>
        </extensions>
      </trkpt>
      <trkpt lat="48.118083737790584564208984375" lon="-1.2104764021933078765869140625">
        <ele>106.1999969482421875</ele>
        <time>2026-09-24T16:16:41.000Z</time>
        <extensions>
          <ns3:TrackPointExtension>
            <ns3:atemp>30.0</ns3:atemp>
            <ns3:hr>154</ns3:hr>
            <ns3:cad>79</ns3:cad>
          </ns3:TrackPointExtension>
        </extensions>
      </trkpt>
      <trkpt lat="48.118112571537494659423828125" lon="-1.21047355234622955322265625">
        <ele>106.1999969482421875</ele>
        <time>2026-09-24T16:16:42.000Z</time>
        <extensions>
          <ns3:TrackPointExtension>
            <ns3:atemp>30.0</ns3:atemp>
            <ns3:hr>153</ns3:hr>
            <ns3:cad>79</ns3:cad>
          </ns3:TrackPointExtension>
        </extensions>
      </trkpt>
      <trkpt lat="48.11813545413315296173095703125" lon="-1.2104703672230243682861328125">
        <ele>106.1999969482421875</ele>
        <time>2026-09-24T16:16:43.000Z</time>
        <extensions>
          <ns3:TrackPointExtension>
            <ns3:atemp>30.0</ns3:atemp>
            <ns3:hr>153</ns3:hr>
            <ns3:cad>79</ns3:cad>
          </ns3:TrackPointExtension>
        </extensions>
      </trkpt>
      <trkpt lat="48.11816596426069736480712890625" lon="-1.21047598309814929962158203125">
        <ele>106.1999969482421875</ele>
        <time>2026-09-24T16:16:44.000Z</time>
        <extensions>
          <ns3:TrackPointExtension>
            <ns3:atemp>30.0</ns3:atemp>
            <ns3:hr>153</ns3:hr>
            <ns3:cad>79</ns3:cad>
          </ns3:TrackPointExtension>
        </extensions>
      </trkpt>
      <trkpt lat="48.11819697730243206024169921875" lon="-1.21048319153487682342529296875">
        <ele>106.40000152587890625</ele>
        <time>2026-09-24T16:16:45.000Z</time>
        <extensions>
          <ns3:TrackPointExtension>
            <ns3:atemp>30.0</ns3:atemp>
            <ns3:hr>153</ns3:hr>
            <ns3:cad>80</ns3:cad>
          </ns3:TrackPointExtension>
        </extensions>
      </trkpt>
      <trkpt lat="48.118222542107105255126953125" lon="-1.21048788540065288543701171875">
        <ele>106.40000152587890625</ele>
        <time>2026-09-24T16:16:46.000Z</time>
        <extensions>
          <ns3:TrackPointExtension>
            <ns3:atemp>30.0</ns3:atemp>
            <ns3:hr>153</ns3:hr>
            <ns3:cad>80</ns3:cad>
          </ns3:TrackPointExtension>
        </extensions>
      </trkpt>
      <trkpt lat="48.1182543933391571044921875" lon="-1.21049257926642894744873046875">
        <ele>106.40000152587890625</ele>
        <time>2026-09-24T16:16:47.000Z</time>
        <extensions>
          <ns3:TrackPointExtension>
            <ns3:atemp>30.0</ns3:atemp>
            <ns3:hr>153</ns3:hr>
            <ns3:cad>80</ns3:cad>
          </ns3:TrackPointExtension>
        </extensions>
      </trkpt>
      <trkpt lat="48.11828549019992351531982421875" lon="-1.2105022184550762176513671875">
        <ele>106.40000152587890625</ele>
        <time>2026-09-24T16:16:48.000Z</time>
        <extensions>
          <ns3:TrackPointExtension>
            <ns3:atemp>30.0</ns3:atemp>
            <ns3:hr>154</ns3:hr>
            <ns3:cad>80</ns3:cad>
          </ns3:TrackPointExtension>
        </extensions>
      </trkpt>
      <trkpt lat="48.118313066661357879638671875" lon="-1.2105090916156768798828125">
        <ele>106.40000152587890625</ele>
        <time>2026-09-24T16:16:49.000Z</time>
        <extensions>
          <ns3:TrackPointExtension>
            <ns3:atemp>30.0</ns3:atemp>
            <ns3:hr>154</ns3:hr>
            <ns3:cad>80</ns3:cad>
          </ns3:TrackPointExtension>
        </extensions>
      </trkpt>
      <trkpt lat="48.11834131367504596710205078125" lon="-1.21052191592752933502197265625">
        <ele>106.40000152587890625</ele>
        <time>2026-09-24T16:16:50.000Z</time>
        <extensions>
          <ns3:TrackPointExtension>
            <ns3:atemp>30.0</ns3:atemp>
            <ns3:hr>154</ns3:hr>
            <ns3:cad>80</ns3:cad>
          </ns3:TrackPointExtension>
        </extensions>
      </trkpt>
      <trkpt lat="48.1183670461177825927734375" lon="-1.21054085902869701385498046875">
        <ele>106.59999847412109375</ele>
        <time>2026-09-24T16:16:51.000Z</time>
        <extensions>
          <ns3:TrackPointExtension>
            <ns3:atemp>30.0</ns3:atemp>
            <ns3:hr>154</ns3:hr>
            <ns3:cad>80</ns3:cad>
          </ns3:TrackPointExtension>
        </extensions>
      </trkpt>
      <trkpt lat="48.118392191827297210693359375" lon="-1.210557706654071807861328125">
        <ele>106.8000030517578125</ele>
        <time>2026-09-24T16:16:52.000Z</time>
        <extensions>
          <ns3:TrackPointExtension>
            <ns3:atemp>30.0</ns3:atemp>
            <ns3:hr>154</ns3:hr>
            <ns3:cad>81</ns3:cad>
          </ns3:TrackPointExtension>
        </extensions>
      </trkpt>
      <trkpt lat="48.11842010356485843658447265625" lon="-1.2105699442327022552490234375">
        <ele>106.8000030517578125</ele>
        <time>2026-09-24T16:16:53.000Z</time>
        <extensions>
          <ns3:TrackPointExtension>
            <ns3:atemp>30.0</ns3:atemp>
            <ns3:hr>155</ns3:hr>
            <ns3:cad>81</ns3:cad>
          </ns3:TrackPointExtension>
        </extensions>
      </trkpt>
      <trkpt lat="48.11844273470342159271240234375" lon="-1.2105789966881275177001953125">
        <ele>107</ele>
        <time>2026-09-24T16:16:54.000Z</time>
        <extensions>
          <ns3:TrackPointExtension>
            <ns3:atemp>30.0</ns3:atemp>
            <ns3:hr>155</ns3:hr>
            <ns3:cad>81</ns3:cad>
          </ns3:TrackPointExtension>
        </extensions>
      </trkpt>
      <trkpt lat="48.1184674613177776336669921875" lon="-1.210583187639713287353515625">
        <ele>107.1999969482421875</ele>
        <time>2026-09-24T16:16:55.000Z</time>
        <extensions>
          <ns3:TrackPointExtension>
            <ns3:atemp>30.0</ns3:atemp>
            <ns3:hr>155</ns3:hr>
            <ns3:cad>80</ns3:cad>
          </ns3:TrackPointExtension>
        </extensions>
      </trkpt>
      <trkpt lat="48.11850191093981266021728515625" lon="-1.21058964170515537261962890625">
        <ele>107.40000152587890625</ele>
        <time>2026-09-24T16:16:56.000Z</time>
        <extensions>
          <ns3:TrackPointExtension>
            <ns3:atemp>30.0</ns3:atemp>
            <ns3:hr>155</ns3:hr>
            <ns3:cad>80</ns3:cad>
          </ns3:TrackPointExtension>
        </extensions>
      </trkpt>
      <trkpt lat="48.11853677965700626373291015625" lon="-1.21059785597026348114013671875">
        <ele>107.40000152587890625</ele>
        <time>2026-09-24T16:16:57.000Z</time>
        <extensions>
          <ns3:TrackPointExtension>
            <ns3:atemp>30.0</ns3:atemp>
            <ns3:hr>155</ns3:hr>
            <ns3:cad>80</ns3:cad>
          </ns3:TrackPointExtension>
        </extensions>
      </trkpt>
      <trkpt lat="48.11856687068939208984375" lon="-1.21060556732118129730224609375">
        <ele>107.59999847412109375</ele>
        <time>2026-09-24T16:16:58.000Z</time>
        <extensions>
          <ns3:TrackPointExtension>
            <ns3:atemp>30.0</ns3:atemp>
            <ns3:hr>156</ns3:hr>
            <ns3:cad>81</ns3:cad>
          </ns3:TrackPointExtension>
        </extensions>
      </trkpt>
      <trkpt lat="48.11861054040491580963134765625" lon="-1.2106145359575748443603515625">
        <ele>107.59999847412109375</ele>
        <time>2026-09-24T16:16:59.000Z</time>
        <extensions>
          <ns3:TrackPointExtension>
            <ns3:atemp>30.0</ns3:atemp>
            <ns3:hr>156</ns3:hr>
            <ns3:cad>81</ns3:cad>
          </ns3:TrackPointExtension>
        </extensions>
      </trkpt>
      <trkpt lat="48.11864423565566539764404296875" lon="-1.21062233112752437591552734375">
        <ele>107.59999847412109375</ele>
        <time>2026-09-24T16:17:00.000Z</time>
        <extensions>
          <ns3:TrackPointExtension>
            <ns3:atemp>30.0</ns3:atemp>
            <ns3:hr>156</ns3:hr>
            <ns3:cad>81</ns3:cad>
          </ns3:TrackPointExtension>
        </extensions>
      </trkpt>
      <trkpt lat="48.118679523468017578125" lon="-1.2106363289058208465576171875">
        <ele>107.8000030517578125</ele>
        <time>2026-09-24T16:17:01.000Z</time>
        <extensions>
          <ns3:TrackPointExtension>
            <ns3:atemp>30.0</ns3:atemp>
            <ns3:hr>156</ns3:hr>
            <ns3:cad>81</ns3:cad>
          </ns3:TrackPointExtension>
        </extensions>
      </trkpt>
      <trkpt lat="48.1187165714800357818603515625" lon="-1.21065854094922542572021484375">
        <ele>107.8000030517578125</ele>
        <time>2026-09-24T16:17:02.000Z</time>
        <extensions>
          <ns3:TrackPointExtension>
            <ns3:atemp>30.0</ns3:atemp>
            <ns3:hr>157</ns3:hr>
            <ns3:cad>81</ns3:cad>
          </ns3:TrackPointExtension>
        </extensions>
      </trkpt>
      <trkpt lat="48.11874347738921642303466796875" lon="-1.21066943742334842681884765625">
        <ele>108</ele>
        <time>2026-09-24T16:17:03.000Z</time>
        <extensions>
          <ns3:TrackPointExtension>
            <ns3:atemp>30.0</ns3:atemp>
            <ns3:hr>157</ns3:hr>
            <ns3:cad>81</ns3:cad>
          </ns3:TrackPointExtension>
        </extensions>
      </trkpt>
      <trkpt lat="48.11877675354480743408203125" lon="-1.21068620122969150543212890625">
        <ele>108.1999969482421875</ele>
        <time>2026-09-24T16:17:04.000Z</time>
        <extensions>
          <ns3:TrackPointExtension>
            <ns3:atemp>30.0</ns3:atemp>
            <ns3:hr>157</ns3:hr>
            <ns3:cad>81</ns3:cad>
          </ns3:TrackPointExtension>
        </extensions>
      </trkpt>
      <trkpt lat="48.11880986206233501434326171875" lon="-1.21069927699863910675048828125">
        <ele>108.40000152587890625</ele>
        <time>2026-09-24T16:17:05.000Z</time>
        <extensions>
          <ns3:TrackPointExtension>
            <ns3:atemp>30.0</ns3:atemp>
            <ns3:hr>158</ns3:hr>
            <ns3:cad>81</ns3:cad>
          </ns3:TrackPointExtension>
        </extensions>
      </trkpt>
      <trkpt lat="48.1188369356095790863037109375" lon="-1.21071419678628444671630859375">
        <ele>108.40000152587890625</ele>
        <time>2026-09-24T16:17:06.000Z</time>
        <extensions>
          <ns3:TrackPointExtension>
            <ns3:atemp>30.0</ns3:atemp>
            <ns3:hr>158</ns3:hr>
            <ns3:cad>81</ns3:cad>
          </ns3:TrackPointExtension>
        </extensions>
      </trkpt>
      <trkpt lat="48.118869960308074951171875" lon="-1.21073917485773563385009765625">
        <ele>108.59999847412109375</ele>
        <time>2026-09-24T16:17:07.000Z</time>
        <extensions>
          <ns3:TrackPointExtension>
            <ns3:atemp>30.0</ns3:atemp>
            <ns3:hr>159</ns3:hr>
            <ns3:cad>81</ns3:cad>
          </ns3:TrackPointExtension>
        </extensions>
      </trkpt>
      <trkpt lat="48.11889820732176303863525390625" lon="-1.21075610630214214324951171875">
        <ele>108.59999847412109375</ele>
        <time>2026-09-24T16:17:08.000Z</time>
        <extensions>
          <ns3:TrackPointExtension>
            <ns3:atemp>30.0</ns3:atemp>
            <ns3:hr>160</ns3:hr>
            <ns3:cad>81</ns3:cad>
          </ns3:TrackPointExtension>
        </extensions>
      </trkpt>
      <trkpt lat="48.11892083846032619476318359375" lon="-1.2107711099088191986083984375">
        <ele>108.8000030517578125</ele>
        <time>2026-09-24T16:17:09.000Z</time>
        <extensions>
          <ns3:TrackPointExtension>
            <ns3:atemp>30.0</ns3:atemp>
            <ns3:hr>160</ns3:hr>
            <ns3:cad>81</ns3:cad>
          </ns3:TrackPointExtension>
        </extensions>
      </trkpt>
      <trkpt lat="48.11894715763628482818603515625" lon="-1.210792064666748046875">
        <ele>108.8000030517578125</ele>
        <time>2026-09-24T16:17:10.000Z</time>
        <extensions>
          <ns3:TrackPointExtension>
            <ns3:atemp>30.0</ns3:atemp>
            <ns3:hr>160</ns3:hr>
            <ns3:cad>81</ns3:cad>
          </ns3:TrackPointExtension>
        </extensions>
      </trkpt>
      <trkpt lat="48.11897297389805316925048828125" lon="-1.21081628836691379547119140625">
        <ele>109</ele>
        <time>2026-09-24T16:17:11.000Z</time>
        <extensions>
          <ns3:TrackPointExtension>
            <ns3:atemp>30.0</ns3:atemp>
            <ns3:hr>160</ns3:hr>
            <ns3:cad>82</ns3:cad>
          </ns3:TrackPointExtension>
        </extensions>
      </trkpt>
      <trkpt lat="48.1189995445311069488525390625" lon="-1.210834980010986328125">
        <ele>109</ele>
        <time>2026-09-24T16:17:12.000Z</time>
        <extensions>
          <ns3:TrackPointExtension>
            <ns3:atemp>30.0</ns3:atemp>
            <ns3:hr>159</ns3:hr>
            <ns3:cad>82</ns3:cad>
          </ns3:TrackPointExtension>
        </extensions>
      </trkpt>
      <trkpt lat="48.11903198249638080596923828125" lon="-1.210851408541202545166015625">
        <ele>109.1999969482421875</ele>
        <time>2026-09-24T16:17:13.000Z</time>
        <extensions>
          <ns3:TrackPointExtension>
            <ns3:atemp>30.0</ns3:atemp>
            <ns3:hr>159</ns3:hr>
            <ns3:cad>82</ns3:cad>
          </ns3:TrackPointExtension>
        </extensions>
      </trkpt>
      <trkpt lat="48.11905830167233943939208984375" lon="-1.2108726985752582550048828125">
        <ele>109.1999969482421875</ele>
        <time>2026-09-24T16:17:14.000Z</time>
        <extensions>
          <ns3:TrackPointExtension>
            <ns3:atemp>30.0</ns3:atemp>
            <ns3:hr>158</ns3:hr>
            <ns3:cad>80</ns3:cad>
          </ns3:TrackPointExtension>
        </extensions>
      </trkpt>
      <trkpt lat="48.11908696778118610382080078125" lon="-1.21089172549545764923095703125">
        <ele>109.1999969482421875</ele>
        <time>2026-09-24T16:17:15.000Z</time>
        <extensions>
          <ns3:TrackPointExtension>
            <ns3:atemp>30.0</ns3:atemp>
            <ns3:hr>158</ns3:hr>
            <ns3:cad>80</ns3:cad>
          </ns3:TrackPointExtension>
        </extensions>
      </trkpt>
      <trkpt lat="48.11911563389003276824951171875" lon="-1.2109172903001308441162109375">
        <ele>109.40000152587890625</ele>
        <time>2026-09-24T16:17:16.000Z</time>
        <extensions>
          <ns3:TrackPointExtension>
            <ns3:atemp>30.0</ns3:atemp>
            <ns3:hr>158</ns3:hr>
            <ns3:cad>80</ns3:cad>
          </ns3:TrackPointExtension>
        </extensions>
      </trkpt>
      <trkpt lat="48.119140528142452239990234375" lon="-1.2109286896884441375732421875">
        <ele>109.40000152587890625</ele>
        <time>2026-09-24T16:17:17.000Z</time>
        <extensions>
          <ns3:TrackPointExtension>
            <ns3:atemp>30.0</ns3:atemp>
            <ns3:hr>158</ns3:hr>
            <ns3:cad>81</ns3:cad>
          </ns3:TrackPointExtension>
        </extensions>
      </trkpt>
      <trkpt lat="48.1191690266132354736328125" lon="-1.2109494768083095550537109375">
        <ele>109.40000152587890625</ele>
        <time>2026-09-24T16:17:18.000Z</time>
        <extensions>
          <ns3:TrackPointExtension>
            <ns3:atemp>30.0</ns3:atemp>
            <ns3:hr>158</ns3:hr>
            <ns3:cad>81</ns3:cad>
          </ns3:TrackPointExtension>
        </extensions>
      </trkpt>
      <trkpt lat="48.11919526197016239166259765625" lon="-1.21096632443368434906005859375">
        <ele>109.40000152587890625</ele>
        <time>2026-09-24T16:17:19.000Z</time>
        <extensions>
          <ns3:TrackPointExtension>
            <ns3:atemp>30.0</ns3:atemp>
            <ns3:hr>159</ns3:hr>
            <ns3:cad>81</ns3:cad>
          </ns3:TrackPointExtension>
        </extensions>
      </trkpt>
      <trkpt lat="48.11922074295580387115478515625" lon="-1.2109789811074733734130859375">
        <ele>109.40000152587890625</ele>
        <time>2026-09-24T16:17:20.000Z</time>
        <extensions>
          <ns3:TrackPointExtension>
            <ns3:atemp>30.0</ns3:atemp>
            <ns3:hr>159</ns3:hr>
            <ns3:cad>81</ns3:cad>
          </ns3:TrackPointExtension>
        </extensions>
      </trkpt>
      <trkpt lat="48.1192486546933650970458984375" lon="-1.2109959125518798828125">
        <ele>109.59999847412109375</ele>
        <time>2026-09-24T16:17:21.000Z</time>
        <extensions>
          <ns3:TrackPointExtension>
            <ns3:atemp>30.0</ns3:atemp>
            <ns3:hr>159</ns3:hr>
            <ns3:cad>81</ns3:cad>
          </ns3:TrackPointExtension>
        </extensions>
      </trkpt>
      <trkpt lat="48.119274638593196868896484375" lon="-1.2110047973692417144775390625">
        <ele>109.8000030517578125</ele>
        <time>2026-09-24T16:17:22.000Z</time>
        <extensions>
          <ns3:TrackPointExtension>
            <ns3:atemp>30.0</ns3:atemp>
            <ns3:hr>159</ns3:hr>
            <ns3:cad>81</ns3:cad>
          </ns3:TrackPointExtension>
        </extensions>
      </trkpt>
      <trkpt lat="48.119298107922077178955078125" lon="-1.211019717156887054443359375">
        <ele>109.8000030517578125</ele>
        <time>2026-09-24T16:17:23.000Z</time>
        <extensions>
          <ns3:TrackPointExtension>
            <ns3:atemp>30.0</ns3:atemp>
            <ns3:hr>159</ns3:hr>
            <ns3:cad>81</ns3:cad>
          </ns3:TrackPointExtension>
        </extensions>
      </trkpt>
      <trkpt lat="48.11933071352541446685791015625" lon="-1.21104092337191104888916015625">
        <ele>109.8000030517578125</ele>
        <time>2026-09-24T16:17:24.000Z</time>
        <extensions>
          <ns3:TrackPointExtension>
            <ns3:atemp>30.0</ns3:atemp>
            <ns3:hr>159</ns3:hr>
            <ns3:cad>81</ns3:cad>
          </ns3:TrackPointExtension>
        </extensions>
      </trkpt>
      <trkpt lat="48.119358457624912261962890625" lon="-1.2110587768256664276123046875">
        <ele>110</ele>
        <time>2026-09-24T16:17:25.000Z</time>
        <extensions>
          <ns3:TrackPointExtension>
            <ns3:atemp>30.0</ns3:atemp>
            <ns3:hr>160</ns3:hr>
            <ns3:cad>81</ns3:cad>
          </ns3:TrackPointExtension>
        </extensions>
      </trkpt>
      <trkpt lat="48.11938402242958545684814453125" lon="-1.21107168495655059814453125">
        <ele>110</ele>
        <time>2026-09-24T16:17:26.000Z</time>
        <extensions>
          <ns3:TrackPointExtension>
            <ns3:atemp>30.0</ns3:atemp>
            <ns3:hr>160</ns3:hr>
            <ns3:cad>81</ns3:cad>
          </ns3:TrackPointExtension>
        </extensions>
      </trkpt>
      <trkpt lat="48.119414113461971282958984375" lon="-1.211091466248035430908203125">
        <ele>110</ele>
        <time>2026-09-24T16:17:27.000Z</time>
        <extensions>
          <ns3:TrackPointExtension>
            <ns3:atemp>30.0</ns3:atemp>
            <ns3:hr>160</ns3:hr>
            <ns3:cad>81</ns3:cad>
          </ns3:TrackPointExtension>
        </extensions>
      </trkpt>
      <trkpt lat="48.11943967826664447784423828125" lon="-1.21110110543668270111083984375">
        <ele>110.1999969482421875</ele>
        <time>2026-09-24T16:17:28.000Z</time>
        <extensions>
          <ns3:TrackPointExtension>
            <ns3:atemp>30.0</ns3:atemp>
            <ns3:hr>160</ns3:hr>
            <ns3:cad>81</ns3:cad>
          </ns3:TrackPointExtension>
        </extensions>
      </trkpt>
      <trkpt lat="48.11946717090904712677001953125" lon="-1.2111181207001209259033203125">
        <ele>110.1999969482421875</ele>
        <time>2026-09-24T16:17:29.000Z</time>
        <extensions>
          <ns3:TrackPointExtension>
            <ns3:atemp>30.0</ns3:atemp>
            <ns3:hr>160</ns3:hr>
            <ns3:cad>81</ns3:cad>
          </ns3:TrackPointExtension>
        </extensions>
      </trkpt>
      <trkpt lat="48.1194893829524517059326171875" lon="-1.211139746010303497314453125">
        <ele>110.1999969482421875</ele>
        <time>2026-09-24T16:17:30.000Z</time>
        <extensions>
          <ns3:TrackPointExtension>
            <ns3:atemp>30.0</ns3:atemp>
            <ns3:hr>160</ns3:hr>
            <ns3:cad>81</ns3:cad>
          </ns3:TrackPointExtension>
        </extensions>
      </trkpt>
      <trkpt lat="48.11951327137649059295654296875" lon="-1.2111496366560459136962890625">
        <ele>110.40000152587890625</ele>
        <time>2026-09-24T16:17:31.000Z</time>
        <extensions>
          <ns3:TrackPointExtension>
            <ns3:atemp>30.0</ns3:atemp>
            <ns3:hr>160</ns3:hr>
            <ns3:cad>81</ns3:cad>
          </ns3:TrackPointExtension>
        </extensions>
      </trkpt>
      <trkpt lat="48.119543530046939849853515625" lon="-1.2111724354326725006103515625">
        <ele>110.40000152587890625</ele>
        <time>2026-09-24T16:17:32.000Z</time>
        <extensions>
          <ns3:TrackPointExtension>
            <ns3:atemp>30.0</ns3:atemp>
            <ns3:hr>160</ns3:hr>
            <ns3:cad>81</ns3:cad>
          </ns3:TrackPointExtension>
        </extensions>
      </trkpt>
      <trkpt lat="48.1195698492228984832763671875" lon="-1.21119238436222076416015625">
        <ele>110.40000152587890625</ele>
        <time>2026-09-24T16:17:33.000Z</time>
        <extensions>
          <ns3:TrackPointExtension>
            <ns3:atemp>30.0</ns3:atemp>
            <ns3:hr>159</ns3:hr>
            <ns3:cad>81</ns3:cad>
          </ns3:TrackPointExtension>
        </extensions>
      </trkpt>
      <trkpt lat="48.11959440819919109344482421875" lon="-1.21120101772248744964599609375">
        <ele>110.40000152587890625</ele>
        <time>2026-09-24T16:17:34.000Z</time>
        <extensions>
          <ns3:TrackPointExtension>
            <ns3:atemp>30.0</ns3:atemp>
            <ns3:hr>160</ns3:hr>
            <ns3:cad>80</ns3:cad>
          </ns3:TrackPointExtension>
        </extensions>
      </trkpt>
      <trkpt lat="48.11961888335645198822021484375" lon="-1.21121920645236968994140625">
        <ele>110.1999969482421875</ele>
        <time>2026-09-24T16:17:35.000Z</time>
        <extensions>
          <ns3:TrackPointExtension>
            <ns3:atemp>30.0</ns3:atemp>
            <ns3:hr>161</ns3:hr>
            <ns3:cad>80</ns3:cad>
          </ns3:TrackPointExtension>
        </extensions>
      </trkpt>
      <trkpt lat="48.1196472980082035064697265625" lon="-1.21123773045837879180908203125">
        <ele>110.1999969482421875</ele>
        <time>2026-09-24T16:17:36.000Z</time>
        <extensions>
          <ns3:TrackPointExtension>
            <ns3:atemp>30.0</ns3:atemp>
            <ns3:hr>161</ns3:hr>
            <ns3:cad>80</ns3:cad>
          </ns3:TrackPointExtension>
        </extensions>
      </trkpt>
      <trkpt lat="48.1196754612028598785400390625" lon="-1.2112522311508655548095703125">
        <ele>110.1999969482421875</ele>
        <time>2026-09-24T16:17:37.000Z</time>
        <extensions>
          <ns3:TrackPointExtension>
            <ns3:atemp>30.0</ns3:atemp>
            <ns3:hr>161</ns3:hr>
            <ns3:cad>81</ns3:cad>
          </ns3:TrackPointExtension>
        </extensions>
      </trkpt>
      <trkpt lat="48.11970672570168972015380859375" lon="-1.21127561666071414947509765625">
        <ele>110.1999969482421875</ele>
        <time>2026-09-24T16:17:38.000Z</time>
        <extensions>
          <ns3:TrackPointExtension>
            <ns3:atemp>30.0</ns3:atemp>
            <ns3:hr>161</ns3:hr>
            <ns3:cad>81</ns3:cad>
          </ns3:TrackPointExtension>
        </extensions>
      </trkpt>
      <trkpt lat="48.1197337992489337921142578125" lon="-1.21130294166505336761474609375">
        <ele>110.1999969482421875</ele>
        <time>2026-09-24T16:17:39.000Z</time>
        <extensions>
          <ns3:TrackPointExtension>
            <ns3:atemp>30.0</ns3:atemp>
            <ns3:hr>161</ns3:hr>
            <ns3:cad>81</ns3:cad>
          </ns3:TrackPointExtension>
        </extensions>
      </trkpt>
      <trkpt lat="48.119760788977146148681640625" lon="-1.21132356114685535430908203125">
        <ele>110.1999969482421875</ele>
        <time>2026-09-24T16:17:40.000Z</time>
        <extensions>
          <ns3:TrackPointExtension>
            <ns3:atemp>30.0</ns3:atemp>
            <ns3:hr>162</ns3:hr>
            <ns3:cad>80</ns3:cad>
          </ns3:TrackPointExtension>
        </extensions>
      </trkpt>
      <trkpt lat="48.1197901256382465362548828125" lon="-1.211354322731494903564453125">
        <ele>110.1999969482421875</ele>
        <time>2026-09-24T16:17:41.000Z</time>
        <extensions>
          <ns3:TrackPointExtension>
            <ns3:atemp>30.0</ns3:atemp>
            <ns3:hr>161</ns3:hr>
            <ns3:cad>80</ns3:cad>
          </ns3:TrackPointExtension>
        </extensions>
      </trkpt>
      <trkpt lat="48.11981854028999805450439453125" lon="-1.21138458140194416046142578125">
        <ele>110</ele>
        <time>2026-09-24T16:17:42.000Z</time>
        <extensions>
          <ns3:TrackPointExtension>
            <ns3:atemp>30.0</ns3:atemp>
            <ns3:hr>161</ns3:hr>
            <ns3:cad>79</ns3:cad>
          </ns3:TrackPointExtension>
        </extensions>
      </trkpt>
      <trkpt lat="48.11984335072338581085205078125" lon="-1.21140520088374614715576171875">
        <ele>109.8000030517578125</ele>
        <time>2026-09-24T16:17:43.000Z</time>
        <extensions>
          <ns3:TrackPointExtension>
            <ns3:atemp>30.0</ns3:atemp>
            <ns3:hr>162</ns3:hr>
            <ns3:cad>79</ns3:cad>
          </ns3:TrackPointExtension>
        </extensions>
      </trkpt>
      <trkpt lat="48.11986832879483699798583984375" lon="-1.21142975986003875732421875">
        <ele>109.59999847412109375</ele>
        <time>2026-09-24T16:17:44.000Z</time>
        <extensions>
          <ns3:TrackPointExtension>
            <ns3:atemp>30.0</ns3:atemp>
            <ns3:hr>162</ns3:hr>
            <ns3:cad>80</ns3:cad>
          </ns3:TrackPointExtension>
        </extensions>
      </trkpt>
      <trkpt lat="48.11989481560885906219482421875" lon="-1.21146303601562976837158203125">
        <ele>109.59999847412109375</ele>
        <time>2026-09-24T16:17:45.000Z</time>
        <extensions>
          <ns3:TrackPointExtension>
            <ns3:atemp>30.0</ns3:atemp>
            <ns3:hr>162</ns3:hr>
            <ns3:cad>80</ns3:cad>
          </ns3:TrackPointExtension>
        </extensions>
      </trkpt>
      <trkpt lat="48.11991727910935878753662109375" lon="-1.21148751117289066314697265625">
        <ele>109.40000152587890625</ele>
        <time>2026-09-24T16:17:46.000Z</time>
        <extensions>
          <ns3:TrackPointExtension>
            <ns3:atemp>30.0</ns3:atemp>
            <ns3:hr>162</ns3:hr>
            <ns3:cad>80</ns3:cad>
          </ns3:TrackPointExtension>
        </extensions>
      </trkpt>
      <trkpt lat="48.11994208954274654388427734375" lon="-1.21151131577789783477783203125">
        <ele>109.1999969482421875</ele>
        <time>2026-09-24T16:17:47.000Z</time>
        <extensions>
          <ns3:TrackPointExtension>
            <ns3:atemp>30.0</ns3:atemp>
            <ns3:hr>162</ns3:hr>
            <ns3:cad>80</ns3:cad>
          </ns3:TrackPointExtension>
        </extensions>
      </trkpt>
      <trkpt lat="48.11996689997613430023193359375" lon="-1.21153696440160274505615234375">
        <ele>109.1999969482421875</ele>
        <time>2026-09-24T16:17:48.000Z</time>
        <extensions>
          <ns3:TrackPointExtension>
            <ns3:atemp>30.0</ns3:atemp>
            <ns3:hr>162</ns3:hr>
            <ns3:cad>80</ns3:cad>
          </ns3:TrackPointExtension>
        </extensions>
      </trkpt>
      <trkpt lat="48.11999036930501461029052734375" lon="-1.21155758388340473175048828125">
        <ele>109</ele>
        <time>2026-09-24T16:17:49.000Z</time>
        <extensions>
          <ns3:TrackPointExtension>
            <ns3:atemp>30.0</ns3:atemp>
            <ns3:hr>163</ns3:hr>
            <ns3:cad>79</ns3:cad>
          </ns3:TrackPointExtension>
        </extensions>
      </trkpt>
      <trkpt lat="48.12001199461519718170166015625" lon="-1.211578287184238433837890625">
        <ele>109</ele>
        <time>2026-09-24T16:17:50.000Z</time>
        <extensions>
          <ns3:TrackPointExtension>
            <ns3:atemp>30.0</ns3:atemp>
            <ns3:hr>163</ns3:hr>
            <ns3:cad>80</ns3:cad>
          </ns3:TrackPointExtension>
        </extensions>
      </trkpt>
      <trkpt lat="48.12003663741052150726318359375" lon="-1.21160385198891162872314453125">
        <ele>108.8000030517578125</ele>
        <time>2026-09-24T16:17:51.000Z</time>
        <extensions>
          <ns3:TrackPointExtension>
            <ns3:atemp>30.0</ns3:atemp>
            <ns3:hr>163</ns3:hr>
            <ns3:cad>80</ns3:cad>
          </ns3:TrackPointExtension>
        </extensions>
      </trkpt>
      <trkpt lat="48.12005692161619663238525390625" lon="-1.211621873080730438232421875">
        <ele>108.59999847412109375</ele>
        <time>2026-09-24T16:17:52.000Z</time>
        <extensions>
          <ns3:TrackPointExtension>
            <ns3:atemp>30.0</ns3:atemp>
            <ns3:hr>163</ns3:hr>
            <ns3:cad>80</ns3:cad>
          </ns3:TrackPointExtension>
        </extensions>
      </trkpt>
      <trkpt lat="48.12007284723222255706787109375" lon="-1.21163427829742431640625">
        <ele>108.40000152587890625</ele>
        <time>2026-09-24T16:17:53.000Z</time>
        <extensions>
          <ns3:TrackPointExtension>
            <ns3:atemp>30.0</ns3:atemp>
            <ns3:hr>163</ns3:hr>
            <ns3:cad>79</ns3:cad>
          </ns3:TrackPointExtension>
        </extensions>
      </trkpt>
      <trkpt lat="48.120085336267948150634765625" lon="-1.211639977991580963134765625">
        <ele>108.1999969482421875</ele>
        <time>2026-09-24T16:17:54.000Z</time>
        <extensions>
          <ns3:TrackPointExtension>
            <ns3:atemp>30.0</ns3:atemp>
            <ns3:hr>162</ns3:hr>
            <ns3:cad>79</ns3:cad>
          </ns3:TrackPointExtension>
        </extensions>
      </trkpt>
      <trkpt lat="48.12010033987462520599365234375" lon="-1.211638636887073516845703125">
        <ele>108</ele>
        <time>2026-09-24T16:17:55.000Z</time>
        <extensions>
          <ns3:TrackPointExtension>
            <ns3:atemp>30.0</ns3:atemp>
            <ns3:hr>163</ns3:hr>
            <ns3:cad>79</ns3:cad>
          </ns3:TrackPointExtension>
        </extensions>
      </trkpt>
      <trkpt lat="48.12010754831135272979736328125" lon="-1.2116337753832340240478515625">
        <ele>108</ele>
        <time>2026-09-24T16:17:56.000Z</time>
        <extensions>
          <ns3:TrackPointExtension>
            <ns3:atemp>30.0</ns3:atemp>
            <ns3:hr>163</ns3:hr>
            <ns3:cad>79</ns3:cad>
          </ns3:TrackPointExtension>
        </extensions>
      </trkpt>
      <trkpt lat="48.12011375091969966888427734375" lon="-1.21163302101194858551025390625">
        <ele>108</ele>
        <time>2026-09-24T16:17:57.000Z</time>
        <extensions>
          <ns3:TrackPointExtension>
            <ns3:atemp>30.0</ns3:atemp>
            <ns3:hr>163</ns3:hr>
            <ns3:cad>79</ns3:cad>
          </ns3:TrackPointExtension>
        </extensions>
      </trkpt>
      <trkpt lat="48.120119869709014892578125" lon="-1.211633943021297454833984375">
        <ele>107.8000030517578125</ele>
        <time>2026-09-24T16:17:58.000Z</time>
        <extensions>
          <ns3:TrackPointExtension>
            <ns3:atemp>30.0</ns3:atemp>
            <ns3:hr>163</ns3:hr>
            <ns3:cad>77</ns3:cad>
          </ns3:TrackPointExtension>
        </extensions>
      </trkpt>
      <trkpt lat="48.1201247312128543853759765625" lon="-1.21163553558290004730224609375">
        <ele>107.8000030517578125</ele>
        <time>2026-09-24T16:17:59.000Z</time>
        <extensions>
          <ns3:TrackPointExtension>
            <ns3:atemp>30.0</ns3:atemp>
            <ns3:hr>163</ns3:hr>
            <ns3:cad>77</ns3:cad>
          </ns3:TrackPointExtension>
        </extensions>
      </trkpt>
      <trkpt lat="48.1201279163360595703125" lon="-1.21163888834416866302490234375">
        <ele>107.59999847412109375</ele>
        <time>2026-09-24T16:18:00.000Z</time>
        <extensions>
          <ns3:TrackPointExtension>
            <ns3:atemp>30.0</ns3:atemp>
            <ns3:hr>163</ns3:hr>
            <ns3:cad>57</ns3:cad>
          </ns3:TrackPointExtension>
        </extensions>
      </trkpt>
      <trkpt lat="48.12013755552470684051513671875" lon="-1.211635954678058624267578125">
        <ele>107.40000152587890625</ele>
        <time>2026-09-24T16:18:01.000Z</time>
        <extensions>
          <ns3:TrackPointExtension>
            <ns3:atemp>30.0</ns3:atemp>
            <ns3:hr>162</ns3:hr>
            <ns3:cad>57</ns3:cad>
          </ns3:TrackPointExtension>
        </extensions>
      </trkpt>
      <trkpt lat="48.1201493740081787109375" lon="-1.2116290815174579620361328125">
        <ele>107.40000152587890625</ele>
        <time>2026-09-24T16:18:02.000Z</time>
        <extensions>
          <ns3:TrackPointExtension>
            <ns3:atemp>30.0</ns3:atemp>
            <ns3:hr>162</ns3:hr>
            <ns3:cad>56</ns3:cad>
          </ns3:TrackPointExtension>
        </extensions>
      </trkpt>
      <trkpt lat="48.12016186304390430450439453125" lon="-1.211615838110446929931640625">
        <ele>107.40000152587890625</ele>
        <time>2026-09-24T16:18:03.000Z</time>
        <extensions>
          <ns3:TrackPointExtension>
            <ns3:atemp>30.0</ns3:atemp>
            <ns3:hr>160</ns3:hr>
            <ns3:cad>56</ns3:cad>
          </ns3:TrackPointExtension>
        </extensions>
      </trkpt>
      <trkpt lat="48.12017225660383701324462890625" lon="-1.21160670183598995208740234375">
        <ele>107.1999969482421875</ele>
        <time>2026-09-24T16:18:04.000Z</time>
        <extensions>
          <ns3:TrackPointExtension>
            <ns3:atemp>30.0</ns3:atemp>
            <ns3:hr>157</ns3:hr>
            <ns3:cad>56</ns3:cad>
          </ns3:TrackPointExtension>
        </extensions>
      </trkpt>
      <trkpt lat="48.12018097378313541412353515625" lon="-1.21160653419792652130126953125">
        <ele>107.1999969482421875</ele>
        <time>2026-09-24T16:18:05.000Z</time>
        <extensions>
          <ns3:TrackPointExtension>
            <ns3:atemp>30.0</ns3:atemp>
            <ns3:hr>156</ns3:hr>
            <ns3:cad>56</ns3:cad>
          </ns3:TrackPointExtension>
        </extensions>
      </trkpt>
      <trkpt lat="48.12019505538046360015869140625" lon="-1.211605109274387359619140625">
        <ele>107.1999969482421875</ele>
        <time>2026-09-24T16:18:06.000Z</time>
        <extensions>
          <ns3:TrackPointExtension>
            <ns3:atemp>30.0</ns3:atemp>
            <ns3:hr>156</ns3:hr>
            <ns3:cad>54</ns3:cad>
          </ns3:TrackPointExtension>
        </extensions>
      </trkpt>
      <trkpt lat="48.1202097237110137939453125" lon="-1.21160267852246761322021484375">
        <ele>107.1999969482421875</ele>
        <time>2026-09-24T16:18:07.000Z</time>
        <extensions>
          <ns3:TrackPointExtension>
            <ns3:atemp>30.0</ns3:atemp>
            <ns3:hr>156</ns3:hr>
            <ns3:cad>54</ns3:cad>
          </ns3:TrackPointExtension>
        </extensions>
      </trkpt>
      <trkpt lat="48.120226152241230010986328125" lon="-1.2116034328937530517578125">
        <ele>107.1999969482421875</ele>
        <time>2026-09-24T16:18:08.000Z</time>
        <extensions>
          <ns3:TrackPointExtension>
            <ns3:atemp>30.0</ns3:atemp>
            <ns3:hr>156</ns3:hr>
            <ns3:cad>54</ns3:cad>
          </ns3:TrackPointExtension>
        </extensions>
      </trkpt>
      <trkpt lat="48.12023864127695560455322265625" lon="-1.2116076238453388214111328125">
        <ele>107.1999969482421875</ele>
        <time>2026-09-24T16:18:09.000Z</time>
        <extensions>
          <ns3:TrackPointExtension>
            <ns3:atemp>30.0</ns3:atemp>
            <ns3:hr>156</ns3:hr>
            <ns3:cad>54</ns3:cad>
          </ns3:TrackPointExtension>
        </extensions>
      </trkpt>
      <trkpt lat="48.12025196850299835205078125" lon="-1.2116113118827342987060546875">
        <ele>107.1999969482421875</ele>
        <time>2026-09-24T16:18:10.000Z</time>
        <extensions>
          <ns3:TrackPointExtension>
            <ns3:atemp>30.0</ns3:atemp>
            <ns3:hr>156</ns3:hr>
            <ns3:cad>54</ns3:cad>
          </ns3:TrackPointExtension>
        </extensions>
      </trkpt>
      <trkpt lat="48.120264373719692230224609375" lon="-1.21161592192947864532470703125">
        <ele>107.1999969482421875</ele>
        <time>2026-09-24T16:18:11.000Z</time>
        <extensions>
          <ns3:TrackPointExtension>
            <ns3:atemp>30.0</ns3:atemp>
            <ns3:hr>156</ns3:hr>
            <ns3:cad>58</ns3:cad>
          </ns3:TrackPointExtension>
        </extensions>
      </trkpt>
      <trkpt lat="48.12027485109865665435791015625" lon="-1.2116190232336521148681640625">
        <ele>107.1999969482421875</ele>
        <time>2026-09-24T16:18:12.000Z</time>
        <extensions>
          <ns3:TrackPointExtension>
            <ns3:atemp>30.0</ns3:atemp>
            <ns3:hr>157</ns3:hr>
            <ns3:cad>58</ns3:cad>
          </ns3:TrackPointExtension>
        </extensions>
      </trkpt>
      <trkpt lat="48.12028407119214534759521484375" lon="-1.2116213701665401458740234375">
        <ele>107</ele>
        <time>2026-09-24T16:18:13.000Z</time>
        <extensions>
          <ns3:TrackPointExtension>
            <ns3:atemp>30.0</ns3:atemp>
            <ns3:hr>156</ns3:hr>
            <ns3:cad>58</ns3:cad>
          </ns3:TrackPointExtension>
        </extensions>
      </trkpt>
      <trkpt lat="48.120291531085968017578125" lon="-1.21162111870944499969482421875">
        <ele>107</ele>
        <time>2026-09-24T16:18:14.000Z</time>
        <extensions>
          <ns3:TrackPointExtension>
            <ns3:atemp>32.0</ns3:atemp>
            <ns3:hr>157</ns3:hr>
            <ns3:cad>63</ns3:cad>
          </ns3:TrackPointExtension>
        </extensions>
      </trkpt>
      <trkpt lat="48.1202994100749492645263671875" lon="-1.211623884737491607666015625">
        <ele>106.8000030517578125</ele>
        <time>2026-09-24T16:18:15.000Z</time>
        <extensions>
          <ns3:TrackPointExtension>
            <ns3:atemp>30.0</ns3:atemp>
            <ns3:hr>157</ns3:hr>
            <ns3:cad>62</ns3:cad>
          </ns3:TrackPointExtension>
        </extensions>
      </trkpt>
      <trkpt lat="48.120307959616184234619140625" lon="-1.21163017116487026214599609375">
        <ele>106.8000030517578125</ele>
        <time>2026-09-24T16:18:16.000Z</time>
        <extensions>
          <ns3:TrackPointExtension>
            <ns3:atemp>30.0</ns3:atemp>
            <ns3:hr>158</ns3:hr>
            <ns3:cad>62</ns3:cad>
          </ns3:TrackPointExtension>
        </extensions>
      </trkpt>
      <trkpt lat="48.120320700109004974365234375" lon="-1.21163436211645603179931640625">
        <ele>106.59999847412109375</ele>
        <time>2026-09-24T16:18:17.000Z</time>
        <extensions>
          <ns3:TrackPointExtension>
            <ns3:atemp>30.0</ns3:atemp>
            <ns3:hr>158</ns3:hr>
            <ns3:cad>61</ns3:cad>
          </ns3:TrackPointExtension>
        </extensions>
      </trkpt>
      <trkpt lat="48.1203357875347137451171875" lon="-1.211638636887073516845703125">
        <ele>106.40000152587890625</ele>
        <time>2026-09-24T16:18:18.000Z</time>
        <extensions>
          <ns3:TrackPointExtension>
            <ns3:atemp>30.0</ns3:atemp>
            <ns3:hr>158</ns3:hr>
            <ns3:cad>61</ns3:cad>
          </ns3:TrackPointExtension>
        </extensions>
      </trkpt>
      <trkpt lat="48.1203560717403888702392578125" lon="-1.21164525859057903289794921875">
        <ele>106.1999969482421875</ele>
        <time>2026-09-24T16:18:19.000Z</time>
        <extensions>
          <ns3:TrackPointExtension>
            <ns3:atemp>30.0</ns3:atemp>
            <ns3:hr>158</ns3:hr>
            <ns3:cad>61</ns3:cad>
          </ns3:TrackPointExtension>
        </extensions>
      </trkpt>
      <trkpt lat="48.1203714944422245025634765625" lon="-1.211650706827640533447265625">
        <ele>106</ele>
        <time>2026-09-24T16:18:20.000Z</time>
        <extensions>
          <ns3:TrackPointExtension>
            <ns3:atemp>30.0</ns3:atemp>
            <ns3:hr>152</ns3:hr>
            <ns3:cad>61</ns3:cad>
          </ns3:TrackPointExtension>
        </extensions>
      </trkpt>
      <trkpt lat="48.1203882582485675811767578125" lon="-1.2116609327495098114013671875">
        <ele>106</ele>
        <time>2026-09-24T16:18:21.000Z</time>
        <extensions>
          <ns3:TrackPointExtension>
            <ns3:atemp>30.0</ns3:atemp>
            <ns3:hr>151</ns3:hr>
            <ns3:cad>61</ns3:cad>
          </ns3:TrackPointExtension>
        </extensions>
      </trkpt>
      <trkpt lat="48.12040242366492748260498046875" lon="-1.2116666324436664581298828125">
        <ele>105.8000030517578125</ele>
        <time>2026-09-24T16:18:22.000Z</time>
        <extensions>
          <ns3:TrackPointExtension>
            <ns3:atemp>30.0</ns3:atemp>
            <ns3:hr>150</ns3:hr>
            <ns3:cad>61</ns3:cad>
          </ns3:TrackPointExtension>
        </extensions>
      </trkpt>
      <trkpt lat="48.12041692435741424560546875" lon="-1.2116760201752185821533203125">
        <ele>105.8000030517578125</ele>
        <time>2026-09-24T16:18:23.000Z</time>
        <extensions>
          <ns3:TrackPointExtension>
            <ns3:atemp>30.0</ns3:atemp>
            <ns3:hr>147</ns3:hr>
            <ns3:cad>61</ns3:cad>
          </ns3:TrackPointExtension>
        </extensions>
      </trkpt>
      <trkpt lat="48.1204335205256938934326171875" lon="-1.211682893335819244384765625">
        <ele>105.8000030517578125</ele>
        <time>2026-09-24T16:18:24.000Z</time>
        <extensions>
          <ns3:TrackPointExtension>
            <ns3:atemp>30.0</ns3:atemp>
            <ns3:hr>146</ns3:hr>
            <ns3:cad>62</ns3:cad>
          </ns3:TrackPointExtension>
        </extensions>
      </trkpt>
      <trkpt lat="48.12044768594205379486083984375" lon="-1.21169169433414936065673828125">
        <ele>105.59999847412109375</ele>
        <time>2026-09-24T16:18:25.000Z</time>
        <extensions>
          <ns3:TrackPointExtension>
            <ns3:atemp>30.0</ns3:atemp>
            <ns3:hr>145</ns3:hr>
            <ns3:cad>62</ns3:cad>
          </ns3:TrackPointExtension>
        </extensions>
      </trkpt>
      <trkpt lat="48.12046109698712825775146484375" lon="-1.211696974933147430419921875">
        <ele>105.59999847412109375</ele>
        <time>2026-09-24T16:18:26.000Z</time>
        <extensions>
          <ns3:TrackPointExtension>
            <ns3:atemp>30.0</ns3:atemp>
            <ns3:hr>143</ns3:hr>
            <ns3:cad>62</ns3:cad>
          </ns3:TrackPointExtension>
        </extensions>
      </trkpt>
      <trkpt lat="48.120476938784122467041015625" lon="-1.21170275844633579254150390625">
        <ele>105.40000152587890625</ele>
        <time>2026-09-24T16:18:27.000Z</time>
        <extensions>
          <ns3:TrackPointExtension>
            <ns3:atemp>30.0</ns3:atemp>
            <ns3:hr>141</ns3:hr>
            <ns3:cad>62</ns3:cad>
          </ns3:TrackPointExtension>
        </extensions>
      </trkpt>
      <trkpt lat="48.12048926018178462982177734375" lon="-1.21170812286436557769775390625">
        <ele>105.1999969482421875</ele>
        <time>2026-09-24T16:18:28.000Z</time>
        <extensions>
          <ns3:TrackPointExtension>
            <ns3:atemp>30.0</ns3:atemp>
            <ns3:hr>140</ns3:hr>
            <ns3:cad>62</ns3:cad>
          </ns3:TrackPointExtension>
        </extensions>
      </trkpt>
      <trkpt lat="48.12050007283687591552734375" lon="-1.21171365492045879364013671875">
        <ele>105.1999969482421875</ele>
        <time>2026-09-24T16:18:29.000Z</time>
        <extensions>
          <ns3:TrackPointExtension>
            <ns3:atemp>30.0</ns3:atemp>
            <ns3:hr>139</ns3:hr>
            <ns3:cad>62</ns3:cad>
          </ns3:TrackPointExtension>
        </extensions>
      </trkpt>
      <trkpt lat="48.12051105313003063201904296875" lon="-1.21171968989074230194091796875">
        <ele>105</ele>
        <time>2026-09-24T16:18:30.000Z</time>
        <extensions>
          <ns3:TrackPointExtension>
            <ns3:atemp>30.0</ns3:atemp>
            <ns3:hr>139</ns3:hr>
            <ns3:cad>62</ns3:cad>
          </ns3:TrackPointExtension>
        </extensions>
      </trkpt>
      <trkpt lat="48.12052614055573940277099609375" lon="-1.21172614395618438720703125">
        <ele>105</ele>
        <time>2026-09-24T16:18:31.000Z</time>
        <extensions>
          <ns3:TrackPointExtension>
            <ns3:atemp>30.0</ns3:atemp>
            <ns3:hr>138</ns3:hr>
            <ns3:cad>62</ns3:cad>
          </ns3:TrackPointExtension>
        </extensions>
      </trkpt>
      <trkpt lat="48.12053988687694072723388671875" lon="-1.21173209510743618011474609375">
        <ele>104.8000030517578125</ele>
        <time>2026-09-24T16:18:32.000Z</time>
        <extensions>
          <ns3:TrackPointExtension>
            <ns3:atemp>30.0</ns3:atemp>
            <ns3:hr>138</ns3:hr>
            <ns3:cad>62</ns3:cad>
          </ns3:TrackPointExtension>
        </extensions>
      </trkpt>
      <trkpt lat="48.12055639922618865966796875" lon="-1.21173393912613391876220703125">
        <ele>104.8000030517578125</ele>
        <time>2026-09-24T16:18:33.000Z</time>
        <extensions>
          <ns3:TrackPointExtension>
            <ns3:atemp>30.0</ns3:atemp>
            <ns3:hr>137</ns3:hr>
            <ns3:cad>62</ns3:cad>
          </ns3:TrackPointExtension>
        </extensions>
      </trkpt>
      <trkpt lat="48.12057249248027801513671875" lon="-1.21173460967838764190673828125">
        <ele>104.59999847412109375</ele>
        <time>2026-09-24T16:18:34.000Z</time>
        <extensions>
          <ns3:TrackPointExtension>
            <ns3:atemp>30.0</ns3:atemp>
            <ns3:hr>135</ns3:hr>
            <ns3:cad>62</ns3:cad>
          </ns3:TrackPointExtension>
        </extensions>
      </trkpt>
      <trkpt lat="48.12058464623987674713134765625" lon="-1.21173310093581676483154296875">
        <ele>104.40000152587890625</ele>
        <time>2026-09-24T16:18:35.000Z</time>
        <extensions>
          <ns3:TrackPointExtension>
            <ns3:atemp>30.0</ns3:atemp>
            <ns3:hr>133</ns3:hr>
            <ns3:cad>61</ns3:cad>
          </ns3:TrackPointExtension>
        </extensions>
      </trkpt>
      <trkpt lat="48.12059738673269748687744140625" lon="-1.21173125691711902618408203125">
        <ele>104.1999969482421875</ele>
        <time>2026-09-24T16:18:36.000Z</time>
        <extensions>
          <ns3:TrackPointExtension>
            <ns3:atemp>30.0</ns3:atemp>
            <ns3:hr>132</ns3:hr>
            <ns3:cad>61</ns3:cad>
          </ns3:TrackPointExtension>
        </extensions>
      </trkpt>
      <trkpt lat="48.12061247415840625762939453125" lon="-1.21172907762229442596435546875">
        <ele>104.1999969482421875</ele>
        <time>2026-09-24T16:18:37.000Z</time>
        <extensions>
          <ns3:TrackPointExtension>
            <ns3:atemp>30.0</ns3:atemp>
            <ns3:hr>132</ns3:hr>
            <ns3:cad>61</ns3:cad>
          </ns3:TrackPointExtension>
        </extensions>
      </trkpt>
      <trkpt lat="48.12062689103186130523681640625" lon="-1.21172538958489894866943359375">
        <ele>104</ele>
        <time>2026-09-24T16:18:38.000Z</time>
        <extensions>
          <ns3:TrackPointExtension>
            <ns3:atemp>30.0</ns3:atemp>
            <ns3:hr>131</ns3:hr>
            <ns3:cad>63</ns3:cad>
          </ns3:TrackPointExtension>
        </extensions>
      </trkpt>
      <trkpt lat="48.12064566649496555328369140625" lon="-1.21172212064266204833984375">
        <ele>103.8000030517578125</ele>
        <time>2026-09-24T16:18:39.000Z</time>
        <extensions>
          <ns3:TrackPointExtension>
            <ns3:atemp>30.0</ns3:atemp>
            <ns3:hr>131</ns3:hr>
            <ns3:cad>65</ns3:cad>
          </ns3:TrackPointExtension>
        </extensions>
      </trkpt>
      <trkpt lat="48.120658658444881439208984375" lon="-1.21171935461461544036865234375">
        <ele>103.8000030517578125</ele>
        <time>2026-09-24T16:18:40.000Z</time>
        <extensions>
          <ns3:TrackPointExtension>
            <ns3:atemp>30.0</ns3:atemp>
            <ns3:hr>130</ns3:hr>
            <ns3:cad>65</ns3:cad>
          </ns3:TrackPointExtension>
        </extensions>
      </trkpt>
      <trkpt lat="48.1206702254712581634521484375" lon="-1.21172069571912288665771484375">
        <ele>103.59999847412109375</ele>
        <time>2026-09-24T16:18:41.000Z</time>
        <extensions>
          <ns3:TrackPointExtension>
            <ns3:atemp>30.0</ns3:atemp>
            <ns3:hr>129</ns3:hr>
            <ns3:cad>64</ns3:cad>
          </ns3:TrackPointExtension>
        </extensions>
      </trkpt>
      <trkpt lat="48.12068237923085689544677734375" lon="-1.21172010898590087890625">
        <ele>103.59999847412109375</ele>
        <time>2026-09-24T16:18:42.000Z</time>
        <extensions>
          <ns3:TrackPointExtension>
            <ns3:atemp>30.0</ns3:atemp>
            <ns3:hr>129</ns3:hr>
            <ns3:cad>64</ns3:cad>
          </ns3:TrackPointExtension>
        </extensions>
      </trkpt>
      <trkpt lat="48.1206967122852802276611328125" lon="-1.2117175944149494171142578125">
        <ele>103.40000152587890625</ele>
        <time>2026-09-24T16:18:43.000Z</time>
        <extensions>
          <ns3:TrackPointExtension>
            <ns3:atemp>30.0</ns3:atemp>
            <ns3:hr>129</ns3:hr>
            <ns3:cad>63</ns3:cad>
          </ns3:TrackPointExtension>
        </extensions>
      </trkpt>
      <trkpt lat="48.1207138113677501678466796875" lon="-1.21171499602496623992919921875">
        <ele>103.40000152587890625</ele>
        <time>2026-09-24T16:18:44.000Z</time>
        <extensions>
          <ns3:TrackPointExtension>
            <ns3:atemp>30.0</ns3:atemp>
            <ns3:hr>128</ns3:hr>
            <ns3:cad>62</ns3:cad>
          </ns3:TrackPointExtension>
        </extensions>
      </trkpt>
      <trkpt lat="48.12073132954537868499755859375" lon="-1.21171181090176105499267578125">
        <ele>103.1999969482421875</ele>
        <time>2026-09-24T16:18:45.000Z</time>
        <extensions>
          <ns3:TrackPointExtension>
            <ns3:atemp>30.0</ns3:atemp>
            <ns3:hr>128</ns3:hr>
            <ns3:cad>62</ns3:cad>
          </ns3:TrackPointExtension>
        </extensions>
      </trkpt>
      <trkpt lat="48.1207501888275146484375" lon="-1.21170778758823871612548828125">
        <ele>103.1999969482421875</ele>
        <time>2026-09-24T16:18:46.000Z</time>
        <extensions>
          <ns3:TrackPointExtension>
            <ns3:atemp>30.0</ns3:atemp>
            <ns3:hr>128</ns3:hr>
            <ns3:cad>62</ns3:cad>
          </ns3:TrackPointExtension>
        </extensions>
      </trkpt>
      <trkpt lat="48.120763599872589111328125" lon="-1.21170694939792156219482421875">
        <ele>103.1999969482421875</ele>
        <time>2026-09-24T16:18:47.000Z</time>
        <extensions>
          <ns3:TrackPointExtension>
            <ns3:atemp>30.0</ns3:atemp>
            <ns3:hr>128</ns3:hr>
            <ns3:cad>62</ns3:cad>
          </ns3:TrackPointExtension>
        </extensions>
      </trkpt>
      <trkpt lat="48.1207788549363613128662109375" lon="-1.21170661412179470062255859375">
        <ele>103</ele>
        <time>2026-09-24T16:18:48.000Z</time>
        <extensions>
          <ns3:TrackPointExtension>
            <ns3:atemp>30.0</ns3:atemp>
            <ns3:hr>128</ns3:hr>
            <ns3:cad>62</ns3:cad>
          </ns3:TrackPointExtension>
        </extensions>
      </trkpt>
      <trkpt lat="48.12079268507659435272216796875" lon="-1.21170661412179470062255859375">
        <ele>102.8000030517578125</ele>
        <time>2026-09-24T16:18:49.000Z</time>
        <extensions>
          <ns3:TrackPointExtension>
            <ns3:atemp>30.0</ns3:atemp>
            <ns3:hr>127</ns3:hr>
            <ns3:cad>65</ns3:cad>
          </ns3:TrackPointExtension>
        </extensions>
      </trkpt>
      <trkpt lat="48.12080559320747852325439453125" lon="-1.2117065303027629852294921875">
        <ele>102.59999847412109375</ele>
        <time>2026-09-24T16:18:50.000Z</time>
        <extensions>
          <ns3:TrackPointExtension>
            <ns3:atemp>30.0</ns3:atemp>
            <ns3:hr>127</ns3:hr>
            <ns3:cad>66</ns3:cad>
          </ns3:TrackPointExtension>
        </extensions>
      </trkpt>
      <trkpt lat="48.1208190880715847015380859375" lon="-1.2117078714072704315185546875">
        <ele>102.1999969482421875</ele>
        <time>2026-09-24T16:18:51.000Z</time>
        <extensions>
          <ns3:TrackPointExtension>
            <ns3:atemp>30.0</ns3:atemp>
            <ns3:hr>127</ns3:hr>
            <ns3:cad>66</ns3:cad>
          </ns3:TrackPointExtension>
        </extensions>
      </trkpt>
      <trkpt lat="48.12083342112600803375244140625" lon="-1.21170938014984130859375">
        <ele>102.1999969482421875</ele>
        <time>2026-09-24T16:18:52.000Z</time>
        <extensions>
          <ns3:TrackPointExtension>
            <ns3:atemp>30.0</ns3:atemp>
            <ns3:hr>128</ns3:hr>
            <ns3:cad>66</ns3:cad>
          </ns3:TrackPointExtension>
        </extensions>
      </trkpt>
      <trkpt lat="48.120848424732685089111328125" lon="-1.21170870959758758544921875">
        <ele>102</ele>
        <time>2026-09-24T16:18:53.000Z</time>
        <extensions>
          <ns3:TrackPointExtension>
            <ns3:atemp>30.0</ns3:atemp>
            <ns3:hr>128</ns3:hr>
            <ns3:cad>66</ns3:cad>
          </ns3:TrackPointExtension>
        </extensions>
      </trkpt>
      <trkpt lat="48.12086812220513820648193359375" lon="-1.2117108888924121856689453125">
        <ele>102</ele>
        <time>2026-09-24T16:18:54.000Z</time>
        <extensions>
          <ns3:TrackPointExtension>
            <ns3:atemp>30.0</ns3:atemp>
            <ns3:hr>127</ns3:hr>
            <ns3:cad>66</ns3:cad>
          </ns3:TrackPointExtension>
        </extensions>
      </trkpt>
      <trkpt lat="48.1208868138492107391357421875" lon="-1.21171415783464908599853515625">
        <ele>101.8000030517578125</ele>
        <time>2026-09-24T16:18:55.000Z</time>
        <extensions>
          <ns3:TrackPointExtension>
            <ns3:atemp>30.0</ns3:atemp>
            <ns3:hr>127</ns3:hr>
            <ns3:cad>66</ns3:cad>
          </ns3:TrackPointExtension>
        </extensions>
      </trkpt>
      <trkpt lat="48.12090500257909297943115234375" lon="-1.2117159180343151092529296875">
        <ele>101.59999847412109375</ele>
        <time>2026-09-24T16:18:56.000Z</time>
        <extensions>
          <ns3:TrackPointExtension>
            <ns3:atemp>30.0</ns3:atemp>
            <ns3:hr>127</ns3:hr>
            <ns3:cad>66</ns3:cad>
          </ns3:TrackPointExtension>
        </extensions>
      </trkpt>
      <trkpt lat="48.12092260457575321197509765625" lon="-1.21172086335718631744384765625">
        <ele>101.59999847412109375</ele>
        <time>2026-09-24T16:18:57.000Z</time>
        <extensions>
          <ns3:TrackPointExtension>
            <ns3:atemp>30.0</ns3:atemp>
            <ns3:hr>127</ns3:hr>
            <ns3:cad>62</ns3:cad>
          </ns3:TrackPointExtension>
        </extensions>
      </trkpt>
      <trkpt lat="48.12094054184854030609130859375" lon="-1.21172371320426464080810546875">
        <ele>101.40000152587890625</ele>
        <time>2026-09-24T16:18:58.000Z</time>
        <extensions>
          <ns3:TrackPointExtension>
            <ns3:atemp>30.0</ns3:atemp>
            <ns3:hr>128</ns3:hr>
            <ns3:cad>62</ns3:cad>
          </ns3:TrackPointExtension>
        </extensions>
      </trkpt>
      <trkpt lat="48.1209545396268367767333984375" lon="-1.211727149784564971923828125">
        <ele>101.1999969482421875</ele>
        <time>2026-09-24T16:18:59.000Z</time>
        <extensions>
          <ns3:TrackPointExtension>
            <ns3:atemp>30.0</ns3:atemp>
            <ns3:hr>128</ns3:hr>
            <ns3:cad>62</ns3:cad>
          </ns3:TrackPointExtension>
        </extensions>
      </trkpt>
      <trkpt lat="48.120968453586101531982421875" lon="-1.21172924526035785675048828125">
        <ele>101</ele>
        <time>2026-09-24T16:19:00.000Z</time>
        <extensions>
          <ns3:TrackPointExtension>
            <ns3:atemp>30.0</ns3:atemp>
            <ns3:hr>128</ns3:hr>
            <ns3:cad>64</ns3:cad>
          </ns3:TrackPointExtension>
        </extensions>
      </trkpt>
      <trkpt lat="48.12098496593534946441650390625" lon="-1.21172656305134296417236328125">
        <ele>100.8000030517578125</ele>
        <time>2026-09-24T16:19:01.000Z</time>
        <extensions>
          <ns3:TrackPointExtension>
            <ns3:atemp>30.0</ns3:atemp>
            <ns3:hr>129</ns3:hr>
            <ns3:cad>64</ns3:cad>
          </ns3:TrackPointExtension>
        </extensions>
      </trkpt>
      <trkpt lat="48.1209994666278362274169921875" lon="-1.2117209471762180328369140625">
        <ele>100.8000030517578125</ele>
        <time>2026-09-24T16:19:02.000Z</time>
        <extensions>
          <ns3:TrackPointExtension>
            <ns3:atemp>30.0</ns3:atemp>
            <ns3:hr>129</ns3:hr>
            <ns3:cad>64</ns3:cad>
          </ns3:TrackPointExtension>
        </extensions>
      </trkpt>
      <trkpt lat="48.12101346440613269805908203125" lon="-1.21171616949141025543212890625">
        <ele>100.59999847412109375</ele>
        <time>2026-09-24T16:19:03.000Z</time>
        <extensions>
          <ns3:TrackPointExtension>
            <ns3:atemp>30.0</ns3:atemp>
            <ns3:hr>129</ns3:hr>
            <ns3:cad>64</ns3:cad>
          </ns3:TrackPointExtension>
        </extensions>
      </trkpt>
      <trkpt lat="48.12102737836539745330810546875" lon="-1.211711727082729339599609375">
        <ele>100.59999847412109375</ele>
        <time>2026-09-24T16:19:04.000Z</time>
        <extensions>
          <ns3:TrackPointExtension>
            <ns3:atemp>30.0</ns3:atemp>
            <ns3:hr>128</ns3:hr>
            <ns3:cad>64</ns3:cad>
          </ns3:TrackPointExtension>
        </extensions>
      </trkpt>
      <trkpt lat="48.12104078941047191619873046875" lon="-1.211706697940826416015625">
        <ele>100.59999847412109375</ele>
        <time>2026-09-24T16:19:05.000Z</time>
        <extensions>
          <ns3:TrackPointExtension>
            <ns3:atemp>30.0</ns3:atemp>
            <ns3:hr>129</ns3:hr>
            <ns3:cad>64</ns3:cad>
          </ns3:TrackPointExtension>
        </extensions>
      </trkpt>
      <trkpt lat="48.1210557930171489715576171875" lon="-1.211703009903430938720703125">
        <ele>100.40000152587890625</ele>
        <time>2026-09-24T16:19:06.000Z</time>
        <extensions>
          <ns3:TrackPointExtension>
            <ns3:atemp>30.0</ns3:atemp>
            <ns3:hr>130</ns3:hr>
            <ns3:cad>61</ns3:cad>
          </ns3:TrackPointExtension>
        </extensions>
      </trkpt>
      <trkpt lat="48.12106945551931858062744140625" lon="-1.211699657142162322998046875">
        <ele>100.40000152587890625</ele>
        <time>2026-09-24T16:19:07.000Z</time>
        <extensions>
          <ns3:TrackPointExtension>
            <ns3:atemp>30.0</ns3:atemp>
            <ns3:hr>130</ns3:hr>
            <ns3:cad>61</ns3:cad>
          </ns3:TrackPointExtension>
        </extensions>
      </trkpt>
      <trkpt lat="48.12108554877340793609619140625" lon="-1.2116958014667034149169921875">
        <ele>100.1999969482421875</ele>
        <time>2026-09-24T16:19:08.000Z</time>
        <extensions>
          <ns3:TrackPointExtension>
            <ns3:atemp>30.0</ns3:atemp>
            <ns3:hr>131</ns3:hr>
            <ns3:cad>61</ns3:cad>
          </ns3:TrackPointExtension>
        </extensions>
      </trkpt>
      <trkpt lat="48.12110449187457561492919921875" lon="-1.211690939962863922119140625">
        <ele>100.1999969482421875</ele>
        <time>2026-09-24T16:19:09.000Z</time>
        <extensions>
          <ns3:TrackPointExtension>
            <ns3:atemp>30.0</ns3:atemp>
            <ns3:hr>132</ns3:hr>
            <ns3:cad>63</ns3:cad>
          </ns3:TrackPointExtension>
        </extensions>
      </trkpt>
      <trkpt lat="48.12112192623317241668701171875" lon="-1.2116880901157855987548828125">
        <ele>100.1999969482421875</ele>
        <time>2026-09-24T16:19:10.000Z</time>
        <extensions>
          <ns3:TrackPointExtension>
            <ns3:atemp>30.0</ns3:atemp>
            <ns3:hr>132</ns3:hr>
            <ns3:cad>63</ns3:cad>
          </ns3:TrackPointExtension>
        </extensions>
      </trkpt>
      <trkpt lat="48.12113567255437374114990234375" lon="-1.21168683283030986785888671875">
        <ele>100</ele>
        <time>2026-09-24T16:19:11.000Z</time>
        <extensions>
          <ns3:TrackPointExtension>
            <ns3:atemp>30.0</ns3:atemp>
            <ns3:hr>132</ns3:hr>
            <ns3:cad>63</ns3:cad>
          </ns3:TrackPointExtension>
        </extensions>
      </trkpt>
      <trkpt lat="48.1211516819894313812255859375" lon="-1.2116830609738826751708984375">
        <ele>100</ele>
        <time>2026-09-24T16:19:12.000Z</time>
        <extensions>
          <ns3:TrackPointExtension>
            <ns3:atemp>30.0</ns3:atemp>
            <ns3:hr>132</ns3:hr>
            <ns3:cad>65</ns3:cad>
          </ns3:TrackPointExtension>
        </extensions>
      </trkpt>
      <trkpt lat="48.121168948709964752197265625" lon="-1.21168046258389949798583984375">
        <ele>100</ele>
        <time>2026-09-24T16:19:13.000Z</time>
        <extensions>
          <ns3:TrackPointExtension>
            <ns3:atemp>30.0</ns3:atemp>
            <ns3:hr>131</ns3:hr>
            <ns3:cad>65</ns3:cad>
          </ns3:TrackPointExtension>
        </extensions>
      </trkpt>
      <trkpt lat="48.12118210829794406890869140625" lon="-1.2116785347461700439453125">
        <ele>100</ele>
        <time>2026-09-24T16:19:14.000Z</time>
        <extensions>
          <ns3:TrackPointExtension>
            <ns3:atemp>30.0</ns3:atemp>
            <ns3:hr>131</ns3:hr>
            <ns3:cad>63</ns3:cad>
          </ns3:TrackPointExtension>
        </extensions>
      </trkpt>
      <trkpt lat="48.12119602225720882415771484375" lon="-1.21167526580393314361572265625">
        <ele>99.8000030517578125</ele>
        <time>2026-09-24T16:19:15.000Z</time>
        <extensions>
          <ns3:TrackPointExtension>
            <ns3:atemp>30.0</ns3:atemp>
            <ns3:hr>130</ns3:hr>
            <ns3:cad>62</ns3:cad>
          </ns3:TrackPointExtension>
        </extensions>
      </trkpt>
      <trkpt lat="48.12121010385453701019287109375" lon="-1.211672835052013397216796875">
        <ele>99.8000030517578125</ele>
        <time>2026-09-24T16:19:16.000Z</time>
        <extensions>
          <ns3:TrackPointExtension>
            <ns3:atemp>30.0</ns3:atemp>
            <ns3:hr>130</ns3:hr>
            <ns3:cad>62</ns3:cad>
          </ns3:TrackPointExtension>
        </extensions>
      </trkpt>
      <trkpt lat="48.12122351489961147308349609375" lon="-1.2116673029959201812744140625">
        <ele>99.8000030517578125</ele>
        <time>2026-09-24T16:19:17.000Z</time>
        <extensions>
          <ns3:TrackPointExtension>
            <ns3:atemp>30.0</ns3:atemp>
            <ns3:hr>130</ns3:hr>
            <ns3:cad>62</ns3:cad>
          </ns3:TrackPointExtension>
        </extensions>
      </trkpt>
      <trkpt lat="48.12123642303049564361572265625" lon="-1.21166135184466838836669921875">
        <ele>99.8000030517578125</ele>
        <time>2026-09-24T16:19:18.000Z</time>
        <extensions>
          <ns3:TrackPointExtension>
            <ns3:atemp>30.0</ns3:atemp>
            <ns3:hr>131</ns3:hr>
            <ns3:cad>62</ns3:cad>
          </ns3:TrackPointExtension>
        </extensions>
      </trkpt>
      <trkpt lat="48.12125100754201412200927734375" lon="-1.2116572447121143341064453125">
        <ele>99.8000030517578125</ele>
        <time>2026-09-24T16:19:19.000Z</time>
        <extensions>
          <ns3:TrackPointExtension>
            <ns3:atemp>30.0</ns3:atemp>
            <ns3:hr>131</ns3:hr>
            <ns3:cad>62</ns3:cad>
          </ns3:TrackPointExtension>
        </extensions>
      </trkpt>
      <trkpt lat="48.12126508913934230804443359375" lon="-1.211652718484401702880859375">
        <ele>99.8000030517578125</ele>
        <time>2026-09-24T16:19:20.000Z</time>
        <extensions>
          <ns3:TrackPointExtension>
            <ns3:atemp>30.0</ns3:atemp>
            <ns3:hr>130</ns3:hr>
            <ns3:cad>59</ns3:cad>
          </ns3:TrackPointExtension>
        </extensions>
      </trkpt>
      <trkpt lat="48.12128000892698764801025390625" lon="-1.2116481922566890716552734375">
        <ele>99.8000030517578125</ele>
        <time>2026-09-24T16:19:21.000Z</time>
        <extensions>
          <ns3:TrackPointExtension>
            <ns3:atemp>30.0</ns3:atemp>
            <ns3:hr>130</ns3:hr>
            <ns3:cad>59</ns3:cad>
          </ns3:TrackPointExtension>
        </extensions>
      </trkpt>
      <trkpt lat="48.1212931685149669647216796875" lon="-1.2116458453238010406494140625">
        <ele>99.59999847412109375</ele>
        <time>2026-09-24T16:19:22.000Z</time>
        <extensions>
          <ns3:TrackPointExtension>
            <ns3:atemp>30.0</ns3:atemp>
            <ns3:hr>130</ns3:hr>
            <ns3:cad>59</ns3:cad>
          </ns3:TrackPointExtension>
        </extensions>
      </trkpt>
      <trkpt lat="48.121305741369724273681640625" lon="-1.2116404809057712554931640625">
        <ele>99.59999847412109375</ele>
        <time>2026-09-24T16:19:23.000Z</time>
        <extensions>
          <ns3:TrackPointExtension>
            <ns3:atemp>31.0</ns3:atemp>
            <ns3:hr>129</ns3:hr>
            <ns3:cad>59</ns3:cad>
          </ns3:TrackPointExtension>
        </extensions>
      </trkpt>
      <trkpt lat="48.1213193200528621673583984375" lon="-1.2116381339728832244873046875">
        <ele>99.40000152587890625</ele>
        <time>2026-09-24T16:19:24.000Z</time>
        <extensions>
          <ns3:TrackPointExtension>
            <ns3:atemp>30.0</ns3:atemp>
            <ns3:hr>128</ns3:hr>
            <ns3:cad>59</ns3:cad>
          </ns3:TrackPointExtension>
        </extensions>
      </trkpt>
      <trkpt lat="48.1213317252695560455322265625" lon="-1.21163469739258289337158203125">
        <ele>99.40000152587890625</ele>
        <time>2026-09-24T16:19:25.000Z</time>
        <extensions>
          <ns3:TrackPointExtension>
            <ns3:atemp>30.0</ns3:atemp>
            <ns3:hr>128</ns3:hr>
            <ns3:cad>59</ns3:cad>
          </ns3:TrackPointExtension>
        </extensions>
      </trkpt>
      <trkpt lat="48.1213434599339962005615234375" lon="-1.211631260812282562255859375">
        <ele>99.1999969482421875</ele>
        <time>2026-09-24T16:19:26.000Z</time>
        <extensions>
          <ns3:TrackPointExtension>
            <ns3:atemp>30.0</ns3:atemp>
            <ns3:hr>128</ns3:hr>
            <ns3:cad>59</ns3:cad>
          </ns3:TrackPointExtension>
        </extensions>
      </trkpt>
      <trkpt lat="48.121353350579738616943359375" lon="-1.2116267345845699310302734375">
        <ele>99.1999969482421875</ele>
        <time>2026-09-24T16:19:27.000Z</time>
        <extensions>
          <ns3:TrackPointExtension>
            <ns3:atemp>30.0</ns3:atemp>
            <ns3:hr>128</ns3:hr>
            <ns3:cad>59</ns3:cad>
          </ns3:TrackPointExtension>
        </extensions>
      </trkpt>
      <trkpt lat="48.1213659234344959259033203125" lon="-1.21162061579525470733642578125">
        <ele>99.1999969482421875</ele>
        <time>2026-09-24T16:19:28.000Z</time>
        <extensions>
          <ns3:TrackPointExtension>
            <ns3:atemp>30.0</ns3:atemp>
            <ns3:hr>127</ns3:hr>
            <ns3:cad>59</ns3:cad>
          </ns3:TrackPointExtension>
        </extensions>
      </trkpt>
      <trkpt lat="48.12137891538441181182861328125" lon="-1.21161575429141521453857421875">
        <ele>99.1999969482421875</ele>
        <time>2026-09-24T16:19:29.000Z</time>
        <extensions>
          <ns3:TrackPointExtension>
            <ns3:atemp>30.0</ns3:atemp>
            <ns3:hr>127</ns3:hr>
            <ns3:cad>61</ns3:cad>
          </ns3:TrackPointExtension>
        </extensions>
      </trkpt>
      <trkpt lat="48.12139282934367656707763671875" lon="-1.21160888113081455230712890625">
        <ele>99.1999969482421875</ele>
        <time>2026-09-24T16:19:30.000Z</time>
        <extensions>
          <ns3:TrackPointExtension>
            <ns3:atemp>30.0</ns3:atemp>
            <ns3:hr>126</ns3:hr>
            <ns3:cad>61</ns3:cad>
          </ns3:TrackPointExtension>
        </extensions>
      </trkpt>
      <trkpt lat="48.12140104360878467559814453125" lon="-1.211601085960865020751953125">
        <ele>99.1999969482421875</ele>
        <time>2026-09-24T16:19:31.000Z</time>
        <extensions>
          <ns3:TrackPointExtension>
            <ns3:atemp>31.0</ns3:atemp>
            <ns3:hr>126</ns3:hr>
            <ns3:cad>61</ns3:cad>
          </ns3:TrackPointExtension>
        </extensions>
      </trkpt>
      <trkpt lat="48.12141227535903453826904296875" lon="-1.21159379370510578155517578125">
        <ele>99</ele>
        <time>2026-09-24T16:19:32.000Z</time>
        <extensions>
          <ns3:TrackPointExtension>
            <ns3:atemp>30.0</ns3:atemp>
            <ns3:hr>126</ns3:hr>
            <ns3:cad>61</ns3:cad>
          </ns3:TrackPointExtension>
        </extensions>
      </trkpt>
      <trkpt lat="48.1214225850999355316162109375" lon="-1.21158692054450511932373046875">
        <ele>99</ele>
        <time>2026-09-24T16:19:33.000Z</time>
        <extensions>
          <ns3:TrackPointExtension>
            <ns3:atemp>30.0</ns3:atemp>
            <ns3:hr>126</ns3:hr>
            <ns3:cad>61</ns3:cad>
          </ns3:TrackPointExtension>
        </extensions>
      </trkpt>
      <trkpt lat="48.1214336492121219635009765625" lon="-1.2115787900984287261962890625">
        <ele>98.8000030517578125</ele>
        <time>2026-09-24T16:19:34.000Z</time>
        <extensions>
          <ns3:TrackPointExtension>
            <ns3:atemp>30.0</ns3:atemp>
            <ns3:hr>126</ns3:hr>
            <ns3:cad>60</ns3:cad>
          </ns3:TrackPointExtension>
        </extensions>
      </trkpt>
      <trkpt lat="48.12144429422914981842041015625" lon="-1.2115724198520183563232421875">
        <ele>98.8000030517578125</ele>
        <time>2026-09-24T16:19:35.000Z</time>
        <extensions>
          <ns3:TrackPointExtension>
            <ns3:atemp>30.0</ns3:atemp>
            <ns3:hr>126</ns3:hr>
            <ns3:cad>60</ns3:cad>
          </ns3:TrackPointExtension>
        </extensions>
      </trkpt>
      <trkpt lat="48.12145602889358997344970703125" lon="-1.2115623615682125091552734375">
        <ele>98.59999847412109375</ele>
        <time>2026-09-24T16:19:36.000Z</time>
        <extensions>
          <ns3:TrackPointExtension>
            <ns3:atemp>30.0</ns3:atemp>
            <ns3:hr>127</ns3:hr>
            <ns3:cad>60</ns3:cad>
          </ns3:TrackPointExtension>
        </extensions>
      </trkpt>
      <trkpt lat="48.12146742828190326690673828125" lon="-1.21155641041696071624755859375">
        <ele>98.59999847412109375</ele>
        <time>2026-09-24T16:19:37.000Z</time>
        <extensions>
          <ns3:TrackPointExtension>
            <ns3:atemp>30.0</ns3:atemp>
            <ns3:hr>127</ns3:hr>
            <ns3:cad>61</ns3:cad>
          </ns3:TrackPointExtension>
        </extensions>
      </trkpt>
      <trkpt lat="48.1214768998324871063232421875" lon="-1.2115519680082798004150390625">
        <ele>98.59999847412109375</ele>
        <time>2026-09-24T16:19:38.000Z</time>
        <extensions>
          <ns3:TrackPointExtension>
            <ns3:atemp>30.0</ns3:atemp>
            <ns3:hr>127</ns3:hr>
            <ns3:cad>61</ns3:cad>
          </ns3:TrackPointExtension>
        </extensions>
      </trkpt>
      <trkpt lat="48.1214903108775615692138671875" lon="-1.21154643595218658447265625">
        <ele>98.59999847412109375</ele>
        <time>2026-09-24T16:19:39.000Z</time>
        <extensions>
          <ns3:TrackPointExtension>
            <ns3:atemp>30.0</ns3:atemp>
            <ns3:hr>127</ns3:hr>
            <ns3:cad>61</ns3:cad>
          </ns3:TrackPointExtension>
        </extensions>
      </trkpt>
      <trkpt lat="48.121506236493587493896484375" lon="-1.21154098771512508392333984375">
        <ele>98.59999847412109375</ele>
        <time>2026-09-24T16:19:40.000Z</time>
        <extensions>
          <ns3:TrackPointExtension>
            <ns3:atemp>30.0</ns3:atemp>
            <ns3:hr>127</ns3:hr>
            <ns3:cad>61</ns3:cad>
          </ns3:TrackPointExtension>
        </extensions>
      </trkpt>
      <trkpt lat="48.12151989899575710296630859375" lon="-1.21153729967772960662841796875">
        <ele>98.40000152587890625</ele>
        <time>2026-09-24T16:19:41.000Z</time>
        <extensions>
          <ns3:TrackPointExtension>
            <ns3:atemp>30.0</ns3:atemp>
            <ns3:hr>127</ns3:hr>
            <ns3:cad>61</ns3:cad>
          </ns3:TrackPointExtension>
        </extensions>
      </trkpt>
      <trkpt lat="48.1215372495353221893310546875" lon="-1.21153260581195354461669921875">
        <ele>98.40000152587890625</ele>
        <time>2026-09-24T16:19:42.000Z</time>
        <extensions>
          <ns3:TrackPointExtension>
            <ns3:atemp>30.0</ns3:atemp>
            <ns3:hr>128</ns3:hr>
            <ns3:cad>61</ns3:cad>
          </ns3:TrackPointExtension>
        </extensions>
      </trkpt>
      <trkpt lat="48.12155778519809246063232421875" lon="-1.21152606792747974395751953125">
        <ele>98.40000152587890625</ele>
        <time>2026-09-24T16:19:43.000Z</time>
        <extensions>
          <ns3:TrackPointExtension>
            <ns3:atemp>30.0</ns3:atemp>
            <ns3:hr>129</ns3:hr>
            <ns3:cad>62</ns3:cad>
          </ns3:TrackPointExtension>
        </extensions>
      </trkpt>
      <trkpt lat="48.12157672829926013946533203125" lon="-1.21152170933783054351806640625">
        <ele>98.40000152587890625</ele>
        <time>2026-09-24T16:19:44.000Z</time>
        <extensions>
          <ns3:TrackPointExtension>
            <ns3:atemp>30.0</ns3:atemp>
            <ns3:hr>129</ns3:hr>
            <ns3:cad>62</ns3:cad>
          </ns3:TrackPointExtension>
        </extensions>
      </trkpt>
      <trkpt lat="48.12159349210560321807861328125" lon="-1.21151701547205448150634765625">
        <ele>98.1999969482421875</ele>
        <time>2026-09-24T16:19:45.000Z</time>
        <extensions>
          <ns3:TrackPointExtension>
            <ns3:atemp>30.0</ns3:atemp>
            <ns3:hr>129</ns3:hr>
            <ns3:cad>64</ns3:cad>
          </ns3:TrackPointExtension>
        </extensions>
      </trkpt>
      <trkpt lat="48.1216093339025974273681640625" lon="-1.211513243615627288818359375">
        <ele>98.1999969482421875</ele>
        <time>2026-09-24T16:19:46.000Z</time>
        <extensions>
          <ns3:TrackPointExtension>
            <ns3:atemp>30.0</ns3:atemp>
            <ns3:hr>128</ns3:hr>
            <ns3:cad>64</ns3:cad>
          </ns3:TrackPointExtension>
        </extensions>
      </trkpt>
      <trkpt lat="48.12162953428924083709716796875" lon="-1.2115093879401683807373046875">
        <ele>98</ele>
        <time>2026-09-24T16:19:47.000Z</time>
        <extensions>
          <ns3:TrackPointExtension>
            <ns3:atemp>31.0</ns3:atemp>
            <ns3:hr>127</ns3:hr>
            <ns3:cad>64</ns3:cad>
          </ns3:TrackPointExtension>
        </extensions>
      </trkpt>
      <trkpt lat="48.121642358601093292236328125" lon="-1.2115097232162952423095703125">
        <ele>97.8000030517578125</ele>
        <time>2026-09-24T16:19:48.000Z</time>
        <extensions>
          <ns3:TrackPointExtension>
            <ns3:atemp>30.0</ns3:atemp>
            <ns3:hr>127</ns3:hr>
            <ns3:cad>63</ns3:cad>
          </ns3:TrackPointExtension>
        </extensions>
      </trkpt>
      <trkpt lat="48.121656440198421478271484375" lon="-1.21150896884500980377197265625">
        <ele>97.8000030517578125</ele>
        <time>2026-09-24T16:19:49.000Z</time>
        <extensions>
          <ns3:TrackPointExtension>
            <ns3:atemp>30.0</ns3:atemp>
            <ns3:hr>127</ns3:hr>
            <ns3:cad>63</ns3:cad>
          </ns3:TrackPointExtension>
        </extensions>
      </trkpt>
      <trkpt lat="48.1216728687286376953125" lon="-1.211509220302104949951171875">
        <ele>97.59999847412109375</ele>
        <time>2026-09-24T16:19:50.000Z</time>
        <extensions>
          <ns3:TrackPointExtension>
            <ns3:atemp>30.0</ns3:atemp>
            <ns3:hr>127</ns3:hr>
            <ns3:cad>62</ns3:cad>
          </ns3:TrackPointExtension>
        </extensions>
      </trkpt>
      <trkpt lat="48.12168695032596588134765625" lon="-1.21150779537856578826904296875">
        <ele>97.40000152587890625</ele>
        <time>2026-09-24T16:19:51.000Z</time>
        <extensions>
          <ns3:TrackPointExtension>
            <ns3:atemp>30.0</ns3:atemp>
            <ns3:hr>127</ns3:hr>
            <ns3:cad>61</ns3:cad>
          </ns3:TrackPointExtension>
        </extensions>
      </trkpt>
      <trkpt lat="48.1217038817703723907470703125" lon="-1.21150779537856578826904296875">
        <ele>97.40000152587890625</ele>
        <time>2026-09-24T16:19:52.000Z</time>
        <extensions>
          <ns3:TrackPointExtension>
            <ns3:atemp>30.0</ns3:atemp>
            <ns3:hr>126</ns3:hr>
            <ns3:cad>61</ns3:cad>
          </ns3:TrackPointExtension>
        </extensions>
      </trkpt>
      <trkpt lat="48.121718466281890869140625" lon="-1.2115103937685489654541015625">
        <ele>97.40000152587890625</ele>
        <time>2026-09-24T16:19:53.000Z</time>
        <extensions>
          <ns3:TrackPointExtension>
            <ns3:atemp>30.0</ns3:atemp>
            <ns3:hr>126</ns3:hr>
            <ns3:cad>61</ns3:cad>
          </ns3:TrackPointExtension>
        </extensions>
      </trkpt>
      <trkpt lat="48.12173380516469478607177734375" lon="-1.21151550672948360443115234375">
        <ele>97.1999969482421875</ele>
        <time>2026-09-24T16:19:54.000Z</time>
        <extensions>
          <ns3:TrackPointExtension>
            <ns3:atemp>30.0</ns3:atemp>
            <ns3:hr>126</ns3:hr>
            <ns3:cad>61</ns3:cad>
          </ns3:TrackPointExtension>
        </extensions>
      </trkpt>
      <trkpt lat="48.12175107188522815704345703125" lon="-1.211519278585910797119140625">
        <ele>97.1999969482421875</ele>
        <time>2026-09-24T16:19:55.000Z</time>
        <extensions>
          <ns3:TrackPointExtension>
            <ns3:atemp>30.0</ns3:atemp>
            <ns3:hr>126</ns3:hr>
            <ns3:cad>61</ns3:cad>
          </ns3:TrackPointExtension>
        </extensions>
      </trkpt>
      <trkpt lat="48.1217706017196178436279296875" lon="-1.21151936240494251251220703125">
        <ele>97.1999969482421875</ele>
        <time>2026-09-24T16:19:56.000Z</time>
        <extensions>
          <ns3:TrackPointExtension>
            <ns3:atemp>30.0</ns3:atemp>
            <ns3:hr>126</ns3:hr>
            <ns3:cad>61</ns3:cad>
          </ns3:TrackPointExtension>
        </extensions>
      </trkpt>
      <trkpt lat="48.12178895808756351470947265625" lon="-1.21152053587138652801513671875">
        <ele>97</ele>
        <time>2026-09-24T16:19:57.000Z</time>
        <extensions>
          <ns3:TrackPointExtension>
            <ns3:atemp>30.0</ns3:atemp>
            <ns3:hr>126</ns3:hr>
            <ns3:cad>62</ns3:cad>
          </ns3:TrackPointExtension>
        </extensions>
      </trkpt>
      <trkpt lat="48.12180454842746257781982421875" lon="-1.211521625518798828125">
        <ele>96.8000030517578125</ele>
        <time>2026-09-24T16:19:58.000Z</time>
        <extensions>
          <ns3:TrackPointExtension>
            <ns3:atemp>31.0</ns3:atemp>
            <ns3:hr>126</ns3:hr>
            <ns3:cad>62</ns3:cad>
          </ns3:TrackPointExtension>
        </extensions>
      </trkpt>
      <trkpt lat="48.1218190491199493408203125" lon="-1.2115217931568622589111328125">
        <ele>96.8000030517578125</ele>
        <time>2026-09-24T16:19:59.000Z</time>
        <extensions>
          <ns3:TrackPointExtension>
            <ns3:atemp>30.0</ns3:atemp>
            <ns3:hr>126</ns3:hr>
            <ns3:cad>62</ns3:cad>
          </ns3:TrackPointExtension>
        </extensions>
      </trkpt>
      <trkpt lat="48.1218319572508335113525390625" lon="-1.211520619690418243408203125">
        <ele>96.8000030517578125</ele>
        <time>2026-09-24T16:20:00.000Z</time>
        <extensions>
          <ns3:TrackPointExtension>
            <ns3:atemp>31.0</ns3:atemp>
            <ns3:hr>126</ns3:hr>
            <ns3:cad>62</ns3:cad>
          </ns3:TrackPointExtension>
        </extensions>
      </trkpt>
      <trkpt lat="48.121844865381717681884765625" lon="-1.21151986531913280487060546875">
        <ele>96.59999847412109375</ele>
        <time>2026-09-24T16:20:01.000Z</time>
        <extensions>
          <ns3:TrackPointExtension>
            <ns3:atemp>30.0</ns3:atemp>
            <ns3:hr>126</ns3:hr>
            <ns3:cad>64</ns3:cad>
          </ns3:TrackPointExtension>
        </extensions>
      </trkpt>
      <trkpt lat="48.121860288083553314208984375" lon="-1.211518943309783935546875">
        <ele>96.40000152587890625</ele>
        <time>2026-09-24T16:20:02.000Z</time>
        <extensions>
          <ns3:TrackPointExtension>
            <ns3:atemp>30.0</ns3:atemp>
            <ns3:hr>126</ns3:hr>
            <ns3:cad>64</ns3:cad>
          </ns3:TrackPointExtension>
        </extensions>
      </trkpt>
      <trkpt lat="48.12187713570892810821533203125" lon="-1.211517937481403350830078125">
        <ele>96.1999969482421875</ele>
        <time>2026-09-24T16:20:03.000Z</time>
        <extensions>
          <ns3:TrackPointExtension>
            <ns3:atemp>30.0</ns3:atemp>
            <ns3:hr>126</ns3:hr>
            <ns3:cad>64</ns3:cad>
          </ns3:TrackPointExtension>
        </extensions>
      </trkpt>
      <trkpt lat="48.12189138494431972503662109375" lon="-1.2115157581865787506103515625">
        <ele>96.1999969482421875</ele>
        <time>2026-09-24T16:20:04.000Z</time>
        <extensions>
          <ns3:TrackPointExtension>
            <ns3:atemp>30.0</ns3:atemp>
            <ns3:hr>126</ns3:hr>
            <ns3:cad>64</ns3:cad>
          </ns3:TrackPointExtension>
        </extensions>
      </trkpt>
      <trkpt lat="48.12190630473196506500244140625" lon="-1.21150888502597808837890625">
        <ele>96</ele>
        <time>2026-09-24T16:20:05.000Z</time>
        <extensions>
          <ns3:TrackPointExtension>
            <ns3:atemp>30.0</ns3:atemp>
            <ns3:hr>126</ns3:hr>
            <ns3:cad>64</ns3:cad>
          </ns3:TrackPointExtension>
        </extensions>
      </trkpt>
      <trkpt lat="48.1219218112528324127197265625" lon="-1.21150058694183826446533203125">
        <ele>96</ele>
        <time>2026-09-24T16:20:06.000Z</time>
        <extensions>
          <ns3:TrackPointExtension>
            <ns3:atemp>31.0</ns3:atemp>
            <ns3:hr>126</ns3:hr>
            <ns3:cad>64</ns3:cad>
          </ns3:TrackPointExtension>
        </extensions>
      </trkpt>
      <trkpt lat="48.12193446792662143707275390625" lon="-1.21149371378123760223388671875">
        <ele>96.1999969482421875</ele>
        <time>2026-09-24T16:20:07.000Z</time>
        <extensions>
          <ns3:TrackPointExtension>
            <ns3:atemp>30.0</ns3:atemp>
            <ns3:hr>126</ns3:hr>
            <ns3:cad>64</ns3:cad>
          </ns3:TrackPointExtension>
        </extensions>
      </trkpt>
      <trkpt lat="48.12195005826652050018310546875" lon="-1.21148851700127124786376953125">
        <ele>96</ele>
        <time>2026-09-24T16:20:08.000Z</time>
        <extensions>
          <ns3:TrackPointExtension>
            <ns3:atemp>31.0</ns3:atemp>
            <ns3:hr>126</ns3:hr>
            <ns3:cad>64</ns3:cad>
          </ns3:TrackPointExtension>
        </extensions>
      </trkpt>
      <trkpt lat="48.1219665706157684326171875" lon="-1.2114827334880828857421875">
        <ele>96</ele>
        <time>2026-09-24T16:20:09.000Z</time>
        <extensions>
          <ns3:TrackPointExtension>
            <ns3:atemp>30.0</ns3:atemp>
            <ns3:hr>126</ns3:hr>
            <ns3:cad>64</ns3:cad>
          </ns3:TrackPointExtension>
        </extensions>
      </trkpt>
      <trkpt lat="48.12198065221309661865234375" lon="-1.21147745288908481597900390625">
        <ele>95.8000030517578125</ele>
        <time>2026-09-24T16:20:10.000Z</time>
        <extensions>
          <ns3:TrackPointExtension>
            <ns3:atemp>30.0</ns3:atemp>
            <ns3:hr>126</ns3:hr>
            <ns3:cad>64</ns3:cad>
          </ns3:TrackPointExtension>
        </extensions>
      </trkpt>
      <trkpt lat="48.121996410191059112548828125" lon="-1.2114746868610382080078125">
        <ele>95.40000152587890625</ele>
        <time>2026-09-24T16:20:11.000Z</time>
        <extensions>
          <ns3:TrackPointExtension>
            <ns3:atemp>31.0</ns3:atemp>
            <ns3:hr>126</ns3:hr>
            <ns3:cad>64</ns3:cad>
          </ns3:TrackPointExtension>
        </extensions>
      </trkpt>
      <trkpt lat="48.12201141379773616790771484375" lon="-1.21147401630878448486328125">
        <ele>95.1999969482421875</ele>
        <time>2026-09-24T16:20:12.000Z</time>
        <extensions>
          <ns3:TrackPointExtension>
            <ns3:atemp>30.0</ns3:atemp>
            <ns3:hr>126</ns3:hr>
            <ns3:cad>64</ns3:cad>
          </ns3:TrackPointExtension>
        </extensions>
      </trkpt>
      <trkpt lat="48.12202566303312778472900390625" lon="-1.211470998823642730712890625">
        <ele>95.1999969482421875</ele>
        <time>2026-09-24T16:20:13.000Z</time>
        <extensions>
          <ns3:TrackPointExtension>
            <ns3:atemp>30.0</ns3:atemp>
            <ns3:hr>126</ns3:hr>
            <ns3:cad>64</ns3:cad>
          </ns3:TrackPointExtension>
        </extensions>
      </trkpt>
      <trkpt lat="48.12204175628721714019775390625" lon="-1.21146521531045436859130859375">
        <ele>95</ele>
        <time>2026-09-24T16:20:14.000Z</time>
        <extensions>
          <ns3:TrackPointExtension>
            <ns3:atemp>32.0</ns3:atemp>
            <ns3:hr>126</ns3:hr>
            <ns3:cad>64</ns3:cad>
          </ns3:TrackPointExtension>
        </extensions>
      </trkpt>
      <trkpt lat="48.1220589391887187957763671875" lon="-1.21146219782531261444091796875">
        <ele>95</ele>
        <time>2026-09-24T16:20:15.000Z</time>
        <extensions>
          <ns3:TrackPointExtension>
            <ns3:atemp>31.0</ns3:atemp>
            <ns3:hr>126</ns3:hr>
            <ns3:cad>64</ns3:cad>
          </ns3:TrackPointExtension>
        </extensions>
      </trkpt>
      <trkpt lat="48.12207243405282497406005859375" lon="-1.21145750395953655242919921875">
        <ele>94.8000030517578125</ele>
        <time>2026-09-24T16:20:16.000Z</time>
        <extensions>
          <ns3:TrackPointExtension>
            <ns3:atemp>30.0</ns3:atemp>
            <ns3:hr>125</ns3:hr>
            <ns3:cad>64</ns3:cad>
          </ns3:TrackPointExtension>
        </extensions>
      </trkpt>
      <trkpt lat="48.12208718620240688323974609375" lon="-1.21145314536988735198974609375">
        <ele>94.8000030517578125</ele>
        <time>2026-09-24T16:20:17.000Z</time>
        <extensions>
          <ns3:TrackPointExtension>
            <ns3:atemp>30.0</ns3:atemp>
            <ns3:hr>125</ns3:hr>
            <ns3:cad>64</ns3:cad>
          </ns3:TrackPointExtension>
        </extensions>
      </trkpt>
      <trkpt lat="48.122106380760669708251953125" lon="-1.21144744567573070526123046875">
        <ele>94.59999847412109375</ele>
        <time>2026-09-24T16:20:18.000Z</time>
        <extensions>
          <ns3:TrackPointExtension>
            <ns3:atemp>30.0</ns3:atemp>
            <ns3:hr>126</ns3:hr>
            <ns3:cad>64</ns3:cad>
          </ns3:TrackPointExtension>
        </extensions>
      </trkpt>
      <trkpt lat="48.12212071381509304046630859375" lon="-1.21144727803766727447509765625">
        <ele>94.59999847412109375</ele>
        <time>2026-09-24T16:20:19.000Z</time>
        <extensions>
          <ns3:TrackPointExtension>
            <ns3:atemp>30.0</ns3:atemp>
            <ns3:hr>125</ns3:hr>
            <ns3:cad>64</ns3:cad>
          </ns3:TrackPointExtension>
        </extensions>
      </trkpt>
      <trkpt lat="48.1221350468695163726806640625" lon="-1.21144727803766727447509765625">
        <ele>94.40000152587890625</ele>
        <time>2026-09-24T16:20:20.000Z</time>
        <extensions>
          <ns3:TrackPointExtension>
            <ns3:atemp>30.0</ns3:atemp>
            <ns3:hr>125</ns3:hr>
            <ns3:cad>64</ns3:cad>
          </ns3:TrackPointExtension>
        </extensions>
      </trkpt>
      <trkpt lat="48.12215155921876430511474609375" lon="-1.21144853532314300537109375">
        <ele>94.40000152587890625</ele>
        <time>2026-09-24T16:20:21.000Z</time>
        <extensions>
          <ns3:TrackPointExtension>
            <ns3:atemp>30.0</ns3:atemp>
            <ns3:hr>124</ns3:hr>
            <ns3:cad>62</ns3:cad>
          </ns3:TrackPointExtension>
        </extensions>
      </trkpt>
      <trkpt lat="48.12216170132160186767578125" lon="-1.21145130135118961334228515625">
        <ele>94.1999969482421875</ele>
        <time>2026-09-24T16:20:22.000Z</time>
        <extensions>
          <ns3:TrackPointExtension>
            <ns3:atemp>30.0</ns3:atemp>
            <ns3:hr>124</ns3:hr>
            <ns3:cad>62</ns3:cad>
          </ns3:TrackPointExtension>
        </extensions>
      </trkpt>
      <trkpt lat="48.122167401015758514404296875" lon="-1.21145834214985370635986328125">
        <ele>94.1999969482421875</ele>
        <time>2026-09-24T16:20:23.000Z</time>
        <extensions>
          <ns3:TrackPointExtension>
            <ns3:atemp>30.0</ns3:atemp>
            <ns3:hr>124</ns3:hr>
            <ns3:cad>62</ns3:cad>
          </ns3:TrackPointExtension>
        </extensions>
      </trkpt>
      <trkpt lat="48.122172765433788299560546875" lon="-1.211459934711456298828125">
        <ele>94</ele>
        <time>2026-09-24T16:20:24.000Z</time>
        <extensions>
          <ns3:TrackPointExtension>
            <ns3:atemp>30.0</ns3:atemp>
            <ns3:hr>124</ns3:hr>
            <ns3:cad>62</ns3:cad>
          </ns3:TrackPointExtension>
        </extensions>
      </trkpt>
      <trkpt lat="48.122174106538295745849609375" lon="-1.211465299129486083984375">
        <ele>94</ele>
        <time>2026-09-24T16:20:25.000Z</time>
        <extensions>
          <ns3:TrackPointExtension>
            <ns3:atemp>30.0</ns3:atemp>
            <ns3:hr>125</ns3:hr>
            <ns3:cad>0</ns3:cad>
          </ns3:TrackPointExtension>
        </extensions>
      </trkpt>
      <trkpt lat="48.12217502854764461517333984375" lon="-1.2114678137004375457763671875">
        <ele>94</ele>
        <time>2026-09-24T16:20:26.000Z</time>
        <extensions>
          <ns3:TrackPointExtension>
            <ns3:atemp>30.0</ns3:atemp>
            <ns3:hr>127</ns3:hr>
            <ns3:cad>0</ns3:cad>
          </ns3:TrackPointExtension>
        </extensions>
      </trkpt>
      <trkpt lat="48.122171424329280853271484375" lon="-1.2114698253571987152099609375">
        <ele>94</ele>
        <time>2026-09-24T16:20:27.000Z</time>
        <extensions>
          <ns3:TrackPointExtension>
            <ns3:atemp>30.0</ns3:atemp>
            <ns3:hr>128</ns3:hr>
            <ns3:cad>0</ns3:cad>
          </ns3:TrackPointExtension>
        </extensions>
      </trkpt>
      <trkpt lat="48.12216974794864654541015625" lon="-1.21147133409976959228515625">
        <ele>94.1999969482421875</ele>
        <time>2026-09-24T16:20:28.000Z</time>
        <extensions>
          <ns3:TrackPointExtension>
            <ns3:atemp>30.0</ns3:atemp>
            <ns3:hr>128</ns3:hr>
            <ns3:cad>0</ns3:cad>
          </ns3:TrackPointExtension>
        </extensions>
      </trkpt>
      <trkpt lat="48.122169412672519683837890625" lon="-1.21147577650845050811767578125">
        <ele>94.1999969482421875</ele>
        <time>2026-09-24T16:20:29.000Z</time>
        <extensions>
          <ns3:TrackPointExtension>
            <ns3:atemp>30.0</ns3:atemp>
            <ns3:hr>128</ns3:hr>
            <ns3:cad>0</ns3:cad>
          </ns3:TrackPointExtension>
        </extensions>
      </trkpt>
      <trkpt lat="48.122169412672519683837890625" lon="-1.2114792130887508392333984375">
        <ele>94.1999969482421875</ele>
        <time>2026-09-24T16:20:30.000Z</time>
        <extensions>
          <ns3:TrackPointExtension>
            <ns3:atemp>30.0</ns3:atemp>
            <ns3:hr>128</ns3:hr>
            <ns3:cad>0</ns3:cad>
          </ns3:TrackPointExtension>
        </extensions>
      </trkpt>
      <trkpt lat="48.1221695803105831146240234375" lon="-1.21148114092648029327392578125">
        <ele>94.1999969482421875</ele>
        <time>2026-09-24T16:20:31.000Z</time>
        <extensions>
          <ns3:TrackPointExtension>
            <ns3:atemp>30.0</ns3:atemp>
            <ns3:hr>128</ns3:hr>
            <ns3:cad>0</ns3:cad>
          </ns3:TrackPointExtension>
        </extensions>
      </trkpt>
      <trkpt lat="48.12217100523412227630615234375" lon="-1.21148415841162204742431640625">
        <ele>94.1999969482421875</ele>
        <time>2026-09-24T16:20:32.000Z</time>
        <extensions>
          <ns3:TrackPointExtension>
            <ns3:atemp>31.0</ns3:atemp>
            <ns3:hr>127</ns3:hr>
            <ns3:cad>0</ns3:cad>
          </ns3:TrackPointExtension>
        </extensions>
      </trkpt>
      <trkpt lat="48.12217066995799541473388671875" lon="-1.2114854156970977783203125">
        <ele>94.1999969482421875</ele>
        <time>2026-09-24T16:20:33.000Z</time>
        <extensions>
          <ns3:TrackPointExtension>
            <ns3:atemp>30.0</ns3:atemp>
            <ns3:hr>127</ns3:hr>
            <ns3:cad>0</ns3:cad>
          </ns3:TrackPointExtension>
        </extensions>
      </trkpt>
      <trkpt lat="48.12216932885348796844482421875" lon="-1.211481057107448577880859375">
        <ele>94.1999969482421875</ele>
        <time>2026-09-24T16:20:34.000Z</time>
        <extensions>
          <ns3:TrackPointExtension>
            <ns3:atemp>31.0</ns3:atemp>
            <ns3:hr>129</ns3:hr>
            <ns3:cad>0</ns3:cad>
          </ns3:TrackPointExtension>
        </extensions>
      </trkpt>
      <trkpt lat="48.1221695803105831146240234375" lon="-1.21148348785936832427978515625">
        <ele>94.1999969482421875</ele>
        <time>2026-09-24T16:20:35.000Z</time>
        <extensions>
          <ns3:TrackPointExtension>
            <ns3:atemp>31.0</ns3:atemp>
            <ns3:hr>130</ns3:hr>
            <ns3:cad>0</ns3:cad>
          </ns3:TrackPointExtension>
        </extensions>
      </trkpt>
      <trkpt lat="48.12217050231993198394775390625" lon="-1.21148407459259033203125">
        <ele>94.1999969482421875</ele>
        <time>2026-09-24T16:20:36.000Z</time>
        <extensions>
          <ns3:TrackPointExtension>
            <ns3:atemp>31.0</ns3:atemp>
            <ns3:hr>130</ns3:hr>
            <ns3:cad>0</ns3:cad>
          </ns3:TrackPointExtension>
        </extensions>
      </trkpt>
      <trkpt lat="48.12217066995799541473388671875" lon="-1.21148415841162204742431640625">
        <ele>94.1999969482421875</ele>
        <time>2026-09-24T16:20:37.000Z</time>
        <extensions>
          <ns3:TrackPointExtension>
            <ns3:atemp>30.0</ns3:atemp>
            <ns3:hr>130</ns3:hr>
            <ns3:cad>0</ns3:cad>
          </ns3:TrackPointExtension>
        </extensions>
      </trkpt>
      <trkpt lat="48.12217066995799541473388671875" lon="-1.21148415841162204742431640625">
        <ele>94</ele>
        <time>2026-09-24T16:20:38.000Z</time>
        <extensions>
          <ns3:TrackPointExtension>
            <ns3:atemp>30.0</ns3:atemp>
            <ns3:hr>129</ns3:hr>
            <ns3:cad>0</ns3:cad>
          </ns3:TrackPointExtension>
        </extensions>
      </trkpt>
      <trkpt lat="48.12217066995799541473388671875" lon="-1.21148415841162204742431640625">
        <ele>94.1999969482421875</ele>
        <time>2026-09-24T16:20:39.000Z</time>
        <extensions>
          <ns3:TrackPointExtension>
            <ns3:atemp>31.0</ns3:atemp>
            <ns3:hr>130</ns3:hr>
            <ns3:cad>0</ns3:cad>
          </ns3:TrackPointExtension>
        </extensions>
      </trkpt>
      <trkpt lat="48.12217066995799541473388671875" lon="-1.21148415841162204742431640625">
        <ele>94.1999969482421875</ele>
        <time>2026-09-24T16:20:40.000Z</time>
        <extensions>
          <ns3:TrackPointExtension>
            <ns3:atemp>31.0</ns3:atemp>
            <ns3:hr>131</ns3:hr>
            <ns3:cad>0</ns3:cad>
          </ns3:TrackPointExtension>
        </extensions>
      </trkpt>
      <trkpt lat="48.12217066995799541473388671875" lon="-1.21148415841162204742431640625">
        <ele>94.1999969482421875</ele>
        <time>2026-09-24T16:20:41.000Z</time>
        <extensions>
          <ns3:TrackPointExtension>
            <ns3:atemp>30.0</ns3:atemp>
            <ns3:hr>130</ns3:hr>
            <ns3:cad>0</ns3:cad>
          </ns3:TrackPointExtension>
        </extensions>
      </trkpt>
      <trkpt lat="48.12217108905315399169921875" lon="-1.21148482896387577056884765625">
        <ele>94.1999969482421875</ele>
        <time>2026-09-24T16:20:42.000Z</time>
        <extensions>
          <ns3:TrackPointExtension>
            <ns3:atemp>30.0</ns3:atemp>
            <ns3:hr>129</ns3:hr>
            <ns3:cad>0</ns3:cad>
          </ns3:TrackPointExtension>
        </extensions>
      </trkpt>
      <trkpt lat="48.12217569909989833831787109375" lon="-1.211495138704776763916015625">
        <ele>94</ele>
        <time>2026-09-24T16:20:43.000Z</time>
        <extensions>
          <ns3:TrackPointExtension>
            <ns3:atemp>31.0</ns3:atemp>
            <ns3:hr>127</ns3:hr>
            <ns3:cad>0</ns3:cad>
          </ns3:TrackPointExtension>
        </extensions>
      </trkpt>
      <trkpt lat="48.12217335216701030731201171875" lon="-1.21149413287639617919921875">
        <ele>94</ele>
        <time>2026-09-24T16:20:44.000Z</time>
        <extensions>
          <ns3:TrackPointExtension>
            <ns3:atemp>31.0</ns3:atemp>
            <ns3:hr>126</ns3:hr>
            <ns3:cad>0</ns3:cad>
          </ns3:TrackPointExtension>
        </extensions>
      </trkpt>
      <trkpt lat="48.12217066995799541473388671875" lon="-1.21148415841162204742431640625">
        <ele>94</ele>
        <time>2026-09-24T16:20:45.000Z</time>
        <extensions>
          <ns3:TrackPointExtension>
            <ns3:atemp>30.0</ns3:atemp>
            <ns3:hr>126</ns3:hr>
            <ns3:cad>0</ns3:cad>
          </ns3:TrackPointExtension>
        </extensions>
      </trkpt>
      <trkpt lat="48.12217066995799541473388671875" lon="-1.21148415841162204742431640625">
        <ele>93.8000030517578125</ele>
        <time>2026-09-24T16:20:46.000Z</time>
        <extensions>
          <ns3:TrackPointExtension>
            <ns3:atemp>31.0</ns3:atemp>
            <ns3:hr>125</ns3:hr>
            <ns3:cad>0</ns3:cad>
          </ns3:TrackPointExtension>
        </extensions>
      </trkpt>
      <trkpt lat="48.12217066995799541473388671875" lon="-1.21148415841162204742431640625">
        <ele>93.8000030517578125</ele>
        <time>2026-09-24T16:20:47.000Z</time>
        <extensions>
          <ns3:TrackPointExtension>
            <ns3:atemp>30.0</ns3:atemp>
            <ns3:hr>124</ns3:hr>
            <ns3:cad>0</ns3:cad>
          </ns3:TrackPointExtension>
        </extensions>
      </trkpt>
      <trkpt lat="48.12217066995799541473388671875" lon="-1.21148415841162204742431640625">
        <ele>93.8000030517578125</ele>
        <time>2026-09-24T16:20:48.000Z</time>
        <extensions>
          <ns3:TrackPointExtension>
            <ns3:atemp>31.0</ns3:atemp>
            <ns3:hr>125</ns3:hr>
            <ns3:cad>0</ns3:cad>
          </ns3:TrackPointExtension>
        </extensions>
      </trkpt>
      <trkpt lat="48.12217066995799541473388671875" lon="-1.21148415841162204742431640625">
        <ele>93.8000030517578125</ele>
        <time>2026-09-24T16:20:49.000Z</time>
        <extensions>
          <ns3:TrackPointExtension>
            <ns3:atemp>30.0</ns3:atemp>
            <ns3:hr>125</ns3:hr>
            <ns3:cad>0</ns3:cad>
          </ns3:TrackPointExtension>
        </extensions>
      </trkpt>
      <trkpt lat="48.12217066995799541473388671875" lon="-1.21148415841162204742431640625">
        <ele>93.8000030517578125</ele>
        <time>2026-09-24T16:20:50.000Z</time>
        <extensions>
          <ns3:TrackPointExtension>
            <ns3:atemp>31.0</ns3:atemp>
            <ns3:hr>126</ns3:hr>
            <ns3:cad>0</ns3:cad>
          </ns3:TrackPointExtension>
        </extensions>
      </trkpt>
      <trkpt lat="48.12217066995799541473388671875" lon="-1.21148415841162204742431640625">
        <ele>93.59999847412109375</ele>
        <time>2026-09-24T16:20:51.000Z</time>
        <extensions>
          <ns3:TrackPointExtension>
            <ns3:atemp>31.0</ns3:atemp>
            <ns3:hr>126</ns3:hr>
            <ns3:cad>0</ns3:cad>
          </ns3:TrackPointExtension>
        </extensions>
      </trkpt>
      <trkpt lat="48.12217066995799541473388671875" lon="-1.21148415841162204742431640625">
        <ele>93.59999847412109375</ele>
        <time>2026-09-24T16:20:52.000Z</time>
        <extensions>
          <ns3:TrackPointExtension>
            <ns3:atemp>31.0</ns3:atemp>
            <ns3:hr>125</ns3:hr>
            <ns3:cad>0</ns3:cad>
          </ns3:TrackPointExtension>
        </extensions>
      </trkpt>
      <trkpt lat="48.12217066995799541473388671875" lon="-1.21148415841162204742431640625">
        <ele>93.59999847412109375</ele>
        <time>2026-09-24T16:20:53.000Z</time>
        <extensions>
          <ns3:TrackPointExtension>
            <ns3:atemp>31.0</ns3:atemp>
            <ns3:hr>125</ns3:hr>
            <ns3:cad>0</ns3:cad>
          </ns3:TrackPointExtension>
        </extensions>
      </trkpt>
      <trkpt lat="48.12217066995799541473388671875" lon="-1.21148415841162204742431640625">
        <ele>93.59999847412109375</ele>
        <time>2026-09-24T16:20:54.000Z</time>
        <extensions>
          <ns3:TrackPointExtension>
            <ns3:atemp>31.0</ns3:atemp>
            <ns3:hr>125</ns3:hr>
            <ns3:cad>0</ns3:cad>
          </ns3:TrackPointExtension>
        </extensions>
      </trkpt>
      <trkpt lat="48.12217066995799541473388671875" lon="-1.21148415841162204742431640625">
        <ele>93.59999847412109375</ele>
        <time>2026-09-24T16:20:55.000Z</time>
        <extensions>
          <ns3:TrackPointExtension>
            <ns3:atemp>31.0</ns3:atemp>
            <ns3:hr>124</ns3:hr>
            <ns3:cad>0</ns3:cad>
          </ns3:TrackPointExtension>
        </extensions>
      </trkpt>
      <trkpt lat="48.12217066995799541473388671875" lon="-1.21148415841162204742431640625">
        <ele>93.59999847412109375</ele>
        <time>2026-09-24T16:20:56.000Z</time>
        <extensions>
          <ns3:TrackPointExtension>
            <ns3:atemp>31.0</ns3:atemp>
            <ns3:hr>123</ns3:hr>
            <ns3:cad>0</ns3:cad>
          </ns3:TrackPointExtension>
        </extensions>
      </trkpt>
      <trkpt lat="48.12217066995799541473388671875" lon="-1.21148415841162204742431640625">
        <ele>93.59999847412109375</ele>
        <time>2026-09-24T16:20:57.000Z</time>
        <extensions>
          <ns3:TrackPointExtension>
            <ns3:atemp>31.0</ns3:atemp>
            <ns3:hr>122</ns3:hr>
            <ns3:cad>0</ns3:cad>
          </ns3:TrackPointExtension>
        </extensions>
      </trkpt>
      <trkpt lat="48.12217066995799541473388671875" lon="-1.21148415841162204742431640625">
        <ele>93.8000030517578125</ele>
        <time>2026-09-24T16:20:58.000Z</time>
        <extensions>
          <ns3:TrackPointExtension>
            <ns3:atemp>31.0</ns3:atemp>
            <ns3:hr>121</ns3:hr>
            <ns3:cad>0</ns3:cad>
          </ns3:TrackPointExtension>
        </extensions>
      </trkpt>
      <trkpt lat="48.12217066995799541473388671875" lon="-1.21148415841162204742431640625">
        <ele>93.8000030517578125</ele>
        <time>2026-09-24T16:20:59.000Z</time>
        <extensions>
          <ns3:TrackPointExtension>
            <ns3:atemp>31.0</ns3:atemp>
            <ns3:hr>120</ns3:hr>
            <ns3:cad>0</ns3:cad>
          </ns3:TrackPointExtension>
        </extensions>
      </trkpt>
      <trkpt lat="48.12217066995799541473388671875" lon="-1.21148415841162204742431640625">
        <ele>93.8000030517578125</ele>
        <time>2026-09-24T16:21:00.000Z</time>
        <extensions>
          <ns3:TrackPointExtension>
            <ns3:atemp>31.0</ns3:atemp>
            <ns3:hr>121</ns3:hr>
            <ns3:cad>0</ns3:cad>
          </ns3:TrackPointExtension>
        </extensions>
      </trkpt>
      <trkpt lat="48.12217066995799541473388671875" lon="-1.21148415841162204742431640625">
        <ele>93.8000030517578125</ele>
        <time>2026-09-24T16:21:01.000Z</time>
        <extensions>
          <ns3:TrackPointExtension>
            <ns3:atemp>31.0</ns3:atemp>
            <ns3:hr>121</ns3:hr>
            <ns3:cad>0</ns3:cad>
          </ns3:TrackPointExtension>
        </extensions>
      </trkpt>
      <trkpt lat="48.12217066995799541473388671875" lon="-1.21148415841162204742431640625">
        <ele>93.8000030517578125</ele>
        <time>2026-09-24T16:21:02.000Z</time>
        <extensions>
          <ns3:TrackPointExtension>
            <ns3:atemp>31.0</ns3:atemp>
            <ns3:hr>121</ns3:hr>
            <ns3:cad>0</ns3:cad>
          </ns3:TrackPointExtension>
        </extensions>
      </trkpt>
      <trkpt lat="48.1221729330718517303466796875" lon="-1.21150259859859943389892578125">
        <ele>93.8000030517578125</ele>
        <time>2026-09-24T16:21:03.000Z</time>
        <extensions>
          <ns3:TrackPointExtension>
            <ns3:atemp>31.0</ns3:atemp>
            <ns3:hr>121</ns3:hr>
            <ns3:cad>0</ns3:cad>
          </ns3:TrackPointExtension>
        </extensions>
      </trkpt>
      <trkpt lat="48.1221796385943889617919921875" lon="-1.21151131577789783477783203125">
        <ele>93.8000030517578125</ele>
        <time>2026-09-24T16:21:04.000Z</time>
        <extensions>
          <ns3:TrackPointExtension>
            <ns3:atemp>31.0</ns3:atemp>
            <ns3:hr>122</ns3:hr>
            <ns3:cad>55</ns3:cad>
          </ns3:TrackPointExtension>
        </extensions>
      </trkpt>
      <trkpt lat="48.12218341045081615447998046875" lon="-1.2115160934627056121826171875">
        <ele>93.8000030517578125</ele>
        <time>2026-09-24T16:21:05.000Z</time>
        <extensions>
          <ns3:TrackPointExtension>
            <ns3:atemp>31.0</ns3:atemp>
            <ns3:hr>122</ns3:hr>
            <ns3:cad>55</ns3:cad>
          </ns3:TrackPointExtension>
        </extensions>
      </trkpt>
      <trkpt lat="48.12218408100306987762451171875" lon="-1.21151718311011791229248046875">
        <ele>93.8000030517578125</ele>
        <time>2026-09-24T16:21:06.000Z</time>
        <extensions>
          <ns3:TrackPointExtension>
            <ns3:atemp>31.0</ns3:atemp>
            <ns3:hr>122</ns3:hr>
            <ns3:cad>55</ns3:cad>
          </ns3:TrackPointExtension>
        </extensions>
      </trkpt>
      <trkpt lat="48.12218089587986469268798828125" lon="-1.211510561406612396240234375">
        <ele>93.8000030517578125</ele>
        <time>2026-09-24T16:21:07.000Z</time>
        <extensions>
          <ns3:TrackPointExtension>
            <ns3:atemp>31.0</ns3:atemp>
            <ns3:hr>122</ns3:hr>
            <ns3:cad>0</ns3:cad>
          </ns3:TrackPointExtension>
        </extensions>
      </trkpt>
      <trkpt lat="48.12217989005148410797119140625" lon="-1.21151022613048553466796875">
        <ele>94</ele>
        <time>2026-09-24T16:21:08.000Z</time>
        <extensions>
          <ns3:TrackPointExtension>
            <ns3:atemp>31.0</ns3:atemp>
            <ns3:hr>122</ns3:hr>
            <ns3:cad>0</ns3:cad>
          </ns3:TrackPointExtension>
        </extensions>
      </trkpt>
      <trkpt lat="48.12217905186116695404052734375" lon="-1.21150930412113666534423828125">
        <ele>94</ele>
        <time>2026-09-24T16:21:09.000Z</time>
        <extensions>
          <ns3:TrackPointExtension>
            <ns3:atemp>31.0</ns3:atemp>
            <ns3:hr>122</ns3:hr>
            <ns3:cad>0</ns3:cad>
          </ns3:TrackPointExtension>
        </extensions>
      </trkpt>
      <trkpt lat="48.122179470956325531005859375" lon="-1.21151081286370754241943359375">
        <ele>94</ele>
        <time>2026-09-24T16:21:10.000Z</time>
        <extensions>
          <ns3:TrackPointExtension>
            <ns3:atemp>31.0</ns3:atemp>
            <ns3:hr>122</ns3:hr>
            <ns3:cad>0</ns3:cad>
          </ns3:TrackPointExtension>
        </extensions>
      </trkpt>
      <trkpt lat="48.12218047678470611572265625" lon="-1.21150779537856578826904296875">
        <ele>93.8000030517578125</ele>
        <time>2026-09-24T16:21:11.000Z</time>
        <extensions>
          <ns3:TrackPointExtension>
            <ns3:atemp>31.0</ns3:atemp>
            <ns3:hr>123</ns3:hr>
            <ns3:cad>0</ns3:cad>
          </ns3:TrackPointExtension>
        </extensions>
      </trkpt>
      <trkpt lat="48.1221826560795307159423828125" lon="-1.2115110643208026885986328125">
        <ele>93.8000030517578125</ele>
        <time>2026-09-24T16:21:12.000Z</time>
        <extensions>
          <ns3:TrackPointExtension>
            <ns3:atemp>31.0</ns3:atemp>
            <ns3:hr>122</ns3:hr>
            <ns3:cad>0</ns3:cad>
          </ns3:TrackPointExtension>
        </extensions>
      </trkpt>
      <trkpt lat="48.122182153165340423583984375" lon="-1.21151064522564411163330078125">
        <ele>93.59999847412109375</ele>
        <time>2026-09-24T16:21:13.000Z</time>
        <extensions>
          <ns3:TrackPointExtension>
            <ns3:atemp>31.0</ns3:atemp>
            <ns3:hr>122</ns3:hr>
            <ns3:cad>0</ns3:cad>
          </ns3:TrackPointExtension>
        </extensions>
      </trkpt>
      <trkpt lat="48.1221836619079113006591796875" lon="-1.2115090526640415191650390625">
        <ele>93.59999847412109375</ele>
        <time>2026-09-24T16:21:14.000Z</time>
        <extensions>
          <ns3:TrackPointExtension>
            <ns3:atemp>31.0</ns3:atemp>
            <ns3:hr>122</ns3:hr>
            <ns3:cad>0</ns3:cad>
          </ns3:TrackPointExtension>
        </extensions>
      </trkpt>
      <trkpt lat="48.12218458391726016998291015625" lon="-1.2115110643208026885986328125">
        <ele>93.59999847412109375</ele>
        <time>2026-09-24T16:21:15.000Z</time>
        <extensions>
          <ns3:TrackPointExtension>
            <ns3:atemp>31.0</ns3:atemp>
            <ns3:hr>122</ns3:hr>
            <ns3:cad>0</ns3:cad>
          </ns3:TrackPointExtension>
        </extensions>
      </trkpt>
      <trkpt lat="48.12218408100306987762451171875" lon="-1.21150930412113666534423828125">
        <ele>93.8000030517578125</ele>
        <time>2026-09-24T16:21:16.000Z</time>
        <extensions>
          <ns3:TrackPointExtension>
            <ns3:atemp>31.0</ns3:atemp>
            <ns3:hr>123</ns3:hr>
            <ns3:cad>0</ns3:cad>
          </ns3:TrackPointExtension>
        </extensions>
      </trkpt>
      <trkpt lat="48.12218408100306987762451171875" lon="-1.21150930412113666534423828125">
        <ele>94</ele>
        <time>2026-09-24T16:21:17.000Z</time>
        <extensions>
          <ns3:TrackPointExtension>
            <ns3:atemp>31.0</ns3:atemp>
            <ns3:hr>123</ns3:hr>
            <ns3:cad>0</ns3:cad>
          </ns3:TrackPointExtension>
        </extensions>
      </trkpt>
      <trkpt lat="48.12218408100306987762451171875" lon="-1.21150930412113666534423828125">
        <ele>94</ele>
        <time>2026-09-24T16:21:18.000Z</time>
        <extensions>
          <ns3:TrackPointExtension>
            <ns3:atemp>31.0</ns3:atemp>
            <ns3:hr>124</ns3:hr>
            <ns3:cad>0</ns3:cad>
          </ns3:TrackPointExtension>
        </extensions>
      </trkpt>
      <trkpt lat="48.12218408100306987762451171875" lon="-1.21150930412113666534423828125">
        <ele>94.1999969482421875</ele>
        <time>2026-09-24T16:21:19.000Z</time>
        <extensions>
          <ns3:TrackPointExtension>
            <ns3:atemp>31.0</ns3:atemp>
            <ns3:hr>125</ns3:hr>
            <ns3:cad>0</ns3:cad>
          </ns3:TrackPointExtension>
        </extensions>
      </trkpt>
      <trkpt lat="48.12218408100306987762451171875" lon="-1.21150930412113666534423828125">
        <ele>94.1999969482421875</ele>
        <time>2026-09-24T16:21:20.000Z</time>
        <extensions>
          <ns3:TrackPointExtension>
            <ns3:atemp>31.0</ns3:atemp>
            <ns3:hr>126</ns3:hr>
            <ns3:cad>0</ns3:cad>
          </ns3:TrackPointExtension>
        </extensions>
      </trkpt>
      <trkpt lat="48.12218408100306987762451171875" lon="-1.21150930412113666534423828125">
        <ele>94.1999969482421875</ele>
        <time>2026-09-24T16:21:21.000Z</time>
        <extensions>
          <ns3:TrackPointExtension>
            <ns3:atemp>31.0</ns3:atemp>
            <ns3:hr>126</ns3:hr>
            <ns3:cad>0</ns3:cad>
          </ns3:TrackPointExtension>
        </extensions>
      </trkpt>
      <trkpt lat="48.12218408100306987762451171875" lon="-1.21150930412113666534423828125">
        <ele>94.1999969482421875</ele>
        <time>2026-09-24T16:21:22.000Z</time>
        <extensions>
          <ns3:TrackPointExtension>
            <ns3:atemp>31.0</ns3:atemp>
            <ns3:hr>126</ns3:hr>
            <ns3:cad>0</ns3:cad>
          </ns3:TrackPointExtension>
        </extensions>
      </trkpt>
      <trkpt lat="48.12218181788921356201171875" lon="-1.211500503122806549072265625">
        <ele>94.1999969482421875</ele>
        <time>2026-09-24T16:21:23.000Z</time>
        <extensions>
          <ns3:TrackPointExtension>
            <ns3:atemp>31.0</ns3:atemp>
            <ns3:hr>126</ns3:hr>
            <ns3:cad>0</ns3:cad>
          </ns3:TrackPointExtension>
        </extensions>
      </trkpt>
      <trkpt lat="48.1221570074558258056640625" lon="-1.2114993296563625335693359375">
        <ele>94.1999969482421875</ele>
        <time>2026-09-24T16:21:24.000Z</time>
        <extensions>
          <ns3:TrackPointExtension>
            <ns3:atemp>31.0</ns3:atemp>
            <ns3:hr>126</ns3:hr>
            <ns3:cad>0</ns3:cad>
          </ns3:TrackPointExtension>
        </extensions>
      </trkpt>
      <trkpt lat="48.122103027999401092529296875" lon="-1.21150662191212177276611328125">
        <ele>94</ele>
        <time>2026-09-24T16:21:25.000Z</time>
        <extensions>
          <ns3:TrackPointExtension>
            <ns3:atemp>31.0</ns3:atemp>
            <ns3:hr>126</ns3:hr>
            <ns3:cad>0</ns3:cad>
          </ns3:TrackPointExtension>
        </extensions>
      </trkpt>
      <trkpt lat="48.12205885536968708038330078125" lon="-1.21151399798691272735595703125">
        <ele>94.1999969482421875</ele>
        <time>2026-09-24T16:21:26.000Z</time>
        <extensions>
          <ns3:TrackPointExtension>
            <ns3:atemp>31.0</ns3:atemp>
            <ns3:hr>126</ns3:hr>
            <ns3:cad>0</ns3:cad>
          </ns3:TrackPointExtension>
        </extensions>
      </trkpt>
      <trkpt lat="48.1220099888741970062255859375" lon="-1.21152187697589397430419921875">
        <ele>94.59999847412109375</ele>
        <time>2026-09-24T16:21:27.000Z</time>
        <extensions>
          <ns3:TrackPointExtension>
            <ns3:atemp>31.0</ns3:atemp>
            <ns3:hr>126</ns3:hr>
            <ns3:cad>0</ns3:cad>
          </ns3:TrackPointExtension>
        </extensions>
      </trkpt>
      <trkpt lat="48.12195257283747196197509765625" lon="-1.2115310132503509521484375">
        <ele>95</ele>
        <time>2026-09-24T16:21:28.000Z</time>
        <extensions>
          <ns3:TrackPointExtension>
            <ns3:atemp>31.0</ns3:atemp>
            <ns3:hr>125</ns3:hr>
            <ns3:cad>101</ns3:cad>
          </ns3:TrackPointExtension>
        </extensions>
      </trkpt>
      <trkpt lat="48.1219000183045864105224609375" lon="-1.2115412391722202301025390625">
        <ele>95.59999847412109375</ele>
        <time>2026-09-24T16:21:29.000Z</time>
        <extensions>
          <ns3:TrackPointExtension>
            <ns3:atemp>31.0</ns3:atemp>
            <ns3:hr>125</ns3:hr>
            <ns3:cad>101</ns3:cad>
          </ns3:TrackPointExtension>
        </extensions>
      </trkpt>
      <trkpt lat="48.12184846960008144378662109375" lon="-1.21154685504734516143798828125">
        <ele>96</ele>
        <time>2026-09-24T16:21:30.000Z</time>
        <extensions>
          <ns3:TrackPointExtension>
            <ns3:atemp>31.0</ns3:atemp>
            <ns3:hr>125</ns3:hr>
            <ns3:cad>98</ns3:cad>
          </ns3:TrackPointExtension>
        </extensions>
      </trkpt>
      <trkpt lat="48.12180362641811370849609375" lon="-1.2115502916276454925537109375">
        <ele>96.40000152587890625</ele>
        <time>2026-09-24T16:21:31.000Z</time>
        <extensions>
          <ns3:TrackPointExtension>
            <ns3:atemp>31.0</ns3:atemp>
            <ns3:hr>124</ns3:hr>
            <ns3:cad>98</ns3:cad>
          </ns3:TrackPointExtension>
        </extensions>
      </trkpt>
      <trkpt lat="48.1217501498758792877197265625" lon="-1.21154936961829662322998046875">
        <ele>97</ele>
        <time>2026-09-24T16:21:32.000Z</time>
        <extensions>
          <ns3:TrackPointExtension>
            <ns3:atemp>31.0</ns3:atemp>
            <ns3:hr>124</ns3:hr>
            <ns3:cad>98</ns3:cad>
          </ns3:TrackPointExtension>
        </extensions>
      </trkpt>
      <trkpt lat="48.12169675715267658233642578125" lon="-1.21155984699726104736328125">
        <ele>97.40000152587890625</ele>
        <time>2026-09-24T16:21:33.000Z</time>
        <extensions>
          <ns3:TrackPointExtension>
            <ns3:atemp>31.0</ns3:atemp>
            <ns3:hr>124</ns3:hr>
            <ns3:cad>98</ns3:cad>
          </ns3:TrackPointExtension>
        </extensions>
      </trkpt>
      <trkpt lat="48.1216512434184551239013671875" lon="-1.2115747667849063873291015625">
        <ele>97.59999847412109375</ele>
        <time>2026-09-24T16:21:34.000Z</time>
        <extensions>
          <ns3:TrackPointExtension>
            <ns3:atemp>31.0</ns3:atemp>
            <ns3:hr>124</ns3:hr>
            <ns3:cad>98</ns3:cad>
          </ns3:TrackPointExtension>
        </extensions>
      </trkpt>
      <trkpt lat="48.12159483321011066436767578125" lon="-1.21159597299993038177490234375">
        <ele>98</ele>
        <time>2026-09-24T16:21:35.000Z</time>
        <extensions>
          <ns3:TrackPointExtension>
            <ns3:atemp>31.0</ns3:atemp>
            <ns3:hr>125</ns3:hr>
            <ns3:cad>95</ns3:cad>
          </ns3:TrackPointExtension>
        </extensions>
      </trkpt>
      <trkpt lat="48.12155158258974552154541015625" lon="-1.2116089649498462677001953125">
        <ele>98</ele>
        <time>2026-09-24T16:21:36.000Z</time>
        <extensions>
          <ns3:TrackPointExtension>
            <ns3:atemp>30.0</ns3:atemp>
            <ns3:hr>124</ns3:hr>
            <ns3:cad>95</ns3:cad>
          </ns3:TrackPointExtension>
        </extensions>
      </trkpt>
      <trkpt lat="48.12149458564817905426025390625" lon="-1.21162279509007930755615234375">
        <ele>98.1999969482421875</ele>
        <time>2026-09-24T16:21:37.000Z</time>
        <extensions>
          <ns3:TrackPointExtension>
            <ns3:atemp>31.0</ns3:atemp>
            <ns3:hr>124</ns3:hr>
            <ns3:cad>95</ns3:cad>
          </ns3:TrackPointExtension>
        </extensions>
      </trkpt>
      <trkpt lat="48.121452592313289642333984375" lon="-1.21162598021328449249267578125">
        <ele>98.59999847412109375</ele>
        <time>2026-09-24T16:21:38.000Z</time>
        <extensions>
          <ns3:TrackPointExtension>
            <ns3:atemp>30.0</ns3:atemp>
            <ns3:hr>124</ns3:hr>
            <ns3:cad>95</ns3:cad>
          </ns3:TrackPointExtension>
        </extensions>
      </trkpt>
      <trkpt lat="48.12139500863850116729736328125" lon="-1.21162245981395244598388671875">
        <ele>98.8000030517578125</ele>
        <time>2026-09-24T16:21:39.000Z</time>
        <extensions>
          <ns3:TrackPointExtension>
            <ns3:atemp>31.0</ns3:atemp>
            <ns3:hr>125</ns3:hr>
            <ns3:cad>95</ns3:cad>
          </ns3:TrackPointExtension>
        </extensions>
      </trkpt>
      <trkpt lat="48.121358044445514678955078125" lon="-1.2116320990025997161865234375">
        <ele>99.1999969482421875</ele>
        <time>2026-09-24T16:21:40.000Z</time>
        <extensions>
          <ns3:TrackPointExtension>
            <ns3:atemp>31.0</ns3:atemp>
            <ns3:hr>124</ns3:hr>
            <ns3:cad>93</ns3:cad>
          </ns3:TrackPointExtension>
        </extensions>
      </trkpt>
      <trkpt lat="48.12130196951329708099365234375" lon="-1.2116424925625324249267578125">
        <ele>99.40000152587890625</ele>
        <time>2026-09-24T16:21:41.000Z</time>
        <extensions>
          <ns3:TrackPointExtension>
            <ns3:atemp>31.0</ns3:atemp>
            <ns3:hr>125</ns3:hr>
            <ns3:cad>92</ns3:cad>
          </ns3:TrackPointExtension>
        </extensions>
      </trkpt>
      <trkpt lat="48.12126106582581996917724609375" lon="-1.2116562388837337493896484375">
        <ele>99.8000030517578125</ele>
        <time>2026-09-24T16:21:42.000Z</time>
        <extensions>
          <ns3:TrackPointExtension>
            <ns3:atemp>30.0</ns3:atemp>
            <ns3:hr>125</ns3:hr>
            <ns3:cad>92</ns3:cad>
          </ns3:TrackPointExtension>
        </extensions>
      </trkpt>
      <trkpt lat="48.12120557762682437896728515625" lon="-1.21166445314884185791015625">
        <ele>100</ele>
        <time>2026-09-24T16:21:43.000Z</time>
        <extensions>
          <ns3:TrackPointExtension>
            <ns3:atemp>30.0</ns3:atemp>
            <ns3:hr>126</ns3:hr>
            <ns3:cad>90</ns3:cad>
          </ns3:TrackPointExtension>
        </extensions>
      </trkpt>
      <trkpt lat="48.12117121182382106781005859375" lon="-1.21167593635618686676025390625">
        <ele>100.40000152587890625</ele>
        <time>2026-09-24T16:21:44.000Z</time>
        <extensions>
          <ns3:TrackPointExtension>
            <ns3:atemp>30.0</ns3:atemp>
            <ns3:hr>126</ns3:hr>
            <ns3:cad>90</ns3:cad>
          </ns3:TrackPointExtension>
        </extensions>
      </trkpt>
      <trkpt lat="48.121113292872905731201171875" lon="-1.21169571764767169952392578125">
        <ele>100.59999847412109375</ele>
        <time>2026-09-24T16:21:45.000Z</time>
        <extensions>
          <ns3:TrackPointExtension>
            <ns3:atemp>31.0</ns3:atemp>
            <ns3:hr>125</ns3:hr>
            <ns3:cad>89</ns3:cad>
          </ns3:TrackPointExtension>
        </extensions>
      </trkpt>
      <trkpt lat="48.12107549048960208892822265625" lon="-1.21170996688306331634521484375">
        <ele>101</ele>
        <time>2026-09-24T16:21:46.000Z</time>
        <extensions>
          <ns3:TrackPointExtension>
            <ns3:atemp>30.0</ns3:atemp>
            <ns3:hr>125</ns3:hr>
            <ns3:cad>90</ns3:cad>
          </ns3:TrackPointExtension>
        </extensions>
      </trkpt>
      <trkpt lat="48.12101648189127445220947265625" lon="-1.211721785366535186767578125">
        <ele>101.1999969482421875</ele>
        <time>2026-09-24T16:21:47.000Z</time>
        <extensions>
          <ns3:TrackPointExtension>
            <ns3:atemp>31.0</ns3:atemp>
            <ns3:hr>125</ns3:hr>
            <ns3:cad>90</ns3:cad>
          </ns3:TrackPointExtension>
        </extensions>
      </trkpt>
      <trkpt lat="48.12096937559545040130615234375" lon="-1.211727149784564971923828125">
        <ele>101.59999847412109375</ele>
        <time>2026-09-24T16:21:48.000Z</time>
        <extensions>
          <ns3:TrackPointExtension>
            <ns3:atemp>31.0</ns3:atemp>
            <ns3:hr>124</ns3:hr>
            <ns3:cad>90</ns3:cad>
          </ns3:TrackPointExtension>
        </extensions>
      </trkpt>
      <trkpt lat="48.12091975472867488861083984375" lon="-1.21173444204032421112060546875">
        <ele>101.8000030517578125</ele>
        <time>2026-09-24T16:21:49.000Z</time>
        <extensions>
          <ns3:TrackPointExtension>
            <ns3:atemp>30.0</ns3:atemp>
            <ns3:hr>124</ns3:hr>
            <ns3:cad>90</ns3:cad>
          </ns3:TrackPointExtension>
        </extensions>
      </trkpt>
      <trkpt lat="48.1208789348602294921875" lon="-1.2117367051541805267333984375">
        <ele>102.40000152587890625</ele>
        <time>2026-09-24T16:21:50.000Z</time>
        <extensions>
          <ns3:TrackPointExtension>
            <ns3:atemp>31.0</ns3:atemp>
            <ns3:hr>124</ns3:hr>
            <ns3:cad>90</ns3:cad>
          </ns3:TrackPointExtension>
        </extensions>
      </trkpt>
      <trkpt lat="48.12083425931632518768310546875" lon="-1.211733855307102203369140625">
        <ele>102.8000030517578125</ele>
        <time>2026-09-24T16:21:51.000Z</time>
        <extensions>
          <ns3:TrackPointExtension>
            <ns3:atemp>30.0</ns3:atemp>
            <ns3:hr>124</ns3:hr>
            <ns3:cad>92</ns3:cad>
          </ns3:TrackPointExtension>
        </extensions>
      </trkpt>
      <trkpt lat="48.12078530900180339813232421875" lon="-1.2117370404303073883056640625">
        <ele>103.1999969482421875</ele>
        <time>2026-09-24T16:21:52.000Z</time>
        <extensions>
          <ns3:TrackPointExtension>
            <ns3:atemp>30.0</ns3:atemp>
            <ns3:hr>124</ns3:hr>
            <ns3:cad>92</ns3:cad>
          </ns3:TrackPointExtension>
        </extensions>
      </trkpt>
      <trkpt lat="48.1207409687340259552001953125" lon="-1.211733855307102203369140625">
        <ele>103.59999847412109375</ele>
        <time>2026-09-24T16:21:53.000Z</time>
        <extensions>
          <ns3:TrackPointExtension>
            <ns3:atemp>31.0</ns3:atemp>
            <ns3:hr>124</ns3:hr>
            <ns3:cad>92</ns3:cad>
          </ns3:TrackPointExtension>
        </extensions>
      </trkpt>
      <trkpt lat="48.120698891580104827880859375" lon="-1.211732514202594757080078125">
        <ele>104</ele>
        <time>2026-09-24T16:21:54.000Z</time>
        <extensions>
          <ns3:TrackPointExtension>
            <ns3:atemp>30.0</ns3:atemp>
            <ns3:hr>124</ns3:hr>
            <ns3:cad>93</ns3:cad>
          </ns3:TrackPointExtension>
        </extensions>
      </trkpt>
      <trkpt lat="48.1206598319113254547119140625" lon="-1.2117249704897403717041015625">
        <ele>104.40000152587890625</ele>
        <time>2026-09-24T16:21:55.000Z</time>
        <extensions>
          <ns3:TrackPointExtension>
            <ns3:atemp>30.0</ns3:atemp>
            <ns3:hr>124</ns3:hr>
            <ns3:cad>93</ns3:cad>
          </ns3:TrackPointExtension>
        </extensions>
      </trkpt>
      <trkpt lat="48.120613396167755126953125" lon="-1.2117202766239643096923828125">
        <ele>105</ele>
        <time>2026-09-24T16:21:56.000Z</time>
        <extensions>
          <ns3:TrackPointExtension>
            <ns3:atemp>30.0</ns3:atemp>
            <ns3:hr>124</ns3:hr>
            <ns3:cad>92</ns3:cad>
          </ns3:TrackPointExtension>
        </extensions>
      </trkpt>
      <trkpt lat="48.1205743364989757537841796875" lon="-1.211721785366535186767578125">
        <ele>105.40000152587890625</ele>
        <time>2026-09-24T16:21:57.000Z</time>
        <extensions>
          <ns3:TrackPointExtension>
            <ns3:atemp>30.0</ns3:atemp>
            <ns3:hr>124</ns3:hr>
            <ns3:cad>90</ns3:cad>
          </ns3:TrackPointExtension>
        </extensions>
      </trkpt>
      <trkpt lat="48.1205289065837860107421875" lon="-1.2117189355194568634033203125">
        <ele>105.8000030517578125</ele>
        <time>2026-09-24T16:21:58.000Z</time>
        <extensions>
          <ns3:TrackPointExtension>
            <ns3:atemp>30.0</ns3:atemp>
            <ns3:hr>124</ns3:hr>
            <ns3:cad>90</ns3:cad>
          </ns3:TrackPointExtension>
        </extensions>
      </trkpt>
      <trkpt lat="48.12048272229731082916259765625" lon="-1.211698316037654876708984375">
        <ele>106.1999969482421875</ele>
        <time>2026-09-24T16:21:59.000Z</time>
        <extensions>
          <ns3:TrackPointExtension>
            <ns3:atemp>30.0</ns3:atemp>
            <ns3:hr>124</ns3:hr>
            <ns3:cad>89</ns3:cad>
          </ns3:TrackPointExtension>
        </extensions>
      </trkpt>
      <trkpt lat="48.12044030986726284027099609375" lon="-1.2116857431828975677490234375">
        <ele>106.40000152587890625</ele>
        <time>2026-09-24T16:22:00.000Z</time>
        <extensions>
          <ns3:TrackPointExtension>
            <ns3:atemp>30.0</ns3:atemp>
            <ns3:hr>124</ns3:hr>
            <ns3:cad>89</ns3:cad>
          </ns3:TrackPointExtension>
        </extensions>
      </trkpt>
      <trkpt lat="48.120393455028533935546875" lon="-1.211677528917789459228515625">
        <ele>106.8000030517578125</ele>
        <time>2026-09-24T16:22:01.000Z</time>
        <extensions>
          <ns3:TrackPointExtension>
            <ns3:atemp>30.0</ns3:atemp>
            <ns3:hr>124</ns3:hr>
            <ns3:cad>89</ns3:cad>
          </ns3:TrackPointExtension>
        </extensions>
      </trkpt>
      <trkpt lat="48.12035716138780117034912109375" lon="-1.21167275123298168182373046875">
        <ele>107</ele>
        <time>2026-09-24T16:22:02.000Z</time>
        <extensions>
          <ns3:TrackPointExtension>
            <ns3:atemp>30.0</ns3:atemp>
            <ns3:hr>126</ns3:hr>
            <ns3:cad>89</ns3:cad>
          </ns3:TrackPointExtension>
        </extensions>
      </trkpt>
      <trkpt lat="48.12030552886426448822021484375" lon="-1.21165766380727291107177734375">
        <ele>107.1999969482421875</ele>
        <time>2026-09-24T16:22:03.000Z</time>
        <extensions>
          <ns3:TrackPointExtension>
            <ns3:atemp>30.0</ns3:atemp>
            <ns3:hr>129</ns3:hr>
            <ns3:cad>89</ns3:cad>
          </ns3:TrackPointExtension>
        </extensions>
      </trkpt>
      <trkpt lat="48.1202742643654346466064453125" lon="-1.21165380813181400299072265625">
        <ele>107.59999847412109375</ele>
        <time>2026-09-24T16:22:04.000Z</time>
        <extensions>
          <ns3:TrackPointExtension>
            <ns3:atemp>30.0</ns3:atemp>
            <ns3:hr>131</ns3:hr>
            <ns3:cad>89</ns3:cad>
          </ns3:TrackPointExtension>
        </extensions>
      </trkpt>
      <trkpt lat="48.12022673897445201873779296875" lon="-1.2116383016109466552734375">
        <ele>107.8000030517578125</ele>
        <time>2026-09-24T16:22:05.000Z</time>
        <extensions>
          <ns3:TrackPointExtension>
            <ns3:atemp>30.0</ns3:atemp>
            <ns3:hr>133</ns3:hr>
            <ns3:cad>87</ns3:cad>
          </ns3:TrackPointExtension>
        </extensions>
      </trkpt>
      <trkpt lat="48.12019203789532184600830078125" lon="-1.21162497438490390777587890625">
        <ele>108</ele>
        <time>2026-09-24T16:22:06.000Z</time>
        <extensions>
          <ns3:TrackPointExtension>
            <ns3:atemp>30.0</ns3:atemp>
            <ns3:hr>135</ns3:hr>
            <ns3:cad>87</ns3:cad>
          </ns3:TrackPointExtension>
        </extensions>
      </trkpt>
      <trkpt lat="48.1201652996242046356201171875" lon="-1.21161282062530517578125">
        <ele>108.40000152587890625</ele>
        <time>2026-09-24T16:22:07.000Z</time>
        <extensions>
          <ns3:TrackPointExtension>
            <ns3:atemp>30.0</ns3:atemp>
            <ns3:hr>137</ns3:hr>
            <ns3:cad>87</ns3:cad>
          </ns3:TrackPointExtension>
        </extensions>
      </trkpt>
      <trkpt lat="48.120157755911350250244140625" lon="-1.21160049922764301300048828125">
        <ele>108.59999847412109375</ele>
        <time>2026-09-24T16:22:08.000Z</time>
        <extensions>
          <ns3:TrackPointExtension>
            <ns3:atemp>30.0</ns3:atemp>
            <ns3:hr>139</ns3:hr>
            <ns3:cad>87</ns3:cad>
          </ns3:TrackPointExtension>
        </extensions>
      </trkpt>
      <trkpt lat="48.1201585941016674041748046875" lon="-1.21158440597355365753173828125">
        <ele>108.8000030517578125</ele>
        <time>2026-09-24T16:22:09.000Z</time>
        <extensions>
          <ns3:TrackPointExtension>
            <ns3:atemp>30.0</ns3:atemp>
            <ns3:hr>141</ns3:hr>
            <ns3:cad>87</ns3:cad>
          </ns3:TrackPointExtension>
        </extensions>
      </trkpt>
      <trkpt lat="48.12015851028263568878173828125" lon="-1.21156797744333744049072265625">
        <ele>109</ele>
        <time>2026-09-24T16:22:10.000Z</time>
        <extensions>
          <ns3:TrackPointExtension>
            <ns3:atemp>30.0</ns3:atemp>
            <ns3:hr>141</ns3:hr>
            <ns3:cad>87</ns3:cad>
          </ns3:TrackPointExtension>
        </extensions>
      </trkpt>
      <trkpt lat="48.12015918083488941192626953125" lon="-1.21155289001762866973876953125">
        <ele>109.1999969482421875</ele>
        <time>2026-09-24T16:22:11.000Z</time>
        <extensions>
          <ns3:TrackPointExtension>
            <ns3:atemp>30.0</ns3:atemp>
            <ns3:hr>141</ns3:hr>
            <ns3:cad>0</ns3:cad>
          </ns3:TrackPointExtension>
        </extensions>
      </trkpt>
      <trkpt lat="48.12016270123422145843505859375" lon="-1.21153570711612701416015625">
        <ele>109</ele>
        <time>2026-09-24T16:22:12.000Z</time>
        <extensions>
          <ns3:TrackPointExtension>
            <ns3:atemp>30.0</ns3:atemp>
            <ns3:hr>142</ns3:hr>
            <ns3:cad>0</ns3:cad>
          </ns3:TrackPointExtension>
        </extensions>
      </trkpt>
      <trkpt lat="48.12016504816710948944091796875" lon="-1.21152422390878200531005859375">
        <ele>109</ele>
        <time>2026-09-24T16:22:13.000Z</time>
        <extensions>
          <ns3:TrackPointExtension>
            <ns3:atemp>30.0</ns3:atemp>
            <ns3:hr>144</ns3:hr>
            <ns3:cad>0</ns3:cad>
          </ns3:TrackPointExtension>
        </extensions>
      </trkpt>
      <trkpt lat="48.12016689218580722808837890625" lon="-1.2115120701491832733154296875">
        <ele>108.8000030517578125</ele>
        <time>2026-09-24T16:22:14.000Z</time>
        <extensions>
          <ns3:TrackPointExtension>
            <ns3:atemp>32.0</ns3:atemp>
            <ns3:hr>144</ns3:hr>
            <ns3:cad>0</ns3:cad>
          </ns3:TrackPointExtension>
        </extensions>
      </trkpt>
      <trkpt lat="48.12017016112804412841796875" lon="-1.21150058694183826446533203125">
        <ele>108.8000030517578125</ele>
        <time>2026-09-24T16:22:15.000Z</time>
        <extensions>
          <ns3:TrackPointExtension>
            <ns3:atemp>30.0</ns3:atemp>
            <ns3:hr>144</ns3:hr>
            <ns3:cad>0</ns3:cad>
          </ns3:TrackPointExtension>
        </extensions>
      </trkpt>
      <trkpt lat="48.120172508060932159423828125" lon="-1.21149145066738128662109375">
        <ele>108.8000030517578125</ele>
        <time>2026-09-24T16:22:16.000Z</time>
        <extensions>
          <ns3:TrackPointExtension>
            <ns3:atemp>30.0</ns3:atemp>
            <ns3:hr>145</ns3:hr>
            <ns3:cad>0</ns3:cad>
          </ns3:TrackPointExtension>
        </extensions>
      </trkpt>
      <trkpt lat="48.1201783753931522369384765625" lon="-1.21147359721362590789794921875">
        <ele>108.59999847412109375</ele>
        <time>2026-09-24T16:22:17.000Z</time>
        <extensions>
          <ns3:TrackPointExtension>
            <ns3:atemp>30.0</ns3:atemp>
            <ns3:hr>145</ns3:hr>
            <ns3:cad>0</ns3:cad>
          </ns3:TrackPointExtension>
        </extensions>
      </trkpt>
      <trkpt lat="48.12018365599215030670166015625" lon="-1.21145725250244140625">
        <ele>108.59999847412109375</ele>
        <time>2026-09-24T16:22:18.000Z</time>
        <extensions>
          <ns3:TrackPointExtension>
            <ns3:atemp>30.0</ns3:atemp>
            <ns3:hr>145</ns3:hr>
            <ns3:cad>0</ns3:cad>
          </ns3:TrackPointExtension>
        </extensions>
      </trkpt>
      <trkpt lat="48.120189942419528961181640625" lon="-1.21144945733249187469482421875">
        <ele>108.59999847412109375</ele>
        <time>2026-09-24T16:22:19.000Z</time>
        <extensions>
          <ns3:TrackPointExtension>
            <ns3:atemp>30.0</ns3:atemp>
            <ns3:hr>145</ns3:hr>
            <ns3:cad>0</ns3:cad>
          </ns3:TrackPointExtension>
        </extensions>
      </trkpt>
      <trkpt lat="48.12020142562687397003173828125" lon="-1.21143269352614879608154296875">
        <ele>108.40000152587890625</ele>
        <time>2026-09-24T16:22:20.000Z</time>
        <extensions>
          <ns3:TrackPointExtension>
            <ns3:atemp>30.0</ns3:atemp>
            <ns3:hr>145</ns3:hr>
            <ns3:cad>0</ns3:cad>
          </ns3:TrackPointExtension>
        </extensions>
      </trkpt>
      <trkpt lat="48.12021064572036266326904296875" lon="-1.21142867021262645721435546875">
        <ele>108.40000152587890625</ele>
        <time>2026-09-24T16:22:21.000Z</time>
        <extensions>
          <ns3:TrackPointExtension>
            <ns3:atemp>30.0</ns3:atemp>
            <ns3:hr>144</ns3:hr>
            <ns3:cad>0</ns3:cad>
          </ns3:TrackPointExtension>
        </extensions>
      </trkpt>
      <trkpt lat="48.12021450139582157135009765625" lon="-1.2114205397665500640869140625">
        <ele>108.40000152587890625</ele>
        <time>2026-09-24T16:22:22.000Z</time>
        <extensions>
          <ns3:TrackPointExtension>
            <ns3:atemp>30.0</ns3:atemp>
            <ns3:hr>144</ns3:hr>
            <ns3:cad>59</ns3:cad>
          </ns3:TrackPointExtension>
        </extensions>
      </trkpt>
      <trkpt lat="48.12021617777645587921142578125" lon="-1.2114004231989383697509765625">
        <ele>108.40000152587890625</ele>
        <time>2026-09-24T16:22:23.000Z</time>
        <extensions>
          <ns3:TrackPointExtension>
            <ns3:atemp>30.0</ns3:atemp>
            <ns3:hr>144</ns3:hr>
            <ns3:cad>59</ns3:cad>
          </ns3:TrackPointExtension>
        </extensions>
      </trkpt>
      <trkpt lat="48.1202239729464054107666015625" lon="-1.21138424612581729888916015625">
        <ele>108.40000152587890625</ele>
        <time>2026-09-24T16:22:24.000Z</time>
        <extensions>
          <ns3:TrackPointExtension>
            <ns3:atemp>30.0</ns3:atemp>
            <ns3:hr>144</ns3:hr>
            <ns3:cad>59</ns3:cad>
          </ns3:TrackPointExtension>
        </extensions>
      </trkpt>
      <trkpt lat="48.120237886905670166015625" lon="-1.2113645486533641815185546875">
        <ele>108.40000152587890625</ele>
        <time>2026-09-24T16:22:25.000Z</time>
        <extensions>
          <ns3:TrackPointExtension>
            <ns3:atemp>30.0</ns3:atemp>
            <ns3:hr>144</ns3:hr>
            <ns3:cad>59</ns3:cad>
          </ns3:TrackPointExtension>
        </extensions>
      </trkpt>
      <trkpt lat="48.1202484481036663055419921875" lon="-1.2113464437425136566162109375">
        <ele>108.40000152587890625</ele>
        <time>2026-09-24T16:22:26.000Z</time>
        <extensions>
          <ns3:TrackPointExtension>
            <ns3:atemp>30.0</ns3:atemp>
            <ns3:hr>143</ns3:hr>
            <ns3:cad>58</ns3:cad>
          </ns3:TrackPointExtension>
        </extensions>
      </trkpt>
      <trkpt lat="48.120261020958423614501953125" lon="-1.21132574044167995452880859375">
        <ele>108.40000152587890625</ele>
        <time>2026-09-24T16:22:27.000Z</time>
        <extensions>
          <ns3:TrackPointExtension>
            <ns3:atemp>30.0</ns3:atemp>
            <ns3:hr>143</ns3:hr>
            <ns3:cad>58</ns3:cad>
          </ns3:TrackPointExtension>
        </extensions>
      </trkpt>
      <trkpt lat="48.12027250416576862335205078125" lon="-1.2113179452717304229736328125">
        <ele>108.40000152587890625</ele>
        <time>2026-09-24T16:22:28.000Z</time>
        <extensions>
          <ns3:TrackPointExtension>
            <ns3:atemp>30.0</ns3:atemp>
            <ns3:hr>143</ns3:hr>
            <ns3:cad>58</ns3:cad>
          </ns3:TrackPointExtension>
        </extensions>
      </trkpt>
      <trkpt lat="48.12028289772570133209228515625" lon="-1.2113098986446857452392578125">
        <ele>108.40000152587890625</ele>
        <time>2026-09-24T16:22:29.000Z</time>
        <extensions>
          <ns3:TrackPointExtension>
            <ns3:atemp>30.0</ns3:atemp>
            <ns3:hr>143</ns3:hr>
            <ns3:cad>58</ns3:cad>
          </ns3:TrackPointExtension>
        </extensions>
      </trkpt>
      <trkpt lat="48.1202967278659343719482421875" lon="-1.21130730025470256805419921875">
        <ele>108.40000152587890625</ele>
        <time>2026-09-24T16:22:30.000Z</time>
        <extensions>
          <ns3:TrackPointExtension>
            <ns3:atemp>30.0</ns3:atemp>
            <ns3:hr>143</ns3:hr>
            <ns3:cad>58</ns3:cad>
          </ns3:TrackPointExtension>
        </extensions>
      </trkpt>
      <trkpt lat="48.12030988745391368865966796875" lon="-1.2113068811595439910888671875">
        <ele>108.40000152587890625</ele>
        <time>2026-09-24T16:22:31.000Z</time>
        <extensions>
          <ns3:TrackPointExtension>
            <ns3:atemp>30.0</ns3:atemp>
            <ns3:hr>143</ns3:hr>
            <ns3:cad>59</ns3:cad>
          </ns3:TrackPointExtension>
        </extensions>
      </trkpt>
      <trkpt lat="48.1203223764896392822265625" lon="-1.2113098986446857452392578125">
        <ele>108.40000152587890625</ele>
        <time>2026-09-24T16:22:32.000Z</time>
        <extensions>
          <ns3:TrackPointExtension>
            <ns3:atemp>30.0</ns3:atemp>
            <ns3:hr>142</ns3:hr>
            <ns3:cad>59</ns3:cad>
          </ns3:TrackPointExtension>
        </extensions>
      </trkpt>
      <trkpt lat="48.120335452258586883544921875" lon="-1.21131333522498607635498046875">
        <ele>108.59999847412109375</ele>
        <time>2026-09-24T16:22:33.000Z</time>
        <extensions>
          <ns3:TrackPointExtension>
            <ns3:atemp>30.0</ns3:atemp>
            <ns3:hr>142</ns3:hr>
            <ns3:cad>0</ns3:cad>
          </ns3:TrackPointExtension>
        </extensions>
      </trkpt>
      <trkpt lat="48.1203465163707733154296875" lon="-1.21131752617657184600830078125">
        <ele>108.59999847412109375</ele>
        <time>2026-09-24T16:22:34.000Z</time>
        <extensions>
          <ns3:TrackPointExtension>
            <ns3:atemp>30.0</ns3:atemp>
            <ns3:hr>142</ns3:hr>
            <ns3:cad>52</ns3:cad>
          </ns3:TrackPointExtension>
        </extensions>
      </trkpt>
      <trkpt lat="48.12035934068262577056884765625" lon="-1.211322136223316192626953125">
        <ele>108.8000030517578125</ele>
        <time>2026-09-24T16:22:35.000Z</time>
        <extensions>
          <ns3:TrackPointExtension>
            <ns3:atemp>30.0</ns3:atemp>
            <ns3:hr>142</ns3:hr>
            <ns3:cad>52</ns3:cad>
          </ns3:TrackPointExtension>
        </extensions>
      </trkpt>
      <trkpt lat="48.12037132680416107177734375" lon="-1.211326159536838531494140625">
        <ele>108.8000030517578125</ele>
        <time>2026-09-24T16:22:36.000Z</time>
        <extensions>
          <ns3:TrackPointExtension>
            <ns3:atemp>30.0</ns3:atemp>
            <ns3:hr>142</ns3:hr>
            <ns3:cad>54</ns3:cad>
          </ns3:TrackPointExtension>
        </extensions>
      </trkpt>
      <trkpt lat="48.12038616277277469635009765625" lon="-1.2113316915929317474365234375">
        <ele>109</ele>
        <time>2026-09-24T16:22:37.000Z</time>
        <extensions>
          <ns3:TrackPointExtension>
            <ns3:atemp>30.0</ns3:atemp>
            <ns3:hr>141</ns3:hr>
            <ns3:cad>55</ns3:cad>
          </ns3:TrackPointExtension>
        </extensions>
      </trkpt>
      <trkpt lat="48.1203993223607540130615234375" lon="-1.21133395470678806304931640625">
        <ele>109</ele>
        <time>2026-09-24T16:22:38.000Z</time>
        <extensions>
          <ns3:TrackPointExtension>
            <ns3:atemp>30.0</ns3:atemp>
            <ns3:hr>142</ns3:hr>
            <ns3:cad>55</ns3:cad>
          </ns3:TrackPointExtension>
        </extensions>
      </trkpt>
      <trkpt lat="48.12041155993938446044921875" lon="-1.21133579872548580169677734375">
        <ele>109</ele>
        <time>2026-09-24T16:22:39.000Z</time>
        <extensions>
          <ns3:TrackPointExtension>
            <ns3:atemp>30.0</ns3:atemp>
            <ns3:hr>142</ns3:hr>
            <ns3:cad>56</ns3:cad>
          </ns3:TrackPointExtension>
        </extensions>
      </trkpt>
      <trkpt lat="48.120420277118682861328125" lon="-1.21133428998291492462158203125">
        <ele>109</ele>
        <time>2026-09-24T16:22:40.000Z</time>
        <extensions>
          <ns3:TrackPointExtension>
            <ns3:atemp>30.0</ns3:atemp>
            <ns3:hr>141</ns3:hr>
            <ns3:cad>60</ns3:cad>
          </ns3:TrackPointExtension>
        </extensions>
      </trkpt>
      <trkpt lat="48.12043326906859874725341796875" lon="-1.21133361943066120147705078125">
        <ele>109</ele>
        <time>2026-09-24T16:22:41.000Z</time>
        <extensions>
          <ns3:TrackPointExtension>
            <ns3:atemp>30.0</ns3:atemp>
            <ns3:hr>141</ns3:hr>
            <ns3:cad>60</ns3:cad>
          </ns3:TrackPointExtension>
        </extensions>
      </trkpt>
      <trkpt lat="48.120448105037212371826171875" lon="-1.21132926084101200103759765625">
        <ele>109</ele>
        <time>2026-09-24T16:22:42.000Z</time>
        <extensions>
          <ns3:TrackPointExtension>
            <ns3:atemp>30.0</ns3:atemp>
            <ns3:hr>141</ns3:hr>
            <ns3:cad>60</ns3:cad>
          </ns3:TrackPointExtension>
        </extensions>
      </trkpt>
      <trkpt lat="48.12046159990131855010986328125" lon="-1.2113316915929317474365234375">
        <ele>109</ele>
        <time>2026-09-24T16:22:43.000Z</time>
        <extensions>
          <ns3:TrackPointExtension>
            <ns3:atemp>30.0</ns3:atemp>
            <ns3:hr>140</ns3:hr>
            <ns3:cad>57</ns3:cad>
          </ns3:TrackPointExtension>
        </extensions>
      </trkpt>
      <trkpt lat="48.12047635205090045928955078125" lon="-1.21133387088775634765625">
        <ele>108.8000030517578125</ele>
        <time>2026-09-24T16:22:44.000Z</time>
        <extensions>
          <ns3:TrackPointExtension>
            <ns3:atemp>30.0</ns3:atemp>
            <ns3:hr>140</ns3:hr>
            <ns3:cad>57</ns3:cad>
          </ns3:TrackPointExtension>
        </extensions>
      </trkpt>
      <trkpt lat="48.12048800289630889892578125" lon="-1.21133781038224697113037109375">
        <ele>108.8000030517578125</ele>
        <time>2026-09-24T16:22:45.000Z</time>
        <extensions>
          <ns3:TrackPointExtension>
            <ns3:atemp>30.0</ns3:atemp>
            <ns3:hr>140</ns3:hr>
            <ns3:cad>57</ns3:cad>
          </ns3:TrackPointExtension>
        </extensions>
      </trkpt>
      <trkpt lat="48.1205015815794467926025390625" lon="-1.211342252790927886962890625">
        <ele>108.8000030517578125</ele>
        <time>2026-09-24T16:22:46.000Z</time>
        <extensions>
          <ns3:TrackPointExtension>
            <ns3:atemp>30.0</ns3:atemp>
            <ns3:hr>140</ns3:hr>
            <ns3:cad>60</ns3:cad>
          </ns3:TrackPointExtension>
        </extensions>
      </trkpt>
      <trkpt lat="48.1205250509083271026611328125" lon="-1.2113521434366703033447265625">
        <ele>109</ele>
        <time>2026-09-24T16:22:49.000Z</time>
        <extensions>
          <ns3:TrackPointExtension>
            <ns3:atemp>30.0</ns3:atemp>
            <ns3:hr>139</ns3:hr>
            <ns3:cad>0</ns3:cad>
          </ns3:TrackPointExtension>
        </extensions>
      </trkpt>
      <trkpt lat="48.12053049914538860321044921875" lon="-1.21135692112147808074951171875">
        <ele>109.1999969482421875</ele>
        <time>2026-09-24T16:22:50.000Z</time>
        <extensions>
          <ns3:TrackPointExtension>
            <ns3:atemp>30.0</ns3:atemp>
            <ns3:hr>139</ns3:hr>
            <ns3:cad>0</ns3:cad>
          </ns3:TrackPointExtension>
        </extensions>
      </trkpt>
    </trkseg>
  </trk>
</gpx>
