<?xml version="1.0" encoding="UTF-8"?>
<gpx creator="Garmin Connect" version="1.1"
  xsi:schemaLocation="http://www.topografix.com/GPX/1/1 http://www.topografix.com/GPX/11.xsd"
  xmlns:ns3="http://www.garmin.com/xmlschemas/TrackPointExtension/v1"
  xmlns="http://www.topografix.com/GPX/1/1"
  xmlns:xsi="http://www.w3.org/2001/XMLSchema-instance" xmlns:ns2="http://www.garmin.com/xmlschemas/GpxExtensions/v3">
  <metadata>
    <link href="connect.garmin.com">
      <text>Garmin Connect</text>
    </link>
    <time>2026-06-08T07:49:52.000Z</time>
  </metadata>
  <trk>
    <name>Vitré Cyclisme</name>
    <type>cycling</type>
    <trkseg>
      <trkpt lat="48.1191406957805156707763671875" lon="-1.21286566369235515594482421875">
        <ele>110.40000152587890625</ele>
        <time>2026-06-08T07:49:52.000Z</time>
        <extensions>
          <ns3:TrackPointExtension>
            <ns3:atemp>22.0</ns3:atemp>
            <ns3:hr>44</ns3:hr>
          </ns3:TrackPointExtension>
        </extensions>
      </trkpt>
      <trkpt lat="48.1191534362733364105224609375" lon="-1.2128685973584651947021484375">
        <ele>110.40000152587890625</ele>
        <time>2026-06-08T07:49:53.000Z</time>
        <extensions>
          <ns3:TrackPointExtension>
            <ns3:atemp>22.0</ns3:atemp>
            <ns3:hr>44</ns3:hr>
          </ns3:TrackPointExtension>
        </extensions>
      </trkpt>
      <trkpt lat="48.11918981373310089111328125" lon="-1.21287002228200435638427734375">
        <ele>110.59999847412109375</ele>
        <time>2026-06-08T07:49:59.000Z</time>
        <extensions>
          <ns3:TrackPointExtension>
            <ns3:atemp>22.0</ns3:atemp>
            <ns3:hr>44</ns3:hr>
          </ns3:TrackPointExtension>
        </extensions>
      </trkpt>
      <trkpt lat="48.11923633329570293426513671875" lon="-1.2128618918359279632568359375">
        <ele>110.8000030517578125</ele>
        <time>2026-06-08T07:50:01.000Z</time>
        <extensions>
          <ns3:TrackPointExtension>
            <ns3:atemp>22.0</ns3:atemp>
            <ns3:hr>44</ns3:hr>
          </ns3:TrackPointExtension>
        </extensions>
      </trkpt>
      <trkpt lat="48.11929953284561634063720703125" lon="-1.21288728900253772735595703125">
        <ele>111</ele>
        <time>2026-06-08T07:50:04.000Z</time>
        <extensions>
          <ns3:TrackPointExtension>
            <ns3:atemp>22.0</ns3:atemp>
            <ns3:hr>47</ns3:hr>
          </ns3:TrackPointExtension>
        </extensions>
      </trkpt>
      <trkpt lat="48.1193398497998714447021484375" lon="-1.21290187351405620574951171875">
        <ele>111.1999969482421875</ele>
        <time>2026-06-08T07:50:06.000Z</time>
        <extensions>
          <ns3:TrackPointExtension>
            <ns3:atemp>22.0</ns3:atemp>
            <ns3:hr>49</ns3:hr>
          </ns3:TrackPointExtension>
        </extensions>
      </trkpt>
      <trkpt lat="48.119380585849285125732421875" lon="-1.2129177153110504150390625">
        <ele>111.40000152587890625</ele>
        <time>2026-06-08T07:50:11.000Z</time>
        <extensions>
          <ns3:TrackPointExtension>
            <ns3:atemp>22.0</ns3:atemp>
            <ns3:hr>50</ns3:hr>
          </ns3:TrackPointExtension>
        </extensions>
      </trkpt>
      <trkpt lat="48.11938050203025341033935546875" lon="-1.212917380034923553466796875">
        <ele>111.40000152587890625</ele>
        <time>2026-06-08T07:50:12.000Z</time>
        <extensions>
          <ns3:TrackPointExtension>
            <ns3:atemp>22.0</ns3:atemp>
            <ns3:hr>52</ns3:hr>
          </ns3:TrackPointExtension>
        </extensions>
      </trkpt>
      <trkpt lat="48.11951997689902782440185546875" lon="-1.212925426661968231201171875">
        <ele>112</ele>
        <time>2026-06-08T07:51:18.000Z</time>
        <extensions>
          <ns3:TrackPointExtension>
            <ns3:atemp>22.0</ns3:atemp>
            <ns3:hr>96</ns3:hr>
          </ns3:TrackPointExtension>
        </extensions>
      </trkpt>
      <trkpt lat="48.119545541703701019287109375" lon="-1.21293556876480579376220703125">
        <ele>112</ele>
        <time>2026-06-08T07:51:19.000Z</time>
        <extensions>
          <ns3:TrackPointExtension>
            <ns3:atemp>22.0</ns3:atemp>
            <ns3:hr>96</ns3:hr>
          </ns3:TrackPointExtension>
        </extensions>
      </trkpt>
      <trkpt lat="48.11956825666129589080810546875" lon="-1.2129445374011993408203125">
        <ele>112</ele>
        <time>2026-06-08T07:51:20.000Z</time>
        <extensions>
          <ns3:TrackPointExtension>
            <ns3:atemp>22.0</ns3:atemp>
            <ns3:hr>96</ns3:hr>
          </ns3:TrackPointExtension>
        </extensions>
      </trkpt>
      <trkpt lat="48.1196486391127109527587890625" lon="-1.21295727789402008056640625">
        <ele>112.1999969482421875</ele>
        <time>2026-06-08T07:51:25.000Z</time>
        <extensions>
          <ns3:TrackPointExtension>
            <ns3:atemp>22.0</ns3:atemp>
            <ns3:hr>97</ns3:hr>
          </ns3:TrackPointExtension>
        </extensions>
      </trkpt>
      <trkpt lat="48.11969465576112270355224609375" lon="-1.2128129415214061737060546875">
        <ele>112</ele>
        <time>2026-06-08T07:51:28.000Z</time>
        <extensions>
          <ns3:TrackPointExtension>
            <ns3:atemp>22.0</ns3:atemp>
            <ns3:hr>95</ns3:hr>
          </ns3:TrackPointExtension>
        </extensions>
      </trkpt>
      <trkpt lat="48.11981803737580776214599609375" lon="-1.2124106101691722869873046875">
        <ele>112.1999969482421875</ele>
        <time>2026-06-08T07:51:36.000Z</time>
        <extensions>
          <ns3:TrackPointExtension>
            <ns3:atemp>22.0</ns3:atemp>
            <ns3:hr>93</ns3:hr>
          </ns3:TrackPointExtension>
        </extensions>
      </trkpt>
      <trkpt lat="48.119905628263950347900390625" lon="-1.21213442645967006683349609375">
        <ele>112.40000152587890625</ele>
        <time>2026-06-08T07:51:42.000Z</time>
        <extensions>
          <ns3:TrackPointExtension>
            <ns3:atemp>22.0</ns3:atemp>
            <ns3:hr>93</ns3:hr>
          </ns3:TrackPointExtension>
        </extensions>
      </trkpt>
      <trkpt lat="48.11995415948331356048583984375" lon="-1.21198229491710662841796875">
        <ele>112</ele>
        <time>2026-06-08T07:51:45.000Z</time>
        <extensions>
          <ns3:TrackPointExtension>
            <ns3:atemp>22.0</ns3:atemp>
            <ns3:hr>96</ns3:hr>
          </ns3:TrackPointExtension>
        </extensions>
      </trkpt>
      <trkpt lat="48.11997109092772006988525390625" lon="-1.21193242259323596954345703125">
        <ele>112</ele>
        <time>2026-06-08T07:51:46.000Z</time>
        <extensions>
          <ns3:TrackPointExtension>
            <ns3:atemp>22.0</ns3:atemp>
            <ns3:hr>100</ns3:hr>
          </ns3:TrackPointExtension>
        </extensions>
      </trkpt>
      <trkpt lat="48.12003630213439464569091796875" lon="-1.2117293290793895721435546875">
        <ele>111.59999847412109375</ele>
        <time>2026-06-08T07:51:50.000Z</time>
        <extensions>
          <ns3:TrackPointExtension>
            <ns3:atemp>22.0</ns3:atemp>
            <ns3:hr>103</ns3:hr>
          </ns3:TrackPointExtension>
        </extensions>
      </trkpt>
      <trkpt lat="48.12005826272070407867431640625" lon="-1.211664117872714996337890625">
        <ele>111.40000152587890625</ele>
        <time>2026-06-08T07:51:51.000Z</time>
        <extensions>
          <ns3:TrackPointExtension>
            <ns3:atemp>22.0</ns3:atemp>
            <ns3:hr>104</ns3:hr>
          </ns3:TrackPointExtension>
        </extensions>
      </trkpt>
      <trkpt lat="48.12009179033339023590087890625" lon="-1.2116143293678760528564453125">
        <ele>111.40000152587890625</ele>
        <time>2026-06-08T07:51:52.000Z</time>
        <extensions>
          <ns3:TrackPointExtension>
            <ns3:atemp>22.0</ns3:atemp>
            <ns3:hr>105</ns3:hr>
          </ns3:TrackPointExtension>
        </extensions>
      </trkpt>
      <trkpt lat="48.12019027769565582275390625" lon="-1.2116156704723834991455078125">
        <ele>111.1999969482421875</ele>
        <time>2026-06-08T07:51:54.000Z</time>
        <extensions>
          <ns3:TrackPointExtension>
            <ns3:atemp>22.0</ns3:atemp>
            <ns3:hr>106</ns3:hr>
          </ns3:TrackPointExtension>
        </extensions>
      </trkpt>
      <trkpt lat="48.1202360428869724273681640625" lon="-1.21163100935518741607666015625">
        <ele>111</ele>
        <time>2026-06-08T07:51:55.000Z</time>
        <extensions>
          <ns3:TrackPointExtension>
            <ns3:atemp>22.0</ns3:atemp>
            <ns3:hr>107</ns3:hr>
          </ns3:TrackPointExtension>
        </extensions>
      </trkpt>
      <trkpt lat="48.120282478630542755126953125" lon="-1.21164559386670589447021484375">
        <ele>110.8000030517578125</ele>
        <time>2026-06-08T07:51:56.000Z</time>
        <extensions>
          <ns3:TrackPointExtension>
            <ns3:atemp>22.0</ns3:atemp>
            <ns3:hr>113</ns3:hr>
          </ns3:TrackPointExtension>
        </extensions>
      </trkpt>
      <trkpt lat="48.1203312613070011138916015625" lon="-1.21165850199759006500244140625">
        <ele>110.59999847412109375</ele>
        <time>2026-06-08T07:51:57.000Z</time>
        <extensions>
          <ns3:TrackPointExtension>
            <ns3:atemp>22.0</ns3:atemp>
            <ns3:hr>118</ns3:hr>
          </ns3:TrackPointExtension>
        </extensions>
      </trkpt>
      <trkpt lat="48.12037996016442775726318359375" lon="-1.2116790376603603363037109375">
        <ele>110.40000152587890625</ele>
        <time>2026-06-08T07:51:58.000Z</time>
        <extensions>
          <ns3:TrackPointExtension>
            <ns3:atemp>22.0</ns3:atemp>
            <ns3:hr>118</ns3:hr>
          </ns3:TrackPointExtension>
        </extensions>
      </trkpt>
      <trkpt lat="48.12042974866926670074462890625" lon="-1.2116919457912445068359375">
        <ele>110</ele>
        <time>2026-06-08T07:51:59.000Z</time>
        <extensions>
          <ns3:TrackPointExtension>
            <ns3:atemp>22.0</ns3:atemp>
            <ns3:hr>118</ns3:hr>
          </ns3:TrackPointExtension>
        </extensions>
      </trkpt>
      <trkpt lat="48.12047350220382213592529296875" lon="-1.21171097271144390106201171875">
        <ele>109.8000030517578125</ele>
        <time>2026-06-08T07:52:00.000Z</time>
        <extensions>
          <ns3:TrackPointExtension>
            <ns3:atemp>22.0</ns3:atemp>
            <ns3:hr>117</ns3:hr>
          </ns3:TrackPointExtension>
        </extensions>
      </trkpt>
      <trkpt lat="48.1205709837377071380615234375" lon="-1.211727149784564971923828125">
        <ele>109</ele>
        <time>2026-06-08T07:52:02.000Z</time>
        <extensions>
          <ns3:TrackPointExtension>
            <ns3:atemp>22.0</ns3:atemp>
            <ns3:hr>117</ns3:hr>
          </ns3:TrackPointExtension>
        </extensions>
      </trkpt>
      <trkpt lat="48.12061917968094348907470703125" lon="-1.211725138127803802490234375">
        <ele>108.59999847412109375</ele>
        <time>2026-06-08T07:52:03.000Z</time>
        <extensions>
          <ns3:TrackPointExtension>
            <ns3:atemp>22.0</ns3:atemp>
            <ns3:hr>117</ns3:hr>
          </ns3:TrackPointExtension>
        </extensions>
      </trkpt>
      <trkpt lat="48.12072596512734889984130859375" lon="-1.21172991581261157989501953125">
        <ele>107.8000030517578125</ele>
        <time>2026-06-08T07:52:05.000Z</time>
        <extensions>
          <ns3:TrackPointExtension>
            <ns3:atemp>22.0</ns3:atemp>
            <ns3:hr>115</ns3:hr>
          </ns3:TrackPointExtension>
        </extensions>
      </trkpt>
      <trkpt lat="48.1207882426679134368896484375" lon="-1.2117286585271358489990234375">
        <ele>107.40000152587890625</ele>
        <time>2026-06-08T07:52:06.000Z</time>
        <extensions>
          <ns3:TrackPointExtension>
            <ns3:atemp>22.0</ns3:atemp>
            <ns3:hr>114</ns3:hr>
          </ns3:TrackPointExtension>
        </extensions>
      </trkpt>
      <trkpt lat="48.12092880718410015106201171875" lon="-1.21171114034950733184814453125">
        <ele>106.1999969482421875</ele>
        <time>2026-06-08T07:52:08.000Z</time>
        <extensions>
          <ns3:TrackPointExtension>
            <ns3:atemp>22.0</ns3:atemp>
            <ns3:hr>109</ns3:hr>
          </ns3:TrackPointExtension>
        </extensions>
      </trkpt>
      <trkpt lat="48.12099703587591648101806640625" lon="-1.21169152669608592987060546875">
        <ele>105.59999847412109375</ele>
        <time>2026-06-08T07:52:09.000Z</time>
        <extensions>
          <ns3:TrackPointExtension>
            <ns3:atemp>22.0</ns3:atemp>
            <ns3:hr>106</ns3:hr>
          </ns3:TrackPointExtension>
        </extensions>
      </trkpt>
      <trkpt lat="48.1210604868829250335693359375" lon="-1.21167409233748912811279296875">
        <ele>105</ele>
        <time>2026-06-08T07:52:10.000Z</time>
        <extensions>
          <ns3:TrackPointExtension>
            <ns3:atemp>22.0</ns3:atemp>
            <ns3:hr>103</ns3:hr>
          </ns3:TrackPointExtension>
        </extensions>
      </trkpt>
      <trkpt lat="48.12119032256305217742919921875" lon="-1.2116463482379913330078125">
        <ele>103.8000030517578125</ele>
        <time>2026-06-08T07:52:12.000Z</time>
        <extensions>
          <ns3:TrackPointExtension>
            <ns3:atemp>22.0</ns3:atemp>
            <ns3:hr>102</ns3:hr>
          </ns3:TrackPointExtension>
        </extensions>
      </trkpt>
      <trkpt lat="48.1213870458304882049560546875" lon="-1.2116036005318164825439453125">
        <ele>102.8000030517578125</ele>
        <time>2026-06-08T07:52:15.000Z</time>
        <extensions>
          <ns3:TrackPointExtension>
            <ns3:atemp>22.0</ns3:atemp>
            <ns3:hr>102</ns3:hr>
          </ns3:TrackPointExtension>
        </extensions>
      </trkpt>
      <trkpt lat="48.12159449793398380279541015625" lon="-1.2115529738366603851318359375">
        <ele>101.59999847412109375</ele>
        <time>2026-06-08T07:52:19.000Z</time>
        <extensions>
          <ns3:TrackPointExtension>
            <ns3:atemp>22.0</ns3:atemp>
            <ns3:hr>101</ns3:hr>
          </ns3:TrackPointExtension>
        </extensions>
      </trkpt>
      <trkpt lat="48.12179080210626125335693359375" lon="-1.21150511316955089569091796875">
        <ele>100.40000152587890625</ele>
        <time>2026-06-08T07:52:23.000Z</time>
        <extensions>
          <ns3:TrackPointExtension>
            <ns3:atemp>22.0</ns3:atemp>
            <ns3:hr>102</ns3:hr>
          </ns3:TrackPointExtension>
        </extensions>
      </trkpt>
      <trkpt lat="48.12184117734432220458984375" lon="-1.2115036882460117340087890625">
        <ele>100.1999969482421875</ele>
        <time>2026-06-08T07:52:24.000Z</time>
        <extensions>
          <ns3:TrackPointExtension>
            <ns3:atemp>22.0</ns3:atemp>
            <ns3:hr>102</ns3:hr>
          </ns3:TrackPointExtension>
        </extensions>
      </trkpt>
      <trkpt lat="48.1219523213803768157958984375" lon="-1.21148549951612949371337890625">
        <ele>99.40000152587890625</ele>
        <time>2026-06-08T07:52:26.000Z</time>
        <extensions>
          <ns3:TrackPointExtension>
            <ns3:atemp>22.0</ns3:atemp>
            <ns3:hr>104</ns3:hr>
          </ns3:TrackPointExtension>
        </extensions>
      </trkpt>
      <trkpt lat="48.12209825031459331512451171875" lon="-1.2114634551107883453369140625">
        <ele>98</ele>
        <time>2026-06-08T07:52:29.000Z</time>
        <extensions>
          <ns3:TrackPointExtension>
            <ns3:atemp>22.0</ns3:atemp>
            <ns3:hr>105</ns3:hr>
          </ns3:TrackPointExtension>
        </extensions>
      </trkpt>
      <trkpt lat="48.12214435078203678131103515625" lon="-1.21145331300795078277587890625">
        <ele>97.59999847412109375</ele>
        <time>2026-06-08T07:52:30.000Z</time>
        <extensions>
          <ns3:TrackPointExtension>
            <ns3:atemp>22.0</ns3:atemp>
            <ns3:hr>105</ns3:hr>
          </ns3:TrackPointExtension>
        </extensions>
      </trkpt>
      <trkpt lat="48.122182823717594146728515625" lon="-1.211436800658702850341796875">
        <ele>97.1999969482421875</ele>
        <time>2026-06-08T07:52:31.000Z</time>
        <extensions>
          <ns3:TrackPointExtension>
            <ns3:atemp>22.0</ns3:atemp>
            <ns3:hr>106</ns3:hr>
          </ns3:TrackPointExtension>
        </extensions>
      </trkpt>
      <trkpt lat="48.12219983898103237152099609375" lon="-1.21138843707740306854248046875">
        <ele>97</ele>
        <time>2026-06-08T07:52:32.000Z</time>
        <extensions>
          <ns3:TrackPointExtension>
            <ns3:atemp>22.0</ns3:atemp>
            <ns3:hr>105</ns3:hr>
          </ns3:TrackPointExtension>
        </extensions>
      </trkpt>
      <trkpt lat="48.1221957318484783172607421875" lon="-1.2113352119922637939453125">
        <ele>96.8000030517578125</ele>
        <time>2026-06-08T07:52:33.000Z</time>
        <extensions>
          <ns3:TrackPointExtension>
            <ns3:atemp>22.0</ns3:atemp>
            <ns3:hr>105</ns3:hr>
          </ns3:TrackPointExtension>
        </extensions>
      </trkpt>
      <trkpt lat="48.12219212763011455535888671875" lon="-1.211285255849361419677734375">
        <ele>96.8000030517578125</ele>
        <time>2026-06-08T07:52:34.000Z</time>
        <extensions>
          <ns3:TrackPointExtension>
            <ns3:atemp>22.0</ns3:atemp>
            <ns3:hr>105</ns3:hr>
          </ns3:TrackPointExtension>
        </extensions>
      </trkpt>
      <trkpt lat="48.1221784651279449462890625" lon="-1.2111037038266658782958984375">
        <ele>97.40000152587890625</ele>
        <time>2026-06-08T07:52:39.000Z</time>
        <extensions>
          <ns3:TrackPointExtension>
            <ns3:atemp>22.0</ns3:atemp>
            <ns3:hr>104</ns3:hr>
          </ns3:TrackPointExtension>
        </extensions>
      </trkpt>
      <trkpt lat="48.122164048254489898681640625" lon="-1.21097453869879245758056640625">
        <ele>97.8000030517578125</ele>
        <time>2026-06-08T07:52:43.000Z</time>
        <extensions>
          <ns3:TrackPointExtension>
            <ns3:atemp>22.0</ns3:atemp>
            <ns3:hr>101</ns3:hr>
          </ns3:TrackPointExtension>
        </extensions>
      </trkpt>
      <trkpt lat="48.122158683836460113525390625" lon="-1.21094117872416973114013671875">
        <ele>98</ele>
        <time>2026-06-08T07:52:44.000Z</time>
        <extensions>
          <ns3:TrackPointExtension>
            <ns3:atemp>22.0</ns3:atemp>
            <ns3:hr>100</ns3:hr>
          </ns3:TrackPointExtension>
        </extensions>
      </trkpt>
      <trkpt lat="48.122155331075191497802734375" lon="-1.2109089083969593048095703125">
        <ele>98</ele>
        <time>2026-06-08T07:52:45.000Z</time>
        <extensions>
          <ns3:TrackPointExtension>
            <ns3:atemp>22.0</ns3:atemp>
            <ns3:hr>99</ns3:hr>
          </ns3:TrackPointExtension>
        </extensions>
      </trkpt>
      <trkpt lat="48.12215222977101802825927734375" lon="-1.21084227226674556732177734375">
        <ele>98.1999969482421875</ele>
        <time>2026-06-08T07:52:47.000Z</time>
        <extensions>
          <ns3:TrackPointExtension>
            <ns3:atemp>22.0</ns3:atemp>
            <ns3:hr>96</ns3:hr>
          </ns3:TrackPointExtension>
        </extensions>
      </trkpt>
      <trkpt lat="48.12214602716267108917236328125" lon="-1.2107737921178340911865234375">
        <ele>98.40000152587890625</ele>
        <time>2026-06-08T07:52:49.000Z</time>
        <extensions>
          <ns3:TrackPointExtension>
            <ns3:atemp>22.0</ns3:atemp>
            <ns3:hr>92</ns3:hr>
          </ns3:TrackPointExtension>
        </extensions>
      </trkpt>
      <trkpt lat="48.12214083038270473480224609375" lon="-1.2106574513018131256103515625">
        <ele>98.8000030517578125</ele>
        <time>2026-06-08T07:52:52.000Z</time>
        <extensions>
          <ns3:TrackPointExtension>
            <ns3:atemp>22.0</ns3:atemp>
            <ns3:hr>92</ns3:hr>
          </ns3:TrackPointExtension>
        </extensions>
      </trkpt>
      <trkpt lat="48.12213781289756298065185546875" lon="-1.21061663143336772918701171875">
        <ele>99</ele>
        <time>2026-06-08T07:52:53.000Z</time>
        <extensions>
          <ns3:TrackPointExtension>
            <ns3:atemp>22.0</ns3:atemp>
            <ns3:hr>93</ns3:hr>
          </ns3:TrackPointExtension>
        </extensions>
      </trkpt>
      <trkpt lat="48.1221337057650089263916015625" lon="-1.21050682850182056427001953125">
        <ele>99.1999969482421875</ele>
        <time>2026-06-08T07:52:56.000Z</time>
        <extensions>
          <ns3:TrackPointExtension>
            <ns3:atemp>22.0</ns3:atemp>
            <ns3:hr>96</ns3:hr>
          </ns3:TrackPointExtension>
        </extensions>
      </trkpt>
      <trkpt lat="48.12212607823312282562255859375" lon="-1.2103496678173542022705078125">
        <ele>99.8000030517578125</ele>
        <time>2026-06-08T07:53:00.000Z</time>
        <extensions>
          <ns3:TrackPointExtension>
            <ns3:atemp>22.0</ns3:atemp>
            <ns3:hr>99</ns3:hr>
          </ns3:TrackPointExtension>
        </extensions>
      </trkpt>
      <trkpt lat="48.1221256591379642486572265625" lon="-1.210304237902164459228515625">
        <ele>100</ele>
        <time>2026-06-08T07:53:01.000Z</time>
        <extensions>
          <ns3:TrackPointExtension>
            <ns3:atemp>24.0</ns3:atemp>
            <ns3:hr>100</ns3:hr>
          </ns3:TrackPointExtension>
        </extensions>
      </trkpt>
      <trkpt lat="48.12212674878537654876708984375" lon="-1.21026274748146533966064453125">
        <ele>100</ele>
        <time>2026-06-08T07:53:02.000Z</time>
        <extensions>
          <ns3:TrackPointExtension>
            <ns3:atemp>22.0</ns3:atemp>
            <ns3:hr>101</ns3:hr>
          </ns3:TrackPointExtension>
        </extensions>
      </trkpt>
      <trkpt lat="48.12211601994931697845458984375" lon="-1.21008723042905330657958984375">
        <ele>100.8000030517578125</ele>
        <time>2026-06-08T07:53:07.000Z</time>
        <extensions>
          <ns3:TrackPointExtension>
            <ns3:atemp>22.0</ns3:atemp>
            <ns3:hr>104</ns3:hr>
          </ns3:TrackPointExtension>
        </extensions>
      </trkpt>
      <trkpt lat="48.1221167743206024169921875" lon="-1.2100717239081859588623046875">
        <ele>101</ele>
        <time>2026-06-08T07:53:08.000Z</time>
        <extensions>
          <ns3:TrackPointExtension>
            <ns3:atemp>22.0</ns3:atemp>
            <ns3:hr>104</ns3:hr>
          </ns3:TrackPointExtension>
        </extensions>
      </trkpt>
      <trkpt lat="48.12211853452026844024658203125" lon="-1.2100556306540966033935546875">
        <ele>101.1999969482421875</ele>
        <time>2026-06-08T07:53:09.000Z</time>
        <extensions>
          <ns3:TrackPointExtension>
            <ns3:atemp>22.0</ns3:atemp>
            <ns3:hr>104</ns3:hr>
          </ns3:TrackPointExtension>
        </extensions>
      </trkpt>
      <trkpt lat="48.12211451120674610137939453125" lon="-1.2100251205265522003173828125">
        <ele>101.59999847412109375</ele>
        <time>2026-06-08T07:53:13.000Z</time>
        <extensions>
          <ns3:TrackPointExtension>
            <ns3:atemp>22.0</ns3:atemp>
            <ns3:hr>105</ns3:hr>
          </ns3:TrackPointExtension>
        </extensions>
      </trkpt>
      <trkpt lat="48.122126162052154541015625" lon="-1.20995278470218181610107421875">
        <ele>101.8000030517578125</ele>
        <time>2026-06-08T07:53:25.000Z</time>
        <extensions>
          <ns3:TrackPointExtension>
            <ns3:atemp>22.0</ns3:atemp>
            <ns3:hr>106</ns3:hr>
          </ns3:TrackPointExtension>
        </extensions>
      </trkpt>
      <trkpt lat="48.12211752869188785552978515625" lon="-1.2099158205091953277587890625">
        <ele>101.8000030517578125</ele>
        <time>2026-06-08T07:53:26.000Z</time>
        <extensions>
          <ns3:TrackPointExtension>
            <ns3:atemp>22.0</ns3:atemp>
            <ns3:hr>106</ns3:hr>
          </ns3:TrackPointExtension>
        </extensions>
      </trkpt>
      <trkpt lat="48.12213328666985034942626953125" lon="-1.2097580730915069580078125">
        <ele>102.1999969482421875</ele>
        <time>2026-06-08T07:53:30.000Z</time>
        <extensions>
          <ns3:TrackPointExtension>
            <ns3:atemp>22.0</ns3:atemp>
            <ns3:hr>105</ns3:hr>
          </ns3:TrackPointExtension>
        </extensions>
      </trkpt>
      <trkpt lat="48.12222448177635669708251953125" lon="-1.20975564233958721160888671875">
        <ele>101.59999847412109375</ele>
        <time>2026-06-08T07:53:34.000Z</time>
        <extensions>
          <ns3:TrackPointExtension>
            <ns3:atemp>22.0</ns3:atemp>
            <ns3:hr>106</ns3:hr>
          </ns3:TrackPointExtension>
        </extensions>
      </trkpt>
      <trkpt lat="48.1223891861736774444580078125" lon="-1.209753043949604034423828125">
        <ele>101.1999969482421875</ele>
        <time>2026-06-08T07:53:38.000Z</time>
        <extensions>
          <ns3:TrackPointExtension>
            <ns3:atemp>22.0</ns3:atemp>
            <ns3:hr>109</ns3:hr>
          </ns3:TrackPointExtension>
        </extensions>
      </trkpt>
      <trkpt lat="48.122432939708232879638671875" lon="-1.209753043949604034423828125">
        <ele>101</ele>
        <time>2026-06-08T07:53:39.000Z</time>
        <extensions>
          <ns3:TrackPointExtension>
            <ns3:atemp>22.0</ns3:atemp>
            <ns3:hr>111</ns3:hr>
          </ns3:TrackPointExtension>
        </extensions>
      </trkpt>
      <trkpt lat="48.1227915175259113311767578125" lon="-1.20974843390285968780517578125">
        <ele>100</ele>
        <time>2026-06-08T07:53:47.000Z</time>
        <extensions>
          <ns3:TrackPointExtension>
            <ns3:atemp>22.0</ns3:atemp>
            <ns3:hr>111</ns3:hr>
          </ns3:TrackPointExtension>
        </extensions>
      </trkpt>
      <trkpt lat="48.12292370013892650604248046875" lon="-1.20975228957831859588623046875">
        <ele>99.59999847412109375</ele>
        <time>2026-06-08T07:53:50.000Z</time>
        <extensions>
          <ns3:TrackPointExtension>
            <ns3:atemp>22.0</ns3:atemp>
            <ns3:hr>108</ns3:hr>
          </ns3:TrackPointExtension>
        </extensions>
      </trkpt>
      <trkpt lat="48.12303685583174228668212890625" lon="-1.2097917683422565460205078125">
        <ele>99.40000152587890625</ele>
        <time>2026-06-08T07:53:53.000Z</time>
        <extensions>
          <ns3:TrackPointExtension>
            <ns3:atemp>22.0</ns3:atemp>
            <ns3:hr>107</ns3:hr>
          </ns3:TrackPointExtension>
        </extensions>
      </trkpt>
      <trkpt lat="48.12310441397130489349365234375" lon="-1.20979369617998600006103515625">
        <ele>99</ele>
        <time>2026-06-08T07:53:55.000Z</time>
        <extensions>
          <ns3:TrackPointExtension>
            <ns3:atemp>22.0</ns3:atemp>
            <ns3:hr>107</ns3:hr>
          </ns3:TrackPointExtension>
        </extensions>
      </trkpt>
      <trkpt lat="48.12321337871253490447998046875" lon="-1.2098320014774799346923828125">
        <ele>98.59999847412109375</ele>
        <time>2026-06-08T07:53:58.000Z</time>
        <extensions>
          <ns3:TrackPointExtension>
            <ns3:atemp>22.0</ns3:atemp>
            <ns3:hr>107</ns3:hr>
          </ns3:TrackPointExtension>
        </extensions>
      </trkpt>
      <trkpt lat="48.1232334114611148834228515625" lon="-1.20988078415393829345703125">
        <ele>98.40000152587890625</ele>
        <time>2026-06-08T07:53:59.000Z</time>
        <extensions>
          <ns3:TrackPointExtension>
            <ns3:atemp>22.0</ns3:atemp>
            <ns3:hr>106</ns3:hr>
          </ns3:TrackPointExtension>
        </extensions>
      </trkpt>
      <trkpt lat="48.1232448108494281768798828125" lon="-1.20999771170318126678466796875">
        <ele>98</ele>
        <time>2026-06-08T07:54:01.000Z</time>
        <extensions>
          <ns3:TrackPointExtension>
            <ns3:atemp>22.0</ns3:atemp>
            <ns3:hr>107</ns3:hr>
          </ns3:TrackPointExtension>
        </extensions>
      </trkpt>
      <trkpt lat="48.12324003316462039947509765625" lon="-1.21005889959633350372314453125">
        <ele>98</ele>
        <time>2026-06-08T07:54:02.000Z</time>
        <extensions>
          <ns3:TrackPointExtension>
            <ns3:atemp>22.0</ns3:atemp>
            <ns3:hr>108</ns3:hr>
          </ns3:TrackPointExtension>
        </extensions>
      </trkpt>
      <trkpt lat="48.12321446835994720458984375" lon="-1.21037623845040798187255859375">
        <ele>97.59999847412109375</ele>
        <time>2026-06-08T07:54:07.000Z</time>
        <extensions>
          <ns3:TrackPointExtension>
            <ns3:atemp>22.0</ns3:atemp>
            <ns3:hr>107</ns3:hr>
          </ns3:TrackPointExtension>
        </extensions>
      </trkpt>
      <trkpt lat="48.12319301068782806396484375" lon="-1.2106571160256862640380859375">
        <ele>96.8000030517578125</ele>
        <time>2026-06-08T07:54:11.000Z</time>
        <extensions>
          <ns3:TrackPointExtension>
            <ns3:atemp>22.0</ns3:atemp>
            <ns3:hr>109</ns3:hr>
          </ns3:TrackPointExtension>
        </extensions>
      </trkpt>
      <trkpt lat="48.1231687031686305999755859375" lon="-1.21090832166373729705810546875">
        <ele>96.1999969482421875</ele>
        <time>2026-06-08T07:54:15.000Z</time>
        <extensions>
          <ns3:TrackPointExtension>
            <ns3:atemp>22.0</ns3:atemp>
            <ns3:hr>108</ns3:hr>
          </ns3:TrackPointExtension>
        </extensions>
      </trkpt>
      <trkpt lat="48.12313844449818134307861328125" lon="-1.21118911541998386383056640625">
        <ele>95.59999847412109375</ele>
        <time>2026-06-08T07:54:21.000Z</time>
        <extensions>
          <ns3:TrackPointExtension>
            <ns3:atemp>22.0</ns3:atemp>
            <ns3:hr>107</ns3:hr>
          </ns3:TrackPointExtension>
        </extensions>
      </trkpt>
      <trkpt lat="48.12313668429851531982421875" lon="-1.2112220562994480133056640625">
        <ele>95.40000152587890625</ele>
        <time>2026-06-08T07:54:22.000Z</time>
        <extensions>
          <ns3:TrackPointExtension>
            <ns3:atemp>22.0</ns3:atemp>
            <ns3:hr>108</ns3:hr>
          </ns3:TrackPointExtension>
        </extensions>
      </trkpt>
      <trkpt lat="48.12312972731888294219970703125" lon="-1.21133244596421718597412109375">
        <ele>94.59999847412109375</ele>
        <time>2026-06-08T07:54:27.000Z</time>
        <extensions>
          <ns3:TrackPointExtension>
            <ns3:atemp>22.0</ns3:atemp>
            <ns3:hr>107</ns3:hr>
          </ns3:TrackPointExtension>
        </extensions>
      </trkpt>
      <trkpt lat="48.12313123606145381927490234375" lon="-1.2113635428249835968017578125">
        <ele>94.59999847412109375</ele>
        <time>2026-06-08T07:54:28.000Z</time>
        <extensions>
          <ns3:TrackPointExtension>
            <ns3:atemp>22.0</ns3:atemp>
            <ns3:hr>106</ns3:hr>
          </ns3:TrackPointExtension>
        </extensions>
      </trkpt>
      <trkpt lat="48.123142719268798828125" lon="-1.211428083479404449462890625">
        <ele>94.1999969482421875</ele>
        <time>2026-06-08T07:54:30.000Z</time>
        <extensions>
          <ns3:TrackPointExtension>
            <ns3:atemp>22.0</ns3:atemp>
            <ns3:hr>105</ns3:hr>
          </ns3:TrackPointExtension>
        </extensions>
      </trkpt>
      <trkpt lat="48.12315856106579303741455078125" lon="-1.2114470265805721282958984375">
        <ele>94.1999969482421875</ele>
        <time>2026-06-08T07:54:31.000Z</time>
        <extensions>
          <ns3:TrackPointExtension>
            <ns3:atemp>22.0</ns3:atemp>
            <ns3:hr>105</ns3:hr>
          </ns3:TrackPointExtension>
        </extensions>
      </trkpt>
      <trkpt lat="48.12316845171153545379638671875" lon="-1.211587004363536834716796875">
        <ele>94.8000030517578125</ele>
        <time>2026-06-08T07:54:37.000Z</time>
        <extensions>
          <ns3:TrackPointExtension>
            <ns3:atemp>22.0</ns3:atemp>
            <ns3:hr>104</ns3:hr>
          </ns3:TrackPointExtension>
        </extensions>
      </trkpt>
      <trkpt lat="48.1231547892093658447265625" lon="-1.211652047932147979736328125">
        <ele>94.59999847412109375</ele>
        <time>2026-06-08T07:54:40.000Z</time>
        <extensions>
          <ns3:TrackPointExtension>
            <ns3:atemp>22.0</ns3:atemp>
            <ns3:hr>101</ns3:hr>
          </ns3:TrackPointExtension>
        </extensions>
      </trkpt>
      <trkpt lat="48.12313576228916645050048828125" lon="-1.2117085419595241546630859375">
        <ele>94.59999847412109375</ele>
        <time>2026-06-08T07:54:42.000Z</time>
        <extensions>
          <ns3:TrackPointExtension>
            <ns3:atemp>22.0</ns3:atemp>
            <ns3:hr>100</ns3:hr>
          </ns3:TrackPointExtension>
        </extensions>
      </trkpt>
      <trkpt lat="48.123123608529567718505859375" lon="-1.21189906261861324310302734375">
        <ele>95</ele>
        <time>2026-06-08T07:54:48.000Z</time>
        <extensions>
          <ns3:TrackPointExtension>
            <ns3:atemp>22.0</ns3:atemp>
            <ns3:hr>99</ns3:hr>
          </ns3:TrackPointExtension>
        </extensions>
      </trkpt>
      <trkpt lat="48.12315923161804676055908203125" lon="-1.212099306285381317138671875">
        <ele>94.40000152587890625</ele>
        <time>2026-06-08T07:54:52.000Z</time>
        <extensions>
          <ns3:TrackPointExtension>
            <ns3:atemp>22.0</ns3:atemp>
            <ns3:hr>100</ns3:hr>
          </ns3:TrackPointExtension>
        </extensions>
      </trkpt>
      <trkpt lat="48.12314732931554317474365234375" lon="-1.21215823106467723846435546875">
        <ele>94.1999969482421875</ele>
        <time>2026-06-08T07:54:53.000Z</time>
        <extensions>
          <ns3:TrackPointExtension>
            <ns3:atemp>22.0</ns3:atemp>
            <ns3:hr>101</ns3:hr>
          </ns3:TrackPointExtension>
        </extensions>
      </trkpt>
      <trkpt lat="48.1230957806110382080078125" lon="-1.21226551942527294158935546875">
        <ele>94.1999969482421875</ele>
        <time>2026-06-08T07:54:55.000Z</time>
        <extensions>
          <ns3:TrackPointExtension>
            <ns3:atemp>22.0</ns3:atemp>
            <ns3:hr>101</ns3:hr>
          </ns3:TrackPointExtension>
        </extensions>
      </trkpt>
      <trkpt lat="48.12307574786245822906494140625" lon="-1.2123267911374568939208984375">
        <ele>94.1999969482421875</ele>
        <time>2026-06-08T07:54:56.000Z</time>
        <extensions>
          <ns3:TrackPointExtension>
            <ns3:atemp>22.0</ns3:atemp>
            <ns3:hr>102</ns3:hr>
          </ns3:TrackPointExtension>
        </extensions>
      </trkpt>
      <trkpt lat="48.1230654381215572357177734375" lon="-1.21247305534780025482177734375">
        <ele>93.8000030517578125</ele>
        <time>2026-06-08T07:54:58.000Z</time>
        <extensions>
          <ns3:TrackPointExtension>
            <ns3:atemp>22.0</ns3:atemp>
            <ns3:hr>101</ns3:hr>
          </ns3:TrackPointExtension>
        </extensions>
      </trkpt>
      <trkpt lat="48.1230607442557811737060546875" lon="-1.21255100704729557037353515625">
        <ele>93.59999847412109375</ele>
        <time>2026-06-08T07:54:59.000Z</time>
        <extensions>
          <ns3:TrackPointExtension>
            <ns3:atemp>22.0</ns3:atemp>
            <ns3:hr>101</ns3:hr>
          </ns3:TrackPointExtension>
        </extensions>
      </trkpt>
      <trkpt lat="48.123060576617717742919921875" lon="-1.21263465844094753265380859375">
        <ele>93.1999969482421875</ele>
        <time>2026-06-08T07:55:00.000Z</time>
        <extensions>
          <ns3:TrackPointExtension>
            <ns3:atemp>22.0</ns3:atemp>
            <ns3:hr>101</ns3:hr>
          </ns3:TrackPointExtension>
        </extensions>
      </trkpt>
      <trkpt lat="48.123059570789337158203125" lon="-1.21271722018718719482421875">
        <ele>93</ele>
        <time>2026-06-08T07:55:01.000Z</time>
        <extensions>
          <ns3:TrackPointExtension>
            <ns3:atemp>24.0</ns3:atemp>
            <ns3:hr>102</ns3:hr>
          </ns3:TrackPointExtension>
        </extensions>
      </trkpt>
      <trkpt lat="48.123060576617717742919921875" lon="-1.21279760263860225677490234375">
        <ele>92.59999847412109375</ele>
        <time>2026-06-08T07:55:02.000Z</time>
        <extensions>
          <ns3:TrackPointExtension>
            <ns3:atemp>22.0</ns3:atemp>
            <ns3:hr>105</ns3:hr>
          </ns3:TrackPointExtension>
        </extensions>
      </trkpt>
      <trkpt lat="48.123059235513210296630859375" lon="-1.21288125403225421905517578125">
        <ele>92.40000152587890625</ele>
        <time>2026-06-08T07:55:03.000Z</time>
        <extensions>
          <ns3:TrackPointExtension>
            <ns3:atemp>22.0</ns3:atemp>
            <ns3:hr>109</ns3:hr>
          </ns3:TrackPointExtension>
        </extensions>
      </trkpt>
      <trkpt lat="48.12306384555995464324951171875" lon="-1.212956272065639495849609375">
        <ele>92.1999969482421875</ele>
        <time>2026-06-08T07:55:04.000Z</time>
        <extensions>
          <ns3:TrackPointExtension>
            <ns3:atemp>22.0</ns3:atemp>
            <ns3:hr>114</ns3:hr>
          </ns3:TrackPointExtension>
        </extensions>
      </trkpt>
      <trkpt lat="48.12307541258633136749267578125" lon="-1.21302626095712184906005859375">
        <ele>91.8000030517578125</ele>
        <time>2026-06-08T07:55:05.000Z</time>
        <extensions>
          <ns3:TrackPointExtension>
            <ns3:atemp>22.0</ns3:atemp>
            <ns3:hr>116</ns3:hr>
          </ns3:TrackPointExtension>
        </extensions>
      </trkpt>
      <trkpt lat="48.123097456991672515869140625" lon="-1.2132306955754756927490234375">
        <ele>91.40000152587890625</ele>
        <time>2026-06-08T07:55:08.000Z</time>
        <extensions>
          <ns3:TrackPointExtension>
            <ns3:atemp>22.0</ns3:atemp>
            <ns3:hr>119</ns3:hr>
          </ns3:TrackPointExtension>
        </extensions>
      </trkpt>
      <trkpt lat="48.12310508452355861663818359375" lon="-1.2133017741143703460693359375">
        <ele>91.1999969482421875</ele>
        <time>2026-06-08T07:55:09.000Z</time>
        <extensions>
          <ns3:TrackPointExtension>
            <ns3:atemp>22.0</ns3:atemp>
            <ns3:hr>119</ns3:hr>
          </ns3:TrackPointExtension>
        </extensions>
      </trkpt>
      <trkpt lat="48.12312327325344085693359375" lon="-1.21343278326094150543212890625">
        <ele>91</ele>
        <time>2026-06-08T07:55:11.000Z</time>
        <extensions>
          <ns3:TrackPointExtension>
            <ns3:atemp>22.0</ns3:atemp>
            <ns3:hr>120</ns3:hr>
          </ns3:TrackPointExtension>
        </extensions>
      </trkpt>
      <trkpt lat="48.12317959964275360107421875" lon="-1.21385003440082073211669921875">
        <ele>90.1999969482421875</ele>
        <time>2026-06-08T07:55:17.000Z</time>
        <extensions>
          <ns3:TrackPointExtension>
            <ns3:atemp>22.0</ns3:atemp>
            <ns3:hr>118</ns3:hr>
          </ns3:TrackPointExtension>
        </extensions>
      </trkpt>
      <trkpt lat="48.12319192104041576385498046875" lon="-1.213928572833538055419921875">
        <ele>90</ele>
        <time>2026-06-08T07:55:18.000Z</time>
        <extensions>
          <ns3:TrackPointExtension>
            <ns3:atemp>22.0</ns3:atemp>
            <ns3:hr>116</ns3:hr>
          </ns3:TrackPointExtension>
        </extensions>
      </trkpt>
      <trkpt lat="48.1232218444347381591796875" lon="-1.214173324406147003173828125">
        <ele>89.59999847412109375</ele>
        <time>2026-06-08T07:55:21.000Z</time>
        <extensions>
          <ns3:TrackPointExtension>
            <ns3:atemp>22.0</ns3:atemp>
            <ns3:hr>113</ns3:hr>
          </ns3:TrackPointExtension>
        </extensions>
      </trkpt>
      <trkpt lat="48.12325662933290004730224609375" lon="-1.2144313193857669830322265625">
        <ele>88.8000030517578125</ele>
        <time>2026-06-08T07:55:24.000Z</time>
        <extensions>
          <ns3:TrackPointExtension>
            <ns3:atemp>22.0</ns3:atemp>
            <ns3:hr>112</ns3:hr>
          </ns3:TrackPointExtension>
        </extensions>
      </trkpt>
      <trkpt lat="48.1232639215886592864990234375" lon="-1.2145218439400196075439453125">
        <ele>88.59999847412109375</ele>
        <time>2026-06-08T07:55:25.000Z</time>
        <extensions>
          <ns3:TrackPointExtension>
            <ns3:atemp>22.0</ns3:atemp>
            <ns3:hr>117</ns3:hr>
          </ns3:TrackPointExtension>
        </extensions>
      </trkpt>
      <trkpt lat="48.12327875755727291107177734375" lon="-1.2147122807800769805908203125">
        <ele>88</ele>
        <time>2026-06-08T07:55:27.000Z</time>
        <extensions>
          <ns3:TrackPointExtension>
            <ns3:atemp>22.0</ns3:atemp>
            <ns3:hr>120</ns3:hr>
          </ns3:TrackPointExtension>
        </extensions>
      </trkpt>
      <trkpt lat="48.1232927553355693817138671875" lon="-1.21480976231396198272705078125">
        <ele>87.59999847412109375</ele>
        <time>2026-06-08T07:55:28.000Z</time>
        <extensions>
          <ns3:TrackPointExtension>
            <ns3:atemp>22.0</ns3:atemp>
            <ns3:hr>120</ns3:hr>
          </ns3:TrackPointExtension>
        </extensions>
      </trkpt>
      <trkpt lat="48.1233266182243824005126953125" lon="-1.21496918611228466033935546875">
        <ele>87</ele>
        <time>2026-06-08T07:55:30.000Z</time>
        <extensions>
          <ns3:TrackPointExtension>
            <ns3:atemp>22.0</ns3:atemp>
            <ns3:hr>121</ns3:hr>
          </ns3:TrackPointExtension>
        </extensions>
      </trkpt>
      <trkpt lat="48.1233514286577701568603515625" lon="-1.21504462324082851409912109375">
        <ele>86.8000030517578125</ele>
        <time>2026-06-08T07:55:31.000Z</time>
        <extensions>
          <ns3:TrackPointExtension>
            <ns3:atemp>22.0</ns3:atemp>
            <ns3:hr>121</ns3:hr>
          </ns3:TrackPointExtension>
        </extensions>
      </trkpt>
      <trkpt lat="48.12338269315659999847412109375" lon="-1.2151132710278034210205078125">
        <ele>86.59999847412109375</ele>
        <time>2026-06-08T07:55:32.000Z</time>
        <extensions>
          <ns3:TrackPointExtension>
            <ns3:atemp>22.0</ns3:atemp>
            <ns3:hr>121</ns3:hr>
          </ns3:TrackPointExtension>
        </extensions>
      </trkpt>
      <trkpt lat="48.12345108948647975921630859375" lon="-1.21526506729423999786376953125">
        <ele>86</ele>
        <time>2026-06-08T07:55:34.000Z</time>
        <extensions>
          <ns3:TrackPointExtension>
            <ns3:atemp>22.0</ns3:atemp>
            <ns3:hr>121</ns3:hr>
          </ns3:TrackPointExtension>
        </extensions>
      </trkpt>
      <trkpt lat="48.1235479004681110382080078125" lon="-1.21549037285149097442626953125">
        <ele>85.40000152587890625</ele>
        <time>2026-06-08T07:55:37.000Z</time>
        <extensions>
          <ns3:TrackPointExtension>
            <ns3:atemp>22.0</ns3:atemp>
            <ns3:hr>122</ns3:hr>
          </ns3:TrackPointExtension>
        </extensions>
      </trkpt>
      <trkpt lat="48.12364152632653713226318359375" lon="-1.2156929634511470794677734375">
        <ele>84.40000152587890625</ele>
        <time>2026-06-08T07:55:40.000Z</time>
        <extensions>
          <ns3:TrackPointExtension>
            <ns3:atemp>22.0</ns3:atemp>
            <ns3:hr>121</ns3:hr>
          </ns3:TrackPointExtension>
        </extensions>
      </trkpt>
      <trkpt lat="48.1236739642918109893798828125" lon="-1.21576177887618541717529296875">
        <ele>84</ele>
        <time>2026-06-08T07:55:41.000Z</time>
        <extensions>
          <ns3:TrackPointExtension>
            <ns3:atemp>22.0</ns3:atemp>
            <ns3:hr>121</ns3:hr>
          </ns3:TrackPointExtension>
        </extensions>
      </trkpt>
      <trkpt lat="48.123792819678783416748046875" lon="-1.216031424701213836669921875">
        <ele>83.1999969482421875</ele>
        <time>2026-06-08T07:55:45.000Z</time>
        <extensions>
          <ns3:TrackPointExtension>
            <ns3:atemp>22.0</ns3:atemp>
            <ns3:hr>120</ns3:hr>
          </ns3:TrackPointExtension>
        </extensions>
      </trkpt>
      <trkpt lat="48.1238204799592494964599609375" lon="-1.2160899303853511810302734375">
        <ele>83</ele>
        <time>2026-06-08T07:55:46.000Z</time>
        <extensions>
          <ns3:TrackPointExtension>
            <ns3:atemp>22.0</ns3:atemp>
            <ns3:hr>120</ns3:hr>
          </ns3:TrackPointExtension>
        </extensions>
      </trkpt>
      <trkpt lat="48.1238830089569091796875" lon="-1.21621037833392620086669921875">
        <ele>82.1999969482421875</ele>
        <time>2026-06-08T07:55:48.000Z</time>
        <extensions>
          <ns3:TrackPointExtension>
            <ns3:atemp>22.0</ns3:atemp>
            <ns3:hr>119</ns3:hr>
          </ns3:TrackPointExtension>
        </extensions>
      </trkpt>
      <trkpt lat="48.123957775533199310302734375" lon="-1.2163762561976909637451171875">
        <ele>81.59999847412109375</ele>
        <time>2026-06-08T07:55:51.000Z</time>
        <extensions>
          <ns3:TrackPointExtension>
            <ns3:atemp>22.0</ns3:atemp>
            <ns3:hr>116</ns3:hr>
          </ns3:TrackPointExtension>
        </extensions>
      </trkpt>
      <trkpt lat="48.12400463037192821502685546875" lon="-1.21638388372957706451416015625">
        <ele>81.40000152587890625</ele>
        <time>2026-06-08T07:55:52.000Z</time>
        <extensions>
          <ns3:TrackPointExtension>
            <ns3:atemp>22.0</ns3:atemp>
            <ns3:hr>116</ns3:hr>
          </ns3:TrackPointExtension>
        </extensions>
      </trkpt>
      <trkpt lat="48.124093897640705108642578125" lon="-1.21641464531421661376953125">
        <ele>81</ele>
        <time>2026-06-08T07:55:54.000Z</time>
        <extensions>
          <ns3:TrackPointExtension>
            <ns3:atemp>22.0</ns3:atemp>
            <ns3:hr>117</ns3:hr>
          </ns3:TrackPointExtension>
        </extensions>
      </trkpt>
      <trkpt lat="48.1241902895271778106689453125" lon="-1.2164394557476043701171875">
        <ele>80.59999847412109375</ele>
        <time>2026-06-08T07:55:56.000Z</time>
        <extensions>
          <ns3:TrackPointExtension>
            <ns3:atemp>21.0</ns3:atemp>
            <ns3:hr>117</ns3:hr>
          </ns3:TrackPointExtension>
        </extensions>
      </trkpt>
      <trkpt lat="48.1242389045655727386474609375" lon="-1.21644943021237850189208984375">
        <ele>80.1999969482421875</ele>
        <time>2026-06-08T07:55:57.000Z</time>
        <extensions>
          <ns3:TrackPointExtension>
            <ns3:atemp>22.0</ns3:atemp>
            <ns3:hr>117</ns3:hr>
          </ns3:TrackPointExtension>
        </extensions>
      </trkpt>
      <trkpt lat="48.12429196201264858245849609375" lon="-1.21646351180970668792724609375">
        <ele>79.8000030517578125</ele>
        <time>2026-06-08T07:55:58.000Z</time>
        <extensions>
          <ns3:TrackPointExtension>
            <ns3:atemp>22.0</ns3:atemp>
            <ns3:hr>117</ns3:hr>
          </ns3:TrackPointExtension>
        </extensions>
      </trkpt>
      <trkpt lat="48.1244923733174800872802734375" lon="-1.2165180779993534088134765625">
        <ele>78.59999847412109375</ele>
        <time>2026-06-08T07:56:02.000Z</time>
        <extensions>
          <ns3:TrackPointExtension>
            <ns3:atemp>22.0</ns3:atemp>
            <ns3:hr>116</ns3:hr>
          </ns3:TrackPointExtension>
        </extensions>
      </trkpt>
      <trkpt lat="48.1245279125869274139404296875" lon="-1.21653090231120586395263671875">
        <ele>78.1999969482421875</ele>
        <time>2026-06-08T07:56:03.000Z</time>
        <extensions>
          <ns3:TrackPointExtension>
            <ns3:atemp>21.0</ns3:atemp>
            <ns3:hr>116</ns3:hr>
          </ns3:TrackPointExtension>
        </extensions>
      </trkpt>
      <trkpt lat="48.12461516819894313812255859375" lon="-1.21655638329684734344482421875">
        <ele>77.59999847412109375</ele>
        <time>2026-06-08T07:56:06.000Z</time>
        <extensions>
          <ns3:TrackPointExtension>
            <ns3:atemp>22.0</ns3:atemp>
            <ns3:hr>116</ns3:hr>
          </ns3:TrackPointExtension>
        </extensions>
      </trkpt>
      <trkpt lat="48.1246647052466869354248046875" lon="-1.216496787965297698974609375">
        <ele>77</ele>
        <time>2026-06-08T07:56:08.000Z</time>
        <extensions>
          <ns3:TrackPointExtension>
            <ns3:atemp>22.0</ns3:atemp>
            <ns3:hr>116</ns3:hr>
          </ns3:TrackPointExtension>
        </extensions>
      </trkpt>
      <trkpt lat="48.124756403267383575439453125" lon="-1.2163501046597957611083984375">
        <ele>76.40000152587890625</ele>
        <time>2026-06-08T07:56:11.000Z</time>
        <extensions>
          <ns3:TrackPointExtension>
            <ns3:atemp>21.0</ns3:atemp>
            <ns3:hr>116</ns3:hr>
          </ns3:TrackPointExtension>
        </extensions>
      </trkpt>
      <trkpt lat="48.12477962113916873931884765625" lon="-1.21629059314727783203125">
        <ele>76</ele>
        <time>2026-06-08T07:56:12.000Z</time>
        <extensions>
          <ns3:TrackPointExtension>
            <ns3:atemp>21.0</ns3:atemp>
            <ns3:hr>116</ns3:hr>
          </ns3:TrackPointExtension>
        </extensions>
      </trkpt>
      <trkpt lat="48.124802000820636749267578125" lon="-1.21624139137566089630126953125">
        <ele>75.8000030517578125</ele>
        <time>2026-06-08T07:56:13.000Z</time>
        <extensions>
          <ns3:TrackPointExtension>
            <ns3:atemp>22.0</ns3:atemp>
            <ns3:hr>116</ns3:hr>
          </ns3:TrackPointExtension>
        </extensions>
      </trkpt>
      <trkpt lat="48.12484315596520900726318359375" lon="-1.21613007970154285430908203125">
        <ele>75.1999969482421875</ele>
        <time>2026-06-08T07:56:15.000Z</time>
        <extensions>
          <ns3:TrackPointExtension>
            <ns3:atemp>21.0</ns3:atemp>
            <ns3:hr>116</ns3:hr>
          </ns3:TrackPointExtension>
        </extensions>
      </trkpt>
      <trkpt lat="48.1249912641942501068115234375" lon="-1.2159645371139049530029296875">
        <ele>74.1999969482421875</ele>
        <time>2026-06-08T07:56:20.000Z</time>
        <extensions>
          <ns3:TrackPointExtension>
            <ns3:atemp>22.0</ns3:atemp>
            <ns3:hr>117</ns3:hr>
          </ns3:TrackPointExtension>
        </extensions>
      </trkpt>
      <trkpt lat="48.12527281232178211212158203125" lon="-1.21593846939504146575927734375">
        <ele>73.40000152587890625</ele>
        <time>2026-06-08T07:56:26.000Z</time>
        <extensions>
          <ns3:TrackPointExtension>
            <ns3:atemp>21.0</ns3:atemp>
            <ns3:hr>118</ns3:hr>
          </ns3:TrackPointExtension>
        </extensions>
      </trkpt>
      <trkpt lat="48.12558445148169994354248046875" lon="-1.21591969393193721771240234375">
        <ele>73.1999969482421875</ele>
        <time>2026-06-08T07:56:32.000Z</time>
        <extensions>
          <ns3:TrackPointExtension>
            <ns3:atemp>21.0</ns3:atemp>
            <ns3:hr>120</ns3:hr>
          </ns3:TrackPointExtension>
        </extensions>
      </trkpt>
      <trkpt lat="48.1256336532533168792724609375" lon="-1.21592807583510875701904296875">
        <ele>73.1999969482421875</ele>
        <time>2026-06-08T07:56:33.000Z</time>
        <extensions>
          <ns3:TrackPointExtension>
            <ns3:atemp>21.0</ns3:atemp>
            <ns3:hr>120</ns3:hr>
          </ns3:TrackPointExtension>
        </extensions>
      </trkpt>
      <trkpt lat="48.125850744545459747314453125" lon="-1.21601541526615619659423828125">
        <ele>72.8000030517578125</ele>
        <time>2026-06-08T07:56:37.000Z</time>
        <extensions>
          <ns3:TrackPointExtension>
            <ns3:atemp>21.0</ns3:atemp>
            <ns3:hr>120</ns3:hr>
          </ns3:TrackPointExtension>
        </extensions>
      </trkpt>
      <trkpt lat="48.12595375813543796539306640625" lon="-1.216087080538272857666015625">
        <ele>72.59999847412109375</ele>
        <time>2026-06-08T07:56:39.000Z</time>
        <extensions>
          <ns3:TrackPointExtension>
            <ns3:atemp>21.0</ns3:atemp>
            <ns3:hr>119</ns3:hr>
          </ns3:TrackPointExtension>
        </extensions>
      </trkpt>
      <trkpt lat="48.12608820386230945587158203125" lon="-1.21623300947248935699462890625">
        <ele>72.8000030517578125</ele>
        <time>2026-06-08T07:56:42.000Z</time>
        <extensions>
          <ns3:TrackPointExtension>
            <ns3:atemp>21.0</ns3:atemp>
            <ns3:hr>120</ns3:hr>
          </ns3:TrackPointExtension>
        </extensions>
      </trkpt>
      <trkpt lat="48.12613128684461116790771484375" lon="-1.2162672914564609527587890625">
        <ele>73</ele>
        <time>2026-06-08T07:56:43.000Z</time>
        <extensions>
          <ns3:TrackPointExtension>
            <ns3:atemp>21.0</ns3:atemp>
            <ns3:hr>120</ns3:hr>
          </ns3:TrackPointExtension>
        </extensions>
      </trkpt>
      <trkpt lat="48.12621988356113433837890625" lon="-1.21627307496964931488037109375">
        <ele>73.40000152587890625</ele>
        <time>2026-06-08T07:56:45.000Z</time>
        <extensions>
          <ns3:TrackPointExtension>
            <ns3:atemp>21.0</ns3:atemp>
            <ns3:hr>118</ns3:hr>
          </ns3:TrackPointExtension>
        </extensions>
      </trkpt>
      <trkpt lat="48.1262914650142192840576171875" lon="-1.21620283462107181549072265625">
        <ele>73.8000030517578125</ele>
        <time>2026-06-08T07:56:47.000Z</time>
        <extensions>
          <ns3:TrackPointExtension>
            <ns3:atemp>21.0</ns3:atemp>
            <ns3:hr>118</ns3:hr>
          </ns3:TrackPointExtension>
        </extensions>
      </trkpt>
      <trkpt lat="48.12632272951304912567138671875" lon="-1.21616176329553127288818359375">
        <ele>73.8000030517578125</ele>
        <time>2026-06-08T07:56:48.000Z</time>
        <extensions>
          <ns3:TrackPointExtension>
            <ns3:atemp>21.0</ns3:atemp>
            <ns3:hr>119</ns3:hr>
          </ns3:TrackPointExtension>
        </extensions>
      </trkpt>
      <trkpt lat="48.12635826878249645233154296875" lon="-1.2160738371312618255615234375">
        <ele>74.1999969482421875</ele>
        <time>2026-06-08T07:56:50.000Z</time>
        <extensions>
          <ns3:TrackPointExtension>
            <ns3:atemp>21.0</ns3:atemp>
            <ns3:hr>121</ns3:hr>
          </ns3:TrackPointExtension>
        </extensions>
      </trkpt>
      <trkpt lat="48.126388527452945709228515625" lon="-1.21598674915730953216552734375">
        <ele>74.1999969482421875</ele>
        <time>2026-06-08T07:56:52.000Z</time>
        <extensions>
          <ns3:TrackPointExtension>
            <ns3:atemp>21.0</ns3:atemp>
            <ns3:hr>125</ns3:hr>
          </ns3:TrackPointExtension>
        </extensions>
      </trkpt>
      <trkpt lat="48.12640361487865447998046875" lon="-1.21594467200338840484619140625">
        <ele>74.40000152587890625</ele>
        <time>2026-06-08T07:56:53.000Z</time>
        <extensions>
          <ns3:TrackPointExtension>
            <ns3:atemp>21.0</ns3:atemp>
            <ns3:hr>126</ns3:hr>
          </ns3:TrackPointExtension>
        </extensions>
      </trkpt>
      <trkpt lat="48.12651869840919971466064453125" lon="-1.21567435562610626220703125">
        <ele>75.1999969482421875</ele>
        <time>2026-06-08T07:57:00.000Z</time>
        <extensions>
          <ns3:TrackPointExtension>
            <ns3:atemp>21.0</ns3:atemp>
            <ns3:hr>129</ns3:hr>
          </ns3:TrackPointExtension>
        </extensions>
      </trkpt>
      <trkpt lat="48.12653613276779651641845703125" lon="-1.2156347930431365966796875">
        <ele>75.40000152587890625</ele>
        <time>2026-06-08T07:57:01.000Z</time>
        <extensions>
          <ns3:TrackPointExtension>
            <ns3:atemp>23.0</ns3:atemp>
            <ns3:hr>129</ns3:hr>
          </ns3:TrackPointExtension>
        </extensions>
      </trkpt>
      <trkpt lat="48.12655373476445674896240234375" lon="-1.2155957333743572235107421875">
        <ele>75.40000152587890625</ele>
        <time>2026-06-08T07:57:02.000Z</time>
        <extensions>
          <ns3:TrackPointExtension>
            <ns3:atemp>21.0</ns3:atemp>
            <ns3:hr>129</ns3:hr>
          </ns3:TrackPointExtension>
        </extensions>
      </trkpt>
      <trkpt lat="48.12665448524057865142822265625" lon="-1.21536011807620525360107421875">
        <ele>76.40000152587890625</ele>
        <time>2026-06-08T07:57:08.000Z</time>
        <extensions>
          <ns3:TrackPointExtension>
            <ns3:atemp>21.0</ns3:atemp>
            <ns3:hr>130</ns3:hr>
          </ns3:TrackPointExtension>
        </extensions>
      </trkpt>
      <trkpt lat="48.1266713328659534454345703125" lon="-1.21532625518739223480224609375">
        <ele>76.40000152587890625</ele>
        <time>2026-06-08T07:57:09.000Z</time>
        <extensions>
          <ns3:TrackPointExtension>
            <ns3:atemp>21.0</ns3:atemp>
            <ns3:hr>130</ns3:hr>
          </ns3:TrackPointExtension>
        </extensions>
      </trkpt>
      <trkpt lat="48.126762025058269500732421875" lon="-1.2151171267032623291015625">
        <ele>77.40000152587890625</ele>
        <time>2026-06-08T07:57:15.000Z</time>
        <extensions>
          <ns3:TrackPointExtension>
            <ns3:atemp>21.0</ns3:atemp>
            <ns3:hr>129</ns3:hr>
          </ns3:TrackPointExtension>
        </extensions>
      </trkpt>
      <trkpt lat="48.12679295428097248077392578125" lon="-1.215042360126972198486328125">
        <ele>77.59999847412109375</ele>
        <time>2026-06-08T07:57:17.000Z</time>
        <extensions>
          <ns3:TrackPointExtension>
            <ns3:atemp>21.0</ns3:atemp>
            <ns3:hr>129</ns3:hr>
          </ns3:TrackPointExtension>
        </extensions>
      </trkpt>
      <trkpt lat="48.1268735043704509735107421875" lon="-1.21486055664718151092529296875">
        <ele>78.40000152587890625</ele>
        <time>2026-06-08T07:57:22.000Z</time>
        <extensions>
          <ns3:TrackPointExtension>
            <ns3:atemp>22.0</ns3:atemp>
            <ns3:hr>129</ns3:hr>
          </ns3:TrackPointExtension>
        </extensions>
      </trkpt>
      <trkpt lat="48.1269056908786296844482421875" lon="-1.21477355249226093292236328125">
        <ele>79</ele>
        <time>2026-06-08T07:57:25.000Z</time>
        <extensions>
          <ns3:TrackPointExtension>
            <ns3:atemp>22.0</ns3:atemp>
            <ns3:hr>128</ns3:hr>
          </ns3:TrackPointExtension>
        </extensions>
      </trkpt>
      <trkpt lat="48.12696813605725765228271484375" lon="-1.21462871320545673370361328125">
        <ele>79.59999847412109375</ele>
        <time>2026-06-08T07:57:30.000Z</time>
        <extensions>
          <ns3:TrackPointExtension>
            <ns3:atemp>21.0</ns3:atemp>
            <ns3:hr>125</ns3:hr>
          </ns3:TrackPointExtension>
        </extensions>
      </trkpt>
      <trkpt lat="48.126979954540729522705078125" lon="-1.21456987224519252777099609375">
        <ele>79.8000030517578125</ele>
        <time>2026-06-08T07:57:32.000Z</time>
        <extensions>
          <ns3:TrackPointExtension>
            <ns3:atemp>21.0</ns3:atemp>
            <ns3:hr>125</ns3:hr>
          </ns3:TrackPointExtension>
        </extensions>
      </trkpt>
      <trkpt lat="48.12702186405658721923828125" lon="-1.21443978510797023773193359375">
        <ele>80.1999969482421875</ele>
        <time>2026-06-08T07:57:36.000Z</time>
        <extensions>
          <ns3:TrackPointExtension>
            <ns3:atemp>21.0</ns3:atemp>
            <ns3:hr>122</ns3:hr>
          </ns3:TrackPointExtension>
        </extensions>
      </trkpt>
      <trkpt lat="48.127051703631877899169921875" lon="-1.21438060887157917022705078125">
        <ele>80.1999969482421875</ele>
        <time>2026-06-08T07:57:38.000Z</time>
        <extensions>
          <ns3:TrackPointExtension>
            <ns3:atemp>22.0</ns3:atemp>
            <ns3:hr>122</ns3:hr>
          </ns3:TrackPointExtension>
        </extensions>
      </trkpt>
      <trkpt lat="48.127093613147735595703125" lon="-1.2142874859273433685302734375">
        <ele>80.59999847412109375</ele>
        <time>2026-06-08T07:57:41.000Z</time>
        <extensions>
          <ns3:TrackPointExtension>
            <ns3:atemp>22.0</ns3:atemp>
            <ns3:hr>127</ns3:hr>
          </ns3:TrackPointExtension>
        </extensions>
      </trkpt>
      <trkpt lat="48.12710777856409549713134765625" lon="-1.21425437740981578826904296875">
        <ele>80.8000030517578125</ele>
        <time>2026-06-08T07:57:42.000Z</time>
        <extensions>
          <ns3:TrackPointExtension>
            <ns3:atemp>22.0</ns3:atemp>
            <ns3:hr>130</ns3:hr>
          </ns3:TrackPointExtension>
        </extensions>
      </trkpt>
      <trkpt lat="48.127119429409503936767578125" lon="-1.21422453783452510833740234375">
        <ele>80.8000030517578125</ele>
        <time>2026-06-08T07:57:43.000Z</time>
        <extensions>
          <ns3:TrackPointExtension>
            <ns3:atemp>22.0</ns3:atemp>
            <ns3:hr>134</ns3:hr>
          </ns3:TrackPointExtension>
        </extensions>
      </trkpt>
      <trkpt lat="48.12713183462619781494140625" lon="-1.2141944468021392822265625">
        <ele>81</ele>
        <time>2026-06-08T07:57:44.000Z</time>
        <extensions>
          <ns3:TrackPointExtension>
            <ns3:atemp>22.0</ns3:atemp>
            <ns3:hr>137</ns3:hr>
          </ns3:TrackPointExtension>
        </extensions>
      </trkpt>
      <trkpt lat="48.12714130617678165435791015625" lon="-1.2141664512455463409423828125">
        <ele>81.1999969482421875</ele>
        <time>2026-06-08T07:57:45.000Z</time>
        <extensions>
          <ns3:TrackPointExtension>
            <ns3:atemp>22.0</ns3:atemp>
            <ns3:hr>140</ns3:hr>
          </ns3:TrackPointExtension>
        </extensions>
      </trkpt>
      <trkpt lat="48.1271504424512386322021484375" lon="-1.21414608322083950042724609375">
        <ele>81.1999969482421875</ele>
        <time>2026-06-08T07:57:46.000Z</time>
        <extensions>
          <ns3:TrackPointExtension>
            <ns3:atemp>22.0</ns3:atemp>
            <ns3:hr>141</ns3:hr>
          </ns3:TrackPointExtension>
        </extensions>
      </trkpt>
      <trkpt lat="48.12716645188629627227783203125" lon="-1.21410182677209377288818359375">
        <ele>81.40000152587890625</ele>
        <time>2026-06-08T07:57:48.000Z</time>
        <extensions>
          <ns3:TrackPointExtension>
            <ns3:atemp>22.0</ns3:atemp>
            <ns3:hr>144</ns3:hr>
          </ns3:TrackPointExtension>
        </extensions>
      </trkpt>
      <trkpt lat="48.1271920166909694671630859375" lon="-1.2140588276088237762451171875">
        <ele>81.59999847412109375</ele>
        <time>2026-06-08T07:57:50.000Z</time>
        <extensions>
          <ns3:TrackPointExtension>
            <ns3:atemp>22.0</ns3:atemp>
            <ns3:hr>145</ns3:hr>
          </ns3:TrackPointExtension>
        </extensions>
      </trkpt>
      <trkpt lat="48.1272453255951404571533203125" lon="-1.2139391340315341949462890625">
        <ele>82.1999969482421875</ele>
        <time>2026-06-08T07:57:54.000Z</time>
        <extensions>
          <ns3:TrackPointExtension>
            <ns3:atemp>22.0</ns3:atemp>
            <ns3:hr>145</ns3:hr>
          </ns3:TrackPointExtension>
        </extensions>
      </trkpt>
      <trkpt lat="48.1272959522902965545654296875" lon="-1.21382002718746662139892578125">
        <ele>82.8000030517578125</ele>
        <time>2026-06-08T07:57:58.000Z</time>
        <extensions>
          <ns3:TrackPointExtension>
            <ns3:atemp>22.0</ns3:atemp>
            <ns3:hr>145</ns3:hr>
          </ns3:TrackPointExtension>
        </extensions>
      </trkpt>
      <trkpt lat="48.12737197615206241607666015625" lon="-1.213662363588809967041015625">
        <ele>83.40000152587890625</ele>
        <time>2026-06-08T07:58:03.000Z</time>
        <extensions>
          <ns3:TrackPointExtension>
            <ns3:atemp>22.0</ns3:atemp>
            <ns3:hr>144</ns3:hr>
          </ns3:TrackPointExtension>
        </extensions>
      </trkpt>
      <trkpt lat="48.12741371802985668182373046875" lon="-1.21355180628597736358642578125">
        <ele>84</ele>
        <time>2026-06-08T07:58:07.000Z</time>
        <extensions>
          <ns3:TrackPointExtension>
            <ns3:atemp>22.0</ns3:atemp>
            <ns3:hr>143</ns3:hr>
          </ns3:TrackPointExtension>
        </extensions>
      </trkpt>
      <trkpt lat="48.127452023327350616455078125" lon="-1.21346094645559787750244140625">
        <ele>84.40000152587890625</ele>
        <time>2026-06-08T07:58:10.000Z</time>
        <extensions>
          <ns3:TrackPointExtension>
            <ns3:atemp>22.0</ns3:atemp>
            <ns3:hr>142</ns3:hr>
          </ns3:TrackPointExtension>
        </extensions>
      </trkpt>
      <trkpt lat="48.12751136720180511474609375" lon="-1.21333102695643901824951171875">
        <ele>85</ele>
        <time>2026-06-08T07:58:14.000Z</time>
        <extensions>
          <ns3:TrackPointExtension>
            <ns3:atemp>22.0</ns3:atemp>
            <ns3:hr>141</ns3:hr>
          </ns3:TrackPointExtension>
        </extensions>
      </trkpt>
      <trkpt lat="48.12752419151365756988525390625" lon="-1.2133024446666240692138671875">
        <ele>85.1999969482421875</ele>
        <time>2026-06-08T07:58:15.000Z</time>
        <extensions>
          <ns3:TrackPointExtension>
            <ns3:atemp>22.0</ns3:atemp>
            <ns3:hr>141</ns3:hr>
          </ns3:TrackPointExtension>
        </extensions>
      </trkpt>
      <trkpt lat="48.12754447571933269500732421875" lon="-1.2132488004863262176513671875">
        <ele>85.40000152587890625</ele>
        <time>2026-06-08T07:58:17.000Z</time>
        <extensions>
          <ns3:TrackPointExtension>
            <ns3:atemp>22.0</ns3:atemp>
            <ns3:hr>139</ns3:hr>
          </ns3:TrackPointExtension>
        </extensions>
      </trkpt>
      <trkpt lat="48.12755453400313854217529296875" lon="-1.21322206221520900726318359375">
        <ele>85.40000152587890625</ele>
        <time>2026-06-08T07:58:18.000Z</time>
        <extensions>
          <ns3:TrackPointExtension>
            <ns3:atemp>22.0</ns3:atemp>
            <ns3:hr>134</ns3:hr>
          </ns3:TrackPointExtension>
        </extensions>
      </trkpt>
      <trkpt lat="48.1275735609233379364013671875" lon="-1.21317260898649692535400390625">
        <ele>85.59999847412109375</ele>
        <time>2026-06-08T07:58:20.000Z</time>
        <extensions>
          <ns3:TrackPointExtension>
            <ns3:atemp>22.0</ns3:atemp>
            <ns3:hr>129</ns3:hr>
          </ns3:TrackPointExtension>
        </extensions>
      </trkpt>
      <trkpt lat="48.12758353538811206817626953125" lon="-1.21314981020987033843994140625">
        <ele>85.8000030517578125</ele>
        <time>2026-06-08T07:58:21.000Z</time>
        <extensions>
          <ns3:TrackPointExtension>
            <ns3:atemp>22.0</ns3:atemp>
            <ns3:hr>129</ns3:hr>
          </ns3:TrackPointExtension>
        </extensions>
      </trkpt>
      <trkpt lat="48.12761999666690826416015625" lon="-1.21306498534977436065673828125">
        <ele>86.1999969482421875</ele>
        <time>2026-06-08T07:58:24.000Z</time>
        <extensions>
          <ns3:TrackPointExtension>
            <ns3:atemp>22.0</ns3:atemp>
            <ns3:hr>129</ns3:hr>
          </ns3:TrackPointExtension>
        </extensions>
      </trkpt>
      <trkpt lat="48.12763349153101444244384765625" lon="-1.2130355648696422576904296875">
        <ele>86.1999969482421875</ele>
        <time>2026-06-08T07:58:25.000Z</time>
        <extensions>
          <ns3:TrackPointExtension>
            <ns3:atemp>22.0</ns3:atemp>
            <ns3:hr>129</ns3:hr>
          </ns3:TrackPointExtension>
        </extensions>
      </trkpt>
      <trkpt lat="48.1277225911617279052734375" lon="-1.21283632703125476837158203125">
        <ele>87.1999969482421875</ele>
        <time>2026-06-08T07:58:32.000Z</time>
        <extensions>
          <ns3:TrackPointExtension>
            <ns3:atemp>22.0</ns3:atemp>
            <ns3:hr>130</ns3:hr>
          </ns3:TrackPointExtension>
        </extensions>
      </trkpt>
      <trkpt lat="48.1277371756732463836669921875" lon="-1.21280975639820098876953125">
        <ele>87.40000152587890625</ele>
        <time>2026-06-08T07:58:33.000Z</time>
        <extensions>
          <ns3:TrackPointExtension>
            <ns3:atemp>22.0</ns3:atemp>
            <ns3:hr>130</ns3:hr>
          </ns3:TrackPointExtension>
        </extensions>
      </trkpt>
      <trkpt lat="48.127800039947032928466796875" lon="-1.21266399510204792022705078125">
        <ele>87.8000030517578125</ele>
        <time>2026-06-08T07:58:39.000Z</time>
        <extensions>
          <ns3:TrackPointExtension>
            <ns3:atemp>22.0</ns3:atemp>
            <ns3:hr>129</ns3:hr>
          </ns3:TrackPointExtension>
        </extensions>
      </trkpt>
      <trkpt lat="48.12783482484519481658935546875" lon="-1.21255067177116870880126953125">
        <ele>88.40000152587890625</ele>
        <time>2026-06-08T07:58:43.000Z</time>
        <extensions>
          <ns3:TrackPointExtension>
            <ns3:atemp>22.0</ns3:atemp>
            <ns3:hr>128</ns3:hr>
          </ns3:TrackPointExtension>
        </extensions>
      </trkpt>
      <trkpt lat="48.12787204049527645111083984375" lon="-1.21247188188135623931884765625">
        <ele>88.8000030517578125</ele>
        <time>2026-06-08T07:58:46.000Z</time>
        <extensions>
          <ns3:TrackPointExtension>
            <ns3:atemp>22.0</ns3:atemp>
            <ns3:hr>128</ns3:hr>
          </ns3:TrackPointExtension>
        </extensions>
      </trkpt>
      <trkpt lat="48.12795284204185009002685546875" lon="-1.21229183860123157501220703125">
        <ele>89.40000152587890625</ele>
        <time>2026-06-08T07:58:52.000Z</time>
        <extensions>
          <ns3:TrackPointExtension>
            <ns3:atemp>22.0</ns3:atemp>
            <ns3:hr>142</ns3:hr>
          </ns3:TrackPointExtension>
        </extensions>
      </trkpt>
      <trkpt lat="48.12796290032565593719482421875" lon="-1.21226769872009754180908203125">
        <ele>89.59999847412109375</ele>
        <time>2026-06-08T07:58:53.000Z</time>
        <extensions>
          <ns3:TrackPointExtension>
            <ns3:atemp>22.0</ns3:atemp>
            <ns3:hr>151</ns3:hr>
          </ns3:TrackPointExtension>
        </extensions>
      </trkpt>
      <trkpt lat="48.1279852800071239471435546875" lon="-1.21222025714814662933349609375">
        <ele>89.8000030517578125</ele>
        <time>2026-06-08T07:58:55.000Z</time>
        <extensions>
          <ns3:TrackPointExtension>
            <ns3:atemp>22.0</ns3:atemp>
            <ns3:hr>154</ns3:hr>
          </ns3:TrackPointExtension>
        </extensions>
      </trkpt>
      <trkpt lat="48.128035403788089752197265625" lon="-1.21208497323095798492431640625">
        <ele>90.40000152587890625</ele>
        <time>2026-06-08T07:59:01.000Z</time>
        <extensions>
          <ns3:TrackPointExtension>
            <ns3:atemp>24.0</ns3:atemp>
            <ns3:hr>155</ns3:hr>
          </ns3:TrackPointExtension>
        </extensions>
      </trkpt>
      <trkpt lat="48.1280442886054515838623046875" lon="-1.2120620906352996826171875">
        <ele>90.59999847412109375</ele>
        <time>2026-06-08T07:59:02.000Z</time>
        <extensions>
          <ns3:TrackPointExtension>
            <ns3:atemp>22.0</ns3:atemp>
            <ns3:hr>155</ns3:hr>
          </ns3:TrackPointExtension>
        </extensions>
      </trkpt>
      <trkpt lat="48.128054849803447723388671875" lon="-1.21204021386802196502685546875">
        <ele>90.59999847412109375</ele>
        <time>2026-06-08T07:59:03.000Z</time>
        <extensions>
          <ns3:TrackPointExtension>
            <ns3:atemp>22.0</ns3:atemp>
            <ns3:hr>155</ns3:hr>
          </ns3:TrackPointExtension>
        </extensions>
      </trkpt>
      <trkpt lat="48.12812383286654949188232421875" lon="-1.21186838485300540924072265625">
        <ele>91.59999847412109375</ele>
        <time>2026-06-08T07:59:11.000Z</time>
        <extensions>
          <ns3:TrackPointExtension>
            <ns3:atemp>22.0</ns3:atemp>
            <ns3:hr>154</ns3:hr>
          </ns3:TrackPointExtension>
        </extensions>
      </trkpt>
      <trkpt lat="48.12813053838908672332763671875" lon="-1.2118503637611865997314453125">
        <ele>91.59999847412109375</ele>
        <time>2026-06-08T07:59:12.000Z</time>
        <extensions>
          <ns3:TrackPointExtension>
            <ns3:atemp>23.0</ns3:atemp>
            <ns3:hr>154</ns3:hr>
          </ns3:TrackPointExtension>
        </extensions>
      </trkpt>
      <trkpt lat="48.1282065622508525848388671875" lon="-1.21171046979725360870361328125">
        <ele>92.1999969482421875</ele>
        <time>2026-06-08T07:59:19.000Z</time>
        <extensions>
          <ns3:TrackPointExtension>
            <ns3:atemp>23.0</ns3:atemp>
            <ns3:hr>154</ns3:hr>
          </ns3:TrackPointExtension>
        </extensions>
      </trkpt>
      <trkpt lat="48.12828711234033107757568359375" lon="-1.21160301379859447479248046875">
        <ele>92.59999847412109375</ele>
        <time>2026-06-08T07:59:24.000Z</time>
        <extensions>
          <ns3:TrackPointExtension>
            <ns3:atemp>23.0</ns3:atemp>
            <ns3:hr>152</ns3:hr>
          </ns3:TrackPointExtension>
        </extensions>
      </trkpt>
      <trkpt lat="48.128320388495922088623046875" lon="-1.21156948618590831756591796875">
        <ele>92.8000030517578125</ele>
        <time>2026-06-08T07:59:26.000Z</time>
        <extensions>
          <ns3:TrackPointExtension>
            <ns3:atemp>23.0</ns3:atemp>
            <ns3:hr>149</ns3:hr>
          </ns3:TrackPointExtension>
        </extensions>
      </trkpt>
      <trkpt lat="48.12833874486386775970458984375" lon="-1.21155221946537494659423828125">
        <ele>93</ele>
        <time>2026-06-08T07:59:27.000Z</time>
        <extensions>
          <ns3:TrackPointExtension>
            <ns3:atemp>23.0</ns3:atemp>
            <ns3:hr>146</ns3:hr>
          </ns3:TrackPointExtension>
        </extensions>
      </trkpt>
      <trkpt lat="48.12835735268890857696533203125" lon="-1.21153696440160274505615234375">
        <ele>93</ele>
        <time>2026-06-08T07:59:28.000Z</time>
        <extensions>
          <ns3:TrackPointExtension>
            <ns3:atemp>23.0</ns3:atemp>
            <ns3:hr>139</ns3:hr>
          </ns3:TrackPointExtension>
        </extensions>
      </trkpt>
      <trkpt lat="48.1283772177994251251220703125" lon="-1.2115224637091159820556640625">
        <ele>93.1999969482421875</ele>
        <time>2026-06-08T07:59:29.000Z</time>
        <extensions>
          <ns3:TrackPointExtension>
            <ns3:atemp>23.0</ns3:atemp>
            <ns3:hr>136</ns3:hr>
          </ns3:TrackPointExtension>
        </extensions>
      </trkpt>
      <trkpt lat="48.128512836992740631103515625" lon="-1.21145188808441162109375">
        <ele>93.40000152587890625</ele>
        <time>2026-06-08T07:59:35.000Z</time>
        <extensions>
          <ns3:TrackPointExtension>
            <ns3:atemp>23.0</ns3:atemp>
            <ns3:hr>134</ns3:hr>
          </ns3:TrackPointExtension>
        </extensions>
      </trkpt>
      <trkpt lat="48.12858064658939838409423828125" lon="-1.21143789030611515045166015625">
        <ele>93.8000030517578125</ele>
        <time>2026-06-08T07:59:38.000Z</time>
        <extensions>
          <ns3:TrackPointExtension>
            <ns3:atemp>23.0</ns3:atemp>
            <ns3:hr>134</ns3:hr>
          </ns3:TrackPointExtension>
        </extensions>
      </trkpt>
      <trkpt lat="48.1286642141640186309814453125" lon="-1.211433447897434234619140625">
        <ele>94.40000152587890625</ele>
        <time>2026-06-08T07:59:42.000Z</time>
        <extensions>
          <ns3:TrackPointExtension>
            <ns3:atemp>23.0</ns3:atemp>
            <ns3:hr>133</ns3:hr>
          </ns3:TrackPointExtension>
        </extensions>
      </trkpt>
      <trkpt lat="48.12874342314898967742919921875" lon="-1.211444176733493804931640625">
        <ele>94.8000030517578125</ele>
        <time>2026-06-08T07:59:46.000Z</time>
        <extensions>
          <ns3:TrackPointExtension>
            <ns3:atemp>23.0</ns3:atemp>
            <ns3:hr>133</ns3:hr>
          </ns3:TrackPointExtension>
        </extensions>
      </trkpt>
      <trkpt lat="48.12875934876501560211181640625" lon="-1.21144476346671581268310546875">
        <ele>94.8000030517578125</ele>
        <time>2026-06-08T07:59:47.000Z</time>
        <extensions>
          <ns3:TrackPointExtension>
            <ns3:atemp>23.0</ns3:atemp>
            <ns3:hr>133</ns3:hr>
          </ns3:TrackPointExtension>
        </extensions>
      </trkpt>
      <trkpt lat="48.12880276702344417572021484375" lon="-1.21144476346671581268310546875">
        <ele>95</ele>
        <time>2026-06-08T07:59:50.000Z</time>
        <extensions>
          <ns3:TrackPointExtension>
            <ns3:atemp>23.0</ns3:atemp>
            <ns3:hr>133</ns3:hr>
          </ns3:TrackPointExtension>
        </extensions>
      </trkpt>
      <trkpt lat="48.12884836457669734954833984375" lon="-1.2114795483648777008056640625">
        <ele>95.1999969482421875</ele>
        <time>2026-06-08T07:59:53.000Z</time>
        <extensions>
          <ns3:TrackPointExtension>
            <ns3:atemp>23.0</ns3:atemp>
            <ns3:hr>130</ns3:hr>
          </ns3:TrackPointExtension>
        </extensions>
      </trkpt>
      <trkpt lat="48.12891743145883083343505859375" lon="-1.21153964661061763763427734375">
        <ele>95.1999969482421875</ele>
        <time>2026-06-08T07:59:57.000Z</time>
        <extensions>
          <ns3:TrackPointExtension>
            <ns3:atemp>23.0</ns3:atemp>
            <ns3:hr>129</ns3:hr>
          </ns3:TrackPointExtension>
        </extensions>
      </trkpt>
      <trkpt lat="48.1290072016417980194091796875" lon="-1.21158239431679248809814453125">
        <ele>95.8000030517578125</ele>
        <time>2026-06-08T08:00:02.000Z</time>
        <extensions>
          <ns3:TrackPointExtension>
            <ns3:atemp>23.0</ns3:atemp>
            <ns3:hr>129</ns3:hr>
          </ns3:TrackPointExtension>
        </extensions>
      </trkpt>
      <trkpt lat="48.12903729267418384552001953125" lon="-1.21160670183598995208740234375">
        <ele>96</ele>
        <time>2026-06-08T08:00:04.000Z</time>
        <extensions>
          <ns3:TrackPointExtension>
            <ns3:atemp>23.0</ns3:atemp>
            <ns3:hr>128</ns3:hr>
          </ns3:TrackPointExtension>
        </extensions>
      </trkpt>
      <trkpt lat="48.12911608256399631500244140625" lon="-1.21174156665802001953125">
        <ele>96.59999847412109375</ele>
        <time>2026-06-08T08:00:09.000Z</time>
        <extensions>
          <ns3:TrackPointExtension>
            <ns3:atemp>23.0</ns3:atemp>
            <ns3:hr>128</ns3:hr>
          </ns3:TrackPointExtension>
        </extensions>
      </trkpt>
      <trkpt lat="48.12915514223277568817138671875" lon="-1.21180283837020397186279296875">
        <ele>96.8000030517578125</ele>
        <time>2026-06-08T08:00:13.000Z</time>
        <extensions>
          <ns3:TrackPointExtension>
            <ns3:atemp>23.0</ns3:atemp>
            <ns3:hr>128</ns3:hr>
          </ns3:TrackPointExtension>
        </extensions>
      </trkpt>
      <trkpt lat="48.12917760573327541351318359375" lon="-1.21183049865067005157470703125">
        <ele>97</ele>
        <time>2026-06-08T08:00:15.000Z</time>
        <extensions>
          <ns3:TrackPointExtension>
            <ns3:atemp>23.0</ns3:atemp>
            <ns3:hr>128</ns3:hr>
          </ns3:TrackPointExtension>
        </extensions>
      </trkpt>
      <trkpt lat="48.129181377589702606201171875" lon="-1.211831085383892059326171875">
        <ele>97</ele>
        <time>2026-06-08T08:00:17.000Z</time>
        <extensions>
          <ns3:TrackPointExtension>
            <ns3:atemp>23.0</ns3:atemp>
            <ns3:hr>129</ns3:hr>
          </ns3:TrackPointExtension>
        </extensions>
      </trkpt>
      <trkpt lat="48.1291838921606540679931640625" lon="-1.21193359605967998504638671875">
        <ele>96.40000152587890625</ele>
        <time>2026-06-08T08:02:51.000Z</time>
        <extensions>
          <ns3:TrackPointExtension>
            <ns3:atemp>24.0</ns3:atemp>
            <ns3:hr>98</ns3:hr>
          </ns3:TrackPointExtension>
        </extensions>
      </trkpt>
      <trkpt lat="48.129201494157314300537109375" lon="-1.211986653506755828857421875">
        <ele>96.59999847412109375</ele>
        <time>2026-06-08T08:02:52.000Z</time>
        <extensions>
          <ns3:TrackPointExtension>
            <ns3:atemp>24.0</ns3:atemp>
            <ns3:hr>99</ns3:hr>
          </ns3:TrackPointExtension>
        </extensions>
      </trkpt>
      <trkpt lat="48.1292154081165790557861328125" lon="-1.2120521999895572662353515625">
        <ele>96.8000030517578125</ele>
        <time>2026-06-08T08:02:53.000Z</time>
        <extensions>
          <ns3:TrackPointExtension>
            <ns3:atemp>24.0</ns3:atemp>
            <ns3:hr>100</ns3:hr>
          </ns3:TrackPointExtension>
        </extensions>
      </trkpt>
      <trkpt lat="48.12927617691457271575927734375" lon="-1.21227708645164966583251953125">
        <ele>97.59999847412109375</ele>
        <time>2026-06-08T08:02:56.000Z</time>
        <extensions>
          <ns3:TrackPointExtension>
            <ns3:atemp>24.0</ns3:atemp>
            <ns3:hr>99</ns3:hr>
          </ns3:TrackPointExtension>
        </extensions>
      </trkpt>
      <trkpt lat="48.12930836342275142669677734375" lon="-1.21245461516082286834716796875">
        <ele>98.1999969482421875</ele>
        <time>2026-06-08T08:02:58.000Z</time>
        <extensions>
          <ns3:TrackPointExtension>
            <ns3:atemp>24.0</ns3:atemp>
            <ns3:hr>99</ns3:hr>
          </ns3:TrackPointExtension>
        </extensions>
      </trkpt>
      <trkpt lat="48.1293568946421146392822265625" lon="-1.21271981857717037200927734375">
        <ele>99</ele>
        <time>2026-06-08T08:03:01.000Z</time>
        <extensions>
          <ns3:TrackPointExtension>
            <ns3:atemp>26.0</ns3:atemp>
            <ns3:hr>101</ns3:hr>
          </ns3:TrackPointExtension>
        </extensions>
      </trkpt>
      <trkpt lat="48.1293729878962039947509765625" lon="-1.21281084604561328887939453125">
        <ele>99</ele>
        <time>2026-06-08T08:03:02.000Z</time>
        <extensions>
          <ns3:TrackPointExtension>
            <ns3:atemp>24.0</ns3:atemp>
            <ns3:hr>102</ns3:hr>
          </ns3:TrackPointExtension>
        </extensions>
      </trkpt>
      <trkpt lat="48.129389584064483642578125" lon="-1.21290371753275394439697265625">
        <ele>99.40000152587890625</ele>
        <time>2026-06-08T08:03:03.000Z</time>
        <extensions>
          <ns3:TrackPointExtension>
            <ns3:atemp>24.0</ns3:atemp>
            <ns3:hr>103</ns3:hr>
          </ns3:TrackPointExtension>
        </extensions>
      </trkpt>
      <trkpt lat="48.12942956574261188507080078125" lon="-1.2130818329751491546630859375">
        <ele>99.8000030517578125</ele>
        <time>2026-06-08T08:03:05.000Z</time>
        <extensions>
          <ns3:TrackPointExtension>
            <ns3:atemp>24.0</ns3:atemp>
            <ns3:hr>106</ns3:hr>
          </ns3:TrackPointExtension>
        </extensions>
      </trkpt>
      <trkpt lat="48.12948874197900295257568359375" lon="-1.213355250656604766845703125">
        <ele>100.59999847412109375</ele>
        <time>2026-06-08T08:03:08.000Z</time>
        <extensions>
          <ns3:TrackPointExtension>
            <ns3:atemp>24.0</ns3:atemp>
            <ns3:hr>109</ns3:hr>
          </ns3:TrackPointExtension>
        </extensions>
      </trkpt>
      <trkpt lat="48.12952796928584575653076171875" lon="-1.213535629212856292724609375">
        <ele>101.40000152587890625</ele>
        <time>2026-06-08T08:03:10.000Z</time>
        <extensions>
          <ns3:TrackPointExtension>
            <ns3:atemp>24.0</ns3:atemp>
            <ns3:hr>111</ns3:hr>
          </ns3:TrackPointExtension>
        </extensions>
      </trkpt>
      <trkpt lat="48.1295416317880153656005859375" lon="-1.213624812662601470947265625">
        <ele>101.8000030517578125</ele>
        <time>2026-06-08T08:03:11.000Z</time>
        <extensions>
          <ns3:TrackPointExtension>
            <ns3:atemp>24.0</ns3:atemp>
            <ns3:hr>112</ns3:hr>
          </ns3:TrackPointExtension>
        </extensions>
      </trkpt>
      <trkpt lat="48.1295748241245746612548828125" lon="-1.21380862779915332794189453125">
        <ele>102.40000152587890625</ele>
        <time>2026-06-08T08:03:14.000Z</time>
        <extensions>
          <ns3:TrackPointExtension>
            <ns3:atemp>24.0</ns3:atemp>
            <ns3:hr>114</ns3:hr>
          </ns3:TrackPointExtension>
        </extensions>
      </trkpt>
      <trkpt lat="48.12958966009318828582763671875" lon="-1.2138824723660945892333984375">
        <ele>102.59999847412109375</ele>
        <time>2026-06-08T08:03:18.000Z</time>
        <extensions>
          <ns3:TrackPointExtension>
            <ns3:atemp>24.0</ns3:atemp>
            <ns3:hr>114</ns3:hr>
          </ns3:TrackPointExtension>
        </extensions>
      </trkpt>
      <trkpt lat="48.1295895762741565704345703125" lon="-1.2138824723660945892333984375">
        <ele>102.8000030517578125</ele>
        <time>2026-06-08T08:03:19.000Z</time>
        <extensions>
          <ns3:TrackPointExtension>
            <ns3:atemp>24.0</ns3:atemp>
            <ns3:hr>113</ns3:hr>
          </ns3:TrackPointExtension>
        </extensions>
      </trkpt>
      <trkpt lat="48.1296081840991973876953125" lon="-1.214022450149059295654296875">
        <ele>103.40000152587890625</ele>
        <time>2026-06-08T08:04:43.000Z</time>
        <extensions>
          <ns3:TrackPointExtension>
            <ns3:atemp>24.0</ns3:atemp>
            <ns3:hr>116</ns3:hr>
          </ns3:TrackPointExtension>
        </extensions>
      </trkpt>
      <trkpt lat="48.12961966730654239654541015625" lon="-1.21407668106257915496826171875">
        <ele>103.59999847412109375</ele>
        <time>2026-06-08T08:04:45.000Z</time>
        <extensions>
          <ns3:TrackPointExtension>
            <ns3:atemp>24.0</ns3:atemp>
            <ns3:hr>116</ns3:hr>
          </ns3:TrackPointExtension>
        </extensions>
      </trkpt>
      <trkpt lat="48.129670210182666778564453125" lon="-1.2142588198184967041015625">
        <ele>104</ele>
        <time>2026-06-08T08:04:49.000Z</time>
        <extensions>
          <ns3:TrackPointExtension>
            <ns3:atemp>24.0</ns3:atemp>
            <ns3:hr>116</ns3:hr>
          </ns3:TrackPointExtension>
        </extensions>
      </trkpt>
      <trkpt lat="48.12970801256597042083740234375" lon="-1.21429461054503917694091796875">
        <ele>104</ele>
        <time>2026-06-08T08:04:50.000Z</time>
        <extensions>
          <ns3:TrackPointExtension>
            <ns3:atemp>24.0</ns3:atemp>
            <ns3:hr>116</ns3:hr>
          </ns3:TrackPointExtension>
        </extensions>
      </trkpt>
      <trkpt lat="48.12976433895528316497802734375" lon="-1.21441296301782131195068359375">
        <ele>104</ele>
        <time>2026-06-08T08:04:52.000Z</time>
        <extensions>
          <ns3:TrackPointExtension>
            <ns3:atemp>24.0</ns3:atemp>
            <ns3:hr>116</ns3:hr>
          </ns3:TrackPointExtension>
        </extensions>
      </trkpt>
      <trkpt lat="48.12972913496196269989013671875" lon="-1.21458848007023334503173828125">
        <ele>103.8000030517578125</ele>
        <time>2026-06-08T08:04:55.000Z</time>
        <extensions>
          <ns3:TrackPointExtension>
            <ns3:atemp>24.0</ns3:atemp>
            <ns3:hr>115</ns3:hr>
          </ns3:TrackPointExtension>
        </extensions>
      </trkpt>
      <trkpt lat="48.12974539585411548614501953125" lon="-1.21472225524485111236572265625">
        <ele>104.8000030517578125</ele>
        <time>2026-06-08T08:04:58.000Z</time>
        <extensions>
          <ns3:TrackPointExtension>
            <ns3:atemp>24.0</ns3:atemp>
            <ns3:hr>114</ns3:hr>
          </ns3:TrackPointExtension>
        </extensions>
      </trkpt>
      <trkpt lat="48.1297659315168857574462890625" lon="-1.2147783301770687103271484375">
        <ele>105.1999969482421875</ele>
        <time>2026-06-08T08:04:59.000Z</time>
        <extensions>
          <ns3:TrackPointExtension>
            <ns3:atemp>24.0</ns3:atemp>
            <ns3:hr>114</ns3:hr>
          </ns3:TrackPointExtension>
        </extensions>
      </trkpt>
      <trkpt lat="48.129784874618053436279296875" lon="-1.2148990295827388763427734375">
        <ele>105.8000030517578125</ele>
        <time>2026-06-08T08:05:01.000Z</time>
        <extensions>
          <ns3:TrackPointExtension>
            <ns3:atemp>24.0</ns3:atemp>
            <ns3:hr>114</ns3:hr>
          </ns3:TrackPointExtension>
        </extensions>
      </trkpt>
      <trkpt lat="48.12981395982205867767333984375" lon="-1.21507228352129459381103515625">
        <ele>106.1999969482421875</ele>
        <time>2026-06-08T08:05:04.000Z</time>
        <extensions>
          <ns3:TrackPointExtension>
            <ns3:atemp>24.0</ns3:atemp>
            <ns3:hr>113</ns3:hr>
          </ns3:TrackPointExtension>
        </extensions>
      </trkpt>
      <trkpt lat="48.12985427677631378173828125" lon="-1.2152550928294658660888671875">
        <ele>107</ele>
        <time>2026-06-08T08:05:07.000Z</time>
        <extensions>
          <ns3:TrackPointExtension>
            <ns3:atemp>24.0</ns3:atemp>
            <ns3:hr>112</ns3:hr>
          </ns3:TrackPointExtension>
        </extensions>
      </trkpt>
      <trkpt lat="48.12988922931253910064697265625" lon="-1.2154143489897251129150390625">
        <ele>107</ele>
        <time>2026-06-08T08:05:10.000Z</time>
        <extensions>
          <ns3:TrackPointExtension>
            <ns3:atemp>24.0</ns3:atemp>
            <ns3:hr>114</ns3:hr>
          </ns3:TrackPointExtension>
        </extensions>
      </trkpt>
      <trkpt lat="48.129930384457111358642578125" lon="-1.2156041152775287628173828125">
        <ele>108</ele>
        <time>2026-06-08T08:05:14.000Z</time>
        <extensions>
          <ns3:TrackPointExtension>
            <ns3:atemp>24.0</ns3:atemp>
            <ns3:hr>116</ns3:hr>
          </ns3:TrackPointExtension>
        </extensions>
      </trkpt>
      <trkpt lat="48.12995192594826221466064453125" lon="-1.2157206237316131591796875">
        <ele>108.40000152587890625</ele>
        <time>2026-06-08T08:05:17.000Z</time>
        <extensions>
          <ns3:TrackPointExtension>
            <ns3:atemp>24.0</ns3:atemp>
            <ns3:hr>119</ns3:hr>
          </ns3:TrackPointExtension>
        </extensions>
      </trkpt>
      <trkpt lat="48.12997363507747650146484375" lon="-1.21590628288686275482177734375">
        <ele>109</ele>
        <time>2026-06-08T08:05:22.000Z</time>
        <extensions>
          <ns3:TrackPointExtension>
            <ns3:atemp>24.0</ns3:atemp>
            <ns3:hr>118</ns3:hr>
          </ns3:TrackPointExtension>
        </extensions>
      </trkpt>
      <trkpt lat="48.12998838722705841064453125" lon="-1.2159876711666584014892578125">
        <ele>109.1999969482421875</ele>
        <time>2026-06-08T08:05:24.000Z</time>
        <extensions>
          <ns3:TrackPointExtension>
            <ns3:atemp>24.0</ns3:atemp>
            <ns3:hr>118</ns3:hr>
          </ns3:TrackPointExtension>
        </extensions>
      </trkpt>
      <trkpt lat="48.1300284527242183685302734375" lon="-1.21612857095897197723388671875">
        <ele>109.1999969482421875</ele>
        <time>2026-06-08T08:05:28.000Z</time>
        <extensions>
          <ns3:TrackPointExtension>
            <ns3:atemp>24.0</ns3:atemp>
            <ns3:hr>115</ns3:hr>
          </ns3:TrackPointExtension>
        </extensions>
      </trkpt>
      <trkpt lat="48.13005418516695499420166015625" lon="-1.21620216406881809234619140625">
        <ele>109.1999969482421875</ele>
        <time>2026-06-08T08:05:30.000Z</time>
        <extensions>
          <ns3:TrackPointExtension>
            <ns3:atemp>24.0</ns3:atemp>
            <ns3:hr>115</ns3:hr>
          </ns3:TrackPointExtension>
        </extensions>
      </trkpt>
      <trkpt lat="48.13011419959366321563720703125" lon="-1.216518916189670562744140625">
        <ele>110.1999969482421875</ele>
        <time>2026-06-08T08:05:37.000Z</time>
        <extensions>
          <ns3:TrackPointExtension>
            <ns3:atemp>24.0</ns3:atemp>
            <ns3:hr>117</ns3:hr>
          </ns3:TrackPointExtension>
        </extensions>
      </trkpt>
      <trkpt lat="48.1301541812717914581298828125" lon="-1.216738857328891754150390625">
        <ele>110.8000030517578125</ele>
        <time>2026-06-08T08:05:43.000Z</time>
        <extensions>
          <ns3:TrackPointExtension>
            <ns3:atemp>24.0</ns3:atemp>
            <ns3:hr>119</ns3:hr>
          </ns3:TrackPointExtension>
        </extensions>
      </trkpt>
      <trkpt lat="48.13019785098731517791748046875" lon="-1.2169391848146915435791015625">
        <ele>111.1999969482421875</ele>
        <time>2026-06-08T08:05:48.000Z</time>
        <extensions>
          <ns3:TrackPointExtension>
            <ns3:atemp>24.0</ns3:atemp>
            <ns3:hr>119</ns3:hr>
          </ns3:TrackPointExtension>
        </extensions>
      </trkpt>
      <trkpt lat="48.130220063030719757080078125" lon="-1.21705762110650539398193359375">
        <ele>111.40000152587890625</ele>
        <time>2026-06-08T08:05:51.000Z</time>
        <extensions>
          <ns3:TrackPointExtension>
            <ns3:atemp>24.0</ns3:atemp>
            <ns3:hr>120</ns3:hr>
          </ns3:TrackPointExtension>
        </extensions>
      </trkpt>
      <trkpt lat="48.13027546741068363189697265625" lon="-1.2173562683165073394775390625">
        <ele>112.1999969482421875</ele>
        <time>2026-06-08T08:05:59.000Z</time>
        <extensions>
          <ns3:TrackPointExtension>
            <ns3:atemp>24.0</ns3:atemp>
            <ns3:hr>121</ns3:hr>
          </ns3:TrackPointExtension>
        </extensions>
      </trkpt>
      <trkpt lat="48.130283094942569732666015625" lon="-1.21739390306174755096435546875">
        <ele>112.40000152587890625</ele>
        <time>2026-06-08T08:06:00.000Z</time>
        <extensions>
          <ns3:TrackPointExtension>
            <ns3:atemp>24.0</ns3:atemp>
            <ns3:hr>121</ns3:hr>
          </ns3:TrackPointExtension>
        </extensions>
      </trkpt>
      <trkpt lat="48.13031083904206752777099609375" lon="-1.2175758741796016693115234375">
        <ele>112.1999969482421875</ele>
        <time>2026-06-08T08:06:05.000Z</time>
        <extensions>
          <ns3:TrackPointExtension>
            <ns3:atemp>24.0</ns3:atemp>
            <ns3:hr>121</ns3:hr>
          </ns3:TrackPointExtension>
        </extensions>
      </trkpt>
      <trkpt lat="48.1303479708731174468994140625" lon="-1.21780134737491607666015625">
        <ele>112.40000152587890625</ele>
        <time>2026-06-08T08:06:12.000Z</time>
        <extensions>
          <ns3:TrackPointExtension>
            <ns3:atemp>24.0</ns3:atemp>
            <ns3:hr>119</ns3:hr>
          </ns3:TrackPointExtension>
        </extensions>
      </trkpt>
      <trkpt lat="48.13040320761501789093017578125" lon="-1.21806328184902667999267578125">
        <ele>113.1999969482421875</ele>
        <time>2026-06-08T08:06:19.000Z</time>
        <extensions>
          <ns3:TrackPointExtension>
            <ns3:atemp>24.0</ns3:atemp>
            <ns3:hr>118</ns3:hr>
          </ns3:TrackPointExtension>
        </extensions>
      </trkpt>
      <trkpt lat="48.13046925701200962066650390625" lon="-1.2184073589742183685302734375">
        <ele>113.1999969482421875</ele>
        <time>2026-06-08T08:06:26.000Z</time>
        <extensions>
          <ns3:TrackPointExtension>
            <ns3:atemp>24.0</ns3:atemp>
            <ns3:hr>118</ns3:hr>
          </ns3:TrackPointExtension>
        </extensions>
      </trkpt>
      <trkpt lat="48.13048015348613262176513671875" lon="-1.21846058405935764312744140625">
        <ele>113.1999969482421875</ele>
        <time>2026-06-08T08:06:27.000Z</time>
        <extensions>
          <ns3:TrackPointExtension>
            <ns3:atemp>24.0</ns3:atemp>
            <ns3:hr>118</ns3:hr>
          </ns3:TrackPointExtension>
        </extensions>
      </trkpt>
      <trkpt lat="48.130543939769268035888671875" lon="-1.21880172751843929290771484375">
        <ele>113.8000030517578125</ele>
        <time>2026-06-08T08:06:34.000Z</time>
        <extensions>
          <ns3:TrackPointExtension>
            <ns3:atemp>24.0</ns3:atemp>
            <ns3:hr>123</ns3:hr>
          </ns3:TrackPointExtension>
        </extensions>
      </trkpt>
      <trkpt lat="48.13055274076759815216064453125" lon="-1.2188465707004070281982421875">
        <ele>114</ele>
        <time>2026-06-08T08:06:35.000Z</time>
        <extensions>
          <ns3:TrackPointExtension>
            <ns3:atemp>24.0</ns3:atemp>
            <ns3:hr>130</ns3:hr>
          </ns3:TrackPointExtension>
        </extensions>
      </trkpt>
      <trkpt lat="48.13056296668946743011474609375" lon="-1.21889166533946990966796875">
        <ele>114</ele>
        <time>2026-06-08T08:06:36.000Z</time>
        <extensions>
          <ns3:TrackPointExtension>
            <ns3:atemp>24.0</ns3:atemp>
            <ns3:hr>131</ns3:hr>
          </ns3:TrackPointExtension>
        </extensions>
      </trkpt>
      <trkpt lat="48.130580149590969085693359375" lon="-1.21898411773145198822021484375">
        <ele>114.1999969482421875</ele>
        <time>2026-06-08T08:06:38.000Z</time>
        <extensions>
          <ns3:TrackPointExtension>
            <ns3:atemp>24.0</ns3:atemp>
            <ns3:hr>135</ns3:hr>
          </ns3:TrackPointExtension>
        </extensions>
      </trkpt>
      <trkpt lat="48.1305992603302001953125" lon="-1.2190772406756877899169921875">
        <ele>114.40000152587890625</ele>
        <time>2026-06-08T08:06:40.000Z</time>
        <extensions>
          <ns3:TrackPointExtension>
            <ns3:atemp>24.0</ns3:atemp>
            <ns3:hr>135</ns3:hr>
          </ns3:TrackPointExtension>
        </extensions>
      </trkpt>
      <trkpt lat="48.13064343295991420745849609375" lon="-1.2192971818149089813232421875">
        <ele>114.40000152587890625</ele>
        <time>2026-06-08T08:06:45.000Z</time>
        <extensions>
          <ns3:TrackPointExtension>
            <ns3:atemp>24.0</ns3:atemp>
            <ns3:hr>135</ns3:hr>
          </ns3:TrackPointExtension>
        </extensions>
      </trkpt>
      <trkpt lat="48.13073731027543544769287109375" lon="-1.2197920493781566619873046875">
        <ele>114.8000030517578125</ele>
        <time>2026-06-08T08:06:56.000Z</time>
        <extensions>
          <ns3:TrackPointExtension>
            <ns3:atemp>24.0</ns3:atemp>
            <ns3:hr>135</ns3:hr>
          </ns3:TrackPointExtension>
        </extensions>
      </trkpt>
      <trkpt lat="48.13079548068344593048095703125" lon="-1.22010544873774051666259765625">
        <ele>115.40000152587890625</ele>
        <time>2026-06-08T08:07:03.000Z</time>
        <extensions>
          <ns3:TrackPointExtension>
            <ns3:atemp>24.0</ns3:atemp>
            <ns3:hr>136</ns3:hr>
          </ns3:TrackPointExtension>
        </extensions>
      </trkpt>
      <trkpt lat="48.13081777654588222503662109375" lon="-1.2201972305774688720703125">
        <ele>115.40000152587890625</ele>
        <time>2026-06-08T08:07:05.000Z</time>
        <extensions>
          <ns3:TrackPointExtension>
            <ns3:atemp>23.0</ns3:atemp>
            <ns3:hr>136</ns3:hr>
          </ns3:TrackPointExtension>
        </extensions>
      </trkpt>
      <trkpt lat="48.13088131137192249298095703125" lon="-1.22047861106693744659423828125">
        <ele>116</ele>
        <time>2026-06-08T08:07:12.000Z</time>
        <extensions>
          <ns3:TrackPointExtension>
            <ns3:atemp>23.0</ns3:atemp>
            <ns3:hr>133</ns3:hr>
          </ns3:TrackPointExtension>
        </extensions>
      </trkpt>
      <trkpt lat="48.13090167939662933349609375" lon="-1.2205665372312068939208984375">
        <ele>115.8000030517578125</ele>
        <time>2026-06-08T08:07:14.000Z</time>
        <extensions>
          <ns3:TrackPointExtension>
            <ns3:atemp>23.0</ns3:atemp>
            <ns3:hr>131</ns3:hr>
          </ns3:TrackPointExtension>
        </extensions>
      </trkpt>
      <trkpt lat="48.13097007572650909423828125" lon="-1.22089904733002185821533203125">
        <ele>116</ele>
        <time>2026-06-08T08:07:22.000Z</time>
        <extensions>
          <ns3:TrackPointExtension>
            <ns3:atemp>23.0</ns3:atemp>
            <ns3:hr>130</ns3:hr>
          </ns3:TrackPointExtension>
        </extensions>
      </trkpt>
      <trkpt lat="48.1309950537979602813720703125" lon="-1.22102326713502407073974609375">
        <ele>116.40000152587890625</ele>
        <time>2026-06-08T08:07:25.000Z</time>
        <extensions>
          <ns3:TrackPointExtension>
            <ns3:atemp>23.0</ns3:atemp>
            <ns3:hr>128</ns3:hr>
          </ns3:TrackPointExtension>
        </extensions>
      </trkpt>
      <trkpt lat="48.13103000633418560028076171875" lon="-1.22119811363518238067626953125">
        <ele>116.40000152587890625</ele>
        <time>2026-06-08T08:07:29.000Z</time>
        <extensions>
          <ns3:TrackPointExtension>
            <ns3:atemp>23.0</ns3:atemp>
            <ns3:hr>132</ns3:hr>
          </ns3:TrackPointExtension>
        </extensions>
      </trkpt>
      <trkpt lat="48.13105481676757335662841796875" lon="-1.22133138589560985565185546875">
        <ele>116.40000152587890625</ele>
        <time>2026-06-08T08:07:32.000Z</time>
        <extensions>
          <ns3:TrackPointExtension>
            <ns3:atemp>23.0</ns3:atemp>
            <ns3:hr>132</ns3:hr>
          </ns3:TrackPointExtension>
        </extensions>
      </trkpt>
      <trkpt lat="48.131112568080425262451171875" lon="-1.22166129760444164276123046875">
        <ele>116.40000152587890625</ele>
        <time>2026-06-08T08:07:40.000Z</time>
        <extensions>
          <ns3:TrackPointExtension>
            <ns3:atemp>23.0</ns3:atemp>
            <ns3:hr>132</ns3:hr>
          </ns3:TrackPointExtension>
        </extensions>
      </trkpt>
      <trkpt lat="48.13114617951214313507080078125" lon="-1.22180663980543613433837890625">
        <ele>116.40000152587890625</ele>
        <time>2026-06-08T08:07:44.000Z</time>
        <extensions>
          <ns3:TrackPointExtension>
            <ns3:atemp>23.0</ns3:atemp>
            <ns3:hr>135</ns3:hr>
          </ns3:TrackPointExtension>
        </extensions>
      </trkpt>
      <trkpt lat="48.13118875958025455474853515625" lon="-1.22200545854866504669189453125">
        <ele>116.1999969482421875</ele>
        <time>2026-06-08T08:07:49.000Z</time>
        <extensions>
          <ns3:TrackPointExtension>
            <ns3:atemp>23.0</ns3:atemp>
            <ns3:hr>136</ns3:hr>
          </ns3:TrackPointExtension>
        </extensions>
      </trkpt>
      <trkpt lat="48.1312813796103000640869140625" lon="-1.2224722467362880706787109375">
        <ele>116.40000152587890625</ele>
        <time>2026-06-08T08:08:00.000Z</time>
        <extensions>
          <ns3:TrackPointExtension>
            <ns3:atemp>23.0</ns3:atemp>
            <ns3:hr>138</ns3:hr>
          </ns3:TrackPointExtension>
        </extensions>
      </trkpt>
      <trkpt lat="48.13130023889243602752685546875" lon="-1.2225570715963840484619140625">
        <ele>116</ele>
        <time>2026-06-08T08:08:02.000Z</time>
        <extensions>
          <ns3:TrackPointExtension>
            <ns3:atemp>23.0</ns3:atemp>
            <ns3:hr>135</ns3:hr>
          </ns3:TrackPointExtension>
        </extensions>
      </trkpt>
      <trkpt lat="48.1313569843769073486328125" lon="-1.222850270569324493408203125">
        <ele>116</ele>
        <time>2026-06-08T08:08:08.000Z</time>
        <extensions>
          <ns3:TrackPointExtension>
            <ns3:atemp>23.0</ns3:atemp>
            <ns3:hr>134</ns3:hr>
          </ns3:TrackPointExtension>
        </extensions>
      </trkpt>
      <trkpt lat="48.13139788806438446044921875" lon="-1.22303031384944915771484375">
        <ele>116</ele>
        <time>2026-06-08T08:08:12.000Z</time>
        <extensions>
          <ns3:TrackPointExtension>
            <ns3:atemp>23.0</ns3:atemp>
            <ns3:hr>133</ns3:hr>
          </ns3:TrackPointExtension>
        </extensions>
      </trkpt>
      <trkpt lat="48.1314195133745670318603515625" lon="-1.22311505489051342010498046875">
        <ele>115.8000030517578125</ele>
        <time>2026-06-08T08:08:14.000Z</time>
        <extensions>
          <ns3:TrackPointExtension>
            <ns3:atemp>23.0</ns3:atemp>
            <ns3:hr>137</ns3:hr>
          </ns3:TrackPointExtension>
        </extensions>
      </trkpt>
      <trkpt lat="48.13144759275019168853759765625" lon="-1.22324430383741855621337890625">
        <ele>115.8000030517578125</ele>
        <time>2026-06-08T08:08:17.000Z</time>
        <extensions>
          <ns3:TrackPointExtension>
            <ns3:atemp>23.0</ns3:atemp>
            <ns3:hr>134</ns3:hr>
          </ns3:TrackPointExtension>
        </extensions>
      </trkpt>
      <trkpt lat="48.13146536238491535186767578125" lon="-1.22333684004843235015869140625">
        <ele>115.8000030517578125</ele>
        <time>2026-06-08T08:08:19.000Z</time>
        <extensions>
          <ns3:TrackPointExtension>
            <ns3:atemp>23.0</ns3:atemp>
            <ns3:hr>131</ns3:hr>
          </ns3:TrackPointExtension>
        </extensions>
      </trkpt>
      <trkpt lat="48.1314751692116260528564453125" lon="-1.2233892269432544708251953125">
        <ele>115.59999847412109375</ele>
        <time>2026-06-08T08:08:20.000Z</time>
        <extensions>
          <ns3:TrackPointExtension>
            <ns3:atemp>23.0</ns3:atemp>
            <ns3:hr>126</ns3:hr>
          </ns3:TrackPointExtension>
        </extensions>
      </trkpt>
      <trkpt lat="48.1314952857792377471923828125" lon="-1.2234864570200443267822265625">
        <ele>115.40000152587890625</ele>
        <time>2026-06-08T08:08:22.000Z</time>
        <extensions>
          <ns3:TrackPointExtension>
            <ns3:atemp>23.0</ns3:atemp>
            <ns3:hr>124</ns3:hr>
          </ns3:TrackPointExtension>
        </extensions>
      </trkpt>
      <trkpt lat="48.13154767267405986785888671875" lon="-1.22369340620934963226318359375">
        <ele>115</ele>
        <time>2026-06-08T08:08:26.000Z</time>
        <extensions>
          <ns3:TrackPointExtension>
            <ns3:atemp>23.0</ns3:atemp>
            <ns3:hr>122</ns3:hr>
          </ns3:TrackPointExtension>
        </extensions>
      </trkpt>
      <trkpt lat="48.13165848143398761749267578125" lon="-1.224016360938549041748046875">
        <ele>114.40000152587890625</ele>
        <time>2026-06-08T08:08:32.000Z</time>
        <extensions>
          <ns3:TrackPointExtension>
            <ns3:atemp>23.0</ns3:atemp>
            <ns3:hr>121</ns3:hr>
          </ns3:TrackPointExtension>
        </extensions>
      </trkpt>
      <trkpt lat="48.13171732239425182342529296875" lon="-1.22417788021266460418701171875">
        <ele>114.40000152587890625</ele>
        <time>2026-06-08T08:08:35.000Z</time>
        <extensions>
          <ns3:TrackPointExtension>
            <ns3:atemp>23.0</ns3:atemp>
            <ns3:hr>118</ns3:hr>
          </ns3:TrackPointExtension>
        </extensions>
      </trkpt>
      <trkpt lat="48.13183701597154140472412109375" lon="-1.22449840418994426727294921875">
        <ele>113.59999847412109375</ele>
        <time>2026-06-08T08:08:41.000Z</time>
        <extensions>
          <ns3:TrackPointExtension>
            <ns3:atemp>23.0</ns3:atemp>
            <ns3:hr>118</ns3:hr>
          </ns3:TrackPointExtension>
        </extensions>
      </trkpt>
      <trkpt lat="48.131918571889400482177734375" lon="-1.22468917630612850189208984375">
        <ele>113.40000152587890625</ele>
        <time>2026-06-08T08:08:45.000Z</time>
        <extensions>
          <ns3:TrackPointExtension>
            <ns3:atemp>23.0</ns3:atemp>
            <ns3:hr>120</ns3:hr>
          </ns3:TrackPointExtension>
        </extensions>
      </trkpt>
      <trkpt lat="48.131933994591236114501953125" lon="-1.2247196026146411895751953125">
        <ele>113.40000152587890625</ele>
        <time>2026-06-08T08:08:46.000Z</time>
        <extensions>
          <ns3:TrackPointExtension>
            <ns3:atemp>23.0</ns3:atemp>
            <ns3:hr>120</ns3:hr>
          </ns3:TrackPointExtension>
        </extensions>
      </trkpt>
      <trkpt lat="48.13194061629474163055419921875" lon="-1.2248265556991100311279296875">
        <ele>113</ele>
        <time>2026-06-08T08:08:49.000Z</time>
        <extensions>
          <ns3:TrackPointExtension>
            <ns3:atemp>23.0</ns3:atemp>
            <ns3:hr>121</ns3:hr>
          </ns3:TrackPointExtension>
        </extensions>
      </trkpt>
      <trkpt lat="48.1319256126880645751953125" lon="-1.2248520366847515106201171875">
        <ele>113</ele>
        <time>2026-06-08T08:08:50.000Z</time>
        <extensions>
          <ns3:TrackPointExtension>
            <ns3:atemp>23.0</ns3:atemp>
            <ns3:hr>124</ns3:hr>
          </ns3:TrackPointExtension>
        </extensions>
      </trkpt>
      <trkpt lat="48.13184808008372783660888671875" lon="-1.2249747477471828460693359375">
        <ele>113.40000152587890625</ele>
        <time>2026-06-08T08:08:56.000Z</time>
        <extensions>
          <ns3:TrackPointExtension>
            <ns3:atemp>23.0</ns3:atemp>
            <ns3:hr>125</ns3:hr>
          </ns3:TrackPointExtension>
        </extensions>
      </trkpt>
      <trkpt lat="48.1318624131381511688232421875" lon="-1.22503794729709625244140625">
        <ele>113.59999847412109375</ele>
        <time>2026-06-08T08:08:59.000Z</time>
        <extensions>
          <ns3:TrackPointExtension>
            <ns3:atemp>23.0</ns3:atemp>
            <ns3:hr>125</ns3:hr>
          </ns3:TrackPointExtension>
        </extensions>
      </trkpt>
      <trkpt lat="48.131876327097415924072265625" lon="-1.2250936031341552734375">
        <ele>113.59999847412109375</ele>
        <time>2026-06-08T08:09:01.000Z</time>
        <extensions>
          <ns3:TrackPointExtension>
            <ns3:atemp>22.0</ns3:atemp>
            <ns3:hr>124</ns3:hr>
          </ns3:TrackPointExtension>
        </extensions>
      </trkpt>
      <trkpt lat="48.13190859742462635040283203125" lon="-1.22523651458323001861572265625">
        <ele>113.59999847412109375</ele>
        <time>2026-06-08T08:09:06.000Z</time>
        <extensions>
          <ns3:TrackPointExtension>
            <ns3:atemp>23.0</ns3:atemp>
            <ns3:hr>123</ns3:hr>
          </ns3:TrackPointExtension>
        </extensions>
      </trkpt>
      <trkpt lat="48.13198118470609188079833984375" lon="-1.2254820205271244049072265625">
        <ele>112.59999847412109375</ele>
        <time>2026-06-08T08:09:13.000Z</time>
        <extensions>
          <ns3:TrackPointExtension>
            <ns3:atemp>23.0</ns3:atemp>
            <ns3:hr>122</ns3:hr>
          </ns3:TrackPointExtension>
        </extensions>
      </trkpt>
      <trkpt lat="48.13203365541994571685791015625" lon="-1.2256743013858795166015625">
        <ele>112.40000152587890625</ele>
        <time>2026-06-08T08:09:18.000Z</time>
        <extensions>
          <ns3:TrackPointExtension>
            <ns3:atemp>23.0</ns3:atemp>
            <ns3:hr>123</ns3:hr>
          </ns3:TrackPointExtension>
        </extensions>
      </trkpt>
      <trkpt lat="48.13205997459590435028076171875" lon="-1.22577094472944736480712890625">
        <ele>112.1999969482421875</ele>
        <time>2026-06-08T08:09:20.000Z</time>
        <extensions>
          <ns3:TrackPointExtension>
            <ns3:atemp>22.0</ns3:atemp>
            <ns3:hr>125</ns3:hr>
          </ns3:TrackPointExtension>
        </extensions>
      </trkpt>
      <trkpt lat="48.1320887245237827301025390625" lon="-1.2259121797978878021240234375">
        <ele>112.1999969482421875</ele>
        <time>2026-06-08T08:09:24.000Z</time>
        <extensions>
          <ns3:TrackPointExtension>
            <ns3:atemp>22.0</ns3:atemp>
            <ns3:hr>126</ns3:hr>
          </ns3:TrackPointExtension>
        </extensions>
      </trkpt>
      <trkpt lat="48.132120072841644287109375" lon="-1.22602768242359161376953125">
        <ele>112.1999969482421875</ele>
        <time>2026-06-08T08:09:29.000Z</time>
        <extensions>
          <ns3:TrackPointExtension>
            <ns3:atemp>23.0</ns3:atemp>
            <ns3:hr>126</ns3:hr>
          </ns3:TrackPointExtension>
        </extensions>
      </trkpt>
      <trkpt lat="48.13216357491910457611083984375" lon="-1.22616673819720745086669921875">
        <ele>112</ele>
        <time>2026-06-08T08:09:36.000Z</time>
        <extensions>
          <ns3:TrackPointExtension>
            <ns3:atemp>22.0</ns3:atemp>
            <ns3:hr>128</ns3:hr>
          </ns3:TrackPointExtension>
        </extensions>
      </trkpt>
      <trkpt lat="48.13218587078154087066650390625" lon="-1.2262897007167339324951171875">
        <ele>111.59999847412109375</ele>
        <time>2026-06-08T08:09:41.000Z</time>
        <extensions>
          <ns3:TrackPointExtension>
            <ns3:atemp>22.0</ns3:atemp>
            <ns3:hr>128</ns3:hr>
          </ns3:TrackPointExtension>
        </extensions>
      </trkpt>
      <trkpt lat="48.1322017125785350799560546875" lon="-1.226351894438266754150390625">
        <ele>111.1999969482421875</ele>
        <time>2026-06-08T08:09:46.000Z</time>
        <extensions>
          <ns3:TrackPointExtension>
            <ns3:atemp>22.0</ns3:atemp>
            <ns3:hr>125</ns3:hr>
          </ns3:TrackPointExtension>
        </extensions>
      </trkpt>
      <trkpt lat="48.13220447860658168792724609375" lon="-1.226359941065311431884765625">
        <ele>111.1999969482421875</ele>
        <time>2026-06-08T08:09:47.000Z</time>
        <extensions>
          <ns3:TrackPointExtension>
            <ns3:atemp>22.0</ns3:atemp>
            <ns3:hr>125</ns3:hr>
          </ns3:TrackPointExtension>
        </extensions>
      </trkpt>
      <trkpt lat="48.13221671618521213531494140625" lon="-1.22638584114611148834228515625">
        <ele>111.1999969482421875</ele>
        <time>2026-06-08T08:09:52.000Z</time>
        <extensions>
          <ns3:TrackPointExtension>
            <ns3:atemp>22.0</ns3:atemp>
            <ns3:hr>126</ns3:hr>
          </ns3:TrackPointExtension>
        </extensions>
      </trkpt>
      <trkpt lat="48.13223901204764842987060546875" lon="-1.22642188332974910736083984375">
        <ele>111</ele>
        <time>2026-06-08T08:09:59.000Z</time>
        <extensions>
          <ns3:TrackPointExtension>
            <ns3:atemp>22.0</ns3:atemp>
            <ns3:hr>124</ns3:hr>
          </ns3:TrackPointExtension>
        </extensions>
      </trkpt>
      <trkpt lat="48.1322721205651760101318359375" lon="-1.22644568793475627899169921875">
        <ele>110.8000030517578125</ele>
        <time>2026-06-08T08:10:00.000Z</time>
        <extensions>
          <ns3:TrackPointExtension>
            <ns3:atemp>22.0</ns3:atemp>
            <ns3:hr>123</ns3:hr>
          </ns3:TrackPointExtension>
        </extensions>
      </trkpt>
      <trkpt lat="48.13236641697585582733154296875" lon="-1.2264895252883434295654296875">
        <ele>110</ele>
        <time>2026-06-08T08:10:03.000Z</time>
        <extensions>
          <ns3:TrackPointExtension>
            <ns3:atemp>22.0</ns3:atemp>
            <ns3:hr>123</ns3:hr>
          </ns3:TrackPointExtension>
        </extensions>
      </trkpt>
      <trkpt lat="48.13239139504730701446533203125" lon="-1.22650586999952793121337890625">
        <ele>109.8000030517578125</ele>
        <time>2026-06-08T08:10:04.000Z</time>
        <extensions>
          <ns3:TrackPointExtension>
            <ns3:atemp>22.0</ns3:atemp>
            <ns3:hr>123</ns3:hr>
          </ns3:TrackPointExtension>
        </extensions>
      </trkpt>
      <trkpt lat="48.13250555656850337982177734375" lon="-1.22654543258249759674072265625">
        <ele>110.1999969482421875</ele>
        <time>2026-06-08T08:10:09.000Z</time>
        <extensions>
          <ns3:TrackPointExtension>
            <ns3:atemp>22.0</ns3:atemp>
            <ns3:hr>124</ns3:hr>
          </ns3:TrackPointExtension>
        </extensions>
      </trkpt>
      <trkpt lat="48.13257537782192230224609375" lon="-1.22656219638884067535400390625">
        <ele>110.1999969482421875</ele>
        <time>2026-06-08T08:10:11.000Z</time>
        <extensions>
          <ns3:TrackPointExtension>
            <ns3:atemp>22.0</ns3:atemp>
            <ns3:hr>124</ns3:hr>
          </ns3:TrackPointExtension>
        </extensions>
      </trkpt>
      <trkpt lat="48.1326536647975444793701171875" lon="-1.22662740759551525115966796875">
        <ele>109.8000030517578125</ele>
        <time>2026-06-08T08:10:13.000Z</time>
        <extensions>
          <ns3:TrackPointExtension>
            <ns3:atemp>22.0</ns3:atemp>
            <ns3:hr>125</ns3:hr>
          </ns3:TrackPointExtension>
        </extensions>
      </trkpt>
      <trkpt lat="48.13272155821323394775390625" lon="-1.2267292477190494537353515625">
        <ele>108.8000030517578125</ele>
        <time>2026-06-08T08:10:15.000Z</time>
        <extensions>
          <ns3:TrackPointExtension>
            <ns3:atemp>22.0</ns3:atemp>
            <ns3:hr>127</ns3:hr>
          </ns3:TrackPointExtension>
        </extensions>
      </trkpt>
      <trkpt lat="48.13277981244027614593505859375" lon="-1.2268519587814807891845703125">
        <ele>108.1999969482421875</ele>
        <time>2026-06-08T08:10:17.000Z</time>
        <extensions>
          <ns3:TrackPointExtension>
            <ns3:atemp>22.0</ns3:atemp>
            <ns3:hr>128</ns3:hr>
          </ns3:TrackPointExtension>
        </extensions>
      </trkpt>
      <trkpt lat="48.1329889409244060516357421875" lon="-1.227259151637554168701171875">
        <ele>107.8000030517578125</ele>
        <time>2026-06-08T08:10:23.000Z</time>
        <extensions>
          <ns3:TrackPointExtension>
            <ns3:atemp>22.0</ns3:atemp>
            <ns3:hr>129</ns3:hr>
          </ns3:TrackPointExtension>
        </extensions>
      </trkpt>
      <trkpt lat="48.1330603547394275665283203125" lon="-1.2274279631674289703369140625">
        <ele>106.59999847412109375</ele>
        <time>2026-06-08T08:10:25.000Z</time>
        <extensions>
          <ns3:TrackPointExtension>
            <ns3:atemp>22.0</ns3:atemp>
            <ns3:hr>129</ns3:hr>
          </ns3:TrackPointExtension>
        </extensions>
      </trkpt>
      <trkpt lat="48.133204691112041473388671875" lon="-1.227772794663906097412109375">
        <ele>106.40000152587890625</ele>
        <time>2026-06-08T08:10:29.000Z</time>
        <extensions>
          <ns3:TrackPointExtension>
            <ns3:atemp>22.0</ns3:atemp>
            <ns3:hr>128</ns3:hr>
          </ns3:TrackPointExtension>
        </extensions>
      </trkpt>
      <trkpt lat="48.13335950486361980438232421875" lon="-1.2281260080635547637939453125">
        <ele>105.8000030517578125</ele>
        <time>2026-06-08T08:10:34.000Z</time>
        <extensions>
          <ns3:TrackPointExtension>
            <ns3:atemp>22.0</ns3:atemp>
            <ns3:hr>127</ns3:hr>
          </ns3:TrackPointExtension>
        </extensions>
      </trkpt>
      <trkpt lat="48.1334154121577739715576171875" lon="-1.22824880294501781463623046875">
        <ele>105.40000152587890625</ele>
        <time>2026-06-08T08:10:36.000Z</time>
        <extensions>
          <ns3:TrackPointExtension>
            <ns3:atemp>22.0</ns3:atemp>
            <ns3:hr>126</ns3:hr>
          </ns3:TrackPointExtension>
        </extensions>
      </trkpt>
      <trkpt lat="48.13353820703923702239990234375" lon="-1.22850880958139896392822265625">
        <ele>104.40000152587890625</ele>
        <time>2026-06-08T08:10:40.000Z</time>
        <extensions>
          <ns3:TrackPointExtension>
            <ns3:atemp>22.0</ns3:atemp>
            <ns3:hr>125</ns3:hr>
          </ns3:TrackPointExtension>
        </extensions>
      </trkpt>
      <trkpt lat="48.13356905244290828704833984375" lon="-1.22857938520610332489013671875">
        <ele>104.1999969482421875</ele>
        <time>2026-06-08T08:10:41.000Z</time>
        <extensions>
          <ns3:TrackPointExtension>
            <ns3:atemp>22.0</ns3:atemp>
            <ns3:hr>123</ns3:hr>
          </ns3:TrackPointExtension>
        </extensions>
      </trkpt>
      <trkpt lat="48.13360006548464298248291015625" lon="-1.228649877011775970458984375">
        <ele>103.8000030517578125</ele>
        <time>2026-06-08T08:10:42.000Z</time>
        <extensions>
          <ns3:TrackPointExtension>
            <ns3:atemp>22.0</ns3:atemp>
            <ns3:hr>122</ns3:hr>
          </ns3:TrackPointExtension>
        </extensions>
      </trkpt>
      <trkpt lat="48.13366326503455638885498046875" lon="-1.22879563830792903900146484375">
        <ele>103</ele>
        <time>2026-06-08T08:10:44.000Z</time>
        <extensions>
          <ns3:TrackPointExtension>
            <ns3:atemp>22.0</ns3:atemp>
            <ns3:hr>122</ns3:hr>
          </ns3:TrackPointExtension>
        </extensions>
      </trkpt>
      <trkpt lat="48.133769296109676361083984375" lon="-1.22902496717870235443115234375">
        <ele>101.8000030517578125</ele>
        <time>2026-06-08T08:10:47.000Z</time>
        <extensions>
          <ns3:TrackPointExtension>
            <ns3:atemp>22.0</ns3:atemp>
            <ns3:hr>122</ns3:hr>
          </ns3:TrackPointExtension>
        </extensions>
      </trkpt>
      <trkpt lat="48.13383794389665126800537109375" lon="-1.22917952947318553924560546875">
        <ele>101.59999847412109375</ele>
        <time>2026-06-08T08:10:49.000Z</time>
        <extensions>
          <ns3:TrackPointExtension>
            <ns3:atemp>22.0</ns3:atemp>
            <ns3:hr>122</ns3:hr>
          </ns3:TrackPointExtension>
        </extensions>
      </trkpt>
      <trkpt lat="48.1339166499674320220947265625" lon="-1.22940802015364170074462890625">
        <ele>101</ele>
        <time>2026-06-08T08:10:52.000Z</time>
        <extensions>
          <ns3:TrackPointExtension>
            <ns3:atemp>22.0</ns3:atemp>
            <ns3:hr>125</ns3:hr>
          </ns3:TrackPointExtension>
        </extensions>
      </trkpt>
      <trkpt lat="48.1339399516582489013671875" lon="-1.22948530130088329315185546875">
        <ele>100.8000030517578125</ele>
        <time>2026-06-08T08:10:53.000Z</time>
        <extensions>
          <ns3:TrackPointExtension>
            <ns3:atemp>22.0</ns3:atemp>
            <ns3:hr>125</ns3:hr>
          </ns3:TrackPointExtension>
        </extensions>
      </trkpt>
      <trkpt lat="48.1339909136295318603515625" lon="-1.22963391244411468505859375">
        <ele>100.59999847412109375</ele>
        <time>2026-06-08T08:10:55.000Z</time>
        <extensions>
          <ns3:TrackPointExtension>
            <ns3:atemp>22.0</ns3:atemp>
            <ns3:hr>124</ns3:hr>
          </ns3:TrackPointExtension>
        </extensions>
      </trkpt>
      <trkpt lat="48.1340499222278594970703125" lon="-1.229785121977329254150390625">
        <ele>100.40000152587890625</ele>
        <time>2026-06-08T08:10:58.000Z</time>
        <extensions>
          <ns3:TrackPointExtension>
            <ns3:atemp>22.0</ns3:atemp>
            <ns3:hr>122</ns3:hr>
          </ns3:TrackPointExtension>
        </extensions>
      </trkpt>
      <trkpt lat="48.13410767354071140289306640625" lon="-1.22990841977298259735107421875">
        <ele>100</ele>
        <time>2026-06-08T08:11:01.000Z</time>
        <extensions>
          <ns3:TrackPointExtension>
            <ns3:atemp>22.0</ns3:atemp>
            <ns3:hr>126</ns3:hr>
          </ns3:TrackPointExtension>
        </extensions>
      </trkpt>
      <trkpt lat="48.13417338766157627105712890625" lon="-1.2300280295312404632568359375">
        <ele>99.8000030517578125</ele>
        <time>2026-06-08T08:11:04.000Z</time>
        <extensions>
          <ns3:TrackPointExtension>
            <ns3:atemp>22.0</ns3:atemp>
            <ns3:hr>128</ns3:hr>
          </ns3:TrackPointExtension>
        </extensions>
      </trkpt>
      <trkpt lat="48.13419383950531482696533203125" lon="-1.23006935231387615203857421875">
        <ele>99.59999847412109375</ele>
        <time>2026-06-08T08:11:05.000Z</time>
        <extensions>
          <ns3:TrackPointExtension>
            <ns3:atemp>22.0</ns3:atemp>
            <ns3:hr>128</ns3:hr>
          </ns3:TrackPointExtension>
        </extensions>
      </trkpt>
      <trkpt lat="48.134286291897296905517578125" lon="-1.23031058348715305328369140625">
        <ele>98.59999847412109375</ele>
        <time>2026-06-08T08:11:09.000Z</time>
        <extensions>
          <ns3:TrackPointExtension>
            <ns3:atemp>22.0</ns3:atemp>
            <ns3:hr>129</ns3:hr>
          </ns3:TrackPointExtension>
        </extensions>
      </trkpt>
      <trkpt lat="48.1343085877597332000732421875" lon="-1.2303804047405719757080078125">
        <ele>98.40000152587890625</ele>
        <time>2026-06-08T08:11:10.000Z</time>
        <extensions>
          <ns3:TrackPointExtension>
            <ns3:atemp>22.0</ns3:atemp>
            <ns3:hr>129</ns3:hr>
          </ns3:TrackPointExtension>
        </extensions>
      </trkpt>
      <trkpt lat="48.13446457497775554656982421875" lon="-1.23091877438127994537353515625">
        <ele>97.8000030517578125</ele>
        <time>2026-06-08T08:11:18.000Z</time>
        <extensions>
          <ns3:TrackPointExtension>
            <ns3:atemp>22.0</ns3:atemp>
            <ns3:hr>130</ns3:hr>
          </ns3:TrackPointExtension>
        </extensions>
      </trkpt>
      <trkpt lat="48.1346267648041248321533203125" lon="-1.2314941920340061187744140625">
        <ele>97.59999847412109375</ele>
        <time>2026-06-08T08:11:26.000Z</time>
        <extensions>
          <ns3:TrackPointExtension>
            <ns3:atemp>22.0</ns3:atemp>
            <ns3:hr>132</ns3:hr>
          </ns3:TrackPointExtension>
        </extensions>
      </trkpt>
      <trkpt lat="48.134651072323322296142578125" lon="-1.23157180845737457275390625">
        <ele>97.1999969482421875</ele>
        <time>2026-06-08T08:11:27.000Z</time>
        <extensions>
          <ns3:TrackPointExtension>
            <ns3:atemp>22.0</ns3:atemp>
            <ns3:hr>133</ns3:hr>
          </ns3:TrackPointExtension>
        </extensions>
      </trkpt>
      <trkpt lat="48.134850896894931793212890625" lon="-1.23227966018021106719970703125">
        <ele>96.40000152587890625</ele>
        <time>2026-06-08T08:11:35.000Z</time>
        <extensions>
          <ns3:TrackPointExtension>
            <ns3:atemp>22.0</ns3:atemp>
            <ns3:hr>133</ns3:hr>
          </ns3:TrackPointExtension>
        </extensions>
      </trkpt>
      <trkpt lat="48.134875707328319549560546875" lon="-1.2323732860386371612548828125">
        <ele>96.1999969482421875</ele>
        <time>2026-06-08T08:11:36.000Z</time>
        <extensions>
          <ns3:TrackPointExtension>
            <ns3:atemp>22.0</ns3:atemp>
            <ns3:hr>133</ns3:hr>
          </ns3:TrackPointExtension>
        </extensions>
      </trkpt>
      <trkpt lat="48.1350029446184635162353515625" lon="-1.23284560628235340118408203125">
        <ele>95</ele>
        <time>2026-06-08T08:11:41.000Z</time>
        <extensions>
          <ns3:TrackPointExtension>
            <ns3:atemp>22.0</ns3:atemp>
            <ns3:hr>130</ns3:hr>
          </ns3:TrackPointExtension>
        </extensions>
      </trkpt>
      <trkpt lat="48.135080225765705108642578125" lon="-1.2331142462790012359619140625">
        <ele>94</ele>
        <time>2026-06-08T08:11:44.000Z</time>
        <extensions>
          <ns3:TrackPointExtension>
            <ns3:atemp>22.0</ns3:atemp>
            <ns3:hr>128</ns3:hr>
          </ns3:TrackPointExtension>
        </extensions>
      </trkpt>
      <trkpt lat="48.135102353990077972412109375" lon="-1.2331984005868434906005859375">
        <ele>94</ele>
        <time>2026-06-08T08:11:45.000Z</time>
        <extensions>
          <ns3:TrackPointExtension>
            <ns3:atemp>22.0</ns3:atemp>
            <ns3:hr>128</ns3:hr>
          </ns3:TrackPointExtension>
        </extensions>
      </trkpt>
      <trkpt lat="48.13515407033264636993408203125" lon="-1.23332974500954151153564453125">
        <ele>93.59999847412109375</ele>
        <time>2026-06-08T08:11:47.000Z</time>
        <extensions>
          <ns3:TrackPointExtension>
            <ns3:atemp>22.0</ns3:atemp>
            <ns3:hr>127</ns3:hr>
          </ns3:TrackPointExtension>
        </extensions>
      </trkpt>
      <trkpt lat="48.13518860377371311187744140625" lon="-1.23339193873107433319091796875">
        <ele>93.59999847412109375</ele>
        <time>2026-06-08T08:11:48.000Z</time>
        <extensions>
          <ns3:TrackPointExtension>
            <ns3:atemp>22.0</ns3:atemp>
            <ns3:hr>126</ns3:hr>
          </ns3:TrackPointExtension>
        </extensions>
      </trkpt>
      <trkpt lat="48.13520989380776882171630859375" lon="-1.23345606029033660888671875">
        <ele>93.8000030517578125</ele>
        <time>2026-06-08T08:11:49.000Z</time>
        <extensions>
          <ns3:TrackPointExtension>
            <ns3:atemp>22.0</ns3:atemp>
            <ns3:hr>125</ns3:hr>
          </ns3:TrackPointExtension>
        </extensions>
      </trkpt>
      <trkpt lat="48.1352711655199527740478515625" lon="-1.23366124927997589111328125">
        <ele>94</ele>
        <time>2026-06-08T08:11:52.000Z</time>
        <extensions>
          <ns3:TrackPointExtension>
            <ns3:atemp>22.0</ns3:atemp>
            <ns3:hr>124</ns3:hr>
          </ns3:TrackPointExtension>
        </extensions>
      </trkpt>
      <trkpt lat="48.13531097956001758575439453125" lon="-1.23379913158714771270751953125">
        <ele>94</ele>
        <time>2026-06-08T08:11:54.000Z</time>
        <extensions>
          <ns3:TrackPointExtension>
            <ns3:atemp>21.0</ns3:atemp>
            <ns3:hr>121</ns3:hr>
          </ns3:TrackPointExtension>
        </extensions>
      </trkpt>
      <trkpt lat="48.13535607419908046722412109375" lon="-1.2340141274034976959228515625">
        <ele>93.59999847412109375</ele>
        <time>2026-06-08T08:11:57.000Z</time>
        <extensions>
          <ns3:TrackPointExtension>
            <ns3:atemp>22.0</ns3:atemp>
            <ns3:hr>120</ns3:hr>
          </ns3:TrackPointExtension>
        </extensions>
      </trkpt>
      <trkpt lat="48.13535624183714389801025390625" lon="-1.2340922467410564422607421875">
        <ele>93.40000152587890625</ele>
        <time>2026-06-08T08:11:58.000Z</time>
        <extensions>
          <ns3:TrackPointExtension>
            <ns3:atemp>22.0</ns3:atemp>
            <ns3:hr>119</ns3:hr>
          </ns3:TrackPointExtension>
        </extensions>
      </trkpt>
      <trkpt lat="48.13536755740642547607421875" lon="-1.23417061753571033477783203125">
        <ele>93.1999969482421875</ele>
        <time>2026-06-08T08:11:59.000Z</time>
        <extensions>
          <ns3:TrackPointExtension>
            <ns3:atemp>22.0</ns3:atemp>
            <ns3:hr>120</ns3:hr>
          </ns3:TrackPointExtension>
        </extensions>
      </trkpt>
      <trkpt lat="48.13539966009557247161865234375" lon="-1.23432350344955921173095703125">
        <ele>92.8000030517578125</ele>
        <time>2026-06-08T08:12:01.000Z</time>
        <extensions>
          <ns3:TrackPointExtension>
            <ns3:atemp>22.0</ns3:atemp>
            <ns3:hr>120</ns3:hr>
          </ns3:TrackPointExtension>
        </extensions>
      </trkpt>
      <trkpt lat="48.13541675917804241180419921875" lon="-1.23439726419746875762939453125">
        <ele>92.8000030517578125</ele>
        <time>2026-06-08T08:12:02.000Z</time>
        <extensions>
          <ns3:TrackPointExtension>
            <ns3:atemp>22.0</ns3:atemp>
            <ns3:hr>121</ns3:hr>
          </ns3:TrackPointExtension>
        </extensions>
      </trkpt>
      <trkpt lat="48.1354605965316295623779296875" lon="-1.234538666903972625732421875">
        <ele>93</ele>
        <time>2026-06-08T08:12:04.000Z</time>
        <extensions>
          <ns3:TrackPointExtension>
            <ns3:atemp>21.0</ns3:atemp>
            <ns3:hr>121</ns3:hr>
          </ns3:TrackPointExtension>
        </extensions>
      </trkpt>
      <trkpt lat="48.13554869033396244049072265625" lon="-1.23479842208325862884521484375">
        <ele>93.1999969482421875</ele>
        <time>2026-06-08T08:12:08.000Z</time>
        <extensions>
          <ns3:TrackPointExtension>
            <ns3:atemp>22.0</ns3:atemp>
            <ns3:hr>121</ns3:hr>
          </ns3:TrackPointExtension>
        </extensions>
      </trkpt>
      <trkpt lat="48.13568179495632648468017578125" lon="-1.23521684668958187103271484375">
        <ele>92.59999847412109375</ele>
        <time>2026-06-08T08:12:14.000Z</time>
        <extensions>
          <ns3:TrackPointExtension>
            <ns3:atemp>22.0</ns3:atemp>
            <ns3:hr>123</ns3:hr>
          </ns3:TrackPointExtension>
        </extensions>
      </trkpt>
      <trkpt lat="48.13571381382644176483154296875" lon="-1.23528691940009593963623046875">
        <ele>92.59999847412109375</ele>
        <time>2026-06-08T08:12:15.000Z</time>
        <extensions>
          <ns3:TrackPointExtension>
            <ns3:atemp>22.0</ns3:atemp>
            <ns3:hr>124</ns3:hr>
          </ns3:TrackPointExtension>
        </extensions>
      </trkpt>
      <trkpt lat="48.13589888624846935272216796875" lon="-1.235620938241481781005859375">
        <ele>91.8000030517578125</ele>
        <time>2026-06-08T08:12:20.000Z</time>
        <extensions>
          <ns3:TrackPointExtension>
            <ns3:atemp>22.0</ns3:atemp>
            <ns3:hr>126</ns3:hr>
          </ns3:TrackPointExtension>
        </extensions>
      </trkpt>
      <trkpt lat="48.13594867475330829620361328125" lon="-1.23568522743880748748779296875">
        <ele>91.40000152587890625</ele>
        <time>2026-06-08T08:12:21.000Z</time>
        <extensions>
          <ns3:TrackPointExtension>
            <ns3:atemp>22.0</ns3:atemp>
            <ns3:hr>125</ns3:hr>
          </ns3:TrackPointExtension>
        </extensions>
      </trkpt>
      <trkpt lat="48.135994859039783477783203125" lon="-1.23575177974998950958251953125">
        <ele>91</ele>
        <time>2026-06-08T08:12:22.000Z</time>
        <extensions>
          <ns3:TrackPointExtension>
            <ns3:atemp>22.0</ns3:atemp>
            <ns3:hr>125</ns3:hr>
          </ns3:TrackPointExtension>
        </extensions>
      </trkpt>
      <trkpt lat="48.13608060590922832489013671875" lon="-1.23589276336133480072021484375">
        <ele>90.8000030517578125</ele>
        <time>2026-06-08T08:12:24.000Z</time>
        <extensions>
          <ns3:TrackPointExtension>
            <ns3:atemp>22.0</ns3:atemp>
            <ns3:hr>125</ns3:hr>
          </ns3:TrackPointExtension>
        </extensions>
      </trkpt>
      <trkpt lat="48.13611597754061222076416015625" lon="-1.2359728105366230010986328125">
        <ele>90.59999847412109375</ele>
        <time>2026-06-08T08:12:25.000Z</time>
        <extensions>
          <ns3:TrackPointExtension>
            <ns3:atemp>21.0</ns3:atemp>
            <ns3:hr>125</ns3:hr>
          </ns3:TrackPointExtension>
        </extensions>
      </trkpt>
      <trkpt lat="48.13614045269787311553955078125" lon="-1.2360576353967189788818359375">
        <ele>90.40000152587890625</ele>
        <time>2026-06-08T08:12:26.000Z</time>
        <extensions>
          <ns3:TrackPointExtension>
            <ns3:atemp>22.0</ns3:atemp>
            <ns3:hr>125</ns3:hr>
          </ns3:TrackPointExtension>
        </extensions>
      </trkpt>
      <trkpt lat="48.136292584240436553955078125" lon="-1.236468516290187835693359375">
        <ele>89.59999847412109375</ele>
        <time>2026-06-08T08:12:31.000Z</time>
        <extensions>
          <ns3:TrackPointExtension>
            <ns3:atemp>22.0</ns3:atemp>
            <ns3:hr>124</ns3:hr>
          </ns3:TrackPointExtension>
        </extensions>
      </trkpt>
      <trkpt lat="48.13643063418567180633544921875" lon="-1.23675509355962276458740234375">
        <ele>88.8000030517578125</ele>
        <time>2026-06-08T08:12:35.000Z</time>
        <extensions>
          <ns3:TrackPointExtension>
            <ns3:atemp>22.0</ns3:atemp>
            <ns3:hr>121</ns3:hr>
          </ns3:TrackPointExtension>
        </extensions>
      </trkpt>
      <trkpt lat="48.1364979408681392669677734375" lon="-1.2368985079228878021240234375">
        <ele>88.40000152587890625</ele>
        <time>2026-06-08T08:12:37.000Z</time>
        <extensions>
          <ns3:TrackPointExtension>
            <ns3:atemp>22.0</ns3:atemp>
            <ns3:hr>122</ns3:hr>
          </ns3:TrackPointExtension>
        </extensions>
      </trkpt>
      <trkpt lat="48.1365307979285717010498046875" lon="-1.236972771584987640380859375">
        <ele>88.1999969482421875</ele>
        <time>2026-06-08T08:12:38.000Z</time>
        <extensions>
          <ns3:TrackPointExtension>
            <ns3:atemp>21.0</ns3:atemp>
            <ns3:hr>129</ns3:hr>
          </ns3:TrackPointExtension>
        </extensions>
      </trkpt>
      <trkpt lat="48.1365663371980190277099609375" lon="-1.23704963363707065582275390625">
        <ele>88</ele>
        <time>2026-06-08T08:12:39.000Z</time>
        <extensions>
          <ns3:TrackPointExtension>
            <ns3:atemp>21.0</ns3:atemp>
            <ns3:hr>147</ns3:hr>
          </ns3:TrackPointExtension>
        </extensions>
      </trkpt>
      <trkpt lat="48.13660732470452785491943359375" lon="-1.23712599277496337890625">
        <ele>87.59999847412109375</ele>
        <time>2026-06-08T08:12:40.000Z</time>
        <extensions>
          <ns3:TrackPointExtension>
            <ns3:atemp>21.0</ns3:atemp>
            <ns3:hr>150</ns3:hr>
          </ns3:TrackPointExtension>
        </extensions>
      </trkpt>
      <trkpt lat="48.1366464681923389434814453125" lon="-1.23719933442771434783935546875">
        <ele>87.59999847412109375</ele>
        <time>2026-06-08T08:12:41.000Z</time>
        <extensions>
          <ns3:TrackPointExtension>
            <ns3:atemp>21.0</ns3:atemp>
            <ns3:hr>150</ns3:hr>
          </ns3:TrackPointExtension>
        </extensions>
      </trkpt>
      <trkpt lat="48.136686198413372039794921875" lon="-1.23727619647979736328125">
        <ele>87.40000152587890625</ele>
        <time>2026-06-08T08:12:42.000Z</time>
        <extensions>
          <ns3:TrackPointExtension>
            <ns3:atemp>22.0</ns3:atemp>
            <ns3:hr>149</ns3:hr>
          </ns3:TrackPointExtension>
        </extensions>
      </trkpt>
      <trkpt lat="48.13680513761937618255615234375" lon="-1.23753142543137073516845703125">
        <ele>87</ele>
        <time>2026-06-08T08:12:45.000Z</time>
        <extensions>
          <ns3:TrackPointExtension>
            <ns3:atemp>22.0</ns3:atemp>
            <ns3:hr>150</ns3:hr>
          </ns3:TrackPointExtension>
        </extensions>
      </trkpt>
      <trkpt lat="48.13691879622638225555419921875" lon="-1.237774752080440521240234375">
        <ele>86.1999969482421875</ele>
        <time>2026-06-08T08:12:48.000Z</time>
        <extensions>
          <ns3:TrackPointExtension>
            <ns3:atemp>22.0</ns3:atemp>
            <ns3:hr>149</ns3:hr>
          </ns3:TrackPointExtension>
        </extensions>
      </trkpt>
      <trkpt lat="48.13696556724607944488525390625" lon="-1.23782537877559661865234375">
        <ele>86</ele>
        <time>2026-06-08T08:12:49.000Z</time>
        <extensions>
          <ns3:TrackPointExtension>
            <ns3:atemp>21.0</ns3:atemp>
            <ns3:hr>147</ns3:hr>
          </ns3:TrackPointExtension>
        </extensions>
      </trkpt>
      <trkpt lat="48.13700948841869831085205078125" lon="-1.237876676023006439208984375">
        <ele>85.8000030517578125</ele>
        <time>2026-06-08T08:12:50.000Z</time>
        <extensions>
          <ns3:TrackPointExtension>
            <ns3:atemp>21.0</ns3:atemp>
            <ns3:hr>145</ns3:hr>
          </ns3:TrackPointExtension>
        </extensions>
      </trkpt>
      <trkpt lat="48.13707570545375347137451171875" lon="-1.23799704015254974365234375">
        <ele>85.40000152587890625</ele>
        <time>2026-06-08T08:12:52.000Z</time>
        <extensions>
          <ns3:TrackPointExtension>
            <ns3:atemp>22.0</ns3:atemp>
            <ns3:hr>145</ns3:hr>
          </ns3:TrackPointExtension>
        </extensions>
      </trkpt>
      <trkpt lat="48.13712934963405132293701171875" lon="-1.238125450909137725830078125">
        <ele>85.40000152587890625</ele>
        <time>2026-06-08T08:12:54.000Z</time>
        <extensions>
          <ns3:TrackPointExtension>
            <ns3:atemp>22.0</ns3:atemp>
            <ns3:hr>144</ns3:hr>
          </ns3:TrackPointExtension>
        </extensions>
      </trkpt>
      <trkpt lat="48.137221969664096832275390625" lon="-1.23830591328442096710205078125">
        <ele>85.59999847412109375</ele>
        <time>2026-06-08T08:12:57.000Z</time>
        <extensions>
          <ns3:TrackPointExtension>
            <ns3:atemp>22.0</ns3:atemp>
            <ns3:hr>141</ns3:hr>
          </ns3:TrackPointExtension>
        </extensions>
      </trkpt>
      <trkpt lat="48.13730143010616302490234375" lon="-1.23842678032815456390380859375">
        <ele>85.1999969482421875</ele>
        <time>2026-06-08T08:12:59.000Z</time>
        <extensions>
          <ns3:TrackPointExtension>
            <ns3:atemp>21.0</ns3:atemp>
            <ns3:hr>140</ns3:hr>
          </ns3:TrackPointExtension>
        </extensions>
      </trkpt>
      <trkpt lat="48.1373394839465618133544921875" lon="-1.23849433846771717071533203125">
        <ele>85</ele>
        <time>2026-06-08T08:13:00.000Z</time>
        <extensions>
          <ns3:TrackPointExtension>
            <ns3:atemp>21.0</ns3:atemp>
            <ns3:hr>139</ns3:hr>
          </ns3:TrackPointExtension>
        </extensions>
      </trkpt>
      <trkpt lat="48.13755758106708526611328125" lon="-1.23890421353280544281005859375">
        <ele>84.40000152587890625</ele>
        <time>2026-06-08T08:13:06.000Z</time>
        <extensions>
          <ns3:TrackPointExtension>
            <ns3:atemp>21.0</ns3:atemp>
            <ns3:hr>143</ns3:hr>
          </ns3:TrackPointExtension>
        </extensions>
      </trkpt>
      <trkpt lat="48.1375942938029766082763671875" lon="-1.2389753758907318115234375">
        <ele>84.1999969482421875</ele>
        <time>2026-06-08T08:13:07.000Z</time>
        <extensions>
          <ns3:TrackPointExtension>
            <ns3:atemp>22.0</ns3:atemp>
            <ns3:hr>148</ns3:hr>
          </ns3:TrackPointExtension>
        </extensions>
      </trkpt>
      <trkpt lat="48.13763008452951908111572265625" lon="-1.2390469573438167572021484375">
        <ele>84</ele>
        <time>2026-06-08T08:13:08.000Z</time>
        <extensions>
          <ns3:TrackPointExtension>
            <ns3:atemp>21.0</ns3:atemp>
            <ns3:hr>150</ns3:hr>
          </ns3:TrackPointExtension>
        </extensions>
      </trkpt>
      <trkpt lat="48.13796686939895153045654296875" lon="-1.23970082961022853851318359375">
        <ele>82.8000030517578125</ele>
        <time>2026-06-08T08:13:17.000Z</time>
        <extensions>
          <ns3:TrackPointExtension>
            <ns3:atemp>21.0</ns3:atemp>
            <ns3:hr>148</ns3:hr>
          </ns3:TrackPointExtension>
        </extensions>
      </trkpt>
      <trkpt lat="48.1381240300834178924560546875" lon="-1.2399850599467754364013671875">
        <ele>81.8000030517578125</ele>
        <time>2026-06-08T08:13:21.000Z</time>
        <extensions>
          <ns3:TrackPointExtension>
            <ns3:atemp>21.0</ns3:atemp>
            <ns3:hr>147</ns3:hr>
          </ns3:TrackPointExtension>
        </extensions>
      </trkpt>
      <trkpt lat="48.138223774731159210205078125" lon="-1.240175999701023101806640625">
        <ele>81.1999969482421875</ele>
        <time>2026-06-08T08:13:24.000Z</time>
        <extensions>
          <ns3:TrackPointExtension>
            <ns3:atemp>21.0</ns3:atemp>
            <ns3:hr>146</ns3:hr>
          </ns3:TrackPointExtension>
        </extensions>
      </trkpt>
      <trkpt lat="48.13825361430644989013671875" lon="-1.24024045653641223907470703125">
        <ele>80.8000030517578125</ele>
        <time>2026-06-08T08:13:25.000Z</time>
        <extensions>
          <ns3:TrackPointExtension>
            <ns3:atemp>21.0</ns3:atemp>
            <ns3:hr>145</ns3:hr>
          </ns3:TrackPointExtension>
        </extensions>
      </trkpt>
      <trkpt lat="48.13844916410744190216064453125" lon="-1.24064094386994838714599609375">
        <ele>79.59999847412109375</ele>
        <time>2026-06-08T08:13:31.000Z</time>
        <extensions>
          <ns3:TrackPointExtension>
            <ns3:atemp>22.0</ns3:atemp>
            <ns3:hr>145</ns3:hr>
          </ns3:TrackPointExtension>
        </extensions>
      </trkpt>
      <trkpt lat="48.13848654739558696746826171875" lon="-1.2407161295413970947265625">
        <ele>79.1999969482421875</ele>
        <time>2026-06-08T08:13:32.000Z</time>
        <extensions>
          <ns3:TrackPointExtension>
            <ns3:atemp>21.0</ns3:atemp>
            <ns3:hr>145</ns3:hr>
          </ns3:TrackPointExtension>
        </extensions>
      </trkpt>
      <trkpt lat="48.1385994516313076019287109375" lon="-1.24095610342919826507568359375">
        <ele>78.40000152587890625</ele>
        <time>2026-06-08T08:13:35.000Z</time>
        <extensions>
          <ns3:TrackPointExtension>
            <ns3:atemp>21.0</ns3:atemp>
            <ns3:hr>141</ns3:hr>
          </ns3:TrackPointExtension>
        </extensions>
      </trkpt>
      <trkpt lat="48.13863825984299182891845703125" lon="-1.2410411797463893890380859375">
        <ele>78</ele>
        <time>2026-06-08T08:13:36.000Z</time>
        <extensions>
          <ns3:TrackPointExtension>
            <ns3:atemp>21.0</ns3:atemp>
            <ns3:hr>134</ns3:hr>
          </ns3:TrackPointExtension>
        </extensions>
      </trkpt>
      <trkpt lat="48.1386735476553440093994140625" lon="-1.241119466722011566162109375">
        <ele>77.8000030517578125</ele>
        <time>2026-06-08T08:13:37.000Z</time>
        <extensions>
          <ns3:TrackPointExtension>
            <ns3:atemp>21.0</ns3:atemp>
            <ns3:hr>129</ns3:hr>
          </ns3:TrackPointExtension>
        </extensions>
      </trkpt>
      <trkpt lat="48.13874672167003154754638671875" lon="-1.2412788905203342437744140625">
        <ele>77.40000152587890625</ele>
        <time>2026-06-08T08:13:39.000Z</time>
        <extensions>
          <ns3:TrackPointExtension>
            <ns3:atemp>21.0</ns3:atemp>
            <ns3:hr>127</ns3:hr>
          </ns3:TrackPointExtension>
        </extensions>
      </trkpt>
      <trkpt lat="48.1387791596353054046630859375" lon="-1.241351477801799774169921875">
        <ele>77.1999969482421875</ele>
        <time>2026-06-08T08:13:40.000Z</time>
        <extensions>
          <ns3:TrackPointExtension>
            <ns3:atemp>21.0</ns3:atemp>
            <ns3:hr>126</ns3:hr>
          </ns3:TrackPointExtension>
        </extensions>
      </trkpt>
      <trkpt lat="48.13885417766869068145751953125" lon="-1.24151266179978847503662109375">
        <ele>76.8000030517578125</ele>
        <time>2026-06-08T08:13:43.000Z</time>
        <extensions>
          <ns3:TrackPointExtension>
            <ns3:atemp>21.0</ns3:atemp>
            <ns3:hr>127</ns3:hr>
          </ns3:TrackPointExtension>
        </extensions>
      </trkpt>
      <trkpt lat="48.138968758285045623779296875" lon="-1.24174232594668865203857421875">
        <ele>76.59999847412109375</ele>
        <time>2026-06-08T08:13:49.000Z</time>
        <extensions>
          <ns3:TrackPointExtension>
            <ns3:atemp>21.0</ns3:atemp>
            <ns3:hr>127</ns3:hr>
          </ns3:TrackPointExtension>
        </extensions>
      </trkpt>
      <trkpt lat="48.1390503980219364166259765625" lon="-1.24189621768891811370849609375">
        <ele>76.40000152587890625</ele>
        <time>2026-06-08T08:13:55.000Z</time>
        <extensions>
          <ns3:TrackPointExtension>
            <ns3:atemp>22.0</ns3:atemp>
            <ns3:hr>125</ns3:hr>
          </ns3:TrackPointExtension>
        </extensions>
      </trkpt>
      <trkpt lat="48.1390540860593318939208984375" lon="-1.2419045157730579376220703125">
        <ele>76.40000152587890625</ele>
        <time>2026-06-08T08:13:57.000Z</time>
        <extensions>
          <ns3:TrackPointExtension>
            <ns3:atemp>22.0</ns3:atemp>
            <ns3:hr>125</ns3:hr>
          </ns3:TrackPointExtension>
        </extensions>
      </trkpt>
      <trkpt lat="48.1390778906643390655517578125" lon="-1.2419377081096172332763671875">
        <ele>76.40000152587890625</ele>
        <time>2026-06-08T08:14:53.000Z</time>
        <extensions>
          <ns3:TrackPointExtension>
            <ns3:atemp>22.0</ns3:atemp>
            <ns3:hr>136</ns3:hr>
          </ns3:TrackPointExtension>
        </extensions>
      </trkpt>
      <trkpt lat="48.13909943215548992156982421875" lon="-1.24196561984717845916748046875">
        <ele>76.40000152587890625</ele>
        <time>2026-06-08T08:14:54.000Z</time>
        <extensions>
          <ns3:TrackPointExtension>
            <ns3:atemp>22.0</ns3:atemp>
            <ns3:hr>136</ns3:hr>
          </ns3:TrackPointExtension>
        </extensions>
      </trkpt>
      <trkpt lat="48.1391409225761890411376953125" lon="-1.2420406378805637359619140625">
        <ele>76.40000152587890625</ele>
        <time>2026-06-08T08:14:56.000Z</time>
        <extensions>
          <ns3:TrackPointExtension>
            <ns3:atemp>22.0</ns3:atemp>
            <ns3:hr>136</ns3:hr>
          </ns3:TrackPointExtension>
        </extensions>
      </trkpt>
      <trkpt lat="48.13915860839188098907470703125" lon="-1.242069639265537261962890625">
        <ele>76.1999969482421875</ele>
        <time>2026-06-08T08:14:57.000Z</time>
        <extensions>
          <ns3:TrackPointExtension>
            <ns3:atemp>22.0</ns3:atemp>
            <ns3:hr>137</ns3:hr>
          </ns3:TrackPointExtension>
        </extensions>
      </trkpt>
      <trkpt lat="48.13918811269104480743408203125" lon="-1.24211062677204608917236328125">
        <ele>76</ele>
        <time>2026-06-08T08:14:59.000Z</time>
        <extensions>
          <ns3:TrackPointExtension>
            <ns3:atemp>22.0</ns3:atemp>
            <ns3:hr>137</ns3:hr>
          </ns3:TrackPointExtension>
        </extensions>
      </trkpt>
      <trkpt lat="48.13927947543561458587646484375" lon="-1.242274828255176544189453125">
        <ele>75.59999847412109375</ele>
        <time>2026-06-08T08:15:04.000Z</time>
        <extensions>
          <ns3:TrackPointExtension>
            <ns3:atemp>22.0</ns3:atemp>
            <ns3:hr>138</ns3:hr>
          </ns3:TrackPointExtension>
        </extensions>
      </trkpt>
      <trkpt lat="48.1393306888639926910400390625" lon="-1.24242109246551990509033203125">
        <ele>75.1999969482421875</ele>
        <time>2026-06-08T08:15:07.000Z</time>
        <extensions>
          <ns3:TrackPointExtension>
            <ns3:atemp>22.0</ns3:atemp>
            <ns3:hr>136</ns3:hr>
          </ns3:TrackPointExtension>
        </extensions>
      </trkpt>
      <trkpt lat="48.13938290812075138092041015625" lon="-1.242581270635128021240234375">
        <ele>75</ele>
        <time>2026-06-08T08:15:10.000Z</time>
        <extensions>
          <ns3:TrackPointExtension>
            <ns3:atemp>22.0</ns3:atemp>
            <ns3:hr>137</ns3:hr>
          </ns3:TrackPointExtension>
        </extensions>
      </trkpt>
      <trkpt lat="48.13943118788301944732666015625" lon="-1.24274882487952709197998046875">
        <ele>74.8000030517578125</ele>
        <time>2026-06-08T08:15:13.000Z</time>
        <extensions>
          <ns3:TrackPointExtension>
            <ns3:atemp>22.0</ns3:atemp>
            <ns3:hr>138</ns3:hr>
          </ns3:TrackPointExtension>
        </extensions>
      </trkpt>
      <trkpt lat="48.1394446827471256256103515625" lon="-1.2428815104067325592041015625">
        <ele>74.59999847412109375</ele>
        <time>2026-06-08T08:15:15.000Z</time>
        <extensions>
          <ns3:TrackPointExtension>
            <ns3:atemp>23.0</ns3:atemp>
            <ns3:hr>139</ns3:hr>
          </ns3:TrackPointExtension>
        </extensions>
      </trkpt>
      <trkpt lat="48.13952791504561901092529296875" lon="-1.24317026697099208831787109375">
        <ele>74.40000152587890625</ele>
        <time>2026-06-08T08:15:19.000Z</time>
        <extensions>
          <ns3:TrackPointExtension>
            <ns3:atemp>22.0</ns3:atemp>
            <ns3:hr>140</ns3:hr>
          </ns3:TrackPointExtension>
        </extensions>
      </trkpt>
      <trkpt lat="48.1395580060780048370361328125" lon="-1.24322600662708282470703125">
        <ele>74.40000152587890625</ele>
        <time>2026-06-08T08:15:20.000Z</time>
        <extensions>
          <ns3:TrackPointExtension>
            <ns3:atemp>22.0</ns3:atemp>
            <ns3:hr>141</ns3:hr>
          </ns3:TrackPointExtension>
        </extensions>
      </trkpt>
      <trkpt lat="48.13961726613342761993408203125" lon="-1.24334394000470638275146484375">
        <ele>74.40000152587890625</ele>
        <time>2026-06-08T08:15:22.000Z</time>
        <extensions>
          <ns3:TrackPointExtension>
            <ns3:atemp>22.0</ns3:atemp>
            <ns3:hr>141</ns3:hr>
          </ns3:TrackPointExtension>
        </extensions>
      </trkpt>
      <trkpt lat="48.13964006491005420684814453125" lon="-1.24340236186981201171875">
        <ele>74.40000152587890625</ele>
        <time>2026-06-08T08:15:23.000Z</time>
        <extensions>
          <ns3:TrackPointExtension>
            <ns3:atemp>23.0</ns3:atemp>
            <ns3:hr>140</ns3:hr>
          </ns3:TrackPointExtension>
        </extensions>
      </trkpt>
      <trkpt lat="48.13975623808801174163818359375" lon="-1.24377577565610408782958984375">
        <ele>74.59999847412109375</ele>
        <time>2026-06-08T08:15:29.000Z</time>
        <extensions>
          <ns3:TrackPointExtension>
            <ns3:atemp>23.0</ns3:atemp>
            <ns3:hr>142</ns3:hr>
          </ns3:TrackPointExtension>
        </extensions>
      </trkpt>
      <trkpt lat="48.139816336333751678466796875" lon="-1.243923045694828033447265625">
        <ele>74.1999969482421875</ele>
        <time>2026-06-08T08:15:32.000Z</time>
        <extensions>
          <ns3:TrackPointExtension>
            <ns3:atemp>23.0</ns3:atemp>
            <ns3:hr>144</ns3:hr>
          </ns3:TrackPointExtension>
        </extensions>
      </trkpt>
      <trkpt lat="48.13991985283792018890380859375" lon="-1.2441183440387248992919921875">
        <ele>74.1999969482421875</ele>
        <time>2026-06-08T08:15:36.000Z</time>
        <extensions>
          <ns3:TrackPointExtension>
            <ns3:atemp>22.0</ns3:atemp>
            <ns3:hr>144</ns3:hr>
          </ns3:TrackPointExtension>
        </extensions>
      </trkpt>
      <trkpt lat="48.13997584395110607147216796875" lon="-1.24422672204673290252685546875">
        <ele>74.1999969482421875</ele>
        <time>2026-06-08T08:15:38.000Z</time>
        <extensions>
          <ns3:TrackPointExtension>
            <ns3:atemp>22.0</ns3:atemp>
            <ns3:hr>143</ns3:hr>
          </ns3:TrackPointExtension>
        </extensions>
      </trkpt>
      <trkpt lat="48.140101321041584014892578125" lon="-1.24444104731082916259765625">
        <ele>73.59999847412109375</ele>
        <time>2026-06-08T08:15:42.000Z</time>
        <extensions>
          <ns3:TrackPointExtension>
            <ns3:atemp>22.0</ns3:atemp>
            <ns3:hr>144</ns3:hr>
          </ns3:TrackPointExtension>
        </extensions>
      </trkpt>
      <trkpt lat="48.14024155028164386749267578125" lon="-1.2446789257228374481201171875">
        <ele>73</ele>
        <time>2026-06-08T08:15:46.000Z</time>
        <extensions>
          <ns3:TrackPointExtension>
            <ns3:atemp>22.0</ns3:atemp>
            <ns3:hr>146</ns3:hr>
          </ns3:TrackPointExtension>
        </extensions>
      </trkpt>
      <trkpt lat="48.14031028188765048980712890625" lon="-1.244796775281429290771484375">
        <ele>72.8000030517578125</ele>
        <time>2026-06-08T08:15:48.000Z</time>
        <extensions>
          <ns3:TrackPointExtension>
            <ns3:atemp>22.0</ns3:atemp>
            <ns3:hr>146</ns3:hr>
          </ns3:TrackPointExtension>
        </extensions>
      </trkpt>
      <trkpt lat="48.14055587165057659149169921875" lon="-1.24523640610277652740478515625">
        <ele>72.1999969482421875</ele>
        <time>2026-06-08T08:15:56.000Z</time>
        <extensions>
          <ns3:TrackPointExtension>
            <ns3:atemp>22.0</ns3:atemp>
            <ns3:hr>147</ns3:hr>
          </ns3:TrackPointExtension>
        </extensions>
      </trkpt>
      <trkpt lat="48.14058554358780384063720703125" lon="-1.24529273249208927154541015625">
        <ele>72</ele>
        <time>2026-06-08T08:15:57.000Z</time>
        <extensions>
          <ns3:TrackPointExtension>
            <ns3:atemp>22.0</ns3:atemp>
            <ns3:hr>147</ns3:hr>
          </ns3:TrackPointExtension>
        </extensions>
      </trkpt>
      <trkpt lat="48.14078561961650848388671875" lon="-1.245668828487396240234375">
        <ele>71.8000030517578125</ele>
        <time>2026-06-08T08:16:03.000Z</time>
        <extensions>
          <ns3:TrackPointExtension>
            <ns3:atemp>22.0</ns3:atemp>
            <ns3:hr>147</ns3:hr>
          </ns3:TrackPointExtension>
        </extensions>
      </trkpt>
      <trkpt lat="48.140976391732692718505859375" lon="-1.24608348123729228973388671875">
        <ele>71</ele>
        <time>2026-06-08T08:16:09.000Z</time>
        <extensions>
          <ns3:TrackPointExtension>
            <ns3:atemp>22.0</ns3:atemp>
            <ns3:hr>145</ns3:hr>
          </ns3:TrackPointExtension>
        </extensions>
      </trkpt>
      <trkpt lat="48.14099692739546298980712890625" lon="-1.24615103937685489654541015625">
        <ele>71</ele>
        <time>2026-06-08T08:16:10.000Z</time>
        <extensions>
          <ns3:TrackPointExtension>
            <ns3:atemp>22.0</ns3:atemp>
            <ns3:hr>145</ns3:hr>
          </ns3:TrackPointExtension>
        </extensions>
      </trkpt>
      <trkpt lat="48.14103933982551097869873046875" lon="-1.24627324752509593963623046875">
        <ele>70.8000030517578125</ele>
        <time>2026-06-08T08:16:12.000Z</time>
        <extensions>
          <ns3:TrackPointExtension>
            <ns3:atemp>23.0</ns3:atemp>
            <ns3:hr>142</ns3:hr>
          </ns3:TrackPointExtension>
        </extensions>
      </trkpt>
      <trkpt lat="48.14110605977475643157958984375" lon="-1.24646267853677272796630859375">
        <ele>70.59999847412109375</ele>
        <time>2026-06-08T08:16:15.000Z</time>
        <extensions>
          <ns3:TrackPointExtension>
            <ns3:atemp>22.0</ns3:atemp>
            <ns3:hr>141</ns3:hr>
          </ns3:TrackPointExtension>
        </extensions>
      </trkpt>
      <trkpt lat="48.141182921826839447021484375" lon="-1.24672603793442249298095703125">
        <ele>70.1999969482421875</ele>
        <time>2026-06-08T08:16:20.000Z</time>
        <extensions>
          <ns3:TrackPointExtension>
            <ns3:atemp>22.0</ns3:atemp>
            <ns3:hr>141</ns3:hr>
          </ns3:TrackPointExtension>
        </extensions>
      </trkpt>
      <trkpt lat="48.141222484409809112548828125" lon="-1.24681253917515277862548828125">
        <ele>70</ele>
        <time>2026-06-08T08:16:22.000Z</time>
        <extensions>
          <ns3:TrackPointExtension>
            <ns3:atemp>22.0</ns3:atemp>
            <ns3:hr>142</ns3:hr>
          </ns3:TrackPointExtension>
        </extensions>
      </trkpt>
      <trkpt lat="48.141256682574748992919921875" lon="-1.24691613949835300445556640625">
        <ele>69.8000030517578125</ele>
        <time>2026-06-08T08:16:24.000Z</time>
        <extensions>
          <ns3:TrackPointExtension>
            <ns3:atemp>22.0</ns3:atemp>
            <ns3:hr>141</ns3:hr>
          </ns3:TrackPointExtension>
        </extensions>
      </trkpt>
      <trkpt lat="48.14135483466088771820068359375" lon="-1.24725309200584888458251953125">
        <ele>69.59999847412109375</ele>
        <time>2026-06-08T08:16:30.000Z</time>
        <extensions>
          <ns3:TrackPointExtension>
            <ns3:atemp>22.0</ns3:atemp>
            <ns3:hr>144</ns3:hr>
          </ns3:TrackPointExtension>
        </extensions>
      </trkpt>
      <trkpt lat="48.14138065092265605926513671875" lon="-1.247339509427547454833984375">
        <ele>69.40000152587890625</ele>
        <time>2026-06-08T08:16:32.000Z</time>
        <extensions>
          <ns3:TrackPointExtension>
            <ns3:atemp>22.0</ns3:atemp>
            <ns3:hr>143</ns3:hr>
          </ns3:TrackPointExtension>
        </extensions>
      </trkpt>
      <trkpt lat="48.14141736365854740142822265625" lon="-1.2474194727838039398193359375">
        <ele>69.40000152587890625</ele>
        <time>2026-06-08T08:16:34.000Z</time>
        <extensions>
          <ns3:TrackPointExtension>
            <ns3:atemp>22.0</ns3:atemp>
            <ns3:hr>139</ns3:hr>
          </ns3:TrackPointExtension>
        </extensions>
      </trkpt>
      <trkpt lat="48.14146933145821094512939453125" lon="-1.24756707809865474700927734375">
        <ele>69.40000152587890625</ele>
        <time>2026-06-08T08:16:37.000Z</time>
        <extensions>
          <ns3:TrackPointExtension>
            <ns3:atemp>22.0</ns3:atemp>
            <ns3:hr>138</ns3:hr>
          </ns3:TrackPointExtension>
        </extensions>
      </trkpt>
      <trkpt lat="48.1415730156004428863525390625" lon="-1.24788257293403148651123046875">
        <ele>69.1999969482421875</ele>
        <time>2026-06-08T08:16:43.000Z</time>
        <extensions>
          <ns3:TrackPointExtension>
            <ns3:atemp>22.0</ns3:atemp>
            <ns3:hr>138</ns3:hr>
          </ns3:TrackPointExtension>
        </extensions>
      </trkpt>
      <trkpt lat="48.14161199145019054412841796875" lon="-1.248001344501972198486328125">
        <ele>69</ele>
        <time>2026-06-08T08:16:45.000Z</time>
        <extensions>
          <ns3:TrackPointExtension>
            <ns3:atemp>22.0</ns3:atemp>
            <ns3:hr>137</ns3:hr>
          </ns3:TrackPointExtension>
        </extensions>
      </trkpt>
      <trkpt lat="48.1416323594748973846435546875" lon="-1.24806244857609272003173828125">
        <ele>68.8000030517578125</ele>
        <time>2026-06-08T08:16:46.000Z</time>
        <extensions>
          <ns3:TrackPointExtension>
            <ns3:atemp>22.0</ns3:atemp>
            <ns3:hr>136</ns3:hr>
          </ns3:TrackPointExtension>
        </extensions>
      </trkpt>
      <trkpt lat="48.1417344510555267333984375" lon="-1.24837207607924938201904296875">
        <ele>68.8000030517578125</ele>
        <time>2026-06-08T08:16:51.000Z</time>
        <extensions>
          <ns3:TrackPointExtension>
            <ns3:atemp>22.0</ns3:atemp>
            <ns3:hr>135</ns3:hr>
          </ns3:TrackPointExtension>
        </extensions>
      </trkpt>
      <trkpt lat="48.14177543856203556060791015625" lon="-1.2484936974942684173583984375">
        <ele>68.8000030517578125</ele>
        <time>2026-06-08T08:16:53.000Z</time>
        <extensions>
          <ns3:TrackPointExtension>
            <ns3:atemp>22.0</ns3:atemp>
            <ns3:hr>130</ns3:hr>
          </ns3:TrackPointExtension>
        </extensions>
      </trkpt>
      <trkpt lat="48.14179706387221813201904296875" lon="-1.248549520969390869140625">
        <ele>68.8000030517578125</ele>
        <time>2026-06-08T08:16:54.000Z</time>
        <extensions>
          <ns3:TrackPointExtension>
            <ns3:atemp>22.0</ns3:atemp>
            <ns3:hr>126</ns3:hr>
          </ns3:TrackPointExtension>
        </extensions>
      </trkpt>
      <trkpt lat="48.1418217904865741729736328125" lon="-1.2486090324819087982177734375">
        <ele>68.8000030517578125</ele>
        <time>2026-06-08T08:16:55.000Z</time>
        <extensions>
          <ns3:TrackPointExtension>
            <ns3:atemp>22.0</ns3:atemp>
            <ns3:hr>121</ns3:hr>
          </ns3:TrackPointExtension>
        </extensions>
      </trkpt>
      <trkpt lat="48.141840398311614990234375" lon="-1.24866762198507785797119140625">
        <ele>68.8000030517578125</ele>
        <time>2026-06-08T08:16:56.000Z</time>
        <extensions>
          <ns3:TrackPointExtension>
            <ns3:atemp>22.0</ns3:atemp>
            <ns3:hr>118</ns3:hr>
          </ns3:TrackPointExtension>
        </extensions>
      </trkpt>
      <trkpt lat="48.14191306941211223602294921875" lon="-1.24888655729591846466064453125">
        <ele>68.59999847412109375</ele>
        <time>2026-06-08T08:17:00.000Z</time>
        <extensions>
          <ns3:TrackPointExtension>
            <ns3:atemp>22.0</ns3:atemp>
            <ns3:hr>116</ns3:hr>
          </ns3:TrackPointExtension>
        </extensions>
      </trkpt>
      <trkpt lat="48.1420558132231235504150390625" lon="-1.24930012039840221405029296875">
        <ele>69.40000152587890625</ele>
        <time>2026-06-08T08:17:09.000Z</time>
        <extensions>
          <ns3:TrackPointExtension>
            <ns3:atemp>22.0</ns3:atemp>
            <ns3:hr>115</ns3:hr>
          </ns3:TrackPointExtension>
        </extensions>
      </trkpt>
      <trkpt lat="48.14215631224215030670166015625" lon="-1.2495853565633296966552734375">
        <ele>69.8000030517578125</ele>
        <time>2026-06-08T08:17:17.000Z</time>
        <extensions>
          <ns3:TrackPointExtension>
            <ns3:atemp>22.0</ns3:atemp>
            <ns3:hr>115</ns3:hr>
          </ns3:TrackPointExtension>
        </extensions>
      </trkpt>
      <trkpt lat="48.1422655284404754638671875" lon="-1.2499102391302585601806640625">
        <ele>69.1999969482421875</ele>
        <time>2026-06-08T08:17:23.000Z</time>
        <extensions>
          <ns3:TrackPointExtension>
            <ns3:atemp>22.0</ns3:atemp>
            <ns3:hr>115</ns3:hr>
          </ns3:TrackPointExtension>
        </extensions>
      </trkpt>
      <trkpt lat="48.142310790717601776123046875" lon="-1.25006429851055145263671875">
        <ele>68.8000030517578125</ele>
        <time>2026-06-08T08:17:27.000Z</time>
        <extensions>
          <ns3:TrackPointExtension>
            <ns3:atemp>22.0</ns3:atemp>
            <ns3:hr>116</ns3:hr>
          </ns3:TrackPointExtension>
        </extensions>
      </trkpt>
      <trkpt lat="48.142314814031124114990234375" lon="-1.25006857328116893768310546875">
        <ele>68.59999847412109375</ele>
        <time>2026-06-08T08:17:30.000Z</time>
        <extensions>
          <ns3:TrackPointExtension>
            <ns3:atemp>22.0</ns3:atemp>
            <ns3:hr>116</ns3:hr>
          </ns3:TrackPointExtension>
        </extensions>
      </trkpt>
      <trkpt lat="48.14232646487653255462646484375" lon="-1.250111572444438934326171875">
        <ele>68.59999847412109375</ele>
        <time>2026-06-08T08:17:34.000Z</time>
        <extensions>
          <ns3:TrackPointExtension>
            <ns3:atemp>22.0</ns3:atemp>
            <ns3:hr>115</ns3:hr>
          </ns3:TrackPointExtension>
        </extensions>
      </trkpt>
      <trkpt lat="48.14234892837703227996826171875" lon="-1.250115595757961273193359375">
        <ele>68.59999847412109375</ele>
        <time>2026-06-08T08:17:35.000Z</time>
        <extensions>
          <ns3:TrackPointExtension>
            <ns3:atemp>22.0</ns3:atemp>
            <ns3:hr>116</ns3:hr>
          </ns3:TrackPointExtension>
        </extensions>
      </trkpt>
      <trkpt lat="48.14244682900607585906982421875" lon="-1.25019036233425140380859375">
        <ele>68.59999847412109375</ele>
        <time>2026-06-08T08:17:39.000Z</time>
        <extensions>
          <ns3:TrackPointExtension>
            <ns3:atemp>22.0</ns3:atemp>
            <ns3:hr>118</ns3:hr>
          </ns3:TrackPointExtension>
        </extensions>
      </trkpt>
      <trkpt lat="48.14252628944814205169677734375" lon="-1.2504041008651256561279296875">
        <ele>68.40000152587890625</ele>
        <time>2026-06-08T08:17:44.000Z</time>
        <extensions>
          <ns3:TrackPointExtension>
            <ns3:atemp>22.0</ns3:atemp>
            <ns3:hr>118</ns3:hr>
          </ns3:TrackPointExtension>
        </extensions>
      </trkpt>
      <trkpt lat="48.142624609172344207763671875" lon="-1.2506753392517566680908203125">
        <ele>67.8000030517578125</ele>
        <time>2026-06-08T08:17:51.000Z</time>
        <extensions>
          <ns3:TrackPointExtension>
            <ns3:atemp>22.0</ns3:atemp>
            <ns3:hr>119</ns3:hr>
          </ns3:TrackPointExtension>
        </extensions>
      </trkpt>
      <trkpt lat="48.14265017397701740264892578125" lon="-1.250765360891819000244140625">
        <ele>67.8000030517578125</ele>
        <time>2026-06-08T08:17:53.000Z</time>
        <extensions>
          <ns3:TrackPointExtension>
            <ns3:atemp>22.0</ns3:atemp>
            <ns3:hr>120</ns3:hr>
          </ns3:TrackPointExtension>
        </extensions>
      </trkpt>
      <trkpt lat="48.1426881439983844757080078125" lon="-1.2509036622941493988037109375">
        <ele>67.59999847412109375</ele>
        <time>2026-06-08T08:17:56.000Z</time>
        <extensions>
          <ns3:TrackPointExtension>
            <ns3:atemp>22.0</ns3:atemp>
            <ns3:hr>118</ns3:hr>
          </ns3:TrackPointExtension>
        </extensions>
      </trkpt>
      <trkpt lat="48.142761401832103729248046875" lon="-1.2511606514453887939453125">
        <ele>67.40000152587890625</ele>
        <time>2026-06-08T08:18:01.000Z</time>
        <extensions>
          <ns3:TrackPointExtension>
            <ns3:atemp>22.0</ns3:atemp>
            <ns3:hr>119</ns3:hr>
          </ns3:TrackPointExtension>
        </extensions>
      </trkpt>
      <trkpt lat="48.14279065467417240142822265625" lon="-1.251213289797306060791015625">
        <ele>67.40000152587890625</ele>
        <time>2026-06-08T08:18:02.000Z</time>
        <extensions>
          <ns3:TrackPointExtension>
            <ns3:atemp>22.0</ns3:atemp>
            <ns3:hr>120</ns3:hr>
          </ns3:TrackPointExtension>
        </extensions>
      </trkpt>
      <trkpt lat="48.142935074865818023681640625" lon="-1.251541189849376678466796875">
        <ele>67.59999847412109375</ele>
        <time>2026-06-08T08:18:08.000Z</time>
        <extensions>
          <ns3:TrackPointExtension>
            <ns3:atemp>22.0</ns3:atemp>
            <ns3:hr>122</ns3:hr>
          </ns3:TrackPointExtension>
        </extensions>
      </trkpt>
      <trkpt lat="48.14314252696931362152099609375" lon="-1.2519302777945995330810546875">
        <ele>68</ele>
        <time>2026-06-08T08:18:15.000Z</time>
        <extensions>
          <ns3:TrackPointExtension>
            <ns3:atemp>22.0</ns3:atemp>
            <ns3:hr>125</ns3:hr>
          </ns3:TrackPointExtension>
        </extensions>
      </trkpt>
      <trkpt lat="48.14317370764911174774169921875" lon="-1.251983083784580230712890625">
        <ele>68</ele>
        <time>2026-06-08T08:18:16.000Z</time>
        <extensions>
          <ns3:TrackPointExtension>
            <ns3:atemp>22.0</ns3:atemp>
            <ns3:hr>125</ns3:hr>
          </ns3:TrackPointExtension>
        </extensions>
      </trkpt>
      <trkpt lat="48.1433472968637943267822265625" lon="-1.2522249855101108551025390625">
        <ele>68.1999969482421875</ele>
        <time>2026-06-08T08:18:21.000Z</time>
        <extensions>
          <ns3:TrackPointExtension>
            <ns3:atemp>22.0</ns3:atemp>
            <ns3:hr>130</ns3:hr>
          </ns3:TrackPointExtension>
        </extensions>
      </trkpt>
      <trkpt lat="48.1434215605258941650390625" lon="-1.25231324695050716400146484375">
        <ele>68.1999969482421875</ele>
        <time>2026-06-08T08:18:23.000Z</time>
        <extensions>
          <ns3:TrackPointExtension>
            <ns3:atemp>22.0</ns3:atemp>
            <ns3:hr>134</ns3:hr>
          </ns3:TrackPointExtension>
        </extensions>
      </trkpt>
      <trkpt lat="48.14349557273089885711669921875" lon="-1.25239958055317401885986328125">
        <ele>68</ele>
        <time>2026-06-08T08:18:25.000Z</time>
        <extensions>
          <ns3:TrackPointExtension>
            <ns3:atemp>22.0</ns3:atemp>
            <ns3:hr>135</ns3:hr>
          </ns3:TrackPointExtension>
        </extensions>
      </trkpt>
      <trkpt lat="48.14378340728580951690673828125" lon="-1.252677440643310546875">
        <ele>68.59999847412109375</ele>
        <time>2026-06-08T08:18:32.000Z</time>
        <extensions>
          <ns3:TrackPointExtension>
            <ns3:atemp>22.0</ns3:atemp>
            <ns3:hr>137</ns3:hr>
          </ns3:TrackPointExtension>
        </extensions>
      </trkpt>
      <trkpt lat="48.14416880719363689422607421875" lon="-1.25297315418720245361328125">
        <ele>68.8000030517578125</ele>
        <time>2026-06-08T08:18:41.000Z</time>
        <extensions>
          <ns3:TrackPointExtension>
            <ns3:atemp>22.0</ns3:atemp>
            <ns3:hr>138</ns3:hr>
          </ns3:TrackPointExtension>
        </extensions>
      </trkpt>
      <trkpt lat="48.14434214495122432708740234375" lon="-1.25310433097183704376220703125">
        <ele>69.8000030517578125</ele>
        <time>2026-06-08T08:18:45.000Z</time>
        <extensions>
          <ns3:TrackPointExtension>
            <ns3:atemp>22.0</ns3:atemp>
            <ns3:hr>139</ns3:hr>
          </ns3:TrackPointExtension>
        </extensions>
      </trkpt>
      <trkpt lat="48.14457097090780735015869140625" lon="-1.25327163375914096832275390625">
        <ele>68.8000030517578125</ele>
        <time>2026-06-08T08:18:50.000Z</time>
        <extensions>
          <ns3:TrackPointExtension>
            <ns3:atemp>22.0</ns3:atemp>
            <ns3:hr>140</ns3:hr>
          </ns3:TrackPointExtension>
        </extensions>
      </trkpt>
      <trkpt lat="48.144967854022979736328125" lon="-1.25356617383658885955810546875">
        <ele>68.8000030517578125</ele>
        <time>2026-06-08T08:18:59.000Z</time>
        <extensions>
          <ns3:TrackPointExtension>
            <ns3:atemp>22.0</ns3:atemp>
            <ns3:hr>137</ns3:hr>
          </ns3:TrackPointExtension>
        </extensions>
      </trkpt>
      <trkpt lat="48.14505175687372684478759765625" lon="-1.25362467952072620391845703125">
        <ele>68.59999847412109375</ele>
        <time>2026-06-08T08:19:01.000Z</time>
        <extensions>
          <ns3:TrackPointExtension>
            <ns3:atemp>22.0</ns3:atemp>
            <ns3:hr>137</ns3:hr>
          </ns3:TrackPointExtension>
        </extensions>
      </trkpt>
      <trkpt lat="48.145345710217952728271484375" lon="-1.2538614682853221893310546875">
        <ele>68.40000152587890625</ele>
        <time>2026-06-08T08:19:08.000Z</time>
        <extensions>
          <ns3:TrackPointExtension>
            <ns3:atemp>22.0</ns3:atemp>
            <ns3:hr>138</ns3:hr>
          </ns3:TrackPointExtension>
        </extensions>
      </trkpt>
      <trkpt lat="48.1453901343047618865966796875" lon="-1.253876723349094390869140625">
        <ele>68.1999969482421875</ele>
        <time>2026-06-08T08:19:09.000Z</time>
        <extensions>
          <ns3:TrackPointExtension>
            <ns3:atemp>22.0</ns3:atemp>
            <ns3:hr>139</ns3:hr>
          </ns3:TrackPointExtension>
        </extensions>
      </trkpt>
      <trkpt lat="48.14547101967036724090576171875" lon="-1.25384755432605743408203125">
        <ele>67.8000030517578125</ele>
        <time>2026-06-08T08:19:11.000Z</time>
        <extensions>
          <ns3:TrackPointExtension>
            <ns3:atemp>22.0</ns3:atemp>
            <ns3:hr>137</ns3:hr>
          </ns3:TrackPointExtension>
        </extensions>
      </trkpt>
      <trkpt lat="48.145493566989898681640625" lon="-1.2538061477243900299072265625">
        <ele>67.59999847412109375</ele>
        <time>2026-06-08T08:19:12.000Z</time>
        <extensions>
          <ns3:TrackPointExtension>
            <ns3:atemp>22.0</ns3:atemp>
            <ns3:hr>137</ns3:hr>
          </ns3:TrackPointExtension>
        </extensions>
      </trkpt>
      <trkpt lat="48.14552969299256801605224609375" lon="-1.2536287866532802581787109375">
        <ele>67.1999969482421875</ele>
        <time>2026-06-08T08:19:15.000Z</time>
        <extensions>
          <ns3:TrackPointExtension>
            <ns3:atemp>22.0</ns3:atemp>
            <ns3:hr>136</ns3:hr>
          </ns3:TrackPointExtension>
        </extensions>
      </trkpt>
      <trkpt lat="48.14553656615316867828369140625" lon="-1.25356650911271572113037109375">
        <ele>67.1999969482421875</ele>
        <time>2026-06-08T08:19:16.000Z</time>
        <extensions>
          <ns3:TrackPointExtension>
            <ns3:atemp>22.0</ns3:atemp>
            <ns3:hr>135</ns3:hr>
          </ns3:TrackPointExtension>
        </extensions>
      </trkpt>
      <trkpt lat="48.14549918286502361297607421875" lon="-1.2532961927354335784912109375">
        <ele>67.59999847412109375</ele>
        <time>2026-06-08T08:19:21.000Z</time>
        <extensions>
          <ns3:TrackPointExtension>
            <ns3:atemp>22.0</ns3:atemp>
            <ns3:hr>137</ns3:hr>
          </ns3:TrackPointExtension>
        </extensions>
      </trkpt>
      <trkpt lat="48.14546205103397369384765625" lon="-1.2530708871781826019287109375">
        <ele>66.8000030517578125</ele>
        <time>2026-06-08T08:19:26.000Z</time>
        <extensions>
          <ns3:TrackPointExtension>
            <ns3:atemp>22.0</ns3:atemp>
            <ns3:hr>136</ns3:hr>
          </ns3:TrackPointExtension>
        </extensions>
      </trkpt>
      <trkpt lat="48.14548225142061710357666015625" lon="-1.2529190070927143096923828125">
        <ele>67</ele>
        <time>2026-06-08T08:19:32.000Z</time>
        <extensions>
          <ns3:TrackPointExtension>
            <ns3:atemp>22.0</ns3:atemp>
            <ns3:hr>135</ns3:hr>
          </ns3:TrackPointExtension>
        </extensions>
      </trkpt>
      <trkpt lat="48.14549029804766178131103515625" lon="-1.25291070900857448577880859375">
        <ele>67</ele>
        <time>2026-06-08T08:19:34.000Z</time>
        <extensions>
          <ns3:TrackPointExtension>
            <ns3:atemp>22.0</ns3:atemp>
            <ns3:hr>137</ns3:hr>
          </ns3:TrackPointExtension>
        </extensions>
      </trkpt>
      <trkpt lat="48.145515024662017822265625" lon="-1.25274541787803173065185546875">
        <ele>66.1999969482421875</ele>
        <time>2026-06-08T08:39:08.000Z</time>
        <extensions>
          <ns3:TrackPointExtension>
            <ns3:atemp>25.0</ns3:atemp>
            <ns3:hr>106</ns3:hr>
          </ns3:TrackPointExtension>
        </extensions>
      </trkpt>
      <trkpt lat="48.145519383251667022705078125" lon="-1.252718679606914520263671875">
        <ele>66.1999969482421875</ele>
        <time>2026-06-08T08:39:09.000Z</time>
        <extensions>
          <ns3:TrackPointExtension>
            <ns3:atemp>25.0</ns3:atemp>
            <ns3:hr>106</ns3:hr>
          </ns3:TrackPointExtension>
        </extensions>
      </trkpt>
      <trkpt lat="48.14555592834949493408203125" lon="-1.25247686170041561126708984375">
        <ele>65.8000030517578125</ele>
        <time>2026-06-08T08:39:16.000Z</time>
        <extensions>
          <ns3:TrackPointExtension>
            <ns3:atemp>25.0</ns3:atemp>
            <ns3:hr>108</ns3:hr>
          </ns3:TrackPointExtension>
        </extensions>
      </trkpt>
      <trkpt lat="48.14556271769106388092041015625" lon="-1.252435036003589630126953125">
        <ele>66</ele>
        <time>2026-06-08T08:39:18.000Z</time>
        <extensions>
          <ns3:TrackPointExtension>
            <ns3:atemp>25.0</ns3:atemp>
            <ns3:hr>111</ns3:hr>
          </ns3:TrackPointExtension>
        </extensions>
      </trkpt>
      <trkpt lat="48.1455673277378082275390625" lon="-1.25239857472479343414306640625">
        <ele>66</ele>
        <time>2026-06-08T08:39:20.000Z</time>
        <extensions>
          <ns3:TrackPointExtension>
            <ns3:atemp>25.0</ns3:atemp>
            <ns3:hr>114</ns3:hr>
          </ns3:TrackPointExtension>
        </extensions>
      </trkpt>
      <trkpt lat="48.14557495526969432830810546875" lon="-1.25232380814850330352783203125">
        <ele>66</ele>
        <time>2026-06-08T08:39:24.000Z</time>
        <extensions>
          <ns3:TrackPointExtension>
            <ns3:atemp>25.0</ns3:atemp>
            <ns3:hr>114</ns3:hr>
          </ns3:TrackPointExtension>
        </extensions>
      </trkpt>
      <trkpt lat="48.145597837865352630615234375" lon="-1.25218450091779232025146484375">
        <ele>66</ele>
        <time>2026-06-08T08:39:28.000Z</time>
        <extensions>
          <ns3:TrackPointExtension>
            <ns3:atemp>25.0</ns3:atemp>
            <ns3:hr>112</ns3:hr>
          </ns3:TrackPointExtension>
        </extensions>
      </trkpt>
      <trkpt lat="48.145632036030292510986328125" lon="-1.25194695778191089630126953125">
        <ele>66</ele>
        <time>2026-06-08T08:39:34.000Z</time>
        <extensions>
          <ns3:TrackPointExtension>
            <ns3:atemp>25.0</ns3:atemp>
            <ns3:hr>115</ns3:hr>
          </ns3:TrackPointExtension>
        </extensions>
      </trkpt>
      <trkpt lat="48.145638741552829742431640625" lon="-1.25190605409443378448486328125">
        <ele>66</ele>
        <time>2026-06-08T08:39:35.000Z</time>
        <extensions>
          <ns3:TrackPointExtension>
            <ns3:atemp>25.0</ns3:atemp>
            <ns3:hr>115</ns3:hr>
          </ns3:TrackPointExtension>
        </extensions>
      </trkpt>
      <trkpt lat="48.14567050896584987640380859375" lon="-1.2517462112009525299072265625">
        <ele>65.8000030517578125</ele>
        <time>2026-06-08T08:39:39.000Z</time>
        <extensions>
          <ns3:TrackPointExtension>
            <ns3:atemp>25.0</ns3:atemp>
            <ns3:hr>118</ns3:hr>
          </ns3:TrackPointExtension>
        </extensions>
      </trkpt>
      <trkpt lat="48.14569951035082340240478515625" lon="-1.25158770941197872161865234375">
        <ele>65.8000030517578125</ele>
        <time>2026-06-08T08:39:43.000Z</time>
        <extensions>
          <ns3:TrackPointExtension>
            <ns3:atemp>25.0</ns3:atemp>
            <ns3:hr>120</ns3:hr>
          </ns3:TrackPointExtension>
        </extensions>
      </trkpt>
      <trkpt lat="48.14574426971375942230224609375" lon="-1.25131965614855289459228515625">
        <ele>65.8000030517578125</ele>
        <time>2026-06-08T08:39:49.000Z</time>
        <extensions>
          <ns3:TrackPointExtension>
            <ns3:atemp>25.0</ns3:atemp>
            <ns3:hr>120</ns3:hr>
          </ns3:TrackPointExtension>
        </extensions>
      </trkpt>
      <trkpt lat="48.14581115730106830596923828125" lon="-1.251005418598651885986328125">
        <ele>66.1999969482421875</ele>
        <time>2026-06-08T08:39:56.000Z</time>
        <extensions>
          <ns3:TrackPointExtension>
            <ns3:atemp>25.0</ns3:atemp>
            <ns3:hr>120</ns3:hr>
          </ns3:TrackPointExtension>
        </extensions>
      </trkpt>
      <trkpt lat="48.14586035907268524169921875" lon="-1.25079176388680934906005859375">
        <ele>66</ele>
        <time>2026-06-08T08:40:02.000Z</time>
        <extensions>
          <ns3:TrackPointExtension>
            <ns3:atemp>25.0</ns3:atemp>
            <ns3:hr>122</ns3:hr>
          </ns3:TrackPointExtension>
        </extensions>
      </trkpt>
      <trkpt lat="48.14595130272209644317626953125" lon="-1.25056796707212924957275390625">
        <ele>66</ele>
        <time>2026-06-08T08:40:07.000Z</time>
        <extensions>
          <ns3:TrackPointExtension>
            <ns3:atemp>25.0</ns3:atemp>
            <ns3:hr>123</ns3:hr>
          </ns3:TrackPointExtension>
        </extensions>
      </trkpt>
      <trkpt lat="48.1461240537464618682861328125" lon="-1.25021592713892459869384765625">
        <ele>66.1999969482421875</ele>
        <time>2026-06-08T08:40:14.000Z</time>
        <extensions>
          <ns3:TrackPointExtension>
            <ns3:atemp>25.0</ns3:atemp>
            <ns3:hr>125</ns3:hr>
          </ns3:TrackPointExtension>
        </extensions>
      </trkpt>
      <trkpt lat="48.14628456719219684600830078125" lon="-1.24991350807249546051025390625">
        <ele>66.1999969482421875</ele>
        <time>2026-06-08T08:40:20.000Z</time>
        <extensions>
          <ns3:TrackPointExtension>
            <ns3:atemp>25.0</ns3:atemp>
            <ns3:hr>128</ns3:hr>
          </ns3:TrackPointExtension>
        </extensions>
      </trkpt>
      <trkpt lat="48.14631323330104351043701171875" lon="-1.24986908398568630218505859375">
        <ele>66.1999969482421875</ele>
        <time>2026-06-08T08:40:21.000Z</time>
        <extensions>
          <ns3:TrackPointExtension>
            <ns3:atemp>25.0</ns3:atemp>
            <ns3:hr>128</ns3:hr>
          </ns3:TrackPointExtension>
        </extensions>
      </trkpt>
      <trkpt lat="48.14659000374376773834228515625" lon="-1.2495062313973903656005859375">
        <ele>66</ele>
        <time>2026-06-08T08:40:29.000Z</time>
        <extensions>
          <ns3:TrackPointExtension>
            <ns3:atemp>25.0</ns3:atemp>
            <ns3:hr>129</ns3:hr>
          </ns3:TrackPointExtension>
        </extensions>
      </trkpt>
      <trkpt lat="48.14662604592740535736083984375" lon="-1.24946859665215015411376953125">
        <ele>66</ele>
        <time>2026-06-08T08:40:30.000Z</time>
        <extensions>
          <ns3:TrackPointExtension>
            <ns3:atemp>25.0</ns3:atemp>
            <ns3:hr>128</ns3:hr>
          </ns3:TrackPointExtension>
        </extensions>
      </trkpt>
      <trkpt lat="48.14678111113607883453369140625" lon="-1.2493003718554973602294921875">
        <ele>66</ele>
        <time>2026-06-08T08:40:34.000Z</time>
        <extensions>
          <ns3:TrackPointExtension>
            <ns3:atemp>25.0</ns3:atemp>
            <ns3:hr>128</ns3:hr>
          </ns3:TrackPointExtension>
        </extensions>
      </trkpt>
      <trkpt lat="48.14687021076679229736328125" lon="-1.24925619922578334808349609375">
        <ele>66</ele>
        <time>2026-06-08T08:40:36.000Z</time>
        <extensions>
          <ns3:TrackPointExtension>
            <ns3:atemp>25.0</ns3:atemp>
            <ns3:hr>127</ns3:hr>
          </ns3:TrackPointExtension>
        </extensions>
      </trkpt>
      <trkpt lat="48.14691605977714061737060546875" lon="-1.24924681149423122406005859375">
        <ele>66</ele>
        <time>2026-06-08T08:40:37.000Z</time>
        <extensions>
          <ns3:TrackPointExtension>
            <ns3:atemp>25.0</ns3:atemp>
            <ns3:hr>127</ns3:hr>
          </ns3:TrackPointExtension>
        </extensions>
      </trkpt>
      <trkpt lat="48.14704748801887035369873046875" lon="-1.249178834259510040283203125">
        <ele>66.40000152587890625</ele>
        <time>2026-06-08T08:40:41.000Z</time>
        <extensions>
          <ns3:TrackPointExtension>
            <ns3:atemp>25.0</ns3:atemp>
            <ns3:hr>128</ns3:hr>
          </ns3:TrackPointExtension>
        </extensions>
      </trkpt>
      <trkpt lat="48.1471748091280460357666015625" lon="-1.249048747122287750244140625">
        <ele>66.59999847412109375</ele>
        <time>2026-06-08T08:40:47.000Z</time>
        <extensions>
          <ns3:TrackPointExtension>
            <ns3:atemp>25.0</ns3:atemp>
            <ns3:hr>131</ns3:hr>
          </ns3:TrackPointExtension>
        </extensions>
      </trkpt>
      <trkpt lat="48.14733632840216159820556640625" lon="-1.24885789118707180023193359375">
        <ele>66.59999847412109375</ele>
        <time>2026-06-08T08:40:54.000Z</time>
        <extensions>
          <ns3:TrackPointExtension>
            <ns3:atemp>25.0</ns3:atemp>
            <ns3:hr>131</ns3:hr>
          </ns3:TrackPointExtension>
        </extensions>
      </trkpt>
      <trkpt lat="48.14741947688162326812744140625" lon="-1.24876753427088260650634765625">
        <ele>67</ele>
        <time>2026-06-08T08:40:59.000Z</time>
        <extensions>
          <ns3:TrackPointExtension>
            <ns3:atemp>25.0</ns3:atemp>
            <ns3:hr>128</ns3:hr>
          </ns3:TrackPointExtension>
        </extensions>
      </trkpt>
      <trkpt lat="48.1474336422979831695556640625" lon="-1.2487471662461757659912109375">
        <ele>67.1999969482421875</ele>
        <time>2026-06-08T08:41:00.000Z</time>
        <extensions>
          <ns3:TrackPointExtension>
            <ns3:atemp>25.0</ns3:atemp>
            <ns3:hr>128</ns3:hr>
          </ns3:TrackPointExtension>
        </extensions>
      </trkpt>
      <trkpt lat="48.147451244294643402099609375" lon="-1.24872612766921520233154296875">
        <ele>67.1999969482421875</ele>
        <time>2026-06-08T08:41:01.000Z</time>
        <extensions>
          <ns3:TrackPointExtension>
            <ns3:atemp>25.0</ns3:atemp>
            <ns3:hr>128</ns3:hr>
          </ns3:TrackPointExtension>
        </extensions>
      </trkpt>
      <trkpt lat="48.147469349205493927001953125" lon="-1.24870466999709606170654296875">
        <ele>67.1999969482421875</ele>
        <time>2026-06-08T08:41:02.000Z</time>
        <extensions>
          <ns3:TrackPointExtension>
            <ns3:atemp>25.0</ns3:atemp>
            <ns3:hr>128</ns3:hr>
          </ns3:TrackPointExtension>
        </extensions>
      </trkpt>
      <trkpt lat="48.14760647714138031005859375" lon="-1.24852093867957592010498046875">
        <ele>67.1999969482421875</ele>
        <time>2026-06-08T08:41:08.000Z</time>
        <extensions>
          <ns3:TrackPointExtension>
            <ns3:atemp>25.0</ns3:atemp>
            <ns3:hr>127</ns3:hr>
          </ns3:TrackPointExtension>
        </extensions>
      </trkpt>
      <trkpt lat="48.14770613797008991241455078125" lon="-1.248272247612476348876953125">
        <ele>66</ele>
        <time>2026-06-08T08:41:13.000Z</time>
        <extensions>
          <ns3:TrackPointExtension>
            <ns3:atemp>25.0</ns3:atemp>
            <ns3:hr>127</ns3:hr>
          </ns3:TrackPointExtension>
        </extensions>
      </trkpt>
      <trkpt lat="48.14772826619446277618408203125" lon="-1.24820929951965808868408203125">
        <ele>65.8000030517578125</ele>
        <time>2026-06-08T08:41:14.000Z</time>
        <extensions>
          <ns3:TrackPointExtension>
            <ns3:atemp>25.0</ns3:atemp>
            <ns3:hr>126</ns3:hr>
          </ns3:TrackPointExtension>
        </extensions>
      </trkpt>
      <trkpt lat="48.14775441773235797882080078125" lon="-1.24802975915372371673583984375">
        <ele>65</ele>
        <time>2026-06-08T08:41:17.000Z</time>
        <extensions>
          <ns3:TrackPointExtension>
            <ns3:atemp>25.0</ns3:atemp>
            <ns3:hr>127</ns3:hr>
          </ns3:TrackPointExtension>
        </extensions>
      </trkpt>
      <trkpt lat="48.1477481313049793243408203125" lon="-1.2479661405086517333984375">
        <ele>65</ele>
        <time>2026-06-08T08:41:18.000Z</time>
        <extensions>
          <ns3:TrackPointExtension>
            <ns3:atemp>25.0</ns3:atemp>
            <ns3:hr>127</ns3:hr>
          </ns3:TrackPointExtension>
        </extensions>
      </trkpt>
      <trkpt lat="48.14772927202284336090087890625" lon="-1.24791048467159271240234375">
        <ele>64.8000030517578125</ele>
        <time>2026-06-08T08:41:19.000Z</time>
        <extensions>
          <ns3:TrackPointExtension>
            <ns3:atemp>25.0</ns3:atemp>
            <ns3:hr>127</ns3:hr>
          </ns3:TrackPointExtension>
        </extensions>
      </trkpt>
      <trkpt lat="48.14765400253236293792724609375" lon="-1.247729100286960601806640625">
        <ele>64.59999847412109375</ele>
        <time>2026-06-08T08:41:22.000Z</time>
        <extensions>
          <ns3:TrackPointExtension>
            <ns3:atemp>25.0</ns3:atemp>
            <ns3:hr>125</ns3:hr>
          </ns3:TrackPointExtension>
        </extensions>
      </trkpt>
      <trkpt lat="48.147657103836536407470703125" lon="-1.24757780693471431732177734375">
        <ele>64.40000152587890625</ele>
        <time>2026-06-08T08:41:24.000Z</time>
        <extensions>
          <ns3:TrackPointExtension>
            <ns3:atemp>25.0</ns3:atemp>
            <ns3:hr>123</ns3:hr>
          </ns3:TrackPointExtension>
        </extensions>
      </trkpt>
      <trkpt lat="48.14766204915940761566162109375" lon="-1.2475059740245342254638671875">
        <ele>64.40000152587890625</ele>
        <time>2026-06-08T08:41:25.000Z</time>
        <extensions>
          <ns3:TrackPointExtension>
            <ns3:atemp>25.0</ns3:atemp>
            <ns3:hr>122</ns3:hr>
          </ns3:TrackPointExtension>
        </extensions>
      </trkpt>
      <trkpt lat="48.1476643122732639312744140625" lon="-1.2474389187991619110107421875">
        <ele>64.1999969482421875</ele>
        <time>2026-06-08T08:41:26.000Z</time>
        <extensions>
          <ns3:TrackPointExtension>
            <ns3:atemp>25.0</ns3:atemp>
            <ns3:hr>118</ns3:hr>
          </ns3:TrackPointExtension>
        </extensions>
      </trkpt>
      <trkpt lat="48.14765919931232929229736328125" lon="-1.24731712974607944488525390625">
        <ele>64.40000152587890625</ele>
        <time>2026-06-08T08:41:28.000Z</time>
        <extensions>
          <ns3:TrackPointExtension>
            <ns3:atemp>25.0</ns3:atemp>
            <ns3:hr>115</ns3:hr>
          </ns3:TrackPointExtension>
        </extensions>
      </trkpt>
      <trkpt lat="48.1476381607353687286376953125" lon="-1.2472105957567691802978515625">
        <ele>64.8000030517578125</ele>
        <time>2026-06-08T08:41:30.000Z</time>
        <extensions>
          <ns3:TrackPointExtension>
            <ns3:atemp>25.0</ns3:atemp>
            <ns3:hr>115</ns3:hr>
          </ns3:TrackPointExtension>
        </extensions>
      </trkpt>
      <trkpt lat="48.14767797477543354034423828125" lon="-1.24707941897213459014892578125">
        <ele>65.1999969482421875</ele>
        <time>2026-06-08T08:41:33.000Z</time>
        <extensions>
          <ns3:TrackPointExtension>
            <ns3:atemp>25.0</ns3:atemp>
            <ns3:hr>114</ns3:hr>
          </ns3:TrackPointExtension>
        </extensions>
      </trkpt>
      <trkpt lat="48.14771519042551517486572265625" lon="-1.24708746559917926788330078125">
        <ele>65.1999969482421875</ele>
        <time>2026-06-08T08:41:34.000Z</time>
        <extensions>
          <ns3:TrackPointExtension>
            <ns3:atemp>25.0</ns3:atemp>
            <ns3:hr>114</ns3:hr>
          </ns3:TrackPointExtension>
        </extensions>
      </trkpt>
      <trkpt lat="48.14787293784320354461669921875" lon="-1.2471562810242176055908203125">
        <ele>65.1999969482421875</ele>
        <time>2026-06-08T08:41:39.000Z</time>
        <extensions>
          <ns3:TrackPointExtension>
            <ns3:atemp>25.0</ns3:atemp>
            <ns3:hr>118</ns3:hr>
          </ns3:TrackPointExtension>
        </extensions>
      </trkpt>
      <trkpt lat="48.14790311269462108612060546875" lon="-1.24716642312705516815185546875">
        <ele>65.1999969482421875</ele>
        <time>2026-06-08T08:41:40.000Z</time>
        <extensions>
          <ns3:TrackPointExtension>
            <ns3:atemp>25.0</ns3:atemp>
            <ns3:hr>120</ns3:hr>
          </ns3:TrackPointExtension>
        </extensions>
      </trkpt>
      <trkpt lat="48.1481591798365116119384765625" lon="-1.24729491770267486572265625">
        <ele>64.8000030517578125</ele>
        <time>2026-06-08T08:41:49.000Z</time>
        <extensions>
          <ns3:TrackPointExtension>
            <ns3:atemp>24.0</ns3:atemp>
            <ns3:hr>121</ns3:hr>
          </ns3:TrackPointExtension>
        </extensions>
      </trkpt>
      <trkpt lat="48.14836093224585056304931640625" lon="-1.24742777086794376373291015625">
        <ele>65.1999969482421875</ele>
        <time>2026-06-08T08:41:56.000Z</time>
        <extensions>
          <ns3:TrackPointExtension>
            <ns3:atemp>24.0</ns3:atemp>
            <ns3:hr>122</ns3:hr>
          </ns3:TrackPointExtension>
        </extensions>
      </trkpt>
      <trkpt lat="48.14845313318073749542236328125" lon="-1.2475187145173549652099609375">
        <ele>65.40000152587890625</ele>
        <time>2026-06-08T08:42:02.000Z</time>
        <extensions>
          <ns3:TrackPointExtension>
            <ns3:atemp>24.0</ns3:atemp>
            <ns3:hr>123</ns3:hr>
          </ns3:TrackPointExtension>
        </extensions>
      </trkpt>
      <trkpt lat="48.14849219284951686859130859375" lon="-1.24756171368062496185302734375">
        <ele>65.40000152587890625</ele>
        <time>2026-06-08T08:42:04.000Z</time>
        <extensions>
          <ns3:TrackPointExtension>
            <ns3:atemp>24.0</ns3:atemp>
            <ns3:hr>126</ns3:hr>
          </ns3:TrackPointExtension>
        </extensions>
      </trkpt>
      <trkpt lat="48.1485105492174625396728515625" lon="-1.24757462181150913238525390625">
        <ele>65.59999847412109375</ele>
        <time>2026-06-08T08:42:05.000Z</time>
        <extensions>
          <ns3:TrackPointExtension>
            <ns3:atemp>24.0</ns3:atemp>
            <ns3:hr>132</ns3:hr>
          </ns3:TrackPointExtension>
        </extensions>
      </trkpt>
      <trkpt lat="48.14855237491428852081298828125" lon="-1.24759289436042308807373046875">
        <ele>66</ele>
        <time>2026-06-08T08:42:07.000Z</time>
        <extensions>
          <ns3:TrackPointExtension>
            <ns3:atemp>24.0</ns3:atemp>
            <ns3:hr>134</ns3:hr>
          </ns3:TrackPointExtension>
        </extensions>
      </trkpt>
      <trkpt lat="48.14858674071729183197021484375" lon="-1.24758132733404636383056640625">
        <ele>66.59999847412109375</ele>
        <time>2026-06-08T08:42:09.000Z</time>
        <extensions>
          <ns3:TrackPointExtension>
            <ns3:atemp>24.0</ns3:atemp>
            <ns3:hr>135</ns3:hr>
          </ns3:TrackPointExtension>
        </extensions>
      </trkpt>
      <trkpt lat="48.1486346013844013214111328125" lon="-1.2475317902863025665283203125">
        <ele>67.1999969482421875</ele>
        <time>2026-06-08T08:42:11.000Z</time>
        <extensions>
          <ns3:TrackPointExtension>
            <ns3:atemp>24.0</ns3:atemp>
            <ns3:hr>135</ns3:hr>
          </ns3:TrackPointExtension>
        </extensions>
      </trkpt>
      <trkpt lat="48.14872906543314456939697265625" lon="-1.2474690936505794525146484375">
        <ele>67.40000152587890625</ele>
        <time>2026-06-08T08:42:14.000Z</time>
        <extensions>
          <ns3:TrackPointExtension>
            <ns3:atemp>24.0</ns3:atemp>
            <ns3:hr>135</ns3:hr>
          </ns3:TrackPointExtension>
        </extensions>
      </trkpt>
      <trkpt lat="48.148819170892238616943359375" lon="-1.2475197203457355499267578125">
        <ele>67.1999969482421875</ele>
        <time>2026-06-08T08:42:18.000Z</time>
        <extensions>
          <ns3:TrackPointExtension>
            <ns3:atemp>24.0</ns3:atemp>
            <ns3:hr>136</ns3:hr>
          </ns3:TrackPointExtension>
        </extensions>
      </trkpt>
      <trkpt lat="48.1489326618611812591552734375" lon="-1.24759054742753505706787109375">
        <ele>67</ele>
        <time>2026-06-08T08:42:22.000Z</time>
        <extensions>
          <ns3:TrackPointExtension>
            <ns3:atemp>24.0</ns3:atemp>
            <ns3:hr>138</ns3:hr>
          </ns3:TrackPointExtension>
        </extensions>
      </trkpt>
      <trkpt lat="48.14909015782177448272705078125" lon="-1.247686184942722320556640625">
        <ele>67.1999969482421875</ele>
        <time>2026-06-08T08:42:29.000Z</time>
        <extensions>
          <ns3:TrackPointExtension>
            <ns3:atemp>24.0</ns3:atemp>
            <ns3:hr>138</ns3:hr>
          </ns3:TrackPointExtension>
        </extensions>
      </trkpt>
      <trkpt lat="48.149231560528278350830078125" lon="-1.247793473303318023681640625">
        <ele>67</ele>
        <time>2026-06-08T08:42:36.000Z</time>
        <extensions>
          <ns3:TrackPointExtension>
            <ns3:atemp>24.0</ns3:atemp>
            <ns3:hr>136</ns3:hr>
          </ns3:TrackPointExtension>
        </extensions>
      </trkpt>
      <trkpt lat="48.14941587857902050018310546875" lon="-1.24790646135807037353515625">
        <ele>67.1999969482421875</ele>
        <time>2026-06-08T08:42:42.000Z</time>
        <extensions>
          <ns3:TrackPointExtension>
            <ns3:atemp>24.0</ns3:atemp>
            <ns3:hr>135</ns3:hr>
          </ns3:TrackPointExtension>
        </extensions>
      </trkpt>
      <trkpt lat="48.149669431149959564208984375" lon="-1.248030178248882293701171875">
        <ele>67.40000152587890625</ele>
        <time>2026-06-08T08:42:48.000Z</time>
        <extensions>
          <ns3:TrackPointExtension>
            <ns3:atemp>24.0</ns3:atemp>
            <ns3:hr>134</ns3:hr>
          </ns3:TrackPointExtension>
        </extensions>
      </trkpt>
      <trkpt lat="48.14980454742908477783203125" lon="-1.2480809725821018218994140625">
        <ele>67.8000030517578125</ele>
        <time>2026-06-08T08:42:52.000Z</time>
        <extensions>
          <ns3:TrackPointExtension>
            <ns3:atemp>24.0</ns3:atemp>
            <ns3:hr>132</ns3:hr>
          </ns3:TrackPointExtension>
        </extensions>
      </trkpt>
      <trkpt lat="48.149900101125240325927734375" lon="-1.2481326051056385040283203125">
        <ele>68</ele>
        <time>2026-06-08T08:42:56.000Z</time>
        <extensions>
          <ns3:TrackPointExtension>
            <ns3:atemp>24.0</ns3:atemp>
            <ns3:hr>129</ns3:hr>
          </ns3:TrackPointExtension>
        </extensions>
      </trkpt>
      <trkpt lat="48.1499284319579601287841796875" lon="-1.24814526177942752838134765625">
        <ele>68</ele>
        <time>2026-06-08T08:42:57.000Z</time>
        <extensions>
          <ns3:TrackPointExtension>
            <ns3:atemp>24.0</ns3:atemp>
            <ns3:hr>124</ns3:hr>
          </ns3:TrackPointExtension>
        </extensions>
      </trkpt>
      <trkpt lat="48.15000311471521854400634765625" lon="-1.248156242072582244873046875">
        <ele>68.1999969482421875</ele>
        <time>2026-06-08T08:43:00.000Z</time>
        <extensions>
          <ns3:TrackPointExtension>
            <ns3:atemp>24.0</ns3:atemp>
            <ns3:hr>122</ns3:hr>
          </ns3:TrackPointExtension>
        </extensions>
      </trkpt>
      <trkpt lat="48.1500672362744808197021484375" lon="-1.24817308969795703887939453125">
        <ele>68.40000152587890625</ele>
        <time>2026-06-08T08:43:03.000Z</time>
        <extensions>
          <ns3:TrackPointExtension>
            <ns3:atemp>24.0</ns3:atemp>
            <ns3:hr>119</ns3:hr>
          </ns3:TrackPointExtension>
        </extensions>
      </trkpt>
      <trkpt lat="48.1501959823071956634521484375" lon="-1.24818281270563602447509765625">
        <ele>68.40000152587890625</ele>
        <time>2026-06-08T08:43:08.000Z</time>
        <extensions>
          <ns3:TrackPointExtension>
            <ns3:atemp>24.0</ns3:atemp>
            <ns3:hr>119</ns3:hr>
          </ns3:TrackPointExtension>
        </extensions>
      </trkpt>
      <trkpt lat="48.15033906139433383941650390625" lon="-1.24819085933268070220947265625">
        <ele>68.8000030517578125</ele>
        <time>2026-06-08T08:43:13.000Z</time>
        <extensions>
          <ns3:TrackPointExtension>
            <ns3:atemp>24.0</ns3:atemp>
            <ns3:hr>119</ns3:hr>
          </ns3:TrackPointExtension>
        </extensions>
      </trkpt>
      <trkpt lat="48.15044417046010494232177734375" lon="-1.24819387681782245635986328125">
        <ele>69.1999969482421875</ele>
        <time>2026-06-08T08:43:17.000Z</time>
        <extensions>
          <ns3:TrackPointExtension>
            <ns3:atemp>24.0</ns3:atemp>
            <ns3:hr>119</ns3:hr>
          </ns3:TrackPointExtension>
        </extensions>
      </trkpt>
      <trkpt lat="48.150509633123874664306640625" lon="-1.24818742275238037109375">
        <ele>69.59999847412109375</ele>
        <time>2026-06-08T08:43:20.000Z</time>
        <extensions>
          <ns3:TrackPointExtension>
            <ns3:atemp>24.0</ns3:atemp>
            <ns3:hr>120</ns3:hr>
          </ns3:TrackPointExtension>
        </extensions>
      </trkpt>
      <trkpt lat="48.150651119649410247802734375" lon="-1.248178370296955108642578125">
        <ele>69.8000030517578125</ele>
        <time>2026-06-08T08:43:26.000Z</time>
        <extensions>
          <ns3:TrackPointExtension>
            <ns3:atemp>24.0</ns3:atemp>
            <ns3:hr>121</ns3:hr>
          </ns3:TrackPointExtension>
        </extensions>
      </trkpt>
      <trkpt lat="48.150891847908496856689453125" lon="-1.248118020594120025634765625">
        <ele>69.40000152587890625</ele>
        <time>2026-06-08T08:43:32.000Z</time>
        <extensions>
          <ns3:TrackPointExtension>
            <ns3:atemp>24.0</ns3:atemp>
            <ns3:hr>120</ns3:hr>
          </ns3:TrackPointExtension>
        </extensions>
      </trkpt>
      <trkpt lat="48.15118630416691303253173828125" lon="-1.24800025485455989837646484375">
        <ele>69.40000152587890625</ele>
        <time>2026-06-08T08:43:38.000Z</time>
        <extensions>
          <ns3:TrackPointExtension>
            <ns3:atemp>24.0</ns3:atemp>
            <ns3:hr>118</ns3:hr>
          </ns3:TrackPointExtension>
        </extensions>
      </trkpt>
      <trkpt lat="48.1514428742229938507080078125" lon="-1.24787829816341400146484375">
        <ele>70.1999969482421875</ele>
        <time>2026-06-08T08:43:44.000Z</time>
        <extensions>
          <ns3:TrackPointExtension>
            <ns3:atemp>24.0</ns3:atemp>
            <ns3:hr>117</ns3:hr>
          </ns3:TrackPointExtension>
        </extensions>
      </trkpt>
      <trkpt lat="48.15170749090611934661865234375" lon="-1.247741840779781341552734375">
        <ele>70</ele>
        <time>2026-06-08T08:43:49.000Z</time>
        <extensions>
          <ns3:TrackPointExtension>
            <ns3:atemp>24.0</ns3:atemp>
            <ns3:hr>120</ns3:hr>
          </ns3:TrackPointExtension>
        </extensions>
      </trkpt>
      <trkpt lat="48.152056597173213958740234375" lon="-1.24753572978079319000244140625">
        <ele>70.1999969482421875</ele>
        <time>2026-06-08T08:43:55.000Z</time>
        <extensions>
          <ns3:TrackPointExtension>
            <ns3:atemp>24.0</ns3:atemp>
            <ns3:hr>122</ns3:hr>
          </ns3:TrackPointExtension>
        </extensions>
      </trkpt>
      <trkpt lat="48.15246957354247570037841796875" lon="-1.2473118491470813751220703125">
        <ele>70.1999969482421875</ele>
        <time>2026-06-08T08:44:01.000Z</time>
        <extensions>
          <ns3:TrackPointExtension>
            <ns3:atemp>24.0</ns3:atemp>
            <ns3:hr>123</ns3:hr>
          </ns3:TrackPointExtension>
        </extensions>
      </trkpt>
      <trkpt lat="48.1528496928513050079345703125" lon="-1.2470798380672931671142578125">
        <ele>70.40000152587890625</ele>
        <time>2026-06-08T08:44:06.000Z</time>
        <extensions>
          <ns3:TrackPointExtension>
            <ns3:atemp>23.0</ns3:atemp>
            <ns3:hr>121</ns3:hr>
          </ns3:TrackPointExtension>
        </extensions>
      </trkpt>
      <trkpt lat="48.153252191841602325439453125" lon="-1.2467170692980289459228515625">
        <ele>70.8000030517578125</ele>
        <time>2026-06-08T08:44:12.000Z</time>
        <extensions>
          <ns3:TrackPointExtension>
            <ns3:atemp>23.0</ns3:atemp>
            <ns3:hr>121</ns3:hr>
          </ns3:TrackPointExtension>
        </extensions>
      </trkpt>
      <trkpt lat="48.153527788817882537841796875" lon="-1.24635790474712848663330078125">
        <ele>71.40000152587890625</ele>
        <time>2026-06-08T08:44:17.000Z</time>
        <extensions>
          <ns3:TrackPointExtension>
            <ns3:atemp>23.0</ns3:atemp>
            <ns3:hr>120</ns3:hr>
          </ns3:TrackPointExtension>
        </extensions>
      </trkpt>
      <trkpt lat="48.153574056923389434814453125" lon="-1.2463006563484668731689453125">
        <ele>71.40000152587890625</ele>
        <time>2026-06-08T08:44:18.000Z</time>
        <extensions>
          <ns3:TrackPointExtension>
            <ns3:atemp>23.0</ns3:atemp>
            <ns3:hr>121</ns3:hr>
          </ns3:TrackPointExtension>
        </extensions>
      </trkpt>
      <trkpt lat="48.15370372496545314788818359375" lon="-1.246128492057323455810546875">
        <ele>71.40000152587890625</ele>
        <time>2026-06-08T08:44:21.000Z</time>
        <extensions>
          <ns3:TrackPointExtension>
            <ns3:atemp>23.0</ns3:atemp>
            <ns3:hr>121</ns3:hr>
          </ns3:TrackPointExtension>
        </extensions>
      </trkpt>
      <trkpt lat="48.15374068915843963623046875" lon="-1.24606085009872913360595703125">
        <ele>71.40000152587890625</ele>
        <time>2026-06-08T08:44:22.000Z</time>
        <extensions>
          <ns3:TrackPointExtension>
            <ns3:atemp>23.0</ns3:atemp>
            <ns3:hr>122</ns3:hr>
          </ns3:TrackPointExtension>
        </extensions>
      </trkpt>
      <trkpt lat="48.153906650841236114501953125" lon="-1.24576027505099773406982421875">
        <ele>71.59999847412109375</ele>
        <time>2026-06-08T08:44:26.000Z</time>
        <extensions>
          <ns3:TrackPointExtension>
            <ns3:atemp>23.0</ns3:atemp>
            <ns3:hr>121</ns3:hr>
          </ns3:TrackPointExtension>
        </extensions>
      </trkpt>
      <trkpt lat="48.15410303883254528045654296875" lon="-1.24532726593315601348876953125">
        <ele>71</ele>
        <time>2026-06-08T08:44:31.000Z</time>
        <extensions>
          <ns3:TrackPointExtension>
            <ns3:atemp>23.0</ns3:atemp>
            <ns3:hr>120</ns3:hr>
          </ns3:TrackPointExtension>
        </extensions>
      </trkpt>
      <trkpt lat="48.1543168611824512481689453125" lon="-1.244901716709136962890625">
        <ele>71.40000152587890625</ele>
        <time>2026-06-08T08:44:36.000Z</time>
        <extensions>
          <ns3:TrackPointExtension>
            <ns3:atemp>23.0</ns3:atemp>
            <ns3:hr>120</ns3:hr>
          </ns3:TrackPointExtension>
        </extensions>
      </trkpt>
      <trkpt lat="48.15458290278911590576171875" lon="-1.244351528584957122802734375">
        <ele>71.59999847412109375</ele>
        <time>2026-06-08T08:44:43.000Z</time>
        <extensions>
          <ns3:TrackPointExtension>
            <ns3:atemp>23.0</ns3:atemp>
            <ns3:hr>119</ns3:hr>
          </ns3:TrackPointExtension>
        </extensions>
      </trkpt>
      <trkpt lat="48.1546573340892791748046875" lon="-1.2442137300968170166015625">
        <ele>71.59999847412109375</ele>
        <time>2026-06-08T08:44:45.000Z</time>
        <extensions>
          <ns3:TrackPointExtension>
            <ns3:atemp>23.0</ns3:atemp>
            <ns3:hr>123</ns3:hr>
          </ns3:TrackPointExtension>
        </extensions>
      </trkpt>
      <trkpt lat="48.15470066852867603302001953125" lon="-1.24415195547044277191162109375">
        <ele>71.8000030517578125</ele>
        <time>2026-06-08T08:44:46.000Z</time>
        <extensions>
          <ns3:TrackPointExtension>
            <ns3:atemp>23.0</ns3:atemp>
            <ns3:hr>123</ns3:hr>
          </ns3:TrackPointExtension>
        </extensions>
      </trkpt>
      <trkpt lat="48.15483100712299346923828125" lon="-1.243982054293155670166015625">
        <ele>72.1999969482421875</ele>
        <time>2026-06-08T08:44:49.000Z</time>
        <extensions>
          <ns3:TrackPointExtension>
            <ns3:atemp>23.0</ns3:atemp>
            <ns3:hr>126</ns3:hr>
          </ns3:TrackPointExtension>
        </extensions>
      </trkpt>
      <trkpt lat="48.15498917363584041595458984375" lon="-1.24379907734692096710205078125">
        <ele>72.40000152587890625</ele>
        <time>2026-06-08T08:44:53.000Z</time>
        <extensions>
          <ns3:TrackPointExtension>
            <ns3:atemp>23.0</ns3:atemp>
            <ns3:hr>126</ns3:hr>
          </ns3:TrackPointExtension>
        </extensions>
      </trkpt>
      <trkpt lat="48.15502018667757511138916015625" lon="-1.24374878592789173126220703125">
        <ele>72.59999847412109375</ele>
        <time>2026-06-08T08:44:54.000Z</time>
        <extensions>
          <ns3:TrackPointExtension>
            <ns3:atemp>23.0</ns3:atemp>
            <ns3:hr>126</ns3:hr>
          </ns3:TrackPointExtension>
        </extensions>
      </trkpt>
      <trkpt lat="48.155083470046520233154296875" lon="-1.243665218353271484375">
        <ele>73</ele>
        <time>2026-06-08T08:44:56.000Z</time>
        <extensions>
          <ns3:TrackPointExtension>
            <ns3:atemp>23.0</ns3:atemp>
            <ns3:hr>125</ns3:hr>
          </ns3:TrackPointExtension>
        </extensions>
      </trkpt>
      <trkpt lat="48.15512026660144329071044921875" lon="-1.2436489574611186981201171875">
        <ele>73.1999969482421875</ele>
        <time>2026-06-08T08:44:57.000Z</time>
        <extensions>
          <ns3:TrackPointExtension>
            <ns3:atemp>23.0</ns3:atemp>
            <ns3:hr>125</ns3:hr>
          </ns3:TrackPointExtension>
        </extensions>
      </trkpt>
      <trkpt lat="48.1551694683730602264404296875" lon="-1.24363395385444164276123046875">
        <ele>73.59999847412109375</ele>
        <time>2026-06-08T08:44:59.000Z</time>
        <extensions>
          <ns3:TrackPointExtension>
            <ns3:atemp>23.0</ns3:atemp>
            <ns3:hr>125</ns3:hr>
          </ns3:TrackPointExtension>
        </extensions>
      </trkpt>
      <trkpt lat="48.1551701389253139495849609375" lon="-1.24364250339567661285400390625">
        <ele>73.8000030517578125</ele>
        <time>2026-06-08T08:45:02.000Z</time>
        <extensions>
          <ns3:TrackPointExtension>
            <ns3:atemp>23.0</ns3:atemp>
            <ns3:hr>125</ns3:hr>
          </ns3:TrackPointExtension>
        </extensions>
      </trkpt>
      <trkpt lat="48.155214227735996246337890625" lon="-1.24357477761805057525634765625">
        <ele>73.8000030517578125</ele>
        <time>2026-06-08T08:46:46.000Z</time>
        <extensions>
          <ns3:TrackPointExtension>
            <ns3:atemp>23.0</ns3:atemp>
            <ns3:hr>90</ns3:hr>
          </ns3:TrackPointExtension>
        </extensions>
      </trkpt>
      <trkpt lat="48.155228979885578155517578125" lon="-1.24355868436396121978759765625">
        <ele>74</ele>
        <time>2026-06-08T08:46:47.000Z</time>
        <extensions>
          <ns3:TrackPointExtension>
            <ns3:atemp>23.0</ns3:atemp>
            <ns3:hr>91</ns3:hr>
          </ns3:TrackPointExtension>
        </extensions>
      </trkpt>
      <trkpt lat="48.1552438996732234954833984375" lon="-1.2435436807572841644287109375">
        <ele>74</ele>
        <time>2026-06-08T08:46:48.000Z</time>
        <extensions>
          <ns3:TrackPointExtension>
            <ns3:atemp>23.0</ns3:atemp>
            <ns3:hr>92</ns3:hr>
          </ns3:TrackPointExtension>
        </extensions>
      </trkpt>
      <trkpt lat="48.155390582978725433349609375" lon="-1.243431866168975830078125">
        <ele>74</ele>
        <time>2026-06-08T08:46:54.000Z</time>
        <extensions>
          <ns3:TrackPointExtension>
            <ns3:atemp>23.0</ns3:atemp>
            <ns3:hr>93</ns3:hr>
          </ns3:TrackPointExtension>
        </extensions>
      </trkpt>
      <trkpt lat="48.15566425211727619171142578125" lon="-1.24325207434594631195068359375">
        <ele>74.59999847412109375</ele>
        <time>2026-06-08T08:47:02.000Z</time>
        <extensions>
          <ns3:TrackPointExtension>
            <ns3:atemp>23.0</ns3:atemp>
            <ns3:hr>95</ns3:hr>
          </ns3:TrackPointExtension>
        </extensions>
      </trkpt>
      <trkpt lat="48.1558742187917232513427734375" lon="-1.24315601773560047149658203125">
        <ele>75</ele>
        <time>2026-06-08T08:47:08.000Z</time>
        <extensions>
          <ns3:TrackPointExtension>
            <ns3:atemp>23.0</ns3:atemp>
            <ns3:hr>97</ns3:hr>
          </ns3:TrackPointExtension>
        </extensions>
      </trkpt>
      <trkpt lat="48.156037665903568267822265625" lon="-1.24309399165213108062744140625">
        <ele>75.1999969482421875</ele>
        <time>2026-06-08T08:47:12.000Z</time>
        <extensions>
          <ns3:TrackPointExtension>
            <ns3:atemp>23.0</ns3:atemp>
            <ns3:hr>100</ns3:hr>
          </ns3:TrackPointExtension>
        </extensions>
      </trkpt>
      <trkpt lat="48.15624050796031951904296875" lon="-1.24301838688552379608154296875">
        <ele>75.40000152587890625</ele>
        <time>2026-06-08T08:47:17.000Z</time>
        <extensions>
          <ns3:TrackPointExtension>
            <ns3:atemp>23.0</ns3:atemp>
            <ns3:hr>102</ns3:hr>
          </ns3:TrackPointExtension>
        </extensions>
      </trkpt>
      <trkpt lat="48.15641082823276519775390625" lon="-1.24296172522008419036865234375">
        <ele>75.59999847412109375</ele>
        <time>2026-06-08T08:47:21.000Z</time>
        <extensions>
          <ns3:TrackPointExtension>
            <ns3:atemp>23.0</ns3:atemp>
            <ns3:hr>104</ns3:hr>
          </ns3:TrackPointExtension>
        </extensions>
      </trkpt>
      <trkpt lat="48.15661911852657794952392578125" lon="-1.2429086677730083465576171875">
        <ele>76</ele>
        <time>2026-06-08T08:47:26.000Z</time>
        <extensions>
          <ns3:TrackPointExtension>
            <ns3:atemp>23.0</ns3:atemp>
            <ns3:hr>107</ns3:hr>
          </ns3:TrackPointExtension>
        </extensions>
      </trkpt>
      <trkpt lat="48.15665784291923046112060546875" lon="-1.24289332889020442962646484375">
        <ele>76</ele>
        <time>2026-06-08T08:47:27.000Z</time>
        <extensions>
          <ns3:TrackPointExtension>
            <ns3:atemp>23.0</ns3:atemp>
            <ns3:hr>108</ns3:hr>
          </ns3:TrackPointExtension>
        </extensions>
      </trkpt>
      <trkpt lat="48.15673562698066234588623046875" lon="-1.24286550097167491912841796875">
        <ele>76</ele>
        <time>2026-06-08T08:47:29.000Z</time>
        <extensions>
          <ns3:TrackPointExtension>
            <ns3:atemp>23.0</ns3:atemp>
            <ns3:hr>119</ns3:hr>
          </ns3:TrackPointExtension>
        </extensions>
      </trkpt>
      <trkpt lat="48.15677225589752197265625" lon="-1.2428563646972179412841796875">
        <ele>76</ele>
        <time>2026-06-08T08:47:30.000Z</time>
        <extensions>
          <ns3:TrackPointExtension>
            <ns3:atemp>23.0</ns3:atemp>
            <ns3:hr>126</ns3:hr>
          </ns3:TrackPointExtension>
        </extensions>
      </trkpt>
      <trkpt lat="48.15681315958499908447265625" lon="-1.2428439594805240631103515625">
        <ele>76</ele>
        <time>2026-06-08T08:47:31.000Z</time>
        <extensions>
          <ns3:TrackPointExtension>
            <ns3:atemp>23.0</ns3:atemp>
            <ns3:hr>129</ns3:hr>
          </ns3:TrackPointExtension>
        </extensions>
      </trkpt>
      <trkpt lat="48.156853057444095611572265625" lon="-1.2428332306444644927978515625">
        <ele>76.1999969482421875</ele>
        <time>2026-06-08T08:47:32.000Z</time>
        <extensions>
          <ns3:TrackPointExtension>
            <ns3:atemp>23.0</ns3:atemp>
            <ns3:hr>129</ns3:hr>
          </ns3:TrackPointExtension>
        </extensions>
      </trkpt>
      <trkpt lat="48.15693377517163753509521484375" lon="-1.2428136169910430908203125">
        <ele>76.1999969482421875</ele>
        <time>2026-06-08T08:47:34.000Z</time>
        <extensions>
          <ns3:TrackPointExtension>
            <ns3:atemp>23.0</ns3:atemp>
            <ns3:hr>129</ns3:hr>
          </ns3:TrackPointExtension>
        </extensions>
      </trkpt>
      <trkpt lat="48.157158158719539642333984375" lon="-1.24274597503244876861572265625">
        <ele>76.8000030517578125</ele>
        <time>2026-06-08T08:47:39.000Z</time>
        <extensions>
          <ns3:TrackPointExtension>
            <ns3:atemp>23.0</ns3:atemp>
            <ns3:hr>131</ns3:hr>
          </ns3:TrackPointExtension>
        </extensions>
      </trkpt>
      <trkpt lat="48.15724826417863368988037109375" lon="-1.2427125312387943267822265625">
        <ele>76.8000030517578125</ele>
        <time>2026-06-08T08:47:41.000Z</time>
        <extensions>
          <ns3:TrackPointExtension>
            <ns3:atemp>23.0</ns3:atemp>
            <ns3:hr>131</ns3:hr>
          </ns3:TrackPointExtension>
        </extensions>
      </trkpt>
      <trkpt lat="48.15750743262469768524169921875" lon="-1.2425821088254451751708984375">
        <ele>77.1999969482421875</ele>
        <time>2026-06-08T08:47:47.000Z</time>
        <extensions>
          <ns3:TrackPointExtension>
            <ns3:atemp>23.0</ns3:atemp>
            <ns3:hr>132</ns3:hr>
          </ns3:TrackPointExtension>
        </extensions>
      </trkpt>
      <trkpt lat="48.15755638293921947479248046875" lon="-1.24255704693496227264404296875">
        <ele>77.1999969482421875</ele>
        <time>2026-06-08T08:47:48.000Z</time>
        <extensions>
          <ns3:TrackPointExtension>
            <ns3:atemp>23.0</ns3:atemp>
            <ns3:hr>132</ns3:hr>
          </ns3:TrackPointExtension>
        </extensions>
      </trkpt>
      <trkpt lat="48.1578687764704227447509765625" lon="-1.2423819489777088165283203125">
        <ele>77.1999969482421875</ele>
        <time>2026-06-08T08:47:54.000Z</time>
        <extensions>
          <ns3:TrackPointExtension>
            <ns3:atemp>23.0</ns3:atemp>
            <ns3:hr>133</ns3:hr>
          </ns3:TrackPointExtension>
        </extensions>
      </trkpt>
      <trkpt lat="48.15823732875287532806396484375" lon="-1.24213862232863903045654296875">
        <ele>77.40000152587890625</ele>
        <time>2026-06-08T08:48:00.000Z</time>
        <extensions>
          <ns3:TrackPointExtension>
            <ns3:atemp>23.0</ns3:atemp>
            <ns3:hr>134</ns3:hr>
          </ns3:TrackPointExtension>
        </extensions>
      </trkpt>
      <trkpt lat="48.1585862673819065093994140625" lon="-1.24183922074735164642333984375">
        <ele>77.40000152587890625</ele>
        <time>2026-06-08T08:48:06.000Z</time>
        <extensions>
          <ns3:TrackPointExtension>
            <ns3:atemp>23.0</ns3:atemp>
            <ns3:hr>135</ns3:hr>
          </ns3:TrackPointExtension>
        </extensions>
      </trkpt>
      <trkpt lat="48.15864737145602703094482421875" lon="-1.24179236590862274169921875">
        <ele>77.40000152587890625</ele>
        <time>2026-06-08T08:48:07.000Z</time>
        <extensions>
          <ns3:TrackPointExtension>
            <ns3:atemp>23.0</ns3:atemp>
            <ns3:hr>134</ns3:hr>
          </ns3:TrackPointExtension>
        </extensions>
      </trkpt>
      <trkpt lat="48.15890586934983730316162109375" lon="-1.241602264344692230224609375">
        <ele>77</ele>
        <time>2026-06-08T08:48:11.000Z</time>
        <extensions>
          <ns3:TrackPointExtension>
            <ns3:atemp>23.0</ns3:atemp>
            <ns3:hr>135</ns3:hr>
          </ns3:TrackPointExtension>
        </extensions>
      </trkpt>
      <trkpt lat="48.15934927202761173248291015625" lon="-1.2412879429757595062255859375">
        <ele>77</ele>
        <time>2026-06-08T08:48:18.000Z</time>
        <extensions>
          <ns3:TrackPointExtension>
            <ns3:atemp>23.0</ns3:atemp>
            <ns3:hr>135</ns3:hr>
          </ns3:TrackPointExtension>
        </extensions>
      </trkpt>
      <trkpt lat="48.15978714264929294586181640625" lon="-1.240927018225193023681640625">
        <ele>77</ele>
        <time>2026-06-08T08:48:24.000Z</time>
        <extensions>
          <ns3:TrackPointExtension>
            <ns3:atemp>23.0</ns3:atemp>
            <ns3:hr>134</ns3:hr>
          </ns3:TrackPointExtension>
        </extensions>
      </trkpt>
      <trkpt lat="48.15992443822324275970458984375" lon="-1.240810342133045196533203125">
        <ele>77.1999969482421875</ele>
        <time>2026-06-08T08:48:26.000Z</time>
        <extensions>
          <ns3:TrackPointExtension>
            <ns3:atemp>23.0</ns3:atemp>
            <ns3:hr>131</ns3:hr>
          </ns3:TrackPointExtension>
        </extensions>
      </trkpt>
      <trkpt lat="48.16025552339851856231689453125" lon="-1.24051957391202449798583984375">
        <ele>77</ele>
        <time>2026-06-08T08:48:31.000Z</time>
        <extensions>
          <ns3:TrackPointExtension>
            <ns3:atemp>23.0</ns3:atemp>
            <ns3:hr>129</ns3:hr>
          </ns3:TrackPointExtension>
        </extensions>
      </trkpt>
      <trkpt lat="48.1605394184589385986328125" lon="-1.24014146625995635986328125">
        <ele>77.40000152587890625</ele>
        <time>2026-06-08T08:48:36.000Z</time>
        <extensions>
          <ns3:TrackPointExtension>
            <ns3:atemp>23.0</ns3:atemp>
            <ns3:hr>127</ns3:hr>
          </ns3:TrackPointExtension>
        </extensions>
      </trkpt>
      <trkpt lat="48.1607997603714466094970703125" lon="-1.23966227285563945770263671875">
        <ele>77.40000152587890625</ele>
        <time>2026-06-08T08:48:42.000Z</time>
        <extensions>
          <ns3:TrackPointExtension>
            <ns3:atemp>23.0</ns3:atemp>
            <ns3:hr>128</ns3:hr>
          </ns3:TrackPointExtension>
        </extensions>
      </trkpt>
      <trkpt lat="48.16096312366425991058349609375" lon="-1.2392394058406352996826171875">
        <ele>77.8000030517578125</ele>
        <time>2026-06-08T08:48:47.000Z</time>
        <extensions>
          <ns3:TrackPointExtension>
            <ns3:atemp>23.0</ns3:atemp>
            <ns3:hr>128</ns3:hr>
          </ns3:TrackPointExtension>
        </extensions>
      </trkpt>
      <trkpt lat="48.16099044866859912872314453125" lon="-1.2391502223908901214599609375">
        <ele>77.8000030517578125</ele>
        <time>2026-06-08T08:48:48.000Z</time>
        <extensions>
          <ns3:TrackPointExtension>
            <ns3:atemp>23.0</ns3:atemp>
            <ns3:hr>128</ns3:hr>
          </ns3:TrackPointExtension>
        </extensions>
      </trkpt>
      <trkpt lat="48.1611107289791107177734375" lon="-1.23860313557088375091552734375">
        <ele>78.1999969482421875</ele>
        <time>2026-06-08T08:48:54.000Z</time>
        <extensions>
          <ns3:TrackPointExtension>
            <ns3:atemp>23.0</ns3:atemp>
            <ns3:hr>129</ns3:hr>
          </ns3:TrackPointExtension>
        </extensions>
      </trkpt>
      <trkpt lat="48.1611536443233489990234375" lon="-1.23825713060796260833740234375">
        <ele>78.59999847412109375</ele>
        <time>2026-06-08T08:48:58.000Z</time>
        <extensions>
          <ns3:TrackPointExtension>
            <ns3:atemp>23.0</ns3:atemp>
            <ns3:hr>130</ns3:hr>
          </ns3:TrackPointExtension>
        </extensions>
      </trkpt>
      <trkpt lat="48.16116512753069400787353515625" lon="-1.23806702904403209686279296875">
        <ele>78.1999969482421875</ele>
        <time>2026-06-08T08:49:00.000Z</time>
        <extensions>
          <ns3:TrackPointExtension>
            <ns3:atemp>23.0</ns3:atemp>
            <ns3:hr>134</ns3:hr>
          </ns3:TrackPointExtension>
        </extensions>
      </trkpt>
      <trkpt lat="48.16116127185523509979248046875" lon="-1.23748096637427806854248046875">
        <ele>79</ele>
        <time>2026-06-08T08:49:06.000Z</time>
        <extensions>
          <ns3:TrackPointExtension>
            <ns3:atemp>23.0</ns3:atemp>
            <ns3:hr>133</ns3:hr>
          </ns3:TrackPointExtension>
        </extensions>
      </trkpt>
      <trkpt lat="48.161147944629192352294921875" lon="-1.23724124394357204437255859375">
        <ele>79.40000152587890625</ele>
        <time>2026-06-08T08:49:09.000Z</time>
        <extensions>
          <ns3:TrackPointExtension>
            <ns3:atemp>23.0</ns3:atemp>
            <ns3:hr>133</ns3:hr>
          </ns3:TrackPointExtension>
        </extensions>
      </trkpt>
      <trkpt lat="48.1611437536776065826416015625" lon="-1.23710914514958858489990234375">
        <ele>79.59999847412109375</ele>
        <time>2026-06-08T08:49:11.000Z</time>
        <extensions>
          <ns3:TrackPointExtension>
            <ns3:atemp>23.0</ns3:atemp>
            <ns3:hr>131</ns3:hr>
          </ns3:TrackPointExtension>
        </extensions>
      </trkpt>
      <trkpt lat="48.16113813780248165130615234375" lon="-1.23689121566712856292724609375">
        <ele>79.8000030517578125</ele>
        <time>2026-06-08T08:49:14.000Z</time>
        <extensions>
          <ns3:TrackPointExtension>
            <ns3:atemp>23.0</ns3:atemp>
            <ns3:hr>128</ns3:hr>
          </ns3:TrackPointExtension>
        </extensions>
      </trkpt>
      <trkpt lat="48.16113243810832500457763671875" lon="-1.23673112131655216217041015625">
        <ele>80</ele>
        <time>2026-06-08T08:49:16.000Z</time>
        <extensions>
          <ns3:TrackPointExtension>
            <ns3:atemp>23.0</ns3:atemp>
            <ns3:hr>127</ns3:hr>
          </ns3:TrackPointExtension>
        </extensions>
      </trkpt>
      <trkpt lat="48.16112372092902660369873046875" lon="-1.23658644966781139373779296875">
        <ele>80</ele>
        <time>2026-06-08T08:49:18.000Z</time>
        <extensions>
          <ns3:TrackPointExtension>
            <ns3:atemp>23.0</ns3:atemp>
            <ns3:hr>126</ns3:hr>
          </ns3:TrackPointExtension>
        </extensions>
      </trkpt>
      <trkpt lat="48.16111299209296703338623046875" lon="-1.23639601282775402069091796875">
        <ele>80.40000152587890625</ele>
        <time>2026-06-08T08:49:21.000Z</time>
        <extensions>
          <ns3:TrackPointExtension>
            <ns3:atemp>23.0</ns3:atemp>
            <ns3:hr>123</ns3:hr>
          </ns3:TrackPointExtension>
        </extensions>
      </trkpt>
      <trkpt lat="48.16111735068261623382568359375" lon="-1.236197948455810546875">
        <ele>80.59999847412109375</ele>
        <time>2026-06-08T08:49:24.000Z</time>
        <extensions>
          <ns3:TrackPointExtension>
            <ns3:atemp>23.0</ns3:atemp>
            <ns3:hr>122</ns3:hr>
          </ns3:TrackPointExtension>
        </extensions>
      </trkpt>
      <trkpt lat="48.16112908534705638885498046875" lon="-1.23598940670490264892578125">
        <ele>81</ele>
        <time>2026-06-08T08:49:27.000Z</time>
        <extensions>
          <ns3:TrackPointExtension>
            <ns3:atemp>23.0</ns3:atemp>
            <ns3:hr>122</ns3:hr>
          </ns3:TrackPointExtension>
        </extensions>
      </trkpt>
      <trkpt lat="48.16112858243286609649658203125" lon="-1.235910616815090179443359375">
        <ele>81</ele>
        <time>2026-06-08T08:49:28.000Z</time>
        <extensions>
          <ns3:TrackPointExtension>
            <ns3:atemp>23.0</ns3:atemp>
            <ns3:hr>122</ns3:hr>
          </ns3:TrackPointExtension>
        </extensions>
      </trkpt>
      <trkpt lat="48.1611367128789424896240234375" lon="-1.23583023436367511749267578125">
        <ele>81.1999969482421875</ele>
        <time>2026-06-08T08:49:29.000Z</time>
        <extensions>
          <ns3:TrackPointExtension>
            <ns3:atemp>23.0</ns3:atemp>
            <ns3:hr>122</ns3:hr>
          </ns3:TrackPointExtension>
        </extensions>
      </trkpt>
      <trkpt lat="48.16114366985857486724853515625" lon="-1.2356620095670223236083984375">
        <ele>81.1999969482421875</ele>
        <time>2026-06-08T08:49:31.000Z</time>
        <extensions>
          <ns3:TrackPointExtension>
            <ns3:atemp>23.0</ns3:atemp>
            <ns3:hr>134</ns3:hr>
          </ns3:TrackPointExtension>
        </extensions>
      </trkpt>
      <trkpt lat="48.16115842200815677642822265625" lon="-1.23557190410792827606201171875">
        <ele>81</ele>
        <time>2026-06-08T08:49:32.000Z</time>
        <extensions>
          <ns3:TrackPointExtension>
            <ns3:atemp>23.0</ns3:atemp>
            <ns3:hr>151</ns3:hr>
          </ns3:TrackPointExtension>
        </extensions>
      </trkpt>
      <trkpt lat="48.1611635349690914154052734375" lon="-1.2354858219623565673828125">
        <ele>81</ele>
        <time>2026-06-08T08:49:33.000Z</time>
        <extensions>
          <ns3:TrackPointExtension>
            <ns3:atemp>23.0</ns3:atemp>
            <ns3:hr>157</ns3:hr>
          </ns3:TrackPointExtension>
        </extensions>
      </trkpt>
      <trkpt lat="48.1612128205597400665283203125" lon="-1.2351020984351634979248046875">
        <ele>80.8000030517578125</ele>
        <time>2026-06-08T08:49:37.000Z</time>
        <extensions>
          <ns3:TrackPointExtension>
            <ns3:atemp>23.0</ns3:atemp>
            <ns3:hr>158</ns3:hr>
          </ns3:TrackPointExtension>
        </extensions>
      </trkpt>
      <trkpt lat="48.1613164208829402923583984375" lon="-1.23463346622884273529052734375">
        <ele>80.59999847412109375</ele>
        <time>2026-06-08T08:49:42.000Z</time>
        <extensions>
          <ns3:TrackPointExtension>
            <ns3:atemp>23.0</ns3:atemp>
            <ns3:hr>158</ns3:hr>
          </ns3:TrackPointExtension>
        </extensions>
      </trkpt>
      <trkpt lat="48.16135472618043422698974609375" lon="-1.2344560213387012481689453125">
        <ele>80.8000030517578125</ele>
        <time>2026-06-08T08:49:44.000Z</time>
        <extensions>
          <ns3:TrackPointExtension>
            <ns3:atemp>23.0</ns3:atemp>
            <ns3:hr>155</ns3:hr>
          </ns3:TrackPointExtension>
        </extensions>
      </trkpt>
      <trkpt lat="48.16137819550931453704833984375" lon="-1.2343825958669185638427734375">
        <ele>80.8000030517578125</ele>
        <time>2026-06-08T08:49:45.000Z</time>
        <extensions>
          <ns3:TrackPointExtension>
            <ns3:atemp>23.0</ns3:atemp>
            <ns3:hr>153</ns3:hr>
          </ns3:TrackPointExtension>
        </extensions>
      </trkpt>
      <trkpt lat="48.16140015609562397003173828125" lon="-1.23430489562451839447021484375">
        <ele>80.8000030517578125</ele>
        <time>2026-06-08T08:49:46.000Z</time>
        <extensions>
          <ns3:TrackPointExtension>
            <ns3:atemp>22.0</ns3:atemp>
            <ns3:hr>147</ns3:hr>
          </ns3:TrackPointExtension>
        </extensions>
      </trkpt>
      <trkpt lat="48.161448352038860321044921875" lon="-1.23414899222552776336669921875">
        <ele>81</ele>
        <time>2026-06-08T08:49:48.000Z</time>
        <extensions>
          <ns3:TrackPointExtension>
            <ns3:atemp>23.0</ns3:atemp>
            <ns3:hr>145</ns3:hr>
          </ns3:TrackPointExtension>
        </extensions>
      </trkpt>
      <trkpt lat="48.16154181025922298431396484375" lon="-1.2337160669267177581787109375">
        <ele>80.8000030517578125</ele>
        <time>2026-06-08T08:49:53.000Z</time>
        <extensions>
          <ns3:TrackPointExtension>
            <ns3:atemp>23.0</ns3:atemp>
            <ns3:hr>144</ns3:hr>
          </ns3:TrackPointExtension>
        </extensions>
      </trkpt>
      <trkpt lat="48.16165127791464328765869140625" lon="-1.23316629789769649505615234375">
        <ele>80.59999847412109375</ele>
        <time>2026-06-08T08:49:59.000Z</time>
        <extensions>
          <ns3:TrackPointExtension>
            <ns3:atemp>22.0</ns3:atemp>
            <ns3:hr>143</ns3:hr>
          </ns3:TrackPointExtension>
        </extensions>
      </trkpt>
      <trkpt lat="48.1617492623627185821533203125" lon="-1.23271132819354534149169921875">
        <ele>80.40000152587890625</ele>
        <time>2026-06-08T08:50:04.000Z</time>
        <extensions>
          <ns3:TrackPointExtension>
            <ns3:atemp>22.0</ns3:atemp>
            <ns3:hr>145</ns3:hr>
          </ns3:TrackPointExtension>
        </extensions>
      </trkpt>
      <trkpt lat="48.16186199896037578582763671875" lon="-1.23217941261827945709228515625">
        <ele>81</ele>
        <time>2026-06-08T08:50:10.000Z</time>
        <extensions>
          <ns3:TrackPointExtension>
            <ns3:atemp>22.0</ns3:atemp>
            <ns3:hr>147</ns3:hr>
          </ns3:TrackPointExtension>
        </extensions>
      </trkpt>
      <trkpt lat="48.1619517691433429718017578125" lon="-1.23163777403533458709716796875">
        <ele>80.8000030517578125</ele>
        <time>2026-06-08T08:50:16.000Z</time>
        <extensions>
          <ns3:TrackPointExtension>
            <ns3:atemp>22.0</ns3:atemp>
            <ns3:hr>147</ns3:hr>
          </ns3:TrackPointExtension>
        </extensions>
      </trkpt>
      <trkpt lat="48.1620010547339916229248046875" lon="-1.2310802936553955078125">
        <ele>80.8000030517578125</ele>
        <time>2026-06-08T08:50:22.000Z</time>
        <extensions>
          <ns3:TrackPointExtension>
            <ns3:atemp>22.0</ns3:atemp>
            <ns3:hr>146</ns3:hr>
          </ns3:TrackPointExtension>
        </extensions>
      </trkpt>
      <trkpt lat="48.16204573027789592742919921875" lon="-1.23062498867511749267578125">
        <ele>81</ele>
        <time>2026-06-08T08:50:27.000Z</time>
        <extensions>
          <ns3:TrackPointExtension>
            <ns3:atemp>22.0</ns3:atemp>
            <ns3:hr>145</ns3:hr>
          </ns3:TrackPointExtension>
        </extensions>
      </trkpt>
      <trkpt lat="48.16205511800944805145263671875" lon="-1.2304501421749591827392578125">
        <ele>80.59999847412109375</ele>
        <time>2026-06-08T08:50:29.000Z</time>
        <extensions>
          <ns3:TrackPointExtension>
            <ns3:atemp>22.0</ns3:atemp>
            <ns3:hr>140</ns3:hr>
          </ns3:TrackPointExtension>
        </extensions>
      </trkpt>
      <trkpt lat="48.16206886433064937591552734375" lon="-1.2300246767699718475341796875">
        <ele>80.40000152587890625</ele>
        <time>2026-06-08T08:50:34.000Z</time>
        <extensions>
          <ns3:TrackPointExtension>
            <ns3:atemp>22.0</ns3:atemp>
            <ns3:hr>141</ns3:hr>
          </ns3:TrackPointExtension>
        </extensions>
      </trkpt>
      <trkpt lat="48.1621046550571918487548828125" lon="-1.22960784472525119781494140625">
        <ele>80.8000030517578125</ele>
        <time>2026-06-08T08:50:40.000Z</time>
        <extensions>
          <ns3:TrackPointExtension>
            <ns3:atemp>22.0</ns3:atemp>
            <ns3:hr>140</ns3:hr>
          </ns3:TrackPointExtension>
        </extensions>
      </trkpt>
      <trkpt lat="48.162155449390411376953125" lon="-1.229246668517589569091796875">
        <ele>80.8000030517578125</ele>
        <time>2026-06-08T08:50:46.000Z</time>
        <extensions>
          <ns3:TrackPointExtension>
            <ns3:atemp>22.0</ns3:atemp>
            <ns3:hr>137</ns3:hr>
          </ns3:TrackPointExtension>
        </extensions>
      </trkpt>
      <trkpt lat="48.1621680222451686859130859375" lon="-1.22918606735765933990478515625">
        <ele>80.8000030517578125</ele>
        <time>2026-06-08T08:50:47.000Z</time>
        <extensions>
          <ns3:TrackPointExtension>
            <ns3:atemp>22.0</ns3:atemp>
            <ns3:hr>137</ns3:hr>
          </ns3:TrackPointExtension>
        </extensions>
      </trkpt>
      <trkpt lat="48.1622136197984218597412109375" lon="-1.2289548106491565704345703125">
        <ele>81</ele>
        <time>2026-06-08T08:50:52.000Z</time>
        <extensions>
          <ns3:TrackPointExtension>
            <ns3:atemp>22.0</ns3:atemp>
            <ns3:hr>135</ns3:hr>
          </ns3:TrackPointExtension>
        </extensions>
      </trkpt>
      <trkpt lat="48.1622367538511753082275390625" lon="-1.228861100971698760986328125">
        <ele>81.40000152587890625</ele>
        <time>2026-06-08T08:50:58.000Z</time>
        <extensions>
          <ns3:TrackPointExtension>
            <ns3:atemp>22.0</ns3:atemp>
            <ns3:hr>133</ns3:hr>
          </ns3:TrackPointExtension>
        </extensions>
      </trkpt>
      <trkpt lat="48.162244297564029693603515625" lon="-1.2287854962050914764404296875">
        <ele>80.8000030517578125</ele>
        <time>2026-06-08T08:54:35.000Z</time>
        <extensions>
          <ns3:TrackPointExtension>
            <ns3:atemp>23.0</ns3:atemp>
            <ns3:hr>148</ns3:hr>
          </ns3:TrackPointExtension>
        </extensions>
      </trkpt>
      <trkpt lat="48.1622551940381526947021484375" lon="-1.22876353561878204345703125">
        <ele>80.8000030517578125</ele>
        <time>2026-06-08T08:54:36.000Z</time>
        <extensions>
          <ns3:TrackPointExtension>
            <ns3:atemp>23.0</ns3:atemp>
            <ns3:hr>147</ns3:hr>
          </ns3:TrackPointExtension>
        </extensions>
      </trkpt>
      <trkpt lat="48.16226332448422908782958984375" lon="-1.22873847372829914093017578125">
        <ele>80.8000030517578125</ele>
        <time>2026-06-08T08:54:37.000Z</time>
        <extensions>
          <ns3:TrackPointExtension>
            <ns3:atemp>23.0</ns3:atemp>
            <ns3:hr>147</ns3:hr>
          </ns3:TrackPointExtension>
        </extensions>
      </trkpt>
      <trkpt lat="48.1623309664428234100341796875" lon="-1.22854468412697315216064453125">
        <ele>80.8000030517578125</ele>
        <time>2026-06-08T08:54:42.000Z</time>
        <extensions>
          <ns3:TrackPointExtension>
            <ns3:atemp>23.0</ns3:atemp>
            <ns3:hr>145</ns3:hr>
          </ns3:TrackPointExtension>
        </extensions>
      </trkpt>
      <trkpt lat="48.16234915517270565032958984375" lon="-1.22849397361278533935546875">
        <ele>80.8000030517578125</ele>
        <time>2026-06-08T08:54:43.000Z</time>
        <extensions>
          <ns3:TrackPointExtension>
            <ns3:atemp>23.0</ns3:atemp>
            <ns3:hr>142</ns3:hr>
          </ns3:TrackPointExtension>
        </extensions>
      </trkpt>
      <trkpt lat="48.16249265335500240325927734375" lon="-1.22813480906188488006591796875">
        <ele>80.8000030517578125</ele>
        <time>2026-06-08T08:54:50.000Z</time>
        <extensions>
          <ns3:TrackPointExtension>
            <ns3:atemp>23.0</ns3:atemp>
            <ns3:hr>141</ns3:hr>
          </ns3:TrackPointExtension>
        </extensions>
      </trkpt>
      <trkpt lat="48.1625777296721935272216796875" lon="-1.22794604860246181488037109375">
        <ele>80.8000030517578125</ele>
        <time>2026-06-08T08:54:55.000Z</time>
        <extensions>
          <ns3:TrackPointExtension>
            <ns3:atemp>23.0</ns3:atemp>
            <ns3:hr>145</ns3:hr>
          </ns3:TrackPointExtension>
        </extensions>
      </trkpt>
      <trkpt lat="48.16259608604013919830322265625" lon="-1.227913610637187957763671875">
        <ele>80.8000030517578125</ele>
        <time>2026-06-08T08:54:56.000Z</time>
        <extensions>
          <ns3:TrackPointExtension>
            <ns3:atemp>23.0</ns3:atemp>
            <ns3:hr>152</ns3:hr>
          </ns3:TrackPointExtension>
        </extensions>
      </trkpt>
      <trkpt lat="48.16261301748454570770263671875" lon="-1.2278742156922817230224609375">
        <ele>80.8000030517578125</ele>
        <time>2026-06-08T08:54:57.000Z</time>
        <extensions>
          <ns3:TrackPointExtension>
            <ns3:atemp>23.0</ns3:atemp>
            <ns3:hr>162</ns3:hr>
          </ns3:TrackPointExtension>
        </extensions>
      </trkpt>
      <trkpt lat="48.16263045184314250946044921875" lon="-1.22783322818577289581298828125">
        <ele>80.8000030517578125</ele>
        <time>2026-06-08T08:54:58.000Z</time>
        <extensions>
          <ns3:TrackPointExtension>
            <ns3:atemp>23.0</ns3:atemp>
            <ns3:hr>165</ns3:hr>
          </ns3:TrackPointExtension>
        </extensions>
      </trkpt>
      <trkpt lat="48.16268895752727985382080078125" lon="-1.2277045659720897674560546875">
        <ele>80.8000030517578125</ele>
        <time>2026-06-08T08:55:01.000Z</time>
        <extensions>
          <ns3:TrackPointExtension>
            <ns3:atemp>23.0</ns3:atemp>
            <ns3:hr>168</ns3:hr>
          </ns3:TrackPointExtension>
        </extensions>
      </trkpt>
      <trkpt lat="48.16271242685616016387939453125" lon="-1.227659471333026885986328125">
        <ele>80.8000030517578125</ele>
        <time>2026-06-08T08:55:02.000Z</time>
        <extensions>
          <ns3:TrackPointExtension>
            <ns3:atemp>23.0</ns3:atemp>
            <ns3:hr>168</ns3:hr>
          </ns3:TrackPointExtension>
        </extensions>
      </trkpt>
      <trkpt lat="48.162850476801395416259765625" lon="-1.227424107491970062255859375">
        <ele>80.8000030517578125</ele>
        <time>2026-06-08T08:55:08.000Z</time>
        <extensions>
          <ns3:TrackPointExtension>
            <ns3:atemp>23.0</ns3:atemp>
            <ns3:hr>167</ns3:hr>
          </ns3:TrackPointExtension>
        </extensions>
      </trkpt>
      <trkpt lat="48.16299087367951869964599609375" lon="-1.227183043956756591796875">
        <ele>80.8000030517578125</ele>
        <time>2026-06-08T08:55:13.000Z</time>
        <extensions>
          <ns3:TrackPointExtension>
            <ns3:atemp>23.0</ns3:atemp>
            <ns3:hr>167</ns3:hr>
          </ns3:TrackPointExtension>
        </extensions>
      </trkpt>
      <trkpt lat="48.16301484592258930206298828125" lon="-1.22713149525225162506103515625">
        <ele>80.8000030517578125</ele>
        <time>2026-06-08T08:55:14.000Z</time>
        <extensions>
          <ns3:TrackPointExtension>
            <ns3:atemp>23.0</ns3:atemp>
            <ns3:hr>168</ns3:hr>
          </ns3:TrackPointExtension>
        </extensions>
      </trkpt>
      <trkpt lat="48.16317259334027767181396484375" lon="-1.22689361684024333953857421875">
        <ele>80.8000030517578125</ele>
        <time>2026-06-08T08:55:20.000Z</time>
        <extensions>
          <ns3:TrackPointExtension>
            <ns3:atemp>23.0</ns3:atemp>
            <ns3:hr>168</ns3:hr>
          </ns3:TrackPointExtension>
        </extensions>
      </trkpt>
      <trkpt lat="48.16332556307315826416015625" lon="-1.2266108952462673187255859375">
        <ele>80.59999847412109375</ele>
        <time>2026-06-08T08:55:26.000Z</time>
        <extensions>
          <ns3:TrackPointExtension>
            <ns3:atemp>23.0</ns3:atemp>
            <ns3:hr>168</ns3:hr>
          </ns3:TrackPointExtension>
        </extensions>
      </trkpt>
      <trkpt lat="48.1634786166250705718994140625" lon="-1.22628726996481418609619140625">
        <ele>80.59999847412109375</ele>
        <time>2026-06-08T08:55:32.000Z</time>
        <extensions>
          <ns3:TrackPointExtension>
            <ns3:atemp>23.0</ns3:atemp>
            <ns3:hr>167</ns3:hr>
          </ns3:TrackPointExtension>
        </extensions>
      </trkpt>
      <trkpt lat="48.1636427342891693115234375" lon="-1.225944198668003082275390625">
        <ele>81</ele>
        <time>2026-06-08T08:55:39.000Z</time>
        <extensions>
          <ns3:TrackPointExtension>
            <ns3:atemp>23.0</ns3:atemp>
            <ns3:hr>166</ns3:hr>
          </ns3:TrackPointExtension>
        </extensions>
      </trkpt>
      <trkpt lat="48.16381397657096385955810546875" lon="-1.22554957866668701171875">
        <ele>81.1999969482421875</ele>
        <time>2026-06-08T08:55:47.000Z</time>
        <extensions>
          <ns3:TrackPointExtension>
            <ns3:atemp>23.0</ns3:atemp>
            <ns3:hr>165</ns3:hr>
          </ns3:TrackPointExtension>
        </extensions>
      </trkpt>
      <trkpt lat="48.1638725660741329193115234375" lon="-1.22540968470275402069091796875">
        <ele>81.1999969482421875</ele>
        <time>2026-06-08T08:55:51.000Z</time>
        <extensions>
          <ns3:TrackPointExtension>
            <ns3:atemp>23.0</ns3:atemp>
            <ns3:hr>162</ns3:hr>
          </ns3:TrackPointExtension>
        </extensions>
      </trkpt>
      <trkpt lat="48.1638920120894908905029296875" lon="-1.22536878101527690887451171875">
        <ele>81.1999969482421875</ele>
        <time>2026-06-08T08:55:53.000Z</time>
        <extensions>
          <ns3:TrackPointExtension>
            <ns3:atemp>23.0</ns3:atemp>
            <ns3:hr>159</ns3:hr>
          </ns3:TrackPointExtension>
        </extensions>
      </trkpt>
      <trkpt lat="48.16391338594257831573486328125" lon="-1.22534682042896747589111328125">
        <ele>81.1999969482421875</ele>
        <time>2026-06-08T08:55:57.000Z</time>
        <extensions>
          <ns3:TrackPointExtension>
            <ns3:atemp>23.0</ns3:atemp>
            <ns3:hr>156</ns3:hr>
          </ns3:TrackPointExtension>
        </extensions>
      </trkpt>
      <trkpt lat="48.16391590051352977752685546875" lon="-1.22534380294382572174072265625">
        <ele>81</ele>
        <time>2026-06-08T08:55:58.000Z</time>
        <extensions>
          <ns3:TrackPointExtension>
            <ns3:atemp>23.0</ns3:atemp>
            <ns3:hr>155</ns3:hr>
          </ns3:TrackPointExtension>
        </extensions>
      </trkpt>
      <trkpt lat="48.16395781002938747406005859375" lon="-1.22525445185601711273193359375">
        <ele>81.1999969482421875</ele>
        <time>2026-06-08T08:56:29.000Z</time>
        <extensions>
          <ns3:TrackPointExtension>
            <ns3:atemp>23.0</ns3:atemp>
            <ns3:hr>141</ns3:hr>
          </ns3:TrackPointExtension>
        </extensions>
      </trkpt>
      <trkpt lat="48.16409074701368808746337890625" lon="-1.2250823713839054107666015625">
        <ele>81.40000152587890625</ele>
        <time>2026-06-08T08:56:35.000Z</time>
        <extensions>
          <ns3:TrackPointExtension>
            <ns3:atemp>23.0</ns3:atemp>
            <ns3:hr>141</ns3:hr>
          </ns3:TrackPointExtension>
        </extensions>
      </trkpt>
      <trkpt lat="48.16427464596927165985107421875" lon="-1.22484616935253143310546875">
        <ele>80.8000030517578125</ele>
        <time>2026-06-08T08:56:41.000Z</time>
        <extensions>
          <ns3:TrackPointExtension>
            <ns3:atemp>23.0</ns3:atemp>
            <ns3:hr>141</ns3:hr>
          </ns3:TrackPointExtension>
        </extensions>
      </trkpt>
      <trkpt lat="48.16454387269914150238037109375" lon="-1.22455338947474956512451171875">
        <ele>80.40000152587890625</ele>
        <time>2026-06-08T08:56:49.000Z</time>
        <extensions>
          <ns3:TrackPointExtension>
            <ns3:atemp>23.0</ns3:atemp>
            <ns3:hr>140</ns3:hr>
          </ns3:TrackPointExtension>
        </extensions>
      </trkpt>
      <trkpt lat="48.16464328207075595855712890625" lon="-1.224465630948543548583984375">
        <ele>80.40000152587890625</ele>
        <time>2026-06-08T08:56:52.000Z</time>
        <extensions>
          <ns3:TrackPointExtension>
            <ns3:atemp>23.0</ns3:atemp>
            <ns3:hr>140</ns3:hr>
          </ns3:TrackPointExtension>
        </extensions>
      </trkpt>
      <trkpt lat="48.16475115716457366943359375" lon="-1.2243665568530559539794921875">
        <ele>80.59999847412109375</ele>
        <time>2026-06-08T08:56:55.000Z</time>
        <extensions>
          <ns3:TrackPointExtension>
            <ns3:atemp>23.0</ns3:atemp>
            <ns3:hr>141</ns3:hr>
          </ns3:TrackPointExtension>
        </extensions>
      </trkpt>
      <trkpt lat="48.164943270385265350341796875" lon="-1.2241734378039836883544921875">
        <ele>80.59999847412109375</ele>
        <time>2026-06-08T08:57:01.000Z</time>
        <extensions>
          <ns3:TrackPointExtension>
            <ns3:atemp>23.0</ns3:atemp>
            <ns3:hr>139</ns3:hr>
          </ns3:TrackPointExtension>
        </extensions>
      </trkpt>
      <trkpt lat="48.16510529257357120513916015625" lon="-1.2240178696811199188232421875">
        <ele>80.59999847412109375</ele>
        <time>2026-06-08T08:57:06.000Z</time>
        <extensions>
          <ns3:TrackPointExtension>
            <ns3:atemp>23.0</ns3:atemp>
            <ns3:hr>140</ns3:hr>
          </ns3:TrackPointExtension>
        </extensions>
      </trkpt>
      <trkpt lat="48.16514284349977970123291015625" lon="-1.22398392297327518463134765625">
        <ele>80.59999847412109375</ele>
        <time>2026-06-08T08:57:07.000Z</time>
        <extensions>
          <ns3:TrackPointExtension>
            <ns3:atemp>23.0</ns3:atemp>
            <ns3:hr>140</ns3:hr>
          </ns3:TrackPointExtension>
        </extensions>
      </trkpt>
      <trkpt lat="48.16537745296955108642578125" lon="-1.223787032067775726318359375">
        <ele>80.59999847412109375</ele>
        <time>2026-06-08T08:57:13.000Z</time>
        <extensions>
          <ns3:TrackPointExtension>
            <ns3:atemp>23.0</ns3:atemp>
            <ns3:hr>139</ns3:hr>
          </ns3:TrackPointExtension>
        </extensions>
      </trkpt>
      <trkpt lat="48.16562513820827007293701171875" lon="-1.22358058579266071319580078125">
        <ele>80.40000152587890625</ele>
        <time>2026-06-08T08:57:19.000Z</time>
        <extensions>
          <ns3:TrackPointExtension>
            <ns3:atemp>23.0</ns3:atemp>
            <ns3:hr>136</ns3:hr>
          </ns3:TrackPointExtension>
        </extensions>
      </trkpt>
      <trkpt lat="48.16566637717187404632568359375" lon="-1.22354068793356418609619140625">
        <ele>80.40000152587890625</ele>
        <time>2026-06-08T08:57:20.000Z</time>
        <extensions>
          <ns3:TrackPointExtension>
            <ns3:atemp>23.0</ns3:atemp>
            <ns3:hr>135</ns3:hr>
          </ns3:TrackPointExtension>
        </extensions>
      </trkpt>
      <trkpt lat="48.16586586646735668182373046875" lon="-1.22334723360836505889892578125">
        <ele>80.59999847412109375</ele>
        <time>2026-06-08T08:57:25.000Z</time>
        <extensions>
          <ns3:TrackPointExtension>
            <ns3:atemp>23.0</ns3:atemp>
            <ns3:hr>132</ns3:hr>
          </ns3:TrackPointExtension>
        </extensions>
      </trkpt>
      <trkpt lat="48.165904842317104339599609375" lon="-1.22331102378666400909423828125">
        <ele>80.59999847412109375</ele>
        <time>2026-06-08T08:57:26.000Z</time>
        <extensions>
          <ns3:TrackPointExtension>
            <ns3:atemp>23.0</ns3:atemp>
            <ns3:hr>132</ns3:hr>
          </ns3:TrackPointExtension>
        </extensions>
      </trkpt>
      <trkpt lat="48.16618538461625576019287109375" lon="-1.22306744568049907684326171875">
        <ele>80.40000152587890625</ele>
        <time>2026-06-08T08:57:33.000Z</time>
        <extensions>
          <ns3:TrackPointExtension>
            <ns3:atemp>23.0</ns3:atemp>
            <ns3:hr>135</ns3:hr>
          </ns3:TrackPointExtension>
        </extensions>
      </trkpt>
      <trkpt lat="48.16626434214413166046142578125" lon="-1.22300525195896625518798828125">
        <ele>80.40000152587890625</ele>
        <time>2026-06-08T08:57:35.000Z</time>
        <extensions>
          <ns3:TrackPointExtension>
            <ns3:atemp>23.0</ns3:atemp>
            <ns3:hr>135</ns3:hr>
          </ns3:TrackPointExtension>
        </extensions>
      </trkpt>
      <trkpt lat="48.166648484766483306884765625" lon="-1.22273434884846210479736328125">
        <ele>80.59999847412109375</ele>
        <time>2026-06-08T08:57:45.000Z</time>
        <extensions>
          <ns3:TrackPointExtension>
            <ns3:atemp>22.0</ns3:atemp>
            <ns3:hr>138</ns3:hr>
          </ns3:TrackPointExtension>
        </extensions>
      </trkpt>
      <trkpt lat="48.16673372872173786163330078125" lon="-1.2227055989205837249755859375">
        <ele>80.40000152587890625</ele>
        <time>2026-06-08T08:57:47.000Z</time>
        <extensions>
          <ns3:TrackPointExtension>
            <ns3:atemp>22.0</ns3:atemp>
            <ns3:hr>139</ns3:hr>
          </ns3:TrackPointExtension>
        </extensions>
      </trkpt>
      <trkpt lat="48.16683531738817691802978515625" lon="-1.22266410849988460540771484375">
        <ele>80.40000152587890625</ele>
        <time>2026-06-08T08:57:49.000Z</time>
        <extensions>
          <ns3:TrackPointExtension>
            <ns3:atemp>23.0</ns3:atemp>
            <ns3:hr>139</ns3:hr>
          </ns3:TrackPointExtension>
        </extensions>
      </trkpt>
      <trkpt lat="48.166889213025569915771484375" lon="-1.2226407229900360107421875">
        <ele>80.40000152587890625</ele>
        <time>2026-06-08T08:57:50.000Z</time>
        <extensions>
          <ns3:TrackPointExtension>
            <ns3:atemp>23.0</ns3:atemp>
            <ns3:hr>139</ns3:hr>
          </ns3:TrackPointExtension>
        </extensions>
      </trkpt>
      <trkpt lat="48.16707721911370754241943359375" lon="-1.22254374437034130096435546875">
        <ele>80.59999847412109375</ele>
        <time>2026-06-08T08:57:53.000Z</time>
        <extensions>
          <ns3:TrackPointExtension>
            <ns3:atemp>22.0</ns3:atemp>
            <ns3:hr>142</ns3:hr>
          </ns3:TrackPointExtension>
        </extensions>
      </trkpt>
      <trkpt lat="48.167285509407520294189453125" lon="-1.2224481068551540374755859375">
        <ele>80.59999847412109375</ele>
        <time>2026-06-08T08:57:56.000Z</time>
        <extensions>
          <ns3:TrackPointExtension>
            <ns3:atemp>22.0</ns3:atemp>
            <ns3:hr>144</ns3:hr>
          </ns3:TrackPointExtension>
        </extensions>
      </trkpt>
      <trkpt lat="48.16759966313838958740234375" lon="-1.22234676964581012725830078125">
        <ele>80.1999969482421875</ele>
        <time>2026-06-08T08:58:00.000Z</time>
        <extensions>
          <ns3:TrackPointExtension>
            <ns3:atemp>22.0</ns3:atemp>
            <ns3:hr>147</ns3:hr>
          </ns3:TrackPointExtension>
        </extensions>
      </trkpt>
      <trkpt lat="48.16776059567928314208984375" lon="-1.22232061810791492462158203125">
        <ele>80.1999969482421875</ele>
        <time>2026-06-08T08:58:02.000Z</time>
        <extensions>
          <ns3:TrackPointExtension>
            <ns3:atemp>22.0</ns3:atemp>
            <ns3:hr>151</ns3:hr>
          </ns3:TrackPointExtension>
        </extensions>
      </trkpt>
      <trkpt lat="48.16802135668694972991943359375" lon="-1.22226110659539699554443359375">
        <ele>80.59999847412109375</ele>
        <time>2026-06-08T08:58:05.000Z</time>
        <extensions>
          <ns3:TrackPointExtension>
            <ns3:atemp>22.0</ns3:atemp>
            <ns3:hr>154</ns3:hr>
          </ns3:TrackPointExtension>
        </extensions>
      </trkpt>
      <trkpt lat="48.16828002221882343292236328125" lon="-1.222204528748989105224609375">
        <ele>80.1999969482421875</ele>
        <time>2026-06-08T08:58:08.000Z</time>
        <extensions>
          <ns3:TrackPointExtension>
            <ns3:atemp>22.0</ns3:atemp>
            <ns3:hr>156</ns3:hr>
          </ns3:TrackPointExtension>
        </extensions>
      </trkpt>
      <trkpt lat="48.1684467382729053497314453125" lon="-1.22217024676501750946044921875">
        <ele>80</ele>
        <time>2026-06-08T08:58:10.000Z</time>
        <extensions>
          <ns3:TrackPointExtension>
            <ns3:atemp>22.0</ns3:atemp>
            <ns3:hr>158</ns3:hr>
          </ns3:TrackPointExtension>
        </extensions>
      </trkpt>
      <trkpt lat="48.16861496306955814361572265625" lon="-1.2221399880945682525634765625">
        <ele>80.1999969482421875</ele>
        <time>2026-06-08T08:58:12.000Z</time>
        <extensions>
          <ns3:TrackPointExtension>
            <ns3:atemp>22.0</ns3:atemp>
            <ns3:hr>161</ns3:hr>
          </ns3:TrackPointExtension>
        </extensions>
      </trkpt>
      <trkpt lat="48.1687903963029384613037109375" lon="-1.22210168279707431793212890625">
        <ele>80.1999969482421875</ele>
        <time>2026-06-08T08:58:14.000Z</time>
        <extensions>
          <ns3:TrackPointExtension>
            <ns3:atemp>22.0</ns3:atemp>
            <ns3:hr>162</ns3:hr>
          </ns3:TrackPointExtension>
        </extensions>
      </trkpt>
      <trkpt lat="48.1688752211630344390869140625" lon="-1.22207569889724254608154296875">
        <ele>80.1999969482421875</ele>
        <time>2026-06-08T08:58:15.000Z</time>
        <extensions>
          <ns3:TrackPointExtension>
            <ns3:atemp>22.0</ns3:atemp>
            <ns3:hr>163</ns3:hr>
          </ns3:TrackPointExtension>
        </extensions>
      </trkpt>
      <trkpt lat="48.1691933982074260711669921875" lon="-1.22195298783481121063232421875">
        <ele>80.59999847412109375</ele>
        <time>2026-06-08T08:58:19.000Z</time>
        <extensions>
          <ns3:TrackPointExtension>
            <ns3:atemp>22.0</ns3:atemp>
            <ns3:hr>165</ns3:hr>
          </ns3:TrackPointExtension>
        </extensions>
      </trkpt>
      <trkpt lat="48.16958106122910976409912109375" lon="-1.2217007763683795928955078125">
        <ele>80.59999847412109375</ele>
        <time>2026-06-08T08:58:24.000Z</time>
        <extensions>
          <ns3:TrackPointExtension>
            <ns3:atemp>22.0</ns3:atemp>
            <ns3:hr>167</ns3:hr>
          </ns3:TrackPointExtension>
        </extensions>
      </trkpt>
      <trkpt lat="48.16990728490054607391357421875" lon="-1.2213460542261600494384765625">
        <ele>80.8000030517578125</ele>
        <time>2026-06-08T08:58:29.000Z</time>
        <extensions>
          <ns3:TrackPointExtension>
            <ns3:atemp>22.0</ns3:atemp>
            <ns3:hr>168</ns3:hr>
          </ns3:TrackPointExtension>
        </extensions>
      </trkpt>
      <trkpt lat="48.16997065208852291107177734375" lon="-1.2212675996124744415283203125">
        <ele>81</ele>
        <time>2026-06-08T08:58:30.000Z</time>
        <extensions>
          <ns3:TrackPointExtension>
            <ns3:atemp>22.0</ns3:atemp>
            <ns3:hr>168</ns3:hr>
          </ns3:TrackPointExtension>
        </extensions>
      </trkpt>
      <trkpt lat="48.17013544030487537384033203125" lon="-1.221010275185108184814453125">
        <ele>81.40000152587890625</ele>
        <time>2026-06-08T08:58:33.000Z</time>
        <extensions>
          <ns3:TrackPointExtension>
            <ns3:atemp>22.0</ns3:atemp>
            <ns3:hr>162</ns3:hr>
          </ns3:TrackPointExtension>
        </extensions>
      </trkpt>
      <trkpt lat="48.17018724046647548675537109375" lon="-1.220921762287616729736328125">
        <ele>81.40000152587890625</ele>
        <time>2026-06-08T08:58:34.000Z</time>
        <extensions>
          <ns3:TrackPointExtension>
            <ns3:atemp>22.0</ns3:atemp>
            <ns3:hr>160</ns3:hr>
          </ns3:TrackPointExtension>
        </extensions>
      </trkpt>
      <trkpt lat="48.1704040803015232086181640625" lon="-1.22043351642787456512451171875">
        <ele>81.59999847412109375</ele>
        <time>2026-06-08T08:58:39.000Z</time>
        <extensions>
          <ns3:TrackPointExtension>
            <ns3:atemp>22.0</ns3:atemp>
            <ns3:hr>163</ns3:hr>
          </ns3:TrackPointExtension>
        </extensions>
      </trkpt>
      <trkpt lat="48.1704339198768138885498046875" lon="-1.22032924555242061614990234375">
        <ele>81.59999847412109375</ele>
        <time>2026-06-08T08:58:40.000Z</time>
        <extensions>
          <ns3:TrackPointExtension>
            <ns3:atemp>22.0</ns3:atemp>
            <ns3:hr>163</ns3:hr>
          </ns3:TrackPointExtension>
        </extensions>
      </trkpt>
      <trkpt lat="48.17052997648715972900390625" lon="-1.2200378067791461944580078125">
        <ele>82</ele>
        <time>2026-06-08T08:58:43.000Z</time>
        <extensions>
          <ns3:TrackPointExtension>
            <ns3:atemp>22.0</ns3:atemp>
            <ns3:hr>163</ns3:hr>
          </ns3:TrackPointExtension>
        </extensions>
      </trkpt>
      <trkpt lat="48.17062125541269779205322265625" lon="-1.21965148486196994781494140625">
        <ele>82</ele>
        <time>2026-06-08T08:58:47.000Z</time>
        <extensions>
          <ns3:TrackPointExtension>
            <ns3:atemp>22.0</ns3:atemp>
            <ns3:hr>163</ns3:hr>
          </ns3:TrackPointExtension>
        </extensions>
      </trkpt>
      <trkpt lat="48.1706728041172027587890625" lon="-1.21923029422760009765625">
        <ele>82</ele>
        <time>2026-06-08T08:58:51.000Z</time>
        <extensions>
          <ns3:TrackPointExtension>
            <ns3:atemp>22.0</ns3:atemp>
            <ns3:hr>161</ns3:hr>
          </ns3:TrackPointExtension>
        </extensions>
      </trkpt>
      <trkpt lat="48.17069032229483127593994140625" lon="-1.2191189825534820556640625">
        <ele>82.1999969482421875</ele>
        <time>2026-06-08T08:58:52.000Z</time>
        <extensions>
          <ns3:TrackPointExtension>
            <ns3:atemp>22.0</ns3:atemp>
            <ns3:hr>160</ns3:hr>
          </ns3:TrackPointExtension>
        </extensions>
      </trkpt>
      <trkpt lat="48.17070842720568180084228515625" lon="-1.2190115265548229217529296875">
        <ele>82.1999969482421875</ele>
        <time>2026-06-08T08:58:53.000Z</time>
        <extensions>
          <ns3:TrackPointExtension>
            <ns3:atemp>22.0</ns3:atemp>
            <ns3:hr>159</ns3:hr>
          </ns3:TrackPointExtension>
        </extensions>
      </trkpt>
      <trkpt lat="48.1707745604217052459716796875" lon="-1.21856577694416046142578125">
        <ele>82.40000152587890625</ele>
        <time>2026-06-08T08:58:57.000Z</time>
        <extensions>
          <ns3:TrackPointExtension>
            <ns3:atemp>22.0</ns3:atemp>
            <ns3:hr>158</ns3:hr>
          </ns3:TrackPointExtension>
        </extensions>
      </trkpt>
      <trkpt lat="48.1707894802093505859375" lon="-1.21844968758523464202880859375">
        <ele>82.1999969482421875</ele>
        <time>2026-06-08T08:58:58.000Z</time>
        <extensions>
          <ns3:TrackPointExtension>
            <ns3:atemp>22.0</ns3:atemp>
            <ns3:hr>158</ns3:hr>
          </ns3:TrackPointExtension>
        </extensions>
      </trkpt>
      <trkpt lat="48.1708768196403980255126953125" lon="-1.217756755650043487548828125">
        <ele>81.8000030517578125</ele>
        <time>2026-06-08T08:59:04.000Z</time>
        <extensions>
          <ns3:TrackPointExtension>
            <ns3:atemp>22.0</ns3:atemp>
            <ns3:hr>162</ns3:hr>
          </ns3:TrackPointExtension>
        </extensions>
      </trkpt>
      <trkpt lat="48.17088897339999675750732421875" lon="-1.21764502488076686859130859375">
        <ele>81.8000030517578125</ele>
        <time>2026-06-08T08:59:05.000Z</time>
        <extensions>
          <ns3:TrackPointExtension>
            <ns3:atemp>22.0</ns3:atemp>
            <ns3:hr>162</ns3:hr>
          </ns3:TrackPointExtension>
        </extensions>
      </trkpt>
      <trkpt lat="48.17099559120833873748779296875" lon="-1.21696583926677703857421875">
        <ele>82.1999969482421875</ele>
        <time>2026-06-08T08:59:11.000Z</time>
        <extensions>
          <ns3:TrackPointExtension>
            <ns3:atemp>22.0</ns3:atemp>
            <ns3:hr>162</ns3:hr>
          </ns3:TrackPointExtension>
        </extensions>
      </trkpt>
      <trkpt lat="48.17117580212652683258056640625" lon="-1.21632621623575687408447265625">
        <ele>82.1999969482421875</ele>
        <time>2026-06-08T08:59:17.000Z</time>
        <extensions>
          <ns3:TrackPointExtension>
            <ns3:atemp>22.0</ns3:atemp>
            <ns3:hr>162</ns3:hr>
          </ns3:TrackPointExtension>
        </extensions>
      </trkpt>
      <trkpt lat="48.17139540798962116241455078125" lon="-1.21584006585180759429931640625">
        <ele>82</ele>
        <time>2026-06-08T08:59:22.000Z</time>
        <extensions>
          <ns3:TrackPointExtension>
            <ns3:atemp>22.0</ns3:atemp>
            <ns3:hr>163</ns3:hr>
          </ns3:TrackPointExtension>
        </extensions>
      </trkpt>
      <trkpt lat="48.17170000635087490081787109375" lon="-1.2152735330164432525634765625">
        <ele>82.59999847412109375</ele>
        <time>2026-06-08T08:59:28.000Z</time>
        <extensions>
          <ns3:TrackPointExtension>
            <ns3:atemp>21.0</ns3:atemp>
            <ns3:hr>163</ns3:hr>
          </ns3:TrackPointExtension>
        </extensions>
      </trkpt>
      <trkpt lat="48.17209370434284210205078125" lon="-1.21461949311196804046630859375">
        <ele>82.1999969482421875</ele>
        <time>2026-06-08T08:59:35.000Z</time>
        <extensions>
          <ns3:TrackPointExtension>
            <ns3:atemp>21.0</ns3:atemp>
            <ns3:hr>164</ns3:hr>
          </ns3:TrackPointExtension>
        </extensions>
      </trkpt>
      <trkpt lat="48.17243157885968685150146484375" lon="-1.2140423990786075592041015625">
        <ele>81.8000030517578125</ele>
        <time>2026-06-08T08:59:41.000Z</time>
        <extensions>
          <ns3:TrackPointExtension>
            <ns3:atemp>21.0</ns3:atemp>
            <ns3:hr>160</ns3:hr>
          </ns3:TrackPointExtension>
        </extensions>
      </trkpt>
      <trkpt lat="48.172488994896411895751953125" lon="-1.2139508686959743499755859375">
        <ele>81.59999847412109375</ele>
        <time>2026-06-08T08:59:42.000Z</time>
        <extensions>
          <ns3:TrackPointExtension>
            <ns3:atemp>21.0</ns3:atemp>
            <ns3:hr>158</ns3:hr>
          </ns3:TrackPointExtension>
        </extensions>
      </trkpt>
      <trkpt lat="48.17260089330375194549560546875" lon="-1.21376487426459789276123046875">
        <ele>81.8000030517578125</ele>
        <time>2026-06-08T08:59:44.000Z</time>
        <extensions>
          <ns3:TrackPointExtension>
            <ns3:atemp>21.0</ns3:atemp>
            <ns3:hr>155</ns3:hr>
          </ns3:TrackPointExtension>
        </extensions>
      </trkpt>
      <trkpt lat="48.17287917248904705047607421875" lon="-1.2132833339273929595947265625">
        <ele>82</ele>
        <time>2026-06-08T08:59:49.000Z</time>
        <extensions>
          <ns3:TrackPointExtension>
            <ns3:atemp>21.0</ns3:atemp>
            <ns3:hr>153</ns3:hr>
          </ns3:TrackPointExtension>
        </extensions>
      </trkpt>
      <trkpt lat="48.17314621992409229278564453125" lon="-1.21285560540854930877685546875">
        <ele>82.59999847412109375</ele>
        <time>2026-06-08T08:59:54.000Z</time>
        <extensions>
          <ns3:TrackPointExtension>
            <ns3:atemp>21.0</ns3:atemp>
            <ns3:hr>153</ns3:hr>
          </ns3:TrackPointExtension>
        </extensions>
      </trkpt>
      <trkpt lat="48.173262812197208404541015625" lon="-1.2126816809177398681640625">
        <ele>82.40000152587890625</ele>
        <time>2026-06-08T08:59:56.000Z</time>
        <extensions>
          <ns3:TrackPointExtension>
            <ns3:atemp>21.0</ns3:atemp>
            <ns3:hr>150</ns3:hr>
          </ns3:TrackPointExtension>
        </extensions>
      </trkpt>
      <trkpt lat="48.1733313761651515960693359375" lon="-1.21260431595146656036376953125">
        <ele>82.40000152587890625</ele>
        <time>2026-06-08T08:59:57.000Z</time>
        <extensions>
          <ns3:TrackPointExtension>
            <ns3:atemp>21.0</ns3:atemp>
            <ns3:hr>146</ns3:hr>
          </ns3:TrackPointExtension>
        </extensions>
      </trkpt>
      <trkpt lat="48.1734658218920230865478515625" lon="-1.212465763092041015625">
        <ele>82.1999969482421875</ele>
        <time>2026-06-08T08:59:59.000Z</time>
        <extensions>
          <ns3:TrackPointExtension>
            <ns3:atemp>21.0</ns3:atemp>
            <ns3:hr>143</ns3:hr>
          </ns3:TrackPointExtension>
        </extensions>
      </trkpt>
      <trkpt lat="48.17353069782257080078125" lon="-1.21239862404763698577880859375">
        <ele>82</ele>
        <time>2026-06-08T09:00:00.000Z</time>
        <extensions>
          <ns3:TrackPointExtension>
            <ns3:atemp>21.0</ns3:atemp>
            <ns3:hr>140</ns3:hr>
          </ns3:TrackPointExtension>
        </extensions>
      </trkpt>
      <trkpt lat="48.1735982559621334075927734375" lon="-1.21233710087835788726806640625">
        <ele>82</ele>
        <time>2026-06-08T09:00:01.000Z</time>
        <extensions>
          <ns3:TrackPointExtension>
            <ns3:atemp>21.0</ns3:atemp>
            <ns3:hr>137</ns3:hr>
          </ns3:TrackPointExtension>
        </extensions>
      </trkpt>
      <trkpt lat="48.1737357191741466522216796875" lon="-1.2122149765491485595703125">
        <ele>81.8000030517578125</ele>
        <time>2026-06-08T09:00:03.000Z</time>
        <extensions>
          <ns3:TrackPointExtension>
            <ns3:atemp>21.0</ns3:atemp>
            <ns3:hr>135</ns3:hr>
          </ns3:TrackPointExtension>
        </extensions>
      </trkpt>
      <trkpt lat="48.17387846298515796661376953125" lon="-1.212097294628620147705078125">
        <ele>81.59999847412109375</ele>
        <time>2026-06-08T09:00:05.000Z</time>
        <extensions>
          <ns3:TrackPointExtension>
            <ns3:atemp>21.0</ns3:atemp>
            <ns3:hr>135</ns3:hr>
          </ns3:TrackPointExtension>
        </extensions>
      </trkpt>
      <trkpt lat="48.17436243407428264617919921875" lon="-1.21167073957622051239013671875">
        <ele>82</ele>
        <time>2026-06-08T09:00:12.000Z</time>
        <extensions>
          <ns3:TrackPointExtension>
            <ns3:atemp>21.0</ns3:atemp>
            <ns3:hr>135</ns3:hr>
          </ns3:TrackPointExtension>
        </extensions>
      </trkpt>
      <trkpt lat="48.17460886202752590179443359375" lon="-1.2114585936069488525390625">
        <ele>82.40000152587890625</ele>
        <time>2026-06-08T09:00:16.000Z</time>
        <extensions>
          <ns3:TrackPointExtension>
            <ns3:atemp>21.0</ns3:atemp>
            <ns3:hr>138</ns3:hr>
          </ns3:TrackPointExtension>
        </extensions>
      </trkpt>
      <trkpt lat="48.17473341710865497589111328125" lon="-1.21135038323700428009033203125">
        <ele>82.40000152587890625</ele>
        <time>2026-06-08T09:00:18.000Z</time>
        <extensions>
          <ns3:TrackPointExtension>
            <ns3:atemp>21.0</ns3:atemp>
            <ns3:hr>138</ns3:hr>
          </ns3:TrackPointExtension>
        </extensions>
      </trkpt>
      <trkpt lat="48.1749685294926166534423828125" lon="-1.2111224792897701263427734375">
        <ele>82.40000152587890625</ele>
        <time>2026-06-08T09:00:22.000Z</time>
        <extensions>
          <ns3:TrackPointExtension>
            <ns3:atemp>21.0</ns3:atemp>
            <ns3:hr>144</ns3:hr>
          </ns3:TrackPointExtension>
        </extensions>
      </trkpt>
      <trkpt lat="48.175004906952381134033203125" lon="-1.2110842578113079071044921875">
        <ele>82.59999847412109375</ele>
        <time>2026-06-08T09:00:23.000Z</time>
        <extensions>
          <ns3:TrackPointExtension>
            <ns3:atemp>21.0</ns3:atemp>
            <ns3:hr>150</ns3:hr>
          </ns3:TrackPointExtension>
        </extensions>
      </trkpt>
      <trkpt lat="48.175027370452880859375" lon="-1.2110638059675693511962890625">
        <ele>82.8000030517578125</ele>
        <time>2026-06-08T09:00:24.000Z</time>
        <extensions>
          <ns3:TrackPointExtension>
            <ns3:atemp>21.0</ns3:atemp>
            <ns3:hr>154</ns3:hr>
          </ns3:TrackPointExtension>
        </extensions>
      </trkpt>
      <trkpt lat="48.17503985948860645294189453125" lon="-1.21104712598025798797607421875">
        <ele>83</ele>
        <time>2026-06-08T09:00:25.000Z</time>
        <extensions>
          <ns3:TrackPointExtension>
            <ns3:atemp>21.0</ns3:atemp>
            <ns3:hr>155</ns3:hr>
          </ns3:TrackPointExtension>
        </extensions>
      </trkpt>
      <trkpt lat="48.175047822296619415283203125" lon="-1.21104528196156024932861328125">
        <ele>83.40000152587890625</ele>
        <time>2026-06-08T09:00:27.000Z</time>
        <extensions>
          <ns3:TrackPointExtension>
            <ns3:atemp>21.0</ns3:atemp>
            <ns3:hr>155</ns3:hr>
          </ns3:TrackPointExtension>
        </extensions>
      </trkpt>
      <trkpt lat="48.175069950520992279052734375" lon="-1.211000271141529083251953125">
        <ele>83.40000152587890625</ele>
        <time>2026-06-08T09:02:44.000Z</time>
        <extensions>
          <ns3:TrackPointExtension>
            <ns3:atemp>22.0</ns3:atemp>
            <ns3:hr>134</ns3:hr>
          </ns3:TrackPointExtension>
        </extensions>
      </trkpt>
      <trkpt lat="48.1750945933163166046142578125" lon="-1.2109846808016300201416015625">
        <ele>83.40000152587890625</ele>
        <time>2026-06-08T09:02:45.000Z</time>
        <extensions>
          <ns3:TrackPointExtension>
            <ns3:atemp>22.0</ns3:atemp>
            <ns3:hr>134</ns3:hr>
          </ns3:TrackPointExtension>
        </extensions>
      </trkpt>
      <trkpt lat="48.17520967684686183929443359375" lon="-1.21088501997292041778564453125">
        <ele>83.40000152587890625</ele>
        <time>2026-06-08T09:02:50.000Z</time>
        <extensions>
          <ns3:TrackPointExtension>
            <ns3:atemp>22.0</ns3:atemp>
            <ns3:hr>133</ns3:hr>
          </ns3:TrackPointExtension>
        </extensions>
      </trkpt>
      <trkpt lat="48.1754120998084545135498046875" lon="-1.21058763004839420318603515625">
        <ele>83.59999847412109375</ele>
        <time>2026-06-08T09:02:56.000Z</time>
        <extensions>
          <ns3:TrackPointExtension>
            <ns3:atemp>22.0</ns3:atemp>
            <ns3:hr>134</ns3:hr>
          </ns3:TrackPointExtension>
        </extensions>
      </trkpt>
      <trkpt lat="48.175533972680568695068359375" lon="-1.21040138415992259979248046875">
        <ele>83.8000030517578125</ele>
        <time>2026-06-08T09:02:59.000Z</time>
        <extensions>
          <ns3:TrackPointExtension>
            <ns3:atemp>22.0</ns3:atemp>
            <ns3:hr>136</ns3:hr>
          </ns3:TrackPointExtension>
        </extensions>
      </trkpt>
      <trkpt lat="48.1756233237683773040771484375" lon="-1.2102651782333850860595703125">
        <ele>84</ele>
        <time>2026-06-08T09:03:01.000Z</time>
        <extensions>
          <ns3:TrackPointExtension>
            <ns3:atemp>22.0</ns3:atemp>
            <ns3:hr>138</ns3:hr>
          </ns3:TrackPointExtension>
        </extensions>
      </trkpt>
      <trkpt lat="48.17566347308456897735595703125" lon="-1.2101907469332218170166015625">
        <ele>84.1999969482421875</ele>
        <time>2026-06-08T09:03:02.000Z</time>
        <extensions>
          <ns3:TrackPointExtension>
            <ns3:atemp>22.0</ns3:atemp>
            <ns3:hr>138</ns3:hr>
          </ns3:TrackPointExtension>
        </extensions>
      </trkpt>
      <trkpt lat="48.17577780224382877349853515625" lon="-1.20995865203440189361572265625">
        <ele>84.59999847412109375</ele>
        <time>2026-06-08T09:03:05.000Z</time>
        <extensions>
          <ns3:TrackPointExtension>
            <ns3:atemp>22.0</ns3:atemp>
            <ns3:hr>141</ns3:hr>
          </ns3:TrackPointExtension>
        </extensions>
      </trkpt>
      <trkpt lat="48.17584502510726451873779296875" lon="-1.20979101397097110748291015625">
        <ele>84.8000030517578125</ele>
        <time>2026-06-08T09:03:07.000Z</time>
        <extensions>
          <ns3:TrackPointExtension>
            <ns3:atemp>22.0</ns3:atemp>
            <ns3:hr>143</ns3:hr>
          </ns3:TrackPointExtension>
        </extensions>
      </trkpt>
      <trkpt lat="48.17610788159072399139404296875" lon="-1.20930436067283153533935546875">
        <ele>84.40000152587890625</ele>
        <time>2026-06-08T09:03:13.000Z</time>
        <extensions>
          <ns3:TrackPointExtension>
            <ns3:atemp>22.0</ns3:atemp>
            <ns3:hr>141</ns3:hr>
          </ns3:TrackPointExtension>
        </extensions>
      </trkpt>
      <trkpt lat="48.17632849328219890594482421875" lon="-1.20889163576066493988037109375">
        <ele>85</ele>
        <time>2026-06-08T09:03:18.000Z</time>
        <extensions>
          <ns3:TrackPointExtension>
            <ns3:atemp>22.0</ns3:atemp>
            <ns3:hr>144</ns3:hr>
          </ns3:TrackPointExtension>
        </extensions>
      </trkpt>
      <trkpt lat="48.17637274973094463348388671875" lon="-1.208809576928615570068359375">
        <ele>85.1999969482421875</ele>
        <time>2026-06-08T09:03:19.000Z</time>
        <extensions>
          <ns3:TrackPointExtension>
            <ns3:atemp>22.0</ns3:atemp>
            <ns3:hr>145</ns3:hr>
          </ns3:TrackPointExtension>
        </extensions>
      </trkpt>
      <trkpt lat="48.17641365341842174530029296875" lon="-1.2087296135723590850830078125">
        <ele>85.1999969482421875</ele>
        <time>2026-06-08T09:03:20.000Z</time>
        <extensions>
          <ns3:TrackPointExtension>
            <ns3:atemp>22.0</ns3:atemp>
            <ns3:hr>145</ns3:hr>
          </ns3:TrackPointExtension>
        </extensions>
      </trkpt>
      <trkpt lat="48.17654172889888286590576171875" lon="-1.20850523002445697784423828125">
        <ele>85</ele>
        <time>2026-06-08T09:03:23.000Z</time>
        <extensions>
          <ns3:TrackPointExtension>
            <ns3:atemp>22.0</ns3:atemp>
            <ns3:hr>148</ns3:hr>
          </ns3:TrackPointExtension>
        </extensions>
      </trkpt>
      <trkpt lat="48.17662655375897884368896484375" lon="-1.2083537690341472625732421875">
        <ele>84.8000030517578125</ele>
        <time>2026-06-08T09:03:25.000Z</time>
        <extensions>
          <ns3:TrackPointExtension>
            <ns3:atemp>22.0</ns3:atemp>
            <ns3:hr>151</ns3:hr>
          </ns3:TrackPointExtension>
        </extensions>
      </trkpt>
      <trkpt lat="48.1768614985048770904541015625" lon="-1.2079403735697269439697265625">
        <ele>85</ele>
        <time>2026-06-08T09:03:30.000Z</time>
        <extensions>
          <ns3:TrackPointExtension>
            <ns3:atemp>22.0</ns3:atemp>
            <ns3:hr>154</ns3:hr>
          </ns3:TrackPointExtension>
        </extensions>
      </trkpt>
      <trkpt lat="48.17697130143642425537109375" lon="-1.207767538726329803466796875">
        <ele>85.1999969482421875</ele>
        <time>2026-06-08T09:03:32.000Z</time>
        <extensions>
          <ns3:TrackPointExtension>
            <ns3:atemp>22.0</ns3:atemp>
            <ns3:hr>156</ns3:hr>
          </ns3:TrackPointExtension>
        </extensions>
      </trkpt>
      <trkpt lat="48.17707783542573451995849609375" lon="-1.20758791454136371612548828125">
        <ele>85.40000152587890625</ele>
        <time>2026-06-08T09:03:34.000Z</time>
        <extensions>
          <ns3:TrackPointExtension>
            <ns3:atemp>22.0</ns3:atemp>
            <ns3:hr>159</ns3:hr>
          </ns3:TrackPointExtension>
        </extensions>
      </trkpt>
      <trkpt lat="48.17719300277531147003173828125" lon="-1.207415163516998291015625">
        <ele>85.40000152587890625</ele>
        <time>2026-06-08T09:03:36.000Z</time>
        <extensions>
          <ns3:TrackPointExtension>
            <ns3:atemp>22.0</ns3:atemp>
            <ns3:hr>162</ns3:hr>
          </ns3:TrackPointExtension>
        </extensions>
      </trkpt>
      <trkpt lat="48.17724446766078472137451171875" lon="-1.20732137002050876617431640625">
        <ele>85</ele>
        <time>2026-06-08T09:03:37.000Z</time>
        <extensions>
          <ns3:TrackPointExtension>
            <ns3:atemp>22.0</ns3:atemp>
            <ns3:hr>164</ns3:hr>
          </ns3:TrackPointExtension>
        </extensions>
      </trkpt>
      <trkpt lat="48.17757572047412395477294921875" lon="-1.20678543113172054290771484375">
        <ele>85.1999969482421875</ele>
        <time>2026-06-08T09:03:43.000Z</time>
        <extensions>
          <ns3:TrackPointExtension>
            <ns3:atemp>22.0</ns3:atemp>
            <ns3:hr>163</ns3:hr>
          </ns3:TrackPointExtension>
        </extensions>
      </trkpt>
      <trkpt lat="48.17785651423037052154541015625" lon="-1.20637471787631511688232421875">
        <ele>85.40000152587890625</ele>
        <time>2026-06-08T09:03:48.000Z</time>
        <extensions>
          <ns3:TrackPointExtension>
            <ns3:atemp>22.0</ns3:atemp>
            <ns3:hr>166</ns3:hr>
          </ns3:TrackPointExtension>
        </extensions>
      </trkpt>
      <trkpt lat="48.1779182888567447662353515625" lon="-1.20629777200520038604736328125">
        <ele>85.40000152587890625</ele>
        <time>2026-06-08T09:03:49.000Z</time>
        <extensions>
          <ns3:TrackPointExtension>
            <ns3:atemp>22.0</ns3:atemp>
            <ns3:hr>166</ns3:hr>
          </ns3:TrackPointExtension>
        </extensions>
      </trkpt>
      <trkpt lat="48.17830243147909641265869140625" lon="-1.205859482288360595703125">
        <ele>85</ele>
        <time>2026-06-08T09:03:55.000Z</time>
        <extensions>
          <ns3:TrackPointExtension>
            <ns3:atemp>22.0</ns3:atemp>
            <ns3:hr>167</ns3:hr>
          </ns3:TrackPointExtension>
        </extensions>
      </trkpt>
      <trkpt lat="48.17837267182767391204833984375" lon="-1.2057912535965442657470703125">
        <ele>85</ele>
        <time>2026-06-08T09:03:56.000Z</time>
        <extensions>
          <ns3:TrackPointExtension>
            <ns3:atemp>22.0</ns3:atemp>
            <ns3:hr>167</ns3:hr>
          </ns3:TrackPointExtension>
        </extensions>
      </trkpt>
      <trkpt lat="48.1785925291478633880615234375" lon="-1.205586232244968414306640625">
        <ele>85</ele>
        <time>2026-06-08T09:03:59.000Z</time>
        <extensions>
          <ns3:TrackPointExtension>
            <ns3:atemp>22.0</ns3:atemp>
            <ns3:hr>160</ns3:hr>
          </ns3:TrackPointExtension>
        </extensions>
      </trkpt>
      <trkpt lat="48.17866888828575611114501953125" lon="-1.2055228650569915771484375">
        <ele>84.8000030517578125</ele>
        <time>2026-06-08T09:04:00.000Z</time>
        <extensions>
          <ns3:TrackPointExtension>
            <ns3:atemp>22.0</ns3:atemp>
            <ns3:hr>157</ns3:hr>
          </ns3:TrackPointExtension>
        </extensions>
      </trkpt>
      <trkpt lat="48.17883149720728397369384765625" lon="-1.2053922750055789947509765625">
        <ele>84.59999847412109375</ele>
        <time>2026-06-08T09:04:02.000Z</time>
        <extensions>
          <ns3:TrackPointExtension>
            <ns3:atemp>22.0</ns3:atemp>
            <ns3:hr>156</ns3:hr>
          </ns3:TrackPointExtension>
        </extensions>
      </trkpt>
      <trkpt lat="48.17933223210275173187255859375" lon="-1.2050735950469970703125">
        <ele>84.40000152587890625</ele>
        <time>2026-06-08T09:04:08.000Z</time>
        <extensions>
          <ns3:TrackPointExtension>
            <ns3:atemp>21.0</ns3:atemp>
            <ns3:hr>156</ns3:hr>
          </ns3:TrackPointExtension>
        </extensions>
      </trkpt>
      <trkpt lat="48.17968343384563922882080078125" lon="-1.204913668334484100341796875">
        <ele>84.1999969482421875</ele>
        <time>2026-06-08T09:04:12.000Z</time>
        <extensions>
          <ns3:TrackPointExtension>
            <ns3:atemp>21.0</ns3:atemp>
            <ns3:hr>157</ns3:hr>
          </ns3:TrackPointExtension>
        </extensions>
      </trkpt>
      <trkpt lat="48.179765157401561737060546875" lon="-1.20487846434116363525390625">
        <ele>84</ele>
        <time>2026-06-08T09:04:13.000Z</time>
        <extensions>
          <ns3:TrackPointExtension>
            <ns3:atemp>21.0</ns3:atemp>
            <ns3:hr>157</ns3:hr>
          </ns3:TrackPointExtension>
        </extensions>
      </trkpt>
      <trkpt lat="48.18003027699887752532958984375" lon="-1.20477980934083461761474609375">
        <ele>83.40000152587890625</ele>
        <time>2026-06-08T09:04:16.000Z</time>
        <extensions>
          <ns3:TrackPointExtension>
            <ns3:atemp>21.0</ns3:atemp>
            <ns3:hr>153</ns3:hr>
          </ns3:TrackPointExtension>
        </extensions>
      </trkpt>
      <trkpt lat="48.18020529113709926605224609375" lon="-1.20472557842731475830078125">
        <ele>83.1999969482421875</ele>
        <time>2026-06-08T09:04:18.000Z</time>
        <extensions>
          <ns3:TrackPointExtension>
            <ns3:atemp>21.0</ns3:atemp>
            <ns3:hr>153</ns3:hr>
          </ns3:TrackPointExtension>
        </extensions>
      </trkpt>
      <trkpt lat="48.18037779070436954498291015625" lon="-1.204669587314128875732421875">
        <ele>83</ele>
        <time>2026-06-08T09:04:20.000Z</time>
        <extensions>
          <ns3:TrackPointExtension>
            <ns3:atemp>21.0</ns3:atemp>
            <ns3:hr>153</ns3:hr>
          </ns3:TrackPointExtension>
        </extensions>
      </trkpt>
      <trkpt lat="48.18079973571002483367919921875" lon="-1.20451360009610652923583984375">
        <ele>82.8000030517578125</ele>
        <time>2026-06-08T09:04:25.000Z</time>
        <extensions>
          <ns3:TrackPointExtension>
            <ns3:atemp>21.0</ns3:atemp>
            <ns3:hr>154</ns3:hr>
          </ns3:TrackPointExtension>
        </extensions>
      </trkpt>
      <trkpt lat="48.18123660050332546234130859375" lon="-1.20436892844736576080322265625">
        <ele>83.1999969482421875</ele>
        <time>2026-06-08T09:04:30.000Z</time>
        <extensions>
          <ns3:TrackPointExtension>
            <ns3:atemp>21.0</ns3:atemp>
            <ns3:hr>155</ns3:hr>
          </ns3:TrackPointExtension>
        </extensions>
      </trkpt>
      <trkpt lat="48.181733898818492889404296875" lon="-1.20415695011615753173828125">
        <ele>82.8000030517578125</ele>
        <time>2026-06-08T09:04:36.000Z</time>
        <extensions>
          <ns3:TrackPointExtension>
            <ns3:atemp>21.0</ns3:atemp>
            <ns3:hr>156</ns3:hr>
          </ns3:TrackPointExtension>
        </extensions>
      </trkpt>
      <trkpt lat="48.18220269866287708282470703125" lon="-1.20382728986442089080810546875">
        <ele>83</ele>
        <time>2026-06-08T09:04:42.000Z</time>
        <extensions>
          <ns3:TrackPointExtension>
            <ns3:atemp>21.0</ns3:atemp>
            <ns3:hr>154</ns3:hr>
          </ns3:TrackPointExtension>
        </extensions>
      </trkpt>
      <trkpt lat="48.18234468810260295867919921875" lon="-1.20369167067110538482666015625">
        <ele>82.8000030517578125</ele>
        <time>2026-06-08T09:04:44.000Z</time>
        <extensions>
          <ns3:TrackPointExtension>
            <ns3:atemp>21.0</ns3:atemp>
            <ns3:hr>150</ns3:hr>
          </ns3:TrackPointExtension>
        </extensions>
      </trkpt>
      <trkpt lat="48.18241677246987819671630859375" lon="-1.20361380279064178466796875">
        <ele>83</ele>
        <time>2026-06-08T09:04:45.000Z</time>
        <extensions>
          <ns3:TrackPointExtension>
            <ns3:atemp>21.0</ns3:atemp>
            <ns3:hr>147</ns3:hr>
          </ns3:TrackPointExtension>
        </extensions>
      </trkpt>
      <trkpt lat="48.18255222402513027191162109375" lon="-1.2034567259252071380615234375">
        <ele>82.8000030517578125</ele>
        <time>2026-06-08T09:04:47.000Z</time>
        <extensions>
          <ns3:TrackPointExtension>
            <ns3:atemp>21.0</ns3:atemp>
            <ns3:hr>144</ns3:hr>
          </ns3:TrackPointExtension>
        </extensions>
      </trkpt>
      <trkpt lat="48.18291801027953624725341796875" lon="-1.20291131548583507537841796875">
        <ele>83</ele>
        <time>2026-06-08T09:04:53.000Z</time>
        <extensions>
          <ns3:TrackPointExtension>
            <ns3:atemp>21.0</ns3:atemp>
            <ns3:hr>143</ns3:hr>
          </ns3:TrackPointExtension>
        </extensions>
      </trkpt>
      <trkpt lat="48.18297182209789752960205078125" lon="-1.20280939154326915740966796875">
        <ele>83</ele>
        <time>2026-06-08T09:04:54.000Z</time>
        <extensions>
          <ns3:TrackPointExtension>
            <ns3:atemp>21.0</ns3:atemp>
            <ns3:hr>144</ns3:hr>
          </ns3:TrackPointExtension>
        </extensions>
      </trkpt>
      <trkpt lat="48.18321011960506439208984375" lon="-1.2022628076374530792236328125">
        <ele>83.40000152587890625</ele>
        <time>2026-06-08T09:04:59.000Z</time>
        <extensions>
          <ns3:TrackPointExtension>
            <ns3:atemp>21.0</ns3:atemp>
            <ns3:hr>146</ns3:hr>
          </ns3:TrackPointExtension>
        </extensions>
      </trkpt>
      <trkpt lat="48.18338018842041492462158203125" lon="-1.2018321454524993896484375">
        <ele>83.1999969482421875</ele>
        <time>2026-06-08T09:05:03.000Z</time>
        <extensions>
          <ns3:TrackPointExtension>
            <ns3:atemp>21.0</ns3:atemp>
            <ns3:hr>149</ns3:hr>
          </ns3:TrackPointExtension>
        </extensions>
      </trkpt>
      <trkpt lat="48.1834687851369380950927734375" lon="-1.20162569917738437652587890625">
        <ele>83.1999969482421875</ele>
        <time>2026-06-08T09:05:05.000Z</time>
        <extensions>
          <ns3:TrackPointExtension>
            <ns3:atemp>21.0</ns3:atemp>
            <ns3:hr>149</ns3:hr>
          </ns3:TrackPointExtension>
        </extensions>
      </trkpt>
      <trkpt lat="48.1836793385446071624755859375" lon="-1.20111222378909587860107421875">
        <ele>83.40000152587890625</ele>
        <time>2026-06-08T09:05:10.000Z</time>
        <extensions>
          <ns3:TrackPointExtension>
            <ns3:atemp>21.0</ns3:atemp>
            <ns3:hr>152</ns3:hr>
          </ns3:TrackPointExtension>
        </extensions>
      </trkpt>
      <trkpt lat="48.1837715394794940948486328125" lon="-1.20092748664319515228271484375">
        <ele>83.40000152587890625</ele>
        <time>2026-06-08T09:05:12.000Z</time>
        <extensions>
          <ns3:TrackPointExtension>
            <ns3:atemp>21.0</ns3:atemp>
            <ns3:hr>152</ns3:hr>
          </ns3:TrackPointExtension>
        </extensions>
      </trkpt>
      <trkpt lat="48.1840501539409160614013671875" lon="-1.20045256800949573516845703125">
        <ele>84</ele>
        <time>2026-06-08T09:05:18.000Z</time>
        <extensions>
          <ns3:TrackPointExtension>
            <ns3:atemp>21.0</ns3:atemp>
            <ns3:hr>152</ns3:hr>
          </ns3:TrackPointExtension>
        </extensions>
      </trkpt>
      <trkpt lat="48.18408343009650707244873046875" lon="-1.200408227741718292236328125">
        <ele>84.1999969482421875</ele>
        <time>2026-06-08T09:05:19.000Z</time>
        <extensions>
          <ns3:TrackPointExtension>
            <ns3:atemp>21.0</ns3:atemp>
            <ns3:hr>152</ns3:hr>
          </ns3:TrackPointExtension>
        </extensions>
      </trkpt>
      <trkpt lat="48.18412743508815765380859375" lon="-1.200365982949733734130859375">
        <ele>84.40000152587890625</ele>
        <time>2026-06-08T09:05:21.000Z</time>
        <extensions>
          <ns3:TrackPointExtension>
            <ns3:atemp>21.0</ns3:atemp>
            <ns3:hr>152</ns3:hr>
          </ns3:TrackPointExtension>
        </extensions>
      </trkpt>
      <trkpt lat="48.18415568210184574127197265625" lon="-1.20034762658178806304931640625">
        <ele>84.8000030517578125</ele>
        <time>2026-06-08T09:05:25.000Z</time>
        <extensions>
          <ns3:TrackPointExtension>
            <ns3:atemp>21.0</ns3:atemp>
            <ns3:hr>150</ns3:hr>
          </ns3:TrackPointExtension>
        </extensions>
      </trkpt>
      <trkpt lat="48.18417713977396488189697265625" lon="-1.20027738623321056365966796875">
        <ele>84.59999847412109375</ele>
        <time>2026-06-08T09:08:11.000Z</time>
        <extensions>
          <ns3:TrackPointExtension>
            <ns3:atemp>22.0</ns3:atemp>
            <ns3:hr>123</ns3:hr>
          </ns3:TrackPointExtension>
        </extensions>
      </trkpt>
      <trkpt lat="48.1841892935335636138916015625" lon="-1.200256682932376861572265625">
        <ele>84.59999847412109375</ele>
        <time>2026-06-08T09:08:12.000Z</time>
        <extensions>
          <ns3:TrackPointExtension>
            <ns3:atemp>22.0</ns3:atemp>
            <ns3:hr>123</ns3:hr>
          </ns3:TrackPointExtension>
        </extensions>
      </trkpt>
      <trkpt lat="48.18428845144808292388916015625" lon="-1.2001597881317138671875">
        <ele>84.8000030517578125</ele>
        <time>2026-06-08T09:08:16.000Z</time>
        <extensions>
          <ns3:TrackPointExtension>
            <ns3:atemp>22.0</ns3:atemp>
            <ns3:hr>122</ns3:hr>
          </ns3:TrackPointExtension>
        </extensions>
      </trkpt>
      <trkpt lat="48.1843545846641063690185546875" lon="-1.20007932186126708984375">
        <ele>84.59999847412109375</ele>
        <time>2026-06-08T09:08:18.000Z</time>
        <extensions>
          <ns3:TrackPointExtension>
            <ns3:atemp>22.0</ns3:atemp>
            <ns3:hr>122</ns3:hr>
          </ns3:TrackPointExtension>
        </extensions>
      </trkpt>
      <trkpt lat="48.1845078058540821075439453125" lon="-1.19990690611302852630615234375">
        <ele>84.40000152587890625</ele>
        <time>2026-06-08T09:08:22.000Z</time>
        <extensions>
          <ns3:TrackPointExtension>
            <ns3:atemp>22.0</ns3:atemp>
            <ns3:hr>124</ns3:hr>
          </ns3:TrackPointExtension>
        </extensions>
      </trkpt>
      <trkpt lat="48.1847720034420490264892578125" lon="-1.19969367049634456634521484375">
        <ele>84</ele>
        <time>2026-06-08T09:08:28.000Z</time>
        <extensions>
          <ns3:TrackPointExtension>
            <ns3:atemp>22.0</ns3:atemp>
            <ns3:hr>128</ns3:hr>
          </ns3:TrackPointExtension>
        </extensions>
      </trkpt>
      <trkpt lat="48.18514340557157993316650390625" lon="-1.199488900601863861083984375">
        <ele>84.1999969482421875</ele>
        <time>2026-06-08T09:08:34.000Z</time>
        <extensions>
          <ns3:TrackPointExtension>
            <ns3:atemp>22.0</ns3:atemp>
            <ns3:hr>130</ns3:hr>
          </ns3:TrackPointExtension>
        </extensions>
      </trkpt>
      <trkpt lat="48.18537139333784580230712890625" lon="-1.1993935145437717437744140625">
        <ele>83.8000030517578125</ele>
        <time>2026-06-08T09:08:37.000Z</time>
        <extensions>
          <ns3:TrackPointExtension>
            <ns3:atemp>22.0</ns3:atemp>
            <ns3:hr>133</ns3:hr>
          </ns3:TrackPointExtension>
        </extensions>
      </trkpt>
      <trkpt lat="48.185611702501773834228515625" lon="-1.19929871521890163421630859375">
        <ele>83.8000030517578125</ele>
        <time>2026-06-08T09:08:40.000Z</time>
        <extensions>
          <ns3:TrackPointExtension>
            <ns3:atemp>22.0</ns3:atemp>
            <ns3:hr>136</ns3:hr>
          </ns3:TrackPointExtension>
        </extensions>
      </trkpt>
      <trkpt lat="48.1856926716864109039306640625" lon="-1.19926602579653263092041015625">
        <ele>83.8000030517578125</ele>
        <time>2026-06-08T09:08:41.000Z</time>
        <extensions>
          <ns3:TrackPointExtension>
            <ns3:atemp>22.0</ns3:atemp>
            <ns3:hr>137</ns3:hr>
          </ns3:TrackPointExtension>
        </extensions>
      </trkpt>
      <trkpt lat="48.1859303824603557586669921875" lon="-1.19916276074945926666259765625">
        <ele>84.1999969482421875</ele>
        <time>2026-06-08T09:08:44.000Z</time>
        <extensions>
          <ns3:TrackPointExtension>
            <ns3:atemp>22.0</ns3:atemp>
            <ns3:hr>140</ns3:hr>
          </ns3:TrackPointExtension>
        </extensions>
      </trkpt>
      <trkpt lat="48.1862322986125946044921875" lon="-1.19904373772442340850830078125">
        <ele>84</ele>
        <time>2026-06-08T09:08:48.000Z</time>
        <extensions>
          <ns3:TrackPointExtension>
            <ns3:atemp>22.0</ns3:atemp>
            <ns3:hr>142</ns3:hr>
          </ns3:TrackPointExtension>
        </extensions>
      </trkpt>
      <trkpt lat="48.18673320114612579345703125" lon="-1.19883419014513492584228515625">
        <ele>83.8000030517578125</ele>
        <time>2026-06-08T09:08:55.000Z</time>
        <extensions>
          <ns3:TrackPointExtension>
            <ns3:atemp>22.0</ns3:atemp>
            <ns3:hr>144</ns3:hr>
          </ns3:TrackPointExtension>
        </extensions>
      </trkpt>
      <trkpt lat="48.18708431906998157501220703125" lon="-1.1986367963254451751708984375">
        <ele>85</ele>
        <time>2026-06-08T09:09:00.000Z</time>
        <extensions>
          <ns3:TrackPointExtension>
            <ns3:atemp>22.0</ns3:atemp>
            <ns3:hr>147</ns3:hr>
          </ns3:TrackPointExtension>
        </extensions>
      </trkpt>
      <trkpt lat="48.187159001827239990234375" lon="-1.19859212078154087066650390625">
        <ele>84.8000030517578125</ele>
        <time>2026-06-08T09:09:01.000Z</time>
        <extensions>
          <ns3:TrackPointExtension>
            <ns3:atemp>22.0</ns3:atemp>
            <ns3:hr>148</ns3:hr>
          </ns3:TrackPointExtension>
        </extensions>
      </trkpt>
      <trkpt lat="48.18746301345527172088623046875" lon="-1.19837469421327114105224609375">
        <ele>84.40000152587890625</ele>
        <time>2026-06-08T09:09:05.000Z</time>
        <extensions>
          <ns3:TrackPointExtension>
            <ns3:atemp>22.0</ns3:atemp>
            <ns3:hr>151</ns3:hr>
          </ns3:TrackPointExtension>
        </extensions>
      </trkpt>
      <trkpt lat="48.1876087747514247894287109375" lon="-1.1982502229511737823486328125">
        <ele>84.1999969482421875</ele>
        <time>2026-06-08T09:09:07.000Z</time>
        <extensions>
          <ns3:TrackPointExtension>
            <ns3:atemp>22.0</ns3:atemp>
            <ns3:hr>152</ns3:hr>
          </ns3:TrackPointExtension>
        </extensions>
      </trkpt>
      <trkpt lat="48.1878277100622653961181640625" lon="-1.19804813526570796966552734375">
        <ele>84.1999969482421875</ele>
        <time>2026-06-08T09:09:10.000Z</time>
        <extensions>
          <ns3:TrackPointExtension>
            <ns3:atemp>22.0</ns3:atemp>
            <ns3:hr>152</ns3:hr>
          </ns3:TrackPointExtension>
        </extensions>
      </trkpt>
      <trkpt lat="48.18815334700047969818115234375" lon="-1.1977013759315013885498046875">
        <ele>85</ele>
        <time>2026-06-08T09:09:15.000Z</time>
        <extensions>
          <ns3:TrackPointExtension>
            <ns3:atemp>22.0</ns3:atemp>
            <ns3:hr>151</ns3:hr>
          </ns3:TrackPointExtension>
        </extensions>
      </trkpt>
      <trkpt lat="48.18821319378912448883056640625" lon="-1.19762753136456012725830078125">
        <ele>85.1999969482421875</ele>
        <time>2026-06-08T09:09:16.000Z</time>
        <extensions>
          <ns3:TrackPointExtension>
            <ns3:atemp>22.0</ns3:atemp>
            <ns3:hr>151</ns3:hr>
          </ns3:TrackPointExtension>
        </extensions>
      </trkpt>
      <trkpt lat="48.18857998587191104888916015625" lon="-1.19717624969780445098876953125">
        <ele>85.8000030517578125</ele>
        <time>2026-06-08T09:09:22.000Z</time>
        <extensions>
          <ns3:TrackPointExtension>
            <ns3:atemp>22.0</ns3:atemp>
            <ns3:hr>154</ns3:hr>
          </ns3:TrackPointExtension>
        </extensions>
      </trkpt>
      <trkpt lat="48.18893923424184322357177734375" lon="-1.196736283600330352783203125">
        <ele>85.59999847412109375</ele>
        <time>2026-06-08T09:09:28.000Z</time>
        <extensions>
          <ns3:TrackPointExtension>
            <ns3:atemp>22.0</ns3:atemp>
            <ns3:hr>155</ns3:hr>
          </ns3:TrackPointExtension>
        </extensions>
      </trkpt>
      <trkpt lat="48.1890528090298175811767578125" lon="-1.1966063641011714935302734375">
        <ele>86.1999969482421875</ele>
        <time>2026-06-08T09:09:30.000Z</time>
        <extensions>
          <ns3:TrackPointExtension>
            <ns3:atemp>21.0</ns3:atemp>
            <ns3:hr>155</ns3:hr>
          </ns3:TrackPointExtension>
        </extensions>
      </trkpt>
      <trkpt lat="48.18927635438740253448486328125" lon="-1.196305453777313232421875">
        <ele>85.59999847412109375</ele>
        <time>2026-06-08T09:09:35.000Z</time>
        <extensions>
          <ns3:TrackPointExtension>
            <ns3:atemp>21.0</ns3:atemp>
            <ns3:hr>158</ns3:hr>
          </ns3:TrackPointExtension>
        </extensions>
      </trkpt>
      <trkpt lat="48.1892982311546802520751953125" lon="-1.1962784640491008758544921875">
        <ele>86</ele>
        <time>2026-06-08T09:09:38.000Z</time>
        <extensions>
          <ns3:TrackPointExtension>
            <ns3:atemp>22.0</ns3:atemp>
            <ns3:hr>157</ns3:hr>
          </ns3:TrackPointExtension>
        </extensions>
      </trkpt>
      <trkpt lat="48.18930787034332752227783203125" lon="-1.196238733828067779541015625">
        <ele>86.8000030517578125</ele>
        <time>2026-06-08T09:12:41.000Z</time>
        <extensions>
          <ns3:TrackPointExtension>
            <ns3:atemp>23.0</ns3:atemp>
            <ns3:hr>136</ns3:hr>
          </ns3:TrackPointExtension>
        </extensions>
      </trkpt>
      <trkpt lat="48.1893233768641948699951171875" lon="-1.1962231434881687164306640625">
        <ele>86.8000030517578125</ele>
        <time>2026-06-08T09:12:42.000Z</time>
        <extensions>
          <ns3:TrackPointExtension>
            <ns3:atemp>23.0</ns3:atemp>
            <ns3:hr>136</ns3:hr>
          </ns3:TrackPointExtension>
        </extensions>
      </trkpt>
      <trkpt lat="48.189345337450504302978515625" lon="-1.19619657285511493682861328125">
        <ele>86.8000030517578125</ele>
        <time>2026-06-08T09:12:43.000Z</time>
        <extensions>
          <ns3:TrackPointExtension>
            <ns3:atemp>23.0</ns3:atemp>
            <ns3:hr>135</ns3:hr>
          </ns3:TrackPointExtension>
        </extensions>
      </trkpt>
      <trkpt lat="48.18947651423513889312744140625" lon="-1.19603949598968029022216796875">
        <ele>86.59999847412109375</ele>
        <time>2026-06-08T09:12:47.000Z</time>
        <extensions>
          <ns3:TrackPointExtension>
            <ns3:atemp>23.0</ns3:atemp>
            <ns3:hr>135</ns3:hr>
          </ns3:TrackPointExtension>
        </extensions>
      </trkpt>
      <trkpt lat="48.189723528921604156494140625" lon="-1.1957939900457859039306640625">
        <ele>86.8000030517578125</ele>
        <time>2026-06-08T09:12:52.000Z</time>
        <extensions>
          <ns3:TrackPointExtension>
            <ns3:atemp>23.0</ns3:atemp>
            <ns3:hr>136</ns3:hr>
          </ns3:TrackPointExtension>
        </extensions>
      </trkpt>
      <trkpt lat="48.18977423943579196929931640625" lon="-1.19572810828685760498046875">
        <ele>87</ele>
        <time>2026-06-08T09:12:53.000Z</time>
        <extensions>
          <ns3:TrackPointExtension>
            <ns3:atemp>23.0</ns3:atemp>
            <ns3:hr>136</ns3:hr>
          </ns3:TrackPointExtension>
        </extensions>
      </trkpt>
      <trkpt lat="48.1899315677583217620849609375" lon="-1.1955396831035614013671875">
        <ele>87.40000152587890625</ele>
        <time>2026-06-08T09:12:56.000Z</time>
        <extensions>
          <ns3:TrackPointExtension>
            <ns3:atemp>23.0</ns3:atemp>
            <ns3:hr>138</ns3:hr>
          </ns3:TrackPointExtension>
        </extensions>
      </trkpt>
      <trkpt lat="48.189984373748302459716796875" lon="-1.1954753100872039794921875">
        <ele>87.1999969482421875</ele>
        <time>2026-06-08T09:12:57.000Z</time>
        <extensions>
          <ns3:TrackPointExtension>
            <ns3:atemp>23.0</ns3:atemp>
            <ns3:hr>139</ns3:hr>
          </ns3:TrackPointExtension>
        </extensions>
      </trkpt>
      <trkpt lat="48.190235830843448638916015625" lon="-1.19515503756701946258544921875">
        <ele>87.1999969482421875</ele>
        <time>2026-06-08T09:13:02.000Z</time>
        <extensions>
          <ns3:TrackPointExtension>
            <ns3:atemp>23.0</ns3:atemp>
            <ns3:hr>138</ns3:hr>
          </ns3:TrackPointExtension>
        </extensions>
      </trkpt>
      <trkpt lat="48.19047756493091583251953125" lon="-1.19485748000442981719970703125">
        <ele>88</ele>
        <time>2026-06-08T09:13:07.000Z</time>
        <extensions>
          <ns3:TrackPointExtension>
            <ns3:atemp>23.0</ns3:atemp>
            <ns3:hr>141</ns3:hr>
          </ns3:TrackPointExtension>
        </extensions>
      </trkpt>
      <trkpt lat="48.19052425213158130645751953125" lon="-1.19480274617671966552734375">
        <ele>88.1999969482421875</ele>
        <time>2026-06-08T09:13:08.000Z</time>
        <extensions>
          <ns3:TrackPointExtension>
            <ns3:atemp>23.0</ns3:atemp>
            <ns3:hr>141</ns3:hr>
          </ns3:TrackPointExtension>
        </extensions>
      </trkpt>
      <trkpt lat="48.190626092255115509033203125" lon="-1.1946862377226352691650390625">
        <ele>88.40000152587890625</ele>
        <time>2026-06-08T09:13:10.000Z</time>
        <extensions>
          <ns3:TrackPointExtension>
            <ns3:atemp>23.0</ns3:atemp>
            <ns3:hr>140</ns3:hr>
          </ns3:TrackPointExtension>
        </extensions>
      </trkpt>
      <trkpt lat="48.1908029504120349884033203125" lon="-1.19451264850795269012451171875">
        <ele>88.8000030517578125</ele>
        <time>2026-06-08T09:13:13.000Z</time>
        <extensions>
          <ns3:TrackPointExtension>
            <ns3:atemp>23.0</ns3:atemp>
            <ns3:hr>140</ns3:hr>
          </ns3:TrackPointExtension>
        </extensions>
      </trkpt>
      <trkpt lat="48.191073350608348846435546875" lon="-1.1942829005420207977294921875">
        <ele>89.1999969482421875</ele>
        <time>2026-06-08T09:13:17.000Z</time>
        <extensions>
          <ns3:TrackPointExtension>
            <ns3:atemp>23.0</ns3:atemp>
            <ns3:hr>142</ns3:hr>
          </ns3:TrackPointExtension>
        </extensions>
      </trkpt>
      <trkpt lat="48.19118860177695751190185546875" lon="-1.19420385919511318206787109375">
        <ele>89.59999847412109375</ele>
        <time>2026-06-08T09:13:19.000Z</time>
        <extensions>
          <ns3:TrackPointExtension>
            <ns3:atemp>23.0</ns3:atemp>
            <ns3:hr>144</ns3:hr>
          </ns3:TrackPointExtension>
        </extensions>
      </trkpt>
      <trkpt lat="48.1912777014076709747314453125" lon="-1.194137223064899444580078125">
        <ele>90</ele>
        <time>2026-06-08T09:13:21.000Z</time>
        <extensions>
          <ns3:TrackPointExtension>
            <ns3:atemp>23.0</ns3:atemp>
            <ns3:hr>144</ns3:hr>
          </ns3:TrackPointExtension>
        </extensions>
      </trkpt>
      <trkpt lat="48.19149009883403778076171875" lon="-1.19403890334069728851318359375">
        <ele>90.59999847412109375</ele>
        <time>2026-06-08T09:13:26.000Z</time>
        <extensions>
          <ns3:TrackPointExtension>
            <ns3:atemp>23.0</ns3:atemp>
            <ns3:hr>144</ns3:hr>
          </ns3:TrackPointExtension>
        </extensions>
      </trkpt>
      <trkpt lat="48.19153460673987865447998046875" lon="-1.19401191361248493194580078125">
        <ele>90.8000030517578125</ele>
        <time>2026-06-08T09:13:27.000Z</time>
        <extensions>
          <ns3:TrackPointExtension>
            <ns3:atemp>23.0</ns3:atemp>
            <ns3:hr>144</ns3:hr>
          </ns3:TrackPointExtension>
        </extensions>
      </trkpt>
      <trkpt lat="48.191834427416324615478515625" lon="-1.19388811290264129638671875">
        <ele>91.1999969482421875</ele>
        <time>2026-06-08T09:13:33.000Z</time>
        <extensions>
          <ns3:TrackPointExtension>
            <ns3:atemp>23.0</ns3:atemp>
            <ns3:hr>144</ns3:hr>
          </ns3:TrackPointExtension>
        </extensions>
      </trkpt>
      <trkpt lat="48.1920714676380157470703125" lon="-1.1937944032251834869384765625">
        <ele>91.8000030517578125</ele>
        <time>2026-06-08T09:13:37.000Z</time>
        <extensions>
          <ns3:TrackPointExtension>
            <ns3:atemp>23.0</ns3:atemp>
            <ns3:hr>145</ns3:hr>
          </ns3:TrackPointExtension>
        </extensions>
      </trkpt>
      <trkpt lat="48.19213542155921459197998046875" lon="-1.19376741349697113037109375">
        <ele>91.8000030517578125</ele>
        <time>2026-06-08T09:13:38.000Z</time>
        <extensions>
          <ns3:TrackPointExtension>
            <ns3:atemp>23.0</ns3:atemp>
            <ns3:hr>146</ns3:hr>
          </ns3:TrackPointExtension>
        </extensions>
      </trkpt>
      <trkpt lat="48.1925292871892452239990234375" lon="-1.1936187185347080230712890625">
        <ele>91.59999847412109375</ele>
        <time>2026-06-08T09:13:44.000Z</time>
        <extensions>
          <ns3:TrackPointExtension>
            <ns3:atemp>23.0</ns3:atemp>
            <ns3:hr>147</ns3:hr>
          </ns3:TrackPointExtension>
        </extensions>
      </trkpt>
      <trkpt lat="48.19289398379623889923095703125" lon="-1.193463318049907684326171875">
        <ele>91.59999847412109375</ele>
        <time>2026-06-08T09:13:49.000Z</time>
        <extensions>
          <ns3:TrackPointExtension>
            <ns3:atemp>23.0</ns3:atemp>
            <ns3:hr>147</ns3:hr>
          </ns3:TrackPointExtension>
        </extensions>
      </trkpt>
      <trkpt lat="48.19304318167269229888916015625" lon="-1.19340137578547000885009765625">
        <ele>91.40000152587890625</ele>
        <time>2026-06-08T09:13:51.000Z</time>
        <extensions>
          <ns3:TrackPointExtension>
            <ns3:atemp>23.0</ns3:atemp>
            <ns3:hr>150</ns3:hr>
          </ns3:TrackPointExtension>
        </extensions>
      </trkpt>
      <trkpt lat="48.19333654828369617462158203125" lon="-1.1932187341153621673583984375">
        <ele>91.1999969482421875</ele>
        <time>2026-06-08T09:13:55.000Z</time>
        <extensions>
          <ns3:TrackPointExtension>
            <ns3:atemp>23.0</ns3:atemp>
            <ns3:hr>153</ns3:hr>
          </ns3:TrackPointExtension>
        </extensions>
      </trkpt>
      <trkpt lat="48.1934023462235927581787109375" lon="-1.19316793978214263916015625">
        <ele>91.1999969482421875</ele>
        <time>2026-06-08T09:13:56.000Z</time>
        <extensions>
          <ns3:TrackPointExtension>
            <ns3:atemp>23.0</ns3:atemp>
            <ns3:hr>153</ns3:hr>
          </ns3:TrackPointExtension>
        </extensions>
      </trkpt>
      <trkpt lat="48.19366377778351306915283203125" lon="-1.19294875301420688629150390625">
        <ele>91.1999969482421875</ele>
        <time>2026-06-08T09:14:00.000Z</time>
        <extensions>
          <ns3:TrackPointExtension>
            <ns3:atemp>23.0</ns3:atemp>
            <ns3:hr>148</ns3:hr>
          </ns3:TrackPointExtension>
        </extensions>
      </trkpt>
      <trkpt lat="48.1937201879918575286865234375" lon="-1.192882619798183441162109375">
        <ele>91.1999969482421875</ele>
        <time>2026-06-08T09:14:01.000Z</time>
        <extensions>
          <ns3:TrackPointExtension>
            <ns3:atemp>23.0</ns3:atemp>
            <ns3:hr>148</ns3:hr>
          </ns3:TrackPointExtension>
        </extensions>
      </trkpt>
      <trkpt lat="48.19383778609335422515869140625" lon="-1.19275622069835662841796875">
        <ele>91</ele>
        <time>2026-06-08T09:14:03.000Z</time>
        <extensions>
          <ns3:TrackPointExtension>
            <ns3:atemp>23.0</ns3:atemp>
            <ns3:hr>148</ns3:hr>
          </ns3:TrackPointExtension>
        </extensions>
      </trkpt>
      <trkpt lat="48.1939454935491085052490234375" lon="-1.1926088668406009674072265625">
        <ele>90.8000030517578125</ele>
        <time>2026-06-08T09:14:05.000Z</time>
        <extensions>
          <ns3:TrackPointExtension>
            <ns3:atemp>22.0</ns3:atemp>
            <ns3:hr>149</ns3:hr>
          </ns3:TrackPointExtension>
        </extensions>
      </trkpt>
      <trkpt lat="48.19415378384292125701904296875" lon="-1.1923037655651569366455078125">
        <ele>90.59999847412109375</ele>
        <time>2026-06-08T09:14:09.000Z</time>
        <extensions>
          <ns3:TrackPointExtension>
            <ns3:atemp>22.0</ns3:atemp>
            <ns3:hr>150</ns3:hr>
          </ns3:TrackPointExtension>
        </extensions>
      </trkpt>
      <trkpt lat="48.1944358348846435546875" lon="-1.191877461969852447509765625">
        <ele>89.8000030517578125</ele>
        <time>2026-06-08T09:14:14.000Z</time>
        <extensions>
          <ns3:TrackPointExtension>
            <ns3:atemp>22.0</ns3:atemp>
            <ns3:hr>150</ns3:hr>
          </ns3:TrackPointExtension>
        </extensions>
      </trkpt>
      <trkpt lat="48.19448788650333881378173828125" lon="-1.19179858826100826263427734375">
        <ele>89.8000030517578125</ele>
        <time>2026-06-08T09:14:15.000Z</time>
        <extensions>
          <ns3:TrackPointExtension>
            <ns3:atemp>23.0</ns3:atemp>
            <ns3:hr>150</ns3:hr>
          </ns3:TrackPointExtension>
        </extensions>
      </trkpt>
      <trkpt lat="48.1946589611470699310302734375" lon="-1.19154662825167179107666015625">
        <ele>89.59999847412109375</ele>
        <time>2026-06-08T09:14:18.000Z</time>
        <extensions>
          <ns3:TrackPointExtension>
            <ns3:atemp>22.0</ns3:atemp>
            <ns3:hr>150</ns3:hr>
          </ns3:TrackPointExtension>
        </extensions>
      </trkpt>
      <trkpt lat="48.19482349790632724761962890625" lon="-1.19129215367138385772705078125">
        <ele>89.40000152587890625</ele>
        <time>2026-06-08T09:14:21.000Z</time>
        <extensions>
          <ns3:TrackPointExtension>
            <ns3:atemp>22.0</ns3:atemp>
            <ns3:hr>151</ns3:hr>
          </ns3:TrackPointExtension>
        </extensions>
      </trkpt>
      <trkpt lat="48.19518676958978176116943359375" lon="-1.19087507016956806182861328125">
        <ele>89.40000152587890625</ele>
        <time>2026-06-08T09:14:27.000Z</time>
        <extensions>
          <ns3:TrackPointExtension>
            <ns3:atemp>22.0</ns3:atemp>
            <ns3:hr>149</ns3:hr>
          </ns3:TrackPointExtension>
        </extensions>
      </trkpt>
      <trkpt lat="48.19559681229293346405029296875" lon="-1.19051657617092132568359375">
        <ele>89.1999969482421875</ele>
        <time>2026-06-08T09:14:34.000Z</time>
        <extensions>
          <ns3:TrackPointExtension>
            <ns3:atemp>22.0</ns3:atemp>
            <ns3:hr>150</ns3:hr>
          </ns3:TrackPointExtension>
        </extensions>
      </trkpt>
      <trkpt lat="48.19589839316904544830322265625" lon="-1.1902931146323680877685546875">
        <ele>88.59999847412109375</ele>
        <time>2026-06-08T09:14:39.000Z</time>
        <extensions>
          <ns3:TrackPointExtension>
            <ns3:atemp>22.0</ns3:atemp>
            <ns3:hr>150</ns3:hr>
          </ns3:TrackPointExtension>
        </extensions>
      </trkpt>
      <trkpt lat="48.19596813060343265533447265625" lon="-1.1902589164674282073974609375">
        <ele>88.40000152587890625</ele>
        <time>2026-06-08T09:14:40.000Z</time>
        <extensions>
          <ns3:TrackPointExtension>
            <ns3:atemp>22.0</ns3:atemp>
            <ns3:hr>151</ns3:hr>
          </ns3:TrackPointExtension>
        </extensions>
      </trkpt>
      <trkpt lat="48.1962944380939006805419921875" lon="-1.1901271529495716094970703125">
        <ele>88.59999847412109375</ele>
        <time>2026-06-08T09:14:44.000Z</time>
        <extensions>
          <ns3:TrackPointExtension>
            <ns3:atemp>22.0</ns3:atemp>
            <ns3:hr>153</ns3:hr>
          </ns3:TrackPointExtension>
        </extensions>
      </trkpt>
      <trkpt lat="48.19674789905548095703125" lon="-1.18992707692086696624755859375">
        <ele>88.40000152587890625</ele>
        <time>2026-06-08T09:14:50.000Z</time>
        <extensions>
          <ns3:TrackPointExtension>
            <ns3:atemp>22.0</ns3:atemp>
            <ns3:hr>154</ns3:hr>
          </ns3:TrackPointExtension>
        </extensions>
      </trkpt>
      <trkpt lat="48.1971363164484500885009765625" lon="-1.18972532451152801513671875">
        <ele>88.40000152587890625</ele>
        <time>2026-06-08T09:14:56.000Z</time>
        <extensions>
          <ns3:TrackPointExtension>
            <ns3:atemp>22.0</ns3:atemp>
            <ns3:hr>154</ns3:hr>
          </ns3:TrackPointExtension>
        </extensions>
      </trkpt>
      <trkpt lat="48.19726414047181606292724609375" lon="-1.1896648071706295013427734375">
        <ele>88.40000152587890625</ele>
        <time>2026-06-08T09:14:58.000Z</time>
        <extensions>
          <ns3:TrackPointExtension>
            <ns3:atemp>22.0</ns3:atemp>
            <ns3:hr>151</ns3:hr>
          </ns3:TrackPointExtension>
        </extensions>
      </trkpt>
      <trkpt lat="48.1973270885646343231201171875" lon="-1.1896366439759731292724609375">
        <ele>88.1999969482421875</ele>
        <time>2026-06-08T09:14:59.000Z</time>
        <extensions>
          <ns3:TrackPointExtension>
            <ns3:atemp>22.0</ns3:atemp>
            <ns3:hr>146</ns3:hr>
          </ns3:TrackPointExtension>
        </extensions>
      </trkpt>
      <trkpt lat="48.19738752208650112152099609375" lon="-1.18961426429450511932373046875">
        <ele>88.1999969482421875</ele>
        <time>2026-06-08T09:15:00.000Z</time>
        <extensions>
          <ns3:TrackPointExtension>
            <ns3:atemp>22.0</ns3:atemp>
            <ns3:hr>142</ns3:hr>
          </ns3:TrackPointExtension>
        </extensions>
      </trkpt>
      <trkpt lat="48.197509981691837310791015625" lon="-1.18954293429851531982421875">
        <ele>88.1999969482421875</ele>
        <time>2026-06-08T09:15:02.000Z</time>
        <extensions>
          <ns3:TrackPointExtension>
            <ns3:atemp>22.0</ns3:atemp>
            <ns3:hr>140</ns3:hr>
          </ns3:TrackPointExtension>
        </extensions>
      </trkpt>
      <trkpt lat="48.197635374963283538818359375" lon="-1.1894753761589527130126953125">
        <ele>88</ele>
        <time>2026-06-08T09:15:04.000Z</time>
        <extensions>
          <ns3:TrackPointExtension>
            <ns3:atemp>22.0</ns3:atemp>
            <ns3:hr>140</ns3:hr>
          </ns3:TrackPointExtension>
        </extensions>
      </trkpt>
      <trkpt lat="48.19786126725375652313232421875" lon="-1.18931285105645656585693359375">
        <ele>87.40000152587890625</ele>
        <time>2026-06-08T09:15:08.000Z</time>
        <extensions>
          <ns3:TrackPointExtension>
            <ns3:atemp>22.0</ns3:atemp>
            <ns3:hr>139</ns3:hr>
          </ns3:TrackPointExtension>
        </extensions>
      </trkpt>
      <trkpt lat="48.19797123782336711883544921875" lon="-1.189230792224407196044921875">
        <ele>87.40000152587890625</ele>
        <time>2026-06-08T09:15:10.000Z</time>
        <extensions>
          <ns3:TrackPointExtension>
            <ns3:atemp>22.0</ns3:atemp>
            <ns3:hr>139</ns3:hr>
          </ns3:TrackPointExtension>
        </extensions>
      </trkpt>
      <trkpt lat="48.1980157457292079925537109375" lon="-1.18918460793793201446533203125">
        <ele>87.40000152587890625</ele>
        <time>2026-06-08T09:15:11.000Z</time>
        <extensions>
          <ns3:TrackPointExtension>
            <ns3:atemp>22.0</ns3:atemp>
            <ns3:hr>138</ns3:hr>
          </ns3:TrackPointExtension>
        </extensions>
      </trkpt>
      <trkpt lat="48.19820375181734561920166015625" lon="-1.188983358442783355712890625">
        <ele>87.59999847412109375</ele>
        <time>2026-06-08T09:15:15.000Z</time>
        <extensions>
          <ns3:TrackPointExtension>
            <ns3:atemp>22.0</ns3:atemp>
            <ns3:hr>138</ns3:hr>
          </ns3:TrackPointExtension>
        </extensions>
      </trkpt>
      <trkpt lat="48.198528550565242767333984375" lon="-1.188575662672519683837890625">
        <ele>87.8000030517578125</ele>
        <time>2026-06-08T09:15:22.000Z</time>
        <extensions>
          <ns3:TrackPointExtension>
            <ns3:atemp>22.0</ns3:atemp>
            <ns3:hr>138</ns3:hr>
          </ns3:TrackPointExtension>
        </extensions>
      </trkpt>
      <trkpt lat="48.19860960356891155242919921875" lon="-1.18844783864915370941162109375">
        <ele>87.8000030517578125</ele>
        <time>2026-06-08T09:15:24.000Z</time>
        <extensions>
          <ns3:TrackPointExtension>
            <ns3:atemp>22.0</ns3:atemp>
            <ns3:hr>137</ns3:hr>
          </ns3:TrackPointExtension>
        </extensions>
      </trkpt>
      <trkpt lat="48.1987158022820949554443359375" lon="-1.18823627941310405731201171875">
        <ele>87.59999847412109375</ele>
        <time>2026-06-08T09:15:27.000Z</time>
        <extensions>
          <ns3:TrackPointExtension>
            <ns3:atemp>22.0</ns3:atemp>
            <ns3:hr>139</ns3:hr>
          </ns3:TrackPointExtension>
        </extensions>
      </trkpt>
      <trkpt lat="48.1989112682640552520751953125" lon="-1.1877926252782344818115234375">
        <ele>88</ele>
        <time>2026-06-08T09:15:33.000Z</time>
        <extensions>
          <ns3:TrackPointExtension>
            <ns3:atemp>22.0</ns3:atemp>
            <ns3:hr>140</ns3:hr>
          </ns3:TrackPointExtension>
        </extensions>
      </trkpt>
      <trkpt lat="48.199101872742176055908203125" lon="-1.18732902221381664276123046875">
        <ele>88</ele>
        <time>2026-06-08T09:15:39.000Z</time>
        <extensions>
          <ns3:TrackPointExtension>
            <ns3:atemp>22.0</ns3:atemp>
            <ns3:hr>141</ns3:hr>
          </ns3:TrackPointExtension>
        </extensions>
      </trkpt>
      <trkpt lat="48.19934519939124584197998046875" lon="-1.18673910386860370635986328125">
        <ele>88.40000152587890625</ele>
        <time>2026-06-08T09:15:47.000Z</time>
        <extensions>
          <ns3:TrackPointExtension>
            <ns3:atemp>21.0</ns3:atemp>
            <ns3:hr>142</ns3:hr>
          </ns3:TrackPointExtension>
        </extensions>
      </trkpt>
      <trkpt lat="48.19937671534717082977294921875" lon="-1.18666349910199642181396484375">
        <ele>88.59999847412109375</ele>
        <time>2026-06-08T09:15:48.000Z</time>
        <extensions>
          <ns3:TrackPointExtension>
            <ns3:atemp>22.0</ns3:atemp>
            <ns3:hr>143</ns3:hr>
          </ns3:TrackPointExtension>
        </extensions>
      </trkpt>
      <trkpt lat="48.19944544695317745208740234375" lon="-1.186507679522037506103515625">
        <ele>89.1999969482421875</ele>
        <time>2026-06-08T09:15:50.000Z</time>
        <extensions>
          <ns3:TrackPointExtension>
            <ns3:atemp>22.0</ns3:atemp>
            <ns3:hr>146</ns3:hr>
          </ns3:TrackPointExtension>
        </extensions>
      </trkpt>
      <trkpt lat="48.19952289573848247528076171875" lon="-1.18634968064725399017333984375">
        <ele>89</ele>
        <time>2026-06-08T09:15:52.000Z</time>
        <extensions>
          <ns3:TrackPointExtension>
            <ns3:atemp>21.0</ns3:atemp>
            <ns3:hr>149</ns3:hr>
          </ns3:TrackPointExtension>
        </extensions>
      </trkpt>
      <trkpt lat="48.199602775275707244873046875" lon="-1.1861975491046905517578125">
        <ele>88.8000030517578125</ele>
        <time>2026-06-08T09:15:54.000Z</time>
        <extensions>
          <ns3:TrackPointExtension>
            <ns3:atemp>22.0</ns3:atemp>
            <ns3:hr>150</ns3:hr>
          </ns3:TrackPointExtension>
        </extensions>
      </trkpt>
      <trkpt lat="48.19969556294381618499755859375" lon="-1.186053715646266937255859375">
        <ele>89</ele>
        <time>2026-06-08T09:15:56.000Z</time>
        <extensions>
          <ns3:TrackPointExtension>
            <ns3:atemp>21.0</ns3:atemp>
            <ns3:hr>152</ns3:hr>
          </ns3:TrackPointExtension>
        </extensions>
      </trkpt>
      <trkpt lat="48.1999040208756923675537109375" lon="-1.1857710778713226318359375">
        <ele>89.40000152587890625</ele>
        <time>2026-06-08T09:16:00.000Z</time>
        <extensions>
          <ns3:TrackPointExtension>
            <ns3:atemp>21.0</ns3:atemp>
            <ns3:hr>153</ns3:hr>
          </ns3:TrackPointExtension>
        </extensions>
      </trkpt>
      <trkpt lat="48.2000215351581573486328125" lon="-1.18565347976982593536376953125">
        <ele>89.59999847412109375</ele>
        <time>2026-06-08T09:16:02.000Z</time>
        <extensions>
          <ns3:TrackPointExtension>
            <ns3:atemp>21.0</ns3:atemp>
            <ns3:hr>154</ns3:hr>
          </ns3:TrackPointExtension>
        </extensions>
      </trkpt>
      <trkpt lat="48.20034164004027843475341796875" lon="-1.18534401990473270416259765625">
        <ele>89.59999847412109375</ele>
        <time>2026-06-08T09:16:07.000Z</time>
        <extensions>
          <ns3:TrackPointExtension>
            <ns3:atemp>21.0</ns3:atemp>
            <ns3:hr>151</ns3:hr>
          </ns3:TrackPointExtension>
        </extensions>
      </trkpt>
      <trkpt lat="48.20069468580186367034912109375" lon="-1.18510714732110500335693359375">
        <ele>89.1999969482421875</ele>
        <time>2026-06-08T09:16:12.000Z</time>
        <extensions>
          <ns3:TrackPointExtension>
            <ns3:atemp>21.0</ns3:atemp>
            <ns3:hr>153</ns3:hr>
          </ns3:TrackPointExtension>
        </extensions>
      </trkpt>
      <trkpt lat="48.2009701989591121673583984375" lon="-1.18498041294515132904052734375">
        <ele>89.40000152587890625</ele>
        <time>2026-06-08T09:16:16.000Z</time>
        <extensions>
          <ns3:TrackPointExtension>
            <ns3:atemp>21.0</ns3:atemp>
            <ns3:hr>156</ns3:hr>
          </ns3:TrackPointExtension>
        </extensions>
      </trkpt>
      <trkpt lat="48.2010389305651187896728515625" lon="-1.18494554422795772552490234375">
        <ele>89.1999969482421875</ele>
        <time>2026-06-08T09:16:17.000Z</time>
        <extensions>
          <ns3:TrackPointExtension>
            <ns3:atemp>21.0</ns3:atemp>
            <ns3:hr>157</ns3:hr>
          </ns3:TrackPointExtension>
        </extensions>
      </trkpt>
      <trkpt lat="48.2011049799621105194091796875" lon="-1.18492743931710720062255859375">
        <ele>89.1999969482421875</ele>
        <time>2026-06-08T09:16:18.000Z</time>
        <extensions>
          <ns3:TrackPointExtension>
            <ns3:atemp>21.0</ns3:atemp>
            <ns3:hr>159</ns3:hr>
          </ns3:TrackPointExtension>
        </extensions>
      </trkpt>
      <trkpt lat="48.20136339403688907623291015625" lon="-1.18485451675951480865478515625">
        <ele>90</ele>
        <time>2026-06-08T09:16:22.000Z</time>
        <extensions>
          <ns3:TrackPointExtension>
            <ns3:atemp>21.0</ns3:atemp>
            <ns3:hr>160</ns3:hr>
          </ns3:TrackPointExtension>
        </extensions>
      </trkpt>
      <trkpt lat="48.20154025219380855560302734375" lon="-1.1848066560924053192138671875">
        <ele>90.59999847412109375</ele>
        <time>2026-06-08T09:16:25.000Z</time>
        <extensions>
          <ns3:TrackPointExtension>
            <ns3:atemp>21.0</ns3:atemp>
            <ns3:hr>159</ns3:hr>
          </ns3:TrackPointExtension>
        </extensions>
      </trkpt>
      <trkpt lat="48.2016561739146709442138671875" lon="-1.1847845278680324554443359375">
        <ele>90.8000030517578125</ele>
        <time>2026-06-08T09:16:27.000Z</time>
        <extensions>
          <ns3:TrackPointExtension>
            <ns3:atemp>21.0</ns3:atemp>
            <ns3:hr>158</ns3:hr>
          </ns3:TrackPointExtension>
        </extensions>
      </trkpt>
      <trkpt lat="48.20168173871934413909912109375" lon="-1.18478209711611270904541015625">
        <ele>90.8000030517578125</ele>
        <time>2026-06-08T09:16:28.000Z</time>
        <extensions>
          <ns3:TrackPointExtension>
            <ns3:atemp>21.0</ns3:atemp>
            <ns3:hr>157</ns3:hr>
          </ns3:TrackPointExtension>
        </extensions>
      </trkpt>
      <trkpt lat="48.201702274382114410400390625" lon="-1.18480539880692958831787109375">
        <ele>90.8000030517578125</ele>
        <time>2026-06-08T09:16:29.000Z</time>
        <extensions>
          <ns3:TrackPointExtension>
            <ns3:atemp>21.0</ns3:atemp>
            <ns3:hr>157</ns3:hr>
          </ns3:TrackPointExtension>
        </extensions>
      </trkpt>
      <trkpt lat="48.20172213949263095855712890625" lon="-1.1848193965852260589599609375">
        <ele>91</ele>
        <time>2026-06-08T09:16:31.000Z</time>
        <extensions>
          <ns3:TrackPointExtension>
            <ns3:atemp>21.0</ns3:atemp>
            <ns3:hr>156</ns3:hr>
          </ns3:TrackPointExtension>
        </extensions>
      </trkpt>
      <trkpt lat="48.2017346285283565521240234375" lon="-1.18480087257921695709228515625">
        <ele>91</ele>
        <time>2026-06-08T09:16:32.000Z</time>
        <extensions>
          <ns3:TrackPointExtension>
            <ns3:atemp>21.0</ns3:atemp>
            <ns3:hr>156</ns3:hr>
          </ns3:TrackPointExtension>
        </extensions>
      </trkpt>
      <trkpt lat="48.2017591036856174468994140625" lon="-1.184780336916446685791015625">
        <ele>91.1999969482421875</ele>
        <time>2026-06-08T09:16:35.000Z</time>
        <extensions>
          <ns3:TrackPointExtension>
            <ns3:atemp>21.0</ns3:atemp>
            <ns3:hr>155</ns3:hr>
          </ns3:TrackPointExtension>
        </extensions>
      </trkpt>
      <trkpt lat="48.20183529518544673919677734375" lon="-1.18475292809307575225830078125">
        <ele>91</ele>
        <time>2026-06-08T09:21:01.000Z</time>
        <extensions>
          <ns3:TrackPointExtension>
            <ns3:atemp>23.0</ns3:atemp>
            <ns3:hr>148</ns3:hr>
          </ns3:TrackPointExtension>
        </extensions>
      </trkpt>
      <trkpt lat="48.2019867561757564544677734375" lon="-1.18474982678890228271484375">
        <ele>90.8000030517578125</ele>
        <time>2026-06-08T09:21:05.000Z</time>
        <extensions>
          <ns3:TrackPointExtension>
            <ns3:atemp>23.0</ns3:atemp>
            <ns3:hr>146</ns3:hr>
          </ns3:TrackPointExtension>
        </extensions>
      </trkpt>
      <trkpt lat="48.20235530845820903778076171875" lon="-1.18467899970710277557373046875">
        <ele>91.8000030517578125</ele>
        <time>2026-06-08T09:21:12.000Z</time>
        <extensions>
          <ns3:TrackPointExtension>
            <ns3:atemp>23.0</ns3:atemp>
            <ns3:hr>148</ns3:hr>
          </ns3:TrackPointExtension>
        </extensions>
      </trkpt>
      <trkpt lat="48.20269234478473663330078125" lon="-1.18461177684366703033447265625">
        <ele>91.8000030517578125</ele>
        <time>2026-06-08T09:21:18.000Z</time>
        <extensions>
          <ns3:TrackPointExtension>
            <ns3:atemp>23.0</ns3:atemp>
            <ns3:hr>148</ns3:hr>
          </ns3:TrackPointExtension>
        </extensions>
      </trkpt>
      <trkpt lat="48.2030606456100940704345703125" lon="-1.18456031195819377899169921875">
        <ele>91.8000030517578125</ele>
        <time>2026-06-08T09:21:24.000Z</time>
        <extensions>
          <ns3:TrackPointExtension>
            <ns3:atemp>23.0</ns3:atemp>
            <ns3:hr>149</ns3:hr>
          </ns3:TrackPointExtension>
        </extensions>
      </trkpt>
      <trkpt lat="48.20348418317735195159912109375" lon="-1.1845689453184604644775390625">
        <ele>91.59999847412109375</ele>
        <time>2026-06-08T09:21:31.000Z</time>
        <extensions>
          <ns3:TrackPointExtension>
            <ns3:atemp>23.0</ns3:atemp>
            <ns3:hr>152</ns3:hr>
          </ns3:TrackPointExtension>
        </extensions>
      </trkpt>
      <trkpt lat="48.2038785517215728759765625" lon="-1.18464329279959201812744140625">
        <ele>91.40000152587890625</ele>
        <time>2026-06-08T09:21:38.000Z</time>
        <extensions>
          <ns3:TrackPointExtension>
            <ns3:atemp>23.0</ns3:atemp>
            <ns3:hr>154</ns3:hr>
          </ns3:TrackPointExtension>
        </extensions>
      </trkpt>
      <trkpt lat="48.204045854508876800537109375" lon="-1.1847070790827274322509765625">
        <ele>91.1999969482421875</ele>
        <time>2026-06-08T09:21:41.000Z</time>
        <extensions>
          <ns3:TrackPointExtension>
            <ns3:atemp>23.0</ns3:atemp>
            <ns3:hr>157</ns3:hr>
          </ns3:TrackPointExtension>
        </extensions>
      </trkpt>
      <trkpt lat="48.20421206764876842498779296875" lon="-1.18479140102863311767578125">
        <ele>91.1999969482421875</ele>
        <time>2026-06-08T09:21:44.000Z</time>
        <extensions>
          <ns3:TrackPointExtension>
            <ns3:atemp>23.0</ns3:atemp>
            <ns3:hr>160</ns3:hr>
          </ns3:TrackPointExtension>
        </extensions>
      </trkpt>
      <trkpt lat="48.20426705293357372283935546875" lon="-1.18482115678489208221435546875">
        <ele>91.1999969482421875</ele>
        <time>2026-06-08T09:21:45.000Z</time>
        <extensions>
          <ns3:TrackPointExtension>
            <ns3:atemp>23.0</ns3:atemp>
            <ns3:hr>163</ns3:hr>
          </ns3:TrackPointExtension>
        </extensions>
      </trkpt>
      <trkpt lat="48.20455254055559635162353515625" lon="-1.18501628749072551727294921875">
        <ele>90.8000030517578125</ele>
        <time>2026-06-08T09:21:50.000Z</time>
        <extensions>
          <ns3:TrackPointExtension>
            <ns3:atemp>23.0</ns3:atemp>
            <ns3:hr>164</ns3:hr>
          </ns3:TrackPointExtension>
        </extensions>
      </trkpt>
      <trkpt lat="48.2046676240861415863037109375" lon="-1.18511050008237361907958984375">
        <ele>90.59999847412109375</ele>
        <time>2026-06-08T09:21:52.000Z</time>
        <extensions>
          <ns3:TrackPointExtension>
            <ns3:atemp>23.0</ns3:atemp>
            <ns3:hr>164</ns3:hr>
          </ns3:TrackPointExtension>
        </extensions>
      </trkpt>
      <trkpt lat="48.20491991937160491943359375" lon="-1.18530638515949249267578125">
        <ele>91</ele>
        <time>2026-06-08T09:21:56.000Z</time>
        <extensions>
          <ns3:TrackPointExtension>
            <ns3:atemp>23.0</ns3:atemp>
            <ns3:hr>164</ns3:hr>
          </ns3:TrackPointExtension>
        </extensions>
      </trkpt>
      <trkpt lat="48.2052505016326904296875" lon="-1.1856039427220821380615234375">
        <ele>91.1999969482421875</ele>
        <time>2026-06-08T09:22:01.000Z</time>
        <extensions>
          <ns3:TrackPointExtension>
            <ns3:atemp>23.0</ns3:atemp>
            <ns3:hr>167</ns3:hr>
          </ns3:TrackPointExtension>
        </extensions>
      </trkpt>
      <trkpt lat="48.2053931616246700286865234375" lon="-1.1857286654412746429443359375">
        <ele>91.40000152587890625</ele>
        <time>2026-06-08T09:22:03.000Z</time>
        <extensions>
          <ns3:TrackPointExtension>
            <ns3:atemp>23.0</ns3:atemp>
            <ns3:hr>168</ns3:hr>
          </ns3:TrackPointExtension>
        </extensions>
      </trkpt>
      <trkpt lat="48.20568024180829524993896484375" lon="-1.1859821341931819915771484375">
        <ele>91.59999847412109375</ele>
        <time>2026-06-08T09:22:07.000Z</time>
        <extensions>
          <ns3:TrackPointExtension>
            <ns3:atemp>23.0</ns3:atemp>
            <ns3:hr>171</ns3:hr>
          </ns3:TrackPointExtension>
        </extensions>
      </trkpt>
      <trkpt lat="48.20582323707640171051025390625" lon="-1.18610568344593048095703125">
        <ele>91.40000152587890625</ele>
        <time>2026-06-08T09:22:09.000Z</time>
        <extensions>
          <ns3:TrackPointExtension>
            <ns3:atemp>23.0</ns3:atemp>
            <ns3:hr>175</ns3:hr>
          </ns3:TrackPointExtension>
        </extensions>
      </trkpt>
      <trkpt lat="48.20589481852948665618896484375" lon="-1.1861662007868289947509765625">
        <ele>91.1999969482421875</ele>
        <time>2026-06-08T09:22:10.000Z</time>
        <extensions>
          <ns3:TrackPointExtension>
            <ns3:atemp>23.0</ns3:atemp>
            <ns3:hr>179</ns3:hr>
          </ns3:TrackPointExtension>
        </extensions>
      </trkpt>
      <trkpt lat="48.20619891397655010223388671875" lon="-1.18639469146728515625">
        <ele>91</ele>
        <time>2026-06-08T09:22:14.000Z</time>
        <extensions>
          <ns3:TrackPointExtension>
            <ns3:atemp>22.0</ns3:atemp>
            <ns3:hr>181</ns3:hr>
          </ns3:TrackPointExtension>
        </extensions>
      </trkpt>
      <trkpt lat="48.20627686567604541778564453125" lon="-1.186445653438568115234375">
        <ele>91.1999969482421875</ele>
        <time>2026-06-08T09:22:15.000Z</time>
        <extensions>
          <ns3:TrackPointExtension>
            <ns3:atemp>23.0</ns3:atemp>
            <ns3:hr>181</ns3:hr>
          </ns3:TrackPointExtension>
        </extensions>
      </trkpt>
      <trkpt lat="48.2063547335565090179443359375" lon="-1.18649267591536045074462890625">
        <ele>91.1999969482421875</ele>
        <time>2026-06-08T09:22:16.000Z</time>
        <extensions>
          <ns3:TrackPointExtension>
            <ns3:atemp>22.0</ns3:atemp>
            <ns3:hr>182</ns3:hr>
          </ns3:TrackPointExtension>
        </extensions>
      </trkpt>
      <trkpt lat="48.20676117204129695892333984375" lon="-1.18668344803154468536376953125">
        <ele>91.40000152587890625</ele>
        <time>2026-06-08T09:22:21.000Z</time>
        <extensions>
          <ns3:TrackPointExtension>
            <ns3:atemp>22.0</ns3:atemp>
            <ns3:hr>185</ns3:hr>
          </ns3:TrackPointExtension>
        </extensions>
      </trkpt>
      <trkpt lat="48.207186721265316009521484375" lon="-1.18677061982452869415283203125">
        <ele>91.40000152587890625</ele>
        <time>2026-06-08T09:22:26.000Z</time>
        <extensions>
          <ns3:TrackPointExtension>
            <ns3:atemp>22.0</ns3:atemp>
            <ns3:hr>185</ns3:hr>
          </ns3:TrackPointExtension>
        </extensions>
      </trkpt>
      <trkpt lat="48.2072713784873485565185546875" lon="-1.18678704835474491119384765625">
        <ele>91.8000030517578125</ele>
        <time>2026-06-08T09:22:27.000Z</time>
        <extensions>
          <ns3:TrackPointExtension>
            <ns3:atemp>22.0</ns3:atemp>
            <ns3:hr>182</ns3:hr>
          </ns3:TrackPointExtension>
        </extensions>
      </trkpt>
      <trkpt lat="48.20743775926530361175537109375" lon="-1.186805404722690582275390625">
        <ele>91.8000030517578125</ele>
        <time>2026-06-08T09:22:29.000Z</time>
        <extensions>
          <ns3:TrackPointExtension>
            <ns3:atemp>22.0</ns3:atemp>
            <ns3:hr>185</ns3:hr>
          </ns3:TrackPointExtension>
        </extensions>
      </trkpt>
      <trkpt lat="48.2076819241046905517578125" lon="-1.1868270300328731536865234375">
        <ele>91.8000030517578125</ele>
        <time>2026-06-08T09:22:32.000Z</time>
        <extensions>
          <ns3:TrackPointExtension>
            <ns3:atemp>22.0</ns3:atemp>
            <ns3:hr>187</ns3:hr>
          </ns3:TrackPointExtension>
        </extensions>
      </trkpt>
      <trkpt lat="48.20810395292937755584716796875" lon="-1.18686449714004993438720703125">
        <ele>91.40000152587890625</ele>
        <time>2026-06-08T09:22:37.000Z</time>
        <extensions>
          <ns3:TrackPointExtension>
            <ns3:atemp>22.0</ns3:atemp>
            <ns3:hr>189</ns3:hr>
          </ns3:TrackPointExtension>
        </extensions>
      </trkpt>
      <trkpt lat="48.20869303308427333831787109375" lon="-1.18695334531366825103759765625">
        <ele>91.40000152587890625</ele>
        <time>2026-06-08T09:22:44.000Z</time>
        <extensions>
          <ns3:TrackPointExtension>
            <ns3:atemp>22.0</ns3:atemp>
            <ns3:hr>188</ns3:hr>
          </ns3:TrackPointExtension>
        </extensions>
      </trkpt>
      <trkpt lat="48.20923919789493083953857421875" lon="-1.18716775439679622650146484375">
        <ele>91.1999969482421875</ele>
        <time>2026-06-08T09:22:51.000Z</time>
        <extensions>
          <ns3:TrackPointExtension>
            <ns3:atemp>22.0</ns3:atemp>
            <ns3:hr>187</ns3:hr>
          </ns3:TrackPointExtension>
        </extensions>
      </trkpt>
      <trkpt lat="48.209767006337642669677734375" lon="-1.18755868636071681976318359375">
        <ele>92</ele>
        <time>2026-06-08T09:22:58.000Z</time>
        <extensions>
          <ns3:TrackPointExtension>
            <ns3:atemp>22.0</ns3:atemp>
            <ns3:hr>186</ns3:hr>
          </ns3:TrackPointExtension>
        </extensions>
      </trkpt>
      <trkpt lat="48.20983565412461757659912109375" lon="-1.1876239813864231109619140625">
        <ele>92.1999969482421875</ele>
        <time>2026-06-08T09:22:59.000Z</time>
        <extensions>
          <ns3:TrackPointExtension>
            <ns3:atemp>22.0</ns3:atemp>
            <ns3:hr>183</ns3:hr>
          </ns3:TrackPointExtension>
        </extensions>
      </trkpt>
      <trkpt lat="48.2099036313593387603759765625" lon="-1.18768910877406597137451171875">
        <ele>92.1999969482421875</ele>
        <time>2026-06-08T09:23:00.000Z</time>
        <extensions>
          <ns3:TrackPointExtension>
            <ns3:atemp>22.0</ns3:atemp>
            <ns3:hr>180</ns3:hr>
          </ns3:TrackPointExtension>
        </extensions>
      </trkpt>
      <trkpt lat="48.21014310233294963836669921875" lon="-1.187929920852184295654296875">
        <ele>92.1999969482421875</ele>
        <time>2026-06-08T09:23:04.000Z</time>
        <extensions>
          <ns3:TrackPointExtension>
            <ns3:atemp>22.0</ns3:atemp>
            <ns3:hr>178</ns3:hr>
          </ns3:TrackPointExtension>
        </extensions>
      </trkpt>
      <trkpt lat="48.21019339375197887420654296875" lon="-1.18799236603081226348876953125">
        <ele>92.1999969482421875</ele>
        <time>2026-06-08T09:23:05.000Z</time>
        <extensions>
          <ns3:TrackPointExtension>
            <ns3:atemp>22.0</ns3:atemp>
            <ns3:hr>179</ns3:hr>
          </ns3:TrackPointExtension>
        </extensions>
      </trkpt>
      <trkpt lat="48.210292048752307891845703125" lon="-1.18811734020709991455078125">
        <ele>92.1999969482421875</ele>
        <time>2026-06-08T09:23:07.000Z</time>
        <extensions>
          <ns3:TrackPointExtension>
            <ns3:atemp>22.0</ns3:atemp>
            <ns3:hr>186</ns3:hr>
          </ns3:TrackPointExtension>
        </extensions>
      </trkpt>
      <trkpt lat="48.21038232184946537017822265625" lon="-1.1882281489670276641845703125">
        <ele>92</ele>
        <time>2026-06-08T09:23:09.000Z</time>
        <extensions>
          <ns3:TrackPointExtension>
            <ns3:atemp>22.0</ns3:atemp>
            <ns3:hr>187</ns3:hr>
          </ns3:TrackPointExtension>
        </extensions>
      </trkpt>
      <trkpt lat="48.21062673814594745635986328125" lon="-1.188508607447147369384765625">
        <ele>92.40000152587890625</ele>
        <time>2026-06-08T09:23:15.000Z</time>
        <extensions>
          <ns3:TrackPointExtension>
            <ns3:atemp>22.0</ns3:atemp>
            <ns3:hr>185</ns3:hr>
          </ns3:TrackPointExtension>
        </extensions>
      </trkpt>
      <trkpt lat="48.2107019238173961639404296875" lon="-1.188591420650482177734375">
        <ele>92</ele>
        <time>2026-06-08T09:23:17.000Z</time>
        <extensions>
          <ns3:TrackPointExtension>
            <ns3:atemp>22.0</ns3:atemp>
            <ns3:hr>184</ns3:hr>
          </ns3:TrackPointExtension>
        </extensions>
      </trkpt>
      <trkpt lat="48.21085087023675441741943359375" lon="-1.18878177367150783538818359375">
        <ele>91.59999847412109375</ele>
        <time>2026-06-08T09:23:21.000Z</time>
        <extensions>
          <ns3:TrackPointExtension>
            <ns3:atemp>22.0</ns3:atemp>
            <ns3:hr>181</ns3:hr>
          </ns3:TrackPointExtension>
        </extensions>
      </trkpt>
      <trkpt lat="48.21114121936261653900146484375" lon="-1.18910045363008975982666015625">
        <ele>91.40000152587890625</ele>
        <time>2026-06-08T09:23:27.000Z</time>
        <extensions>
          <ns3:TrackPointExtension>
            <ns3:atemp>22.0</ns3:atemp>
            <ns3:hr>180</ns3:hr>
          </ns3:TrackPointExtension>
        </extensions>
      </trkpt>
      <trkpt lat="48.2115548662841320037841796875" lon="-1.1894953250885009765625">
        <ele>91.59999847412109375</ele>
        <time>2026-06-08T09:23:34.000Z</time>
        <extensions>
          <ns3:TrackPointExtension>
            <ns3:atemp>22.0</ns3:atemp>
            <ns3:hr>178</ns3:hr>
          </ns3:TrackPointExtension>
        </extensions>
      </trkpt>
      <trkpt lat="48.21198242716491222381591796875" lon="-1.1898113228380680084228515625">
        <ele>91.59999847412109375</ele>
        <time>2026-06-08T09:23:41.000Z</time>
        <extensions>
          <ns3:TrackPointExtension>
            <ns3:atemp>21.0</ns3:atemp>
            <ns3:hr>177</ns3:hr>
          </ns3:TrackPointExtension>
        </extensions>
      </trkpt>
      <trkpt lat="48.21210094727575778961181640625" lon="-1.189890615642070770263671875">
        <ele>91.59999847412109375</ele>
        <time>2026-06-08T09:23:43.000Z</time>
        <extensions>
          <ns3:TrackPointExtension>
            <ns3:atemp>21.0</ns3:atemp>
            <ns3:hr>176</ns3:hr>
          </ns3:TrackPointExtension>
        </extensions>
      </trkpt>
      <trkpt lat="48.2123414240777492523193359375" lon="-1.19003972969949245452880859375">
        <ele>91.8000030517578125</ele>
        <time>2026-06-08T09:23:47.000Z</time>
        <extensions>
          <ns3:TrackPointExtension>
            <ns3:atemp>21.0</ns3:atemp>
            <ns3:hr>173</ns3:hr>
          </ns3:TrackPointExtension>
        </extensions>
      </trkpt>
      <trkpt lat="48.21240194141864776611328125" lon="-1.19007308967411518096923828125">
        <ele>91.8000030517578125</ele>
        <time>2026-06-08T09:23:48.000Z</time>
        <extensions>
          <ns3:TrackPointExtension>
            <ns3:atemp>21.0</ns3:atemp>
            <ns3:hr>172</ns3:hr>
          </ns3:TrackPointExtension>
        </extensions>
      </trkpt>
      <trkpt lat="48.21259262971580028533935546875" lon="-1.1901737563312053680419921875">
        <ele>91.8000030517578125</ele>
        <time>2026-06-08T09:23:51.000Z</time>
        <extensions>
          <ns3:TrackPointExtension>
            <ns3:atemp>21.0</ns3:atemp>
            <ns3:hr>167</ns3:hr>
          </ns3:TrackPointExtension>
        </extensions>
      </trkpt>
      <trkpt lat="48.2129714079201221466064453125" lon="-1.1903281509876251220703125">
        <ele>92.59999847412109375</ele>
        <time>2026-06-08T09:23:57.000Z</time>
        <extensions>
          <ns3:TrackPointExtension>
            <ns3:atemp>21.0</ns3:atemp>
            <ns3:hr>167</ns3:hr>
          </ns3:TrackPointExtension>
        </extensions>
      </trkpt>
      <trkpt lat="48.21302815340459346771240234375" lon="-1.1903464235365390777587890625">
        <ele>92.8000030517578125</ele>
        <time>2026-06-08T09:23:58.000Z</time>
        <extensions>
          <ns3:TrackPointExtension>
            <ns3:atemp>21.0</ns3:atemp>
            <ns3:hr>167</ns3:hr>
          </ns3:TrackPointExtension>
        </extensions>
      </trkpt>
      <trkpt lat="48.21338631212711334228515625" lon="-1.1904486827552318572998046875">
        <ele>93.59999847412109375</ele>
        <time>2026-06-08T09:24:04.000Z</time>
        <extensions>
          <ns3:TrackPointExtension>
            <ns3:atemp>21.0</ns3:atemp>
            <ns3:hr>165</ns3:hr>
          </ns3:TrackPointExtension>
        </extensions>
      </trkpt>
      <trkpt lat="48.2135631702840328216552734375" lon="-1.19048438966274261474609375">
        <ele>93.8000030517578125</ele>
        <time>2026-06-08T09:24:07.000Z</time>
        <extensions>
          <ns3:TrackPointExtension>
            <ns3:atemp>21.0</ns3:atemp>
            <ns3:hr>165</ns3:hr>
          </ns3:TrackPointExtension>
        </extensions>
      </trkpt>
      <trkpt lat="48.21369476616382598876953125" lon="-1.1905154027044773101806640625">
        <ele>93.8000030517578125</ele>
        <time>2026-06-08T09:24:09.000Z</time>
        <extensions>
          <ns3:TrackPointExtension>
            <ns3:atemp>21.0</ns3:atemp>
            <ns3:hr>166</ns3:hr>
          </ns3:TrackPointExtension>
        </extensions>
      </trkpt>
      <trkpt lat="48.21376450359821319580078125" lon="-1.190524287521839141845703125">
        <ele>93.8000030517578125</ele>
        <time>2026-06-08T09:24:10.000Z</time>
        <extensions>
          <ns3:TrackPointExtension>
            <ns3:atemp>21.0</ns3:atemp>
            <ns3:hr>169</ns3:hr>
          </ns3:TrackPointExtension>
        </extensions>
      </trkpt>
      <trkpt lat="48.2138997875154018402099609375" lon="-1.190551780164241790771484375">
        <ele>94</ele>
        <time>2026-06-08T09:24:12.000Z</time>
        <extensions>
          <ns3:TrackPointExtension>
            <ns3:atemp>21.0</ns3:atemp>
            <ns3:hr>172</ns3:hr>
          </ns3:TrackPointExtension>
        </extensions>
      </trkpt>
      <trkpt lat="48.21410707198083400726318359375" lon="-1.19059628807008266448974609375">
        <ele>94.59999847412109375</ele>
        <time>2026-06-08T09:24:15.000Z</time>
        <extensions>
          <ns3:TrackPointExtension>
            <ns3:atemp>21.0</ns3:atemp>
            <ns3:hr>175</ns3:hr>
          </ns3:TrackPointExtension>
        </extensions>
      </trkpt>
      <trkpt lat="48.214319385588169097900390625" lon="-1.19064255617558956146240234375">
        <ele>95</ele>
        <time>2026-06-08T09:24:18.000Z</time>
        <extensions>
          <ns3:TrackPointExtension>
            <ns3:atemp>21.0</ns3:atemp>
            <ns3:hr>177</ns3:hr>
          </ns3:TrackPointExtension>
        </extensions>
      </trkpt>
      <trkpt lat="48.21445140056312084197998046875" lon="-1.19065261445939540863037109375">
        <ele>95.1999969482421875</ele>
        <time>2026-06-08T09:24:20.000Z</time>
        <extensions>
          <ns3:TrackPointExtension>
            <ns3:atemp>21.0</ns3:atemp>
            <ns3:hr>177</ns3:hr>
          </ns3:TrackPointExtension>
        </extensions>
      </trkpt>
      <trkpt lat="48.21474024094641208648681640625" lon="-1.19071497581899166107177734375">
        <ele>95.8000030517578125</ele>
        <time>2026-06-08T09:24:25.000Z</time>
        <extensions>
          <ns3:TrackPointExtension>
            <ns3:atemp>21.0</ns3:atemp>
            <ns3:hr>176</ns3:hr>
          </ns3:TrackPointExtension>
        </extensions>
      </trkpt>
      <trkpt lat="48.21478902362287044525146484375" lon="-1.19071531109511852264404296875">
        <ele>96</ele>
        <time>2026-06-08T09:24:26.000Z</time>
        <extensions>
          <ns3:TrackPointExtension>
            <ns3:atemp>21.0</ns3:atemp>
            <ns3:hr>172</ns3:hr>
          </ns3:TrackPointExtension>
        </extensions>
      </trkpt>
      <trkpt lat="48.21483495645225048065185546875" lon="-1.19072285480797290802001953125">
        <ele>96</ele>
        <time>2026-06-08T09:24:27.000Z</time>
        <extensions>
          <ns3:TrackPointExtension>
            <ns3:atemp>21.0</ns3:atemp>
            <ns3:hr>164</ns3:hr>
          </ns3:TrackPointExtension>
        </extensions>
      </trkpt>
      <trkpt lat="48.2148782908916473388671875" lon="-1.19072637520730495452880859375">
        <ele>96</ele>
        <time>2026-06-08T09:24:28.000Z</time>
        <extensions>
          <ns3:TrackPointExtension>
            <ns3:atemp>21.0</ns3:atemp>
            <ns3:hr>160</ns3:hr>
          </ns3:TrackPointExtension>
        </extensions>
      </trkpt>
      <trkpt lat="48.21492187678813934326171875" lon="-1.190735511481761932373046875">
        <ele>96</ele>
        <time>2026-06-08T09:24:29.000Z</time>
        <extensions>
          <ns3:TrackPointExtension>
            <ns3:atemp>21.0</ns3:atemp>
            <ns3:hr>152</ns3:hr>
          </ns3:TrackPointExtension>
        </extensions>
      </trkpt>
      <trkpt lat="48.21496336720883846282958984375" lon="-1.1907460726797580718994140625">
        <ele>96</ele>
        <time>2026-06-08T09:24:30.000Z</time>
        <extensions>
          <ns3:TrackPointExtension>
            <ns3:atemp>21.0</ns3:atemp>
            <ns3:hr>147</ns3:hr>
          </ns3:TrackPointExtension>
        </extensions>
      </trkpt>
      <trkpt lat="48.21500125341117382049560546875" lon="-1.19075353257358074188232421875">
        <ele>96</ele>
        <time>2026-06-08T09:24:31.000Z</time>
        <extensions>
          <ns3:TrackPointExtension>
            <ns3:atemp>21.0</ns3:atemp>
            <ns3:hr>143</ns3:hr>
          </ns3:TrackPointExtension>
        </extensions>
      </trkpt>
      <trkpt lat="48.21507685817778110504150390625" lon="-1.190777085721492767333984375">
        <ele>96.1999969482421875</ele>
        <time>2026-06-08T09:24:33.000Z</time>
        <extensions>
          <ns3:TrackPointExtension>
            <ns3:atemp>21.0</ns3:atemp>
            <ns3:hr>140</ns3:hr>
          </ns3:TrackPointExtension>
        </extensions>
      </trkpt>
      <trkpt lat="48.2152777723968029022216796875" lon="-1.190809272229671478271484375">
        <ele>97</ele>
        <time>2026-06-08T09:24:38.000Z</time>
        <extensions>
          <ns3:TrackPointExtension>
            <ns3:atemp>21.0</ns3:atemp>
            <ns3:hr>140</ns3:hr>
          </ns3:TrackPointExtension>
        </extensions>
      </trkpt>
      <trkpt lat="48.2153166644275188446044921875" lon="-1.190814971923828125">
        <ele>97</ele>
        <time>2026-06-08T09:24:39.000Z</time>
        <extensions>
          <ns3:TrackPointExtension>
            <ns3:atemp>21.0</ns3:atemp>
            <ns3:hr>140</ns3:hr>
          </ns3:TrackPointExtension>
        </extensions>
      </trkpt>
      <trkpt lat="48.21551070548593997955322265625" lon="-1.19083064608275890350341796875">
        <ele>97.8000030517578125</ele>
        <time>2026-06-08T09:24:45.000Z</time>
        <extensions>
          <ns3:TrackPointExtension>
            <ns3:atemp>21.0</ns3:atemp>
            <ns3:hr>139</ns3:hr>
          </ns3:TrackPointExtension>
        </extensions>
      </trkpt>
      <trkpt lat="48.2156569696962833404541015625" lon="-1.19083919562399387359619140625">
        <ele>98</ele>
        <time>2026-06-08T09:24:50.000Z</time>
        <extensions>
          <ns3:TrackPointExtension>
            <ns3:atemp>21.0</ns3:atemp>
            <ns3:hr>142</ns3:hr>
          </ns3:TrackPointExtension>
        </extensions>
      </trkpt>
      <trkpt lat="48.21572360582649707794189453125" lon="-1.19083106517791748046875">
        <ele>98.1999969482421875</ele>
        <time>2026-06-08T09:24:52.000Z</time>
        <extensions>
          <ns3:TrackPointExtension>
            <ns3:atemp>21.0</ns3:atemp>
            <ns3:hr>143</ns3:hr>
          </ns3:TrackPointExtension>
        </extensions>
      </trkpt>
      <trkpt lat="48.21578429080545902252197265625" lon="-1.19082595221698284149169921875">
        <ele>98.1999969482421875</ele>
        <time>2026-06-08T09:24:54.000Z</time>
        <extensions>
          <ns3:TrackPointExtension>
            <ns3:atemp>21.0</ns3:atemp>
            <ns3:hr>150</ns3:hr>
          </ns3:TrackPointExtension>
        </extensions>
      </trkpt>
      <trkpt lat="48.21581295691430568695068359375" lon="-1.1908189952373504638671875">
        <ele>98</ele>
        <time>2026-06-08T09:24:55.000Z</time>
        <extensions>
          <ns3:TrackPointExtension>
            <ns3:atemp>21.0</ns3:atemp>
            <ns3:hr>156</ns3:hr>
          </ns3:TrackPointExtension>
        </extensions>
      </trkpt>
      <trkpt lat="48.21584698744118213653564453125" lon="-1.19081027805805206298828125">
        <ele>98</ele>
        <time>2026-06-08T09:24:56.000Z</time>
        <extensions>
          <ns3:TrackPointExtension>
            <ns3:atemp>21.0</ns3:atemp>
            <ns3:hr>159</ns3:hr>
          </ns3:TrackPointExtension>
        </extensions>
      </trkpt>
      <trkpt lat="48.21587531827390193939208984375" lon="-1.19080047123134136199951171875">
        <ele>97.8000030517578125</ele>
        <time>2026-06-08T09:24:57.000Z</time>
        <extensions>
          <ns3:TrackPointExtension>
            <ns3:atemp>21.0</ns3:atemp>
            <ns3:hr>159</ns3:hr>
          </ns3:TrackPointExtension>
        </extensions>
      </trkpt>
      <trkpt lat="48.21591161191463470458984375" lon="-1.19080164469778537750244140625">
        <ele>97.8000030517578125</ele>
        <time>2026-06-08T09:24:58.000Z</time>
        <extensions>
          <ns3:TrackPointExtension>
            <ns3:atemp>21.0</ns3:atemp>
            <ns3:hr>159</ns3:hr>
          </ns3:TrackPointExtension>
        </extensions>
      </trkpt>
      <trkpt lat="48.21602568961679935455322265625" lon="-1.19075252674520015716552734375">
        <ele>98</ele>
        <time>2026-06-08T09:25:02.000Z</time>
        <extensions>
          <ns3:TrackPointExtension>
            <ns3:atemp>23.0</ns3:atemp>
            <ns3:hr>157</ns3:hr>
          </ns3:TrackPointExtension>
        </extensions>
      </trkpt>
      <trkpt lat="48.2160552777349948883056640625" lon="-1.190753281116485595703125">
        <ele>98</ele>
        <time>2026-06-08T09:25:03.000Z</time>
        <extensions>
          <ns3:TrackPointExtension>
            <ns3:atemp>21.0</ns3:atemp>
            <ns3:hr>157</ns3:hr>
          </ns3:TrackPointExtension>
        </extensions>
      </trkpt>
      <trkpt lat="48.21622534655034542083740234375" lon="-1.19070298969745635986328125">
        <ele>98.1999969482421875</ele>
        <time>2026-06-08T09:25:08.000Z</time>
        <extensions>
          <ns3:TrackPointExtension>
            <ns3:atemp>21.0</ns3:atemp>
            <ns3:hr>154</ns3:hr>
          </ns3:TrackPointExtension>
        </extensions>
      </trkpt>
      <trkpt lat="48.216320984065532684326171875" lon="-1.1906661093235015869140625">
        <ele>98.1999969482421875</ele>
        <time>2026-06-08T09:25:10.000Z</time>
        <extensions>
          <ns3:TrackPointExtension>
            <ns3:atemp>21.0</ns3:atemp>
            <ns3:hr>150</ns3:hr>
          </ns3:TrackPointExtension>
        </extensions>
      </trkpt>
      <trkpt lat="48.21647219359874725341796875" lon="-1.1905931867659091949462890625">
        <ele>98</ele>
        <time>2026-06-08T09:25:13.000Z</time>
        <extensions>
          <ns3:TrackPointExtension>
            <ns3:atemp>22.0</ns3:atemp>
            <ns3:hr>147</ns3:hr>
          </ns3:TrackPointExtension>
        </extensions>
      </trkpt>
      <trkpt lat="48.21670076809823513031005859375" lon="-1.190472654998302459716796875">
        <ele>97.8000030517578125</ele>
        <time>2026-06-08T09:25:17.000Z</time>
        <extensions>
          <ns3:TrackPointExtension>
            <ns3:atemp>21.0</ns3:atemp>
            <ns3:hr>144</ns3:hr>
          </ns3:TrackPointExtension>
        </extensions>
      </trkpt>
      <trkpt lat="48.21675575338304042816162109375" lon="-1.19043610990047454833984375">
        <ele>97.8000030517578125</ele>
        <time>2026-06-08T09:25:18.000Z</time>
        <extensions>
          <ns3:TrackPointExtension>
            <ns3:atemp>22.0</ns3:atemp>
            <ns3:hr>143</ns3:hr>
          </ns3:TrackPointExtension>
        </extensions>
      </trkpt>
      <trkpt lat="48.2170252315700054168701171875" lon="-1.19019043631851673126220703125">
        <ele>98.1999969482421875</ele>
        <time>2026-06-08T09:25:23.000Z</time>
        <extensions>
          <ns3:TrackPointExtension>
            <ns3:atemp>21.0</ns3:atemp>
            <ns3:hr>140</ns3:hr>
          </ns3:TrackPointExtension>
        </extensions>
      </trkpt>
      <trkpt lat="48.21707761846482753753662109375" lon="-1.19014014489948749542236328125">
        <ele>98.1999969482421875</ele>
        <time>2026-06-08T09:25:24.000Z</time>
        <extensions>
          <ns3:TrackPointExtension>
            <ns3:atemp>22.0</ns3:atemp>
            <ns3:hr>137</ns3:hr>
          </ns3:TrackPointExtension>
        </extensions>
      </trkpt>
      <trkpt lat="48.21734726428985595703125" lon="-1.18986588902771472930908203125">
        <ele>98.40000152587890625</ele>
        <time>2026-06-08T09:25:30.000Z</time>
        <extensions>
          <ns3:TrackPointExtension>
            <ns3:atemp>22.0</ns3:atemp>
            <ns3:hr>132</ns3:hr>
          </ns3:TrackPointExtension>
        </extensions>
      </trkpt>
      <trkpt lat="48.2174661196768283843994140625" lon="-1.18973412550985813140869140625">
        <ele>98.59999847412109375</ele>
        <time>2026-06-08T09:25:33.000Z</time>
        <extensions>
          <ns3:TrackPointExtension>
            <ns3:atemp>22.0</ns3:atemp>
            <ns3:hr>130</ns3:hr>
          </ns3:TrackPointExtension>
        </extensions>
      </trkpt>
      <trkpt lat="48.21758304722607135772705078125" lon="-1.18962474167346954345703125">
        <ele>98.1999969482421875</ele>
        <time>2026-06-08T09:25:36.000Z</time>
        <extensions>
          <ns3:TrackPointExtension>
            <ns3:atemp>22.0</ns3:atemp>
            <ns3:hr>131</ns3:hr>
          </ns3:TrackPointExtension>
        </extensions>
      </trkpt>
      <trkpt lat="48.217859566211700439453125" lon="-1.18932810612022876739501953125">
        <ele>98.40000152587890625</ele>
        <time>2026-06-08T09:25:43.000Z</time>
        <extensions>
          <ns3:TrackPointExtension>
            <ns3:atemp>22.0</ns3:atemp>
            <ns3:hr>132</ns3:hr>
          </ns3:TrackPointExtension>
        </extensions>
      </trkpt>
      <trkpt lat="48.21805796585977077484130859375" lon="-1.1891303770244121551513671875">
        <ele>98.59999847412109375</ele>
        <time>2026-06-08T09:25:49.000Z</time>
        <extensions>
          <ns3:TrackPointExtension>
            <ns3:atemp>22.0</ns3:atemp>
            <ns3:hr>134</ns3:hr>
          </ns3:TrackPointExtension>
        </extensions>
      </trkpt>
      <trkpt lat="48.21820280514657497406005859375" lon="-1.18900917470455169677734375">
        <ele>98.8000030517578125</ele>
        <time>2026-06-08T09:25:53.000Z</time>
        <extensions>
          <ns3:TrackPointExtension>
            <ns3:atemp>22.0</ns3:atemp>
            <ns3:hr>136</ns3:hr>
          </ns3:TrackPointExtension>
        </extensions>
      </trkpt>
      <trkpt lat="48.218250162899494171142578125" lon="-1.18897841311991214752197265625">
        <ele>98.8000030517578125</ele>
        <time>2026-06-08T09:25:54.000Z</time>
        <extensions>
          <ns3:TrackPointExtension>
            <ns3:atemp>22.0</ns3:atemp>
            <ns3:hr>136</ns3:hr>
          </ns3:TrackPointExtension>
        </extensions>
      </trkpt>
      <trkpt lat="48.21829567663371562957763671875" lon="-1.188931055366992950439453125">
        <ele>98.8000030517578125</ele>
        <time>2026-06-08T09:25:55.000Z</time>
        <extensions>
          <ns3:TrackPointExtension>
            <ns3:atemp>22.0</ns3:atemp>
            <ns3:hr>136</ns3:hr>
          </ns3:TrackPointExtension>
        </extensions>
      </trkpt>
      <trkpt lat="48.218458034098148345947265625" lon="-1.188753359019756317138671875">
        <ele>98.8000030517578125</ele>
        <time>2026-06-08T09:25:58.000Z</time>
        <extensions>
          <ns3:TrackPointExtension>
            <ns3:atemp>22.0</ns3:atemp>
            <ns3:hr>135</ns3:hr>
          </ns3:TrackPointExtension>
        </extensions>
      </trkpt>
      <trkpt lat="48.2186387479305267333984375" lon="-1.18856535293161869049072265625">
        <ele>99</ele>
        <time>2026-06-08T09:26:01.000Z</time>
        <extensions>
          <ns3:TrackPointExtension>
            <ns3:atemp>22.0</ns3:atemp>
            <ns3:hr>138</ns3:hr>
          </ns3:TrackPointExtension>
        </extensions>
      </trkpt>
      <trkpt lat="48.218701444566249847412109375" lon="-1.18849947117269039154052734375">
        <ele>99.1999969482421875</ele>
        <time>2026-06-08T09:26:02.000Z</time>
        <extensions>
          <ns3:TrackPointExtension>
            <ns3:atemp>22.0</ns3:atemp>
            <ns3:hr>139</ns3:hr>
          </ns3:TrackPointExtension>
        </extensions>
      </trkpt>
      <trkpt lat="48.21889246813952922821044921875" lon="-1.18830509483814239501953125">
        <ele>99.59999847412109375</ele>
        <time>2026-06-08T09:26:05.000Z</time>
        <extensions>
          <ns3:TrackPointExtension>
            <ns3:atemp>22.0</ns3:atemp>
            <ns3:hr>141</ns3:hr>
          </ns3:TrackPointExtension>
        </extensions>
      </trkpt>
      <trkpt lat="48.21913269348442554473876953125" lon="-1.18806294165551662445068359375">
        <ele>100.40000152587890625</ele>
        <time>2026-06-08T09:26:09.000Z</time>
        <extensions>
          <ns3:TrackPointExtension>
            <ns3:atemp>22.0</ns3:atemp>
            <ns3:hr>143</ns3:hr>
          </ns3:TrackPointExtension>
        </extensions>
      </trkpt>
      <trkpt lat="48.21918147616088390350341796875" lon="-1.18801550008356571197509765625">
        <ele>100.59999847412109375</ele>
        <time>2026-06-08T09:26:10.000Z</time>
        <extensions>
          <ns3:TrackPointExtension>
            <ns3:atemp>22.0</ns3:atemp>
            <ns3:hr>143</ns3:hr>
          </ns3:TrackPointExtension>
        </extensions>
      </trkpt>
      <trkpt lat="48.219368644058704376220703125" lon="-1.187827996909618377685546875">
        <ele>100.40000152587890625</ele>
        <time>2026-06-08T09:26:14.000Z</time>
        <extensions>
          <ns3:TrackPointExtension>
            <ns3:atemp>22.0</ns3:atemp>
            <ns3:hr>140</ns3:hr>
          </ns3:TrackPointExtension>
        </extensions>
      </trkpt>
      <trkpt lat="48.21940795518457889556884765625" lon="-1.18777812458574771881103515625">
        <ele>100.40000152587890625</ele>
        <time>2026-06-08T09:26:15.000Z</time>
        <extensions>
          <ns3:TrackPointExtension>
            <ns3:atemp>22.0</ns3:atemp>
            <ns3:hr>139</ns3:hr>
          </ns3:TrackPointExtension>
        </extensions>
      </trkpt>
      <trkpt lat="48.21951918303966522216796875" lon="-1.1876363866031169891357421875">
        <ele>101</ele>
        <time>2026-06-08T09:26:18.000Z</time>
        <extensions>
          <ns3:TrackPointExtension>
            <ns3:atemp>22.0</ns3:atemp>
            <ns3:hr>136</ns3:hr>
          </ns3:TrackPointExtension>
        </extensions>
      </trkpt>
      <trkpt lat="48.21959168650209903717041015625" lon="-1.187543012201786041259765625">
        <ele>101.40000152587890625</ele>
        <time>2026-06-08T09:26:20.000Z</time>
        <extensions>
          <ns3:TrackPointExtension>
            <ns3:atemp>22.0</ns3:atemp>
            <ns3:hr>136</ns3:hr>
          </ns3:TrackPointExtension>
        </extensions>
      </trkpt>
      <trkpt lat="48.21968975476920604705810546875" lon="-1.18737763725221157073974609375">
        <ele>101.1999969482421875</ele>
        <time>2026-06-08T09:26:24.000Z</time>
        <extensions>
          <ns3:TrackPointExtension>
            <ns3:atemp>22.0</ns3:atemp>
            <ns3:hr>134</ns3:hr>
          </ns3:TrackPointExtension>
        </extensions>
      </trkpt>
      <trkpt lat="48.2198308221995830535888671875" lon="-1.18719206191599369049072265625">
        <ele>101.40000152587890625</ele>
        <time>2026-06-08T09:26:30.000Z</time>
        <extensions>
          <ns3:TrackPointExtension>
            <ns3:atemp>22.0</ns3:atemp>
            <ns3:hr>134</ns3:hr>
          </ns3:TrackPointExtension>
        </extensions>
      </trkpt>
      <trkpt lat="48.21997641585767269134521484375" lon="-1.1870129406452178955078125">
        <ele>101.59999847412109375</ele>
        <time>2026-06-08T09:26:35.000Z</time>
        <extensions>
          <ns3:TrackPointExtension>
            <ns3:atemp>22.0</ns3:atemp>
            <ns3:hr>134</ns3:hr>
          </ns3:TrackPointExtension>
        </extensions>
      </trkpt>
      <trkpt lat="48.22013533674180507659912109375" lon="-1.18677346967160701751708984375">
        <ele>101.59999847412109375</ele>
        <time>2026-06-08T09:26:40.000Z</time>
        <extensions>
          <ns3:TrackPointExtension>
            <ns3:atemp>22.0</ns3:atemp>
            <ns3:hr>131</ns3:hr>
          </ns3:TrackPointExtension>
        </extensions>
      </trkpt>
      <trkpt lat="48.22016735561192035675048828125" lon="-1.186724938452243804931640625">
        <ele>101.8000030517578125</ele>
        <time>2026-06-08T09:26:41.000Z</time>
        <extensions>
          <ns3:TrackPointExtension>
            <ns3:atemp>22.0</ns3:atemp>
            <ns3:hr>129</ns3:hr>
          </ns3:TrackPointExtension>
        </extensions>
      </trkpt>
      <trkpt lat="48.220376484096050262451171875" lon="-1.18641539476811885833740234375">
        <ele>102</ele>
        <time>2026-06-08T09:26:48.000Z</time>
        <extensions>
          <ns3:TrackPointExtension>
            <ns3:atemp>22.0</ns3:atemp>
            <ns3:hr>128</ns3:hr>
          </ns3:TrackPointExtension>
        </extensions>
      </trkpt>
      <trkpt lat="48.22049693204462528228759765625" lon="-1.1862345971167087554931640625">
        <ele>102.1999969482421875</ele>
        <time>2026-06-08T09:26:53.000Z</time>
        <extensions>
          <ns3:TrackPointExtension>
            <ns3:atemp>22.0</ns3:atemp>
            <ns3:hr>140</ns3:hr>
          </ns3:TrackPointExtension>
        </extensions>
      </trkpt>
      <trkpt lat="48.22051889263093471527099609375" lon="-1.186191849410533905029296875">
        <ele>102.1999969482421875</ele>
        <time>2026-06-08T09:26:54.000Z</time>
        <extensions>
          <ns3:TrackPointExtension>
            <ns3:atemp>22.0</ns3:atemp>
            <ns3:hr>146</ns3:hr>
          </ns3:TrackPointExtension>
        </extensions>
      </trkpt>
      <trkpt lat="48.220569603145122528076171875" lon="-1.18610794655978679656982421875">
        <ele>102.40000152587890625</ele>
        <time>2026-06-08T09:26:56.000Z</time>
        <extensions>
          <ns3:TrackPointExtension>
            <ns3:atemp>22.0</ns3:atemp>
            <ns3:hr>150</ns3:hr>
          </ns3:TrackPointExtension>
        </extensions>
      </trkpt>
      <trkpt lat="48.22059717960655689239501953125" lon="-1.186067797243595123291015625">
        <ele>102.40000152587890625</ele>
        <time>2026-06-08T09:26:57.000Z</time>
        <extensions>
          <ns3:TrackPointExtension>
            <ns3:atemp>22.0</ns3:atemp>
            <ns3:hr>153</ns3:hr>
          </ns3:TrackPointExtension>
        </extensions>
      </trkpt>
      <trkpt lat="48.22068460285663604736328125" lon="-1.18593544699251651763916015625">
        <ele>102.40000152587890625</ele>
        <time>2026-06-08T09:27:00.000Z</time>
        <extensions>
          <ns3:TrackPointExtension>
            <ns3:atemp>22.0</ns3:atemp>
            <ns3:hr>156</ns3:hr>
          </ns3:TrackPointExtension>
        </extensions>
      </trkpt>
      <trkpt lat="48.22071368806064128875732421875" lon="-1.18589119054377079010009765625">
        <ele>102.40000152587890625</ele>
        <time>2026-06-08T09:27:01.000Z</time>
        <extensions>
          <ns3:TrackPointExtension>
            <ns3:atemp>22.0</ns3:atemp>
            <ns3:hr>156</ns3:hr>
          </ns3:TrackPointExtension>
        </extensions>
      </trkpt>
      <trkpt lat="48.22074084542691707611083984375" lon="-1.185843162238597869873046875">
        <ele>102.40000152587890625</ele>
        <time>2026-06-08T09:27:02.000Z</time>
        <extensions>
          <ns3:TrackPointExtension>
            <ns3:atemp>24.0</ns3:atemp>
            <ns3:hr>156</ns3:hr>
          </ns3:TrackPointExtension>
        </extensions>
      </trkpt>
      <trkpt lat="48.22077102027833461761474609375" lon="-1.18579295463860034942626953125">
        <ele>102.1999969482421875</ele>
        <time>2026-06-08T09:27:03.000Z</time>
        <extensions>
          <ns3:TrackPointExtension>
            <ns3:atemp>22.0</ns3:atemp>
            <ns3:hr>156</ns3:hr>
          </ns3:TrackPointExtension>
        </extensions>
      </trkpt>
      <trkpt lat="48.22080806829035282135009765625" lon="-1.18574836291372776031494140625">
        <ele>102.40000152587890625</ele>
        <time>2026-06-08T09:27:04.000Z</time>
        <extensions>
          <ns3:TrackPointExtension>
            <ns3:atemp>22.0</ns3:atemp>
            <ns3:hr>157</ns3:hr>
          </ns3:TrackPointExtension>
        </extensions>
      </trkpt>
      <trkpt lat="48.22093547321856021881103515625" lon="-1.18554619140923023223876953125">
        <ele>102.40000152587890625</ele>
        <time>2026-06-08T09:27:08.000Z</time>
        <extensions>
          <ns3:TrackPointExtension>
            <ns3:atemp>22.0</ns3:atemp>
            <ns3:hr>156</ns3:hr>
          </ns3:TrackPointExtension>
        </extensions>
      </trkpt>
      <trkpt lat="48.2210864312946796417236328125" lon="-1.1853097379207611083984375">
        <ele>101.8000030517578125</ele>
        <time>2026-06-08T09:27:12.000Z</time>
        <extensions>
          <ns3:TrackPointExtension>
            <ns3:atemp>22.0</ns3:atemp>
            <ns3:hr>156</ns3:hr>
          </ns3:TrackPointExtension>
        </extensions>
      </trkpt>
      <trkpt lat="48.2213160954415798187255859375" lon="-1.18495157919824123382568359375">
        <ele>102.40000152587890625</ele>
        <time>2026-06-08T09:27:17.000Z</time>
        <extensions>
          <ns3:TrackPointExtension>
            <ns3:atemp>22.0</ns3:atemp>
            <ns3:hr>156</ns3:hr>
          </ns3:TrackPointExtension>
        </extensions>
      </trkpt>
      <trkpt lat="48.22160183452069759368896484375" lon="-1.184594929218292236328125">
        <ele>102.59999847412109375</ele>
        <time>2026-06-08T09:27:23.000Z</time>
        <extensions>
          <ns3:TrackPointExtension>
            <ns3:atemp>22.0</ns3:atemp>
            <ns3:hr>157</ns3:hr>
          </ns3:TrackPointExtension>
        </extensions>
      </trkpt>
      <trkpt lat="48.22187743149697780609130859375" lon="-1.18430365808308124542236328125">
        <ele>103.1999969482421875</ele>
        <time>2026-06-08T09:27:30.000Z</time>
        <extensions>
          <ns3:TrackPointExtension>
            <ns3:atemp>22.0</ns3:atemp>
            <ns3:hr>160</ns3:hr>
          </ns3:TrackPointExtension>
        </extensions>
      </trkpt>
      <trkpt lat="48.22191749699413776397705078125" lon="-1.184270046651363372802734375">
        <ele>103.1999969482421875</ele>
        <time>2026-06-08T09:27:31.000Z</time>
        <extensions>
          <ns3:TrackPointExtension>
            <ns3:atemp>22.0</ns3:atemp>
            <ns3:hr>161</ns3:hr>
          </ns3:TrackPointExtension>
        </extensions>
      </trkpt>
      <trkpt lat="48.22199427522718906402587890625" lon="-1.18419821374118328094482421875">
        <ele>103.40000152587890625</ele>
        <time>2026-06-08T09:27:33.000Z</time>
        <extensions>
          <ns3:TrackPointExtension>
            <ns3:atemp>22.0</ns3:atemp>
            <ns3:hr>162</ns3:hr>
          </ns3:TrackPointExtension>
        </extensions>
      </trkpt>
      <trkpt lat="48.22207524441182613372802734375" lon="-1.1841441504657268524169921875">
        <ele>103.59999847412109375</ele>
        <time>2026-06-08T09:27:35.000Z</time>
        <extensions>
          <ns3:TrackPointExtension>
            <ns3:atemp>22.0</ns3:atemp>
            <ns3:hr>162</ns3:hr>
          </ns3:TrackPointExtension>
        </extensions>
      </trkpt>
      <trkpt lat="48.222209103405475616455078125" lon="-1.18405572138726711273193359375">
        <ele>104</ele>
        <time>2026-06-08T09:27:38.000Z</time>
        <extensions>
          <ns3:TrackPointExtension>
            <ns3:atemp>22.0</ns3:atemp>
            <ns3:hr>161</ns3:hr>
          </ns3:TrackPointExtension>
        </extensions>
      </trkpt>
      <trkpt lat="48.22230893187224864959716796875" lon="-1.1839981377124786376953125">
        <ele>104.1999969482421875</ele>
        <time>2026-06-08T09:27:40.000Z</time>
        <extensions>
          <ns3:TrackPointExtension>
            <ns3:atemp>22.0</ns3:atemp>
            <ns3:hr>161</ns3:hr>
          </ns3:TrackPointExtension>
        </extensions>
      </trkpt>
      <trkpt lat="48.22250423021614551544189453125" lon="-1.1839017458260059356689453125">
        <ele>104.1999969482421875</ele>
        <time>2026-06-08T09:27:43.000Z</time>
        <extensions>
          <ns3:TrackPointExtension>
            <ns3:atemp>22.0</ns3:atemp>
            <ns3:hr>161</ns3:hr>
          </ns3:TrackPointExtension>
        </extensions>
      </trkpt>
      <trkpt lat="48.22257631458342075347900390625" lon="-1.18388255126774311065673828125">
        <ele>104.1999969482421875</ele>
        <time>2026-06-08T09:27:44.000Z</time>
        <extensions>
          <ns3:TrackPointExtension>
            <ns3:atemp>22.0</ns3:atemp>
            <ns3:hr>161</ns3:hr>
          </ns3:TrackPointExtension>
        </extensions>
      </trkpt>
      <trkpt lat="48.22271930985152721405029296875" lon="-1.18383108638226985931396484375">
        <ele>104.40000152587890625</ele>
        <time>2026-06-08T09:27:46.000Z</time>
        <extensions>
          <ns3:TrackPointExtension>
            <ns3:atemp>22.0</ns3:atemp>
            <ns3:hr>163</ns3:hr>
          </ns3:TrackPointExtension>
        </extensions>
      </trkpt>
      <trkpt lat="48.222860880196094512939453125" lon="-1.18379361927509307861328125">
        <ele>104.59999847412109375</ele>
        <time>2026-06-08T09:27:48.000Z</time>
        <extensions>
          <ns3:TrackPointExtension>
            <ns3:atemp>22.0</ns3:atemp>
            <ns3:hr>164</ns3:hr>
          </ns3:TrackPointExtension>
        </extensions>
      </trkpt>
      <trkpt lat="48.223143853247165679931640625" lon="-1.18377945385873317718505859375">
        <ele>105.1999969482421875</ele>
        <time>2026-06-08T09:27:52.000Z</time>
        <extensions>
          <ns3:TrackPointExtension>
            <ns3:atemp>22.0</ns3:atemp>
            <ns3:hr>165</ns3:hr>
          </ns3:TrackPointExtension>
        </extensions>
      </trkpt>
      <trkpt lat="48.223272264003753662109375" lon="-1.183783896267414093017578125">
        <ele>105.59999847412109375</ele>
        <time>2026-06-08T09:27:54.000Z</time>
        <extensions>
          <ns3:TrackPointExtension>
            <ns3:atemp>22.0</ns3:atemp>
            <ns3:hr>165</ns3:hr>
          </ns3:TrackPointExtension>
        </extensions>
      </trkpt>
      <trkpt lat="48.2236449234187602996826171875" lon="-1.18380962871015071868896484375">
        <ele>106.40000152587890625</ele>
        <time>2026-06-08T09:28:00.000Z</time>
        <extensions>
          <ns3:TrackPointExtension>
            <ns3:atemp>22.0</ns3:atemp>
            <ns3:hr>164</ns3:hr>
          </ns3:TrackPointExtension>
        </extensions>
      </trkpt>
      <trkpt lat="48.22370837442576885223388671875" lon="-1.18380275554955005645751953125">
        <ele>106.59999847412109375</ele>
        <time>2026-06-08T09:28:01.000Z</time>
        <extensions>
          <ns3:TrackPointExtension>
            <ns3:atemp>22.0</ns3:atemp>
            <ns3:hr>163</ns3:hr>
          </ns3:TrackPointExtension>
        </extensions>
      </trkpt>
      <trkpt lat="48.22387685067951679229736328125" lon="-1.1838286556303501129150390625">
        <ele>106.8000030517578125</ele>
        <time>2026-06-08T09:28:04.000Z</time>
        <extensions>
          <ns3:TrackPointExtension>
            <ns3:atemp>22.0</ns3:atemp>
            <ns3:hr>163</ns3:hr>
          </ns3:TrackPointExtension>
        </extensions>
      </trkpt>
      <trkpt lat="48.22392781265079975128173828125" lon="-1.18382002227008342742919921875">
        <ele>106.8000030517578125</ele>
        <time>2026-06-08T09:28:05.000Z</time>
        <extensions>
          <ns3:TrackPointExtension>
            <ns3:atemp>22.0</ns3:atemp>
            <ns3:hr>162</ns3:hr>
          </ns3:TrackPointExtension>
        </extensions>
      </trkpt>
      <trkpt lat="48.224050104618072509765625" lon="-1.1838102154433727264404296875">
        <ele>107.1999969482421875</ele>
        <time>2026-06-08T09:28:08.000Z</time>
        <extensions>
          <ns3:TrackPointExtension>
            <ns3:atemp>22.0</ns3:atemp>
            <ns3:hr>159</ns3:hr>
          </ns3:TrackPointExtension>
        </extensions>
      </trkpt>
      <trkpt lat="48.2240970432758331298828125" lon="-1.18380610831081867218017578125">
        <ele>107.40000152587890625</ele>
        <time>2026-06-08T09:28:09.000Z</time>
        <extensions>
          <ns3:TrackPointExtension>
            <ns3:atemp>21.0</ns3:atemp>
            <ns3:hr>157</ns3:hr>
          </ns3:TrackPointExtension>
        </extensions>
      </trkpt>
      <trkpt lat="48.2241367734968662261962890625" lon="-1.18379487656056880950927734375">
        <ele>107.59999847412109375</ele>
        <time>2026-06-08T09:28:10.000Z</time>
        <extensions>
          <ns3:TrackPointExtension>
            <ns3:atemp>21.0</ns3:atemp>
            <ns3:hr>157</ns3:hr>
          </ns3:TrackPointExtension>
        </extensions>
      </trkpt>
      <trkpt lat="48.22432159446179866790771484375" lon="-1.183801330626010894775390625">
        <ele>108.40000152587890625</ele>
        <time>2026-06-08T09:28:14.000Z</time>
        <extensions>
          <ns3:TrackPointExtension>
            <ns3:atemp>21.0</ns3:atemp>
            <ns3:hr>157</ns3:hr>
          </ns3:TrackPointExtension>
        </extensions>
      </trkpt>
      <trkpt lat="48.224432654678821563720703125" lon="-1.18379135616123676300048828125">
        <ele>108.59999847412109375</ele>
        <time>2026-06-08T09:28:16.000Z</time>
        <extensions>
          <ns3:TrackPointExtension>
            <ns3:atemp>21.0</ns3:atemp>
            <ns3:hr>157</ns3:hr>
          </ns3:TrackPointExtension>
        </extensions>
      </trkpt>
      <trkpt lat="48.22448269464075565338134765625" lon="-1.1838051863014698028564453125">
        <ele>108.8000030517578125</ele>
        <time>2026-06-08T09:28:17.000Z</time>
        <extensions>
          <ns3:TrackPointExtension>
            <ns3:atemp>22.0</ns3:atemp>
            <ns3:hr>157</ns3:hr>
          </ns3:TrackPointExtension>
        </extensions>
      </trkpt>
      <trkpt lat="48.224568776786327362060546875" lon="-1.183806359767913818359375">
        <ele>109</ele>
        <time>2026-06-08T09:28:19.000Z</time>
        <extensions>
          <ns3:TrackPointExtension>
            <ns3:atemp>21.0</ns3:atemp>
            <ns3:hr>157</ns3:hr>
          </ns3:TrackPointExtension>
        </extensions>
      </trkpt>
      <trkpt lat="48.2247298769652843475341796875" lon="-1.18380962871015071868896484375">
        <ele>109.59999847412109375</ele>
        <time>2026-06-08T09:28:23.000Z</time>
        <extensions>
          <ns3:TrackPointExtension>
            <ns3:atemp>21.0</ns3:atemp>
            <ns3:hr>157</ns3:hr>
          </ns3:TrackPointExtension>
        </extensions>
      </trkpt>
      <trkpt lat="48.22476868517696857452392578125" lon="-1.1838125623762607574462890625">
        <ele>109.8000030517578125</ele>
        <time>2026-06-08T09:28:24.000Z</time>
        <extensions>
          <ns3:TrackPointExtension>
            <ns3:atemp>22.0</ns3:atemp>
            <ns3:hr>164</ns3:hr>
          </ns3:TrackPointExtension>
        </extensions>
      </trkpt>
      <trkpt lat="48.22481897659599781036376953125" lon="-1.18381247855722904205322265625">
        <ele>110</ele>
        <time>2026-06-08T09:28:25.000Z</time>
        <extensions>
          <ns3:TrackPointExtension>
            <ns3:atemp>21.0</ns3:atemp>
            <ns3:hr>170</ns3:hr>
          </ns3:TrackPointExtension>
        </extensions>
      </trkpt>
      <trkpt lat="48.224861808121204376220703125" lon="-1.1838102154433727264404296875">
        <ele>110</ele>
        <time>2026-06-08T09:28:26.000Z</time>
        <extensions>
          <ns3:TrackPointExtension>
            <ns3:atemp>21.0</ns3:atemp>
            <ns3:hr>170</ns3:hr>
          </ns3:TrackPointExtension>
        </extensions>
      </trkpt>
      <trkpt lat="48.22495476342737674713134765625" lon="-1.18379722349345684051513671875">
        <ele>110.40000152587890625</ele>
        <time>2026-06-08T09:28:28.000Z</time>
        <extensions>
          <ns3:TrackPointExtension>
            <ns3:atemp>21.0</ns3:atemp>
            <ns3:hr>172</ns3:hr>
          </ns3:TrackPointExtension>
        </extensions>
      </trkpt>
      <trkpt lat="48.2251174561679363250732421875" lon="-1.18374978192150592803955078125">
        <ele>110.59999847412109375</ele>
        <time>2026-06-08T09:28:31.000Z</time>
        <extensions>
          <ns3:TrackPointExtension>
            <ns3:atemp>21.0</ns3:atemp>
            <ns3:hr>174</ns3:hr>
          </ns3:TrackPointExtension>
        </extensions>
      </trkpt>
      <trkpt lat="48.2253323681652545928955078125" lon="-1.1836476065218448638916015625">
        <ele>110.8000030517578125</ele>
        <time>2026-06-08T09:28:35.000Z</time>
        <extensions>
          <ns3:TrackPointExtension>
            <ns3:atemp>21.0</ns3:atemp>
            <ns3:hr>175</ns3:hr>
          </ns3:TrackPointExtension>
        </extensions>
      </trkpt>
      <trkpt lat="48.22543806396424770355224609375" lon="-1.1835989914834499359130859375">
        <ele>111</ele>
        <time>2026-06-08T09:28:37.000Z</time>
        <extensions>
          <ns3:TrackPointExtension>
            <ns3:atemp>22.0</ns3:atemp>
            <ns3:hr>175</ns3:hr>
          </ns3:TrackPointExtension>
        </extensions>
      </trkpt>
      <trkpt lat="48.22564543224871158599853515625" lon="-1.183476783335208892822265625">
        <ele>111.1999969482421875</ele>
        <time>2026-06-08T09:28:42.000Z</time>
        <extensions>
          <ns3:TrackPointExtension>
            <ns3:atemp>22.0</ns3:atemp>
            <ns3:hr>175</ns3:hr>
          </ns3:TrackPointExtension>
        </extensions>
      </trkpt>
      <trkpt lat="48.2257197797298431396484375" lon="-1.1834461055696010589599609375">
        <ele>111.40000152587890625</ele>
        <time>2026-06-08T09:28:45.000Z</time>
        <extensions>
          <ns3:TrackPointExtension>
            <ns3:atemp>22.0</ns3:atemp>
            <ns3:hr>173</ns3:hr>
          </ns3:TrackPointExtension>
        </extensions>
      </trkpt>
      <trkpt lat="48.22572355158627033233642578125" lon="-1.18344032205641269683837890625">
        <ele>111.59999847412109375</ele>
        <time>2026-06-08T09:28:47.000Z</time>
        <extensions>
          <ns3:TrackPointExtension>
            <ns3:atemp>22.0</ns3:atemp>
            <ns3:hr>171</ns3:hr>
          </ns3:TrackPointExtension>
        </extensions>
      </trkpt>
      <trkpt lat="48.22575255297124385833740234375" lon="-1.18342121131718158721923828125">
        <ele>112.59999847412109375</ele>
        <time>2026-06-08T09:32:51.000Z</time>
        <extensions>
          <ns3:TrackPointExtension>
            <ns3:atemp>27.0</ns3:atemp>
            <ns3:hr>119</ns3:hr>
          </ns3:TrackPointExtension>
        </extensions>
      </trkpt>
      <trkpt lat="48.22576546110212802886962890625" lon="-1.18341785855591297149658203125">
        <ele>112.59999847412109375</ele>
        <time>2026-06-08T09:32:52.000Z</time>
        <extensions>
          <ns3:TrackPointExtension>
            <ns3:atemp>27.0</ns3:atemp>
            <ns3:hr>119</ns3:hr>
          </ns3:TrackPointExtension>
        </extensions>
      </trkpt>
      <trkpt lat="48.22587735950946807861328125" lon="-1.18337159045040607452392578125">
        <ele>112.59999847412109375</ele>
        <time>2026-06-08T09:32:58.000Z</time>
        <extensions>
          <ns3:TrackPointExtension>
            <ns3:atemp>27.0</ns3:atemp>
            <ns3:hr>120</ns3:hr>
          </ns3:TrackPointExtension>
        </extensions>
      </trkpt>
      <trkpt lat="48.226014487445354461669921875" lon="-1.1832731030881404876708984375">
        <ele>112.8000030517578125</ele>
        <time>2026-06-08T09:33:02.000Z</time>
        <extensions>
          <ns3:TrackPointExtension>
            <ns3:atemp>29.0</ns3:atemp>
            <ns3:hr>118</ns3:hr>
          </ns3:TrackPointExtension>
        </extensions>
      </trkpt>
      <trkpt lat="48.22604659013450145721435546875" lon="-1.18325047194957733154296875">
        <ele>112.8000030517578125</ele>
        <time>2026-06-08T09:33:03.000Z</time>
        <extensions>
          <ns3:TrackPointExtension>
            <ns3:atemp>27.0</ns3:atemp>
            <ns3:hr>119</ns3:hr>
          </ns3:TrackPointExtension>
        </extensions>
      </trkpt>
      <trkpt lat="48.22619645856320858001708984375" lon="-1.18310085497796535491943359375">
        <ele>112.8000030517578125</ele>
        <time>2026-06-08T09:33:07.000Z</time>
        <extensions>
          <ns3:TrackPointExtension>
            <ns3:atemp>27.0</ns3:atemp>
            <ns3:hr>118</ns3:hr>
          </ns3:TrackPointExtension>
        </extensions>
      </trkpt>
      <trkpt lat="48.22648890316486358642578125" lon="-1.1827482283115386962890625">
        <ele>113</ele>
        <time>2026-06-08T09:33:14.000Z</time>
        <extensions>
          <ns3:TrackPointExtension>
            <ns3:atemp>27.0</ns3:atemp>
            <ns3:hr>117</ns3:hr>
          </ns3:TrackPointExtension>
        </extensions>
      </trkpt>
      <trkpt lat="48.22678788565099239349365234375" lon="-1.18229149840772151947021484375">
        <ele>112.8000030517578125</ele>
        <time>2026-06-08T09:33:21.000Z</time>
        <extensions>
          <ns3:TrackPointExtension>
            <ns3:atemp>27.0</ns3:atemp>
            <ns3:hr>121</ns3:hr>
          </ns3:TrackPointExtension>
        </extensions>
      </trkpt>
      <trkpt lat="48.2270509935915470123291015625" lon="-1.181819848716259002685546875">
        <ele>112.8000030517578125</ele>
        <time>2026-06-08T09:33:27.000Z</time>
        <extensions>
          <ns3:TrackPointExtension>
            <ns3:atemp>27.0</ns3:atemp>
            <ns3:hr>123</ns3:hr>
          </ns3:TrackPointExtension>
        </extensions>
      </trkpt>
      <trkpt lat="48.22723363526165485382080078125" lon="-1.18151684291660785675048828125">
        <ele>112.40000152587890625</ele>
        <time>2026-06-08T09:33:31.000Z</time>
        <extensions>
          <ns3:TrackPointExtension>
            <ns3:atemp>27.0</ns3:atemp>
            <ns3:hr>126</ns3:hr>
          </ns3:TrackPointExtension>
        </extensions>
      </trkpt>
      <trkpt lat="48.2274134270846843719482421875" lon="-1.1811893619596958160400390625">
        <ele>111.8000030517578125</ele>
        <time>2026-06-08T09:33:35.000Z</time>
        <extensions>
          <ns3:TrackPointExtension>
            <ns3:atemp>27.0</ns3:atemp>
            <ns3:hr>129</ns3:hr>
          </ns3:TrackPointExtension>
        </extensions>
      </trkpt>
      <trkpt lat="48.22746078483760356903076171875" lon="-1.1811129190027713775634765625">
        <ele>112</ele>
        <time>2026-06-08T09:33:36.000Z</time>
        <extensions>
          <ns3:TrackPointExtension>
            <ns3:atemp>27.0</ns3:atemp>
            <ns3:hr>131</ns3:hr>
          </ns3:TrackPointExtension>
        </extensions>
      </trkpt>
      <trkpt lat="48.22756002657115459442138671875" lon="-1.18097201921045780181884765625">
        <ele>112.40000152587890625</ele>
        <time>2026-06-08T09:33:38.000Z</time>
        <extensions>
          <ns3:TrackPointExtension>
            <ns3:atemp>27.0</ns3:atemp>
            <ns3:hr>134</ns3:hr>
          </ns3:TrackPointExtension>
        </extensions>
      </trkpt>
      <trkpt lat="48.2277114875614643096923828125" lon="-1.180765740573406219482421875">
        <ele>112.1999969482421875</ele>
        <time>2026-06-08T09:33:41.000Z</time>
        <extensions>
          <ns3:TrackPointExtension>
            <ns3:atemp>27.0</ns3:atemp>
            <ns3:hr>137</ns3:hr>
          </ns3:TrackPointExtension>
        </extensions>
      </trkpt>
      <trkpt lat="48.2277641259133815765380859375" lon="-1.18070279248058795928955078125">
        <ele>112</ele>
        <time>2026-06-08T09:33:42.000Z</time>
        <extensions>
          <ns3:TrackPointExtension>
            <ns3:atemp>27.0</ns3:atemp>
            <ns3:hr>137</ns3:hr>
          </ns3:TrackPointExtension>
        </extensions>
      </trkpt>
      <trkpt lat="48.22792044840753078460693359375" lon="-1.1805141158401966094970703125">
        <ele>112</ele>
        <time>2026-06-08T09:33:45.000Z</time>
        <extensions>
          <ns3:TrackPointExtension>
            <ns3:atemp>27.0</ns3:atemp>
            <ns3:hr>134</ns3:hr>
          </ns3:TrackPointExtension>
        </extensions>
      </trkpt>
      <trkpt lat="48.2279706560075283050537109375" lon="-1.18045669980347156524658203125">
        <ele>112</ele>
        <time>2026-06-08T09:33:46.000Z</time>
        <extensions>
          <ns3:TrackPointExtension>
            <ns3:atemp>27.0</ns3:atemp>
            <ns3:hr>131</ns3:hr>
          </ns3:TrackPointExtension>
        </extensions>
      </trkpt>
      <trkpt lat="48.2280211150646209716796875" lon="-1.18040339089930057525634765625">
        <ele>112</ele>
        <time>2026-06-08T09:33:47.000Z</time>
        <extensions>
          <ns3:TrackPointExtension>
            <ns3:atemp>27.0</ns3:atemp>
            <ns3:hr>130</ns3:hr>
          </ns3:TrackPointExtension>
        </extensions>
      </trkpt>
      <trkpt lat="48.2280725799500942230224609375" lon="-1.1803530156612396240234375">
        <ele>112.1999969482421875</ele>
        <time>2026-06-08T09:33:48.000Z</time>
        <extensions>
          <ns3:TrackPointExtension>
            <ns3:atemp>27.0</ns3:atemp>
            <ns3:hr>133</ns3:hr>
          </ns3:TrackPointExtension>
        </extensions>
      </trkpt>
      <trkpt lat="48.22812261991202831268310546875" lon="-1.180301718413829803466796875">
        <ele>112.1999969482421875</ele>
        <time>2026-06-08T09:33:49.000Z</time>
        <extensions>
          <ns3:TrackPointExtension>
            <ns3:atemp>27.0</ns3:atemp>
            <ns3:hr>139</ns3:hr>
          </ns3:TrackPointExtension>
        </extensions>
      </trkpt>
      <trkpt lat="48.22817995212972164154052734375" lon="-1.1802505888044834136962890625">
        <ele>112.1999969482421875</ele>
        <time>2026-06-08T09:33:50.000Z</time>
        <extensions>
          <ns3:TrackPointExtension>
            <ns3:atemp>27.0</ns3:atemp>
            <ns3:hr>139</ns3:hr>
          </ns3:TrackPointExtension>
        </extensions>
      </trkpt>
      <trkpt lat="48.22823409922420978546142578125" lon="-1.1802106909453868865966796875">
        <ele>112.40000152587890625</ele>
        <time>2026-06-08T09:33:51.000Z</time>
        <extensions>
          <ns3:TrackPointExtension>
            <ns3:atemp>27.0</ns3:atemp>
            <ns3:hr>140</ns3:hr>
          </ns3:TrackPointExtension>
        </extensions>
      </trkpt>
      <trkpt lat="48.228290341794490814208984375" lon="-1.18017523549497127532958984375">
        <ele>112.40000152587890625</ele>
        <time>2026-06-08T09:33:52.000Z</time>
        <extensions>
          <ns3:TrackPointExtension>
            <ns3:atemp>27.0</ns3:atemp>
            <ns3:hr>141</ns3:hr>
          </ns3:TrackPointExtension>
        </extensions>
      </trkpt>
      <trkpt lat="48.22868839837610721588134765625" lon="-1.17994724772870540618896484375">
        <ele>112.40000152587890625</ele>
        <time>2026-06-08T09:33:59.000Z</time>
        <extensions>
          <ns3:TrackPointExtension>
            <ns3:atemp>27.0</ns3:atemp>
            <ns3:hr>141</ns3:hr>
          </ns3:TrackPointExtension>
        </extensions>
      </trkpt>
      <trkpt lat="48.22897908277809619903564453125" lon="-1.17983375675976276397705078125">
        <ele>112.59999847412109375</ele>
        <time>2026-06-08T09:34:04.000Z</time>
        <extensions>
          <ns3:TrackPointExtension>
            <ns3:atemp>27.0</ns3:atemp>
            <ns3:hr>145</ns3:hr>
          </ns3:TrackPointExtension>
        </extensions>
      </trkpt>
      <trkpt lat="48.22910003364086151123046875" lon="-1.17979033850133419036865234375">
        <ele>112.8000030517578125</ele>
        <time>2026-06-08T09:34:06.000Z</time>
        <extensions>
          <ns3:TrackPointExtension>
            <ns3:atemp>27.0</ns3:atemp>
            <ns3:hr>146</ns3:hr>
          </ns3:TrackPointExtension>
        </extensions>
      </trkpt>
      <trkpt lat="48.22947897948324680328369140625" lon="-1.179657988250255584716796875">
        <ele>112.59999847412109375</ele>
        <time>2026-06-08T09:34:13.000Z</time>
        <extensions>
          <ns3:TrackPointExtension>
            <ns3:atemp>27.0</ns3:atemp>
            <ns3:hr>147</ns3:hr>
          </ns3:TrackPointExtension>
        </extensions>
      </trkpt>
      <trkpt lat="48.229516111314296722412109375" lon="-1.17974775843322277069091796875">
        <ele>111.8000030517578125</ele>
        <time>2026-06-08T09:34:15.000Z</time>
        <extensions>
          <ns3:TrackPointExtension>
            <ns3:atemp>27.0</ns3:atemp>
            <ns3:hr>147</ns3:hr>
          </ns3:TrackPointExtension>
        </extensions>
      </trkpt>
      <trkpt lat="48.22953614406287670135498046875" lon="-1.17981397546827793121337890625">
        <ele>111.1999969482421875</ele>
        <time>2026-06-08T09:34:16.000Z</time>
        <extensions>
          <ns3:TrackPointExtension>
            <ns3:atemp>27.0</ns3:atemp>
            <ns3:hr>146</ns3:hr>
          </ns3:TrackPointExtension>
        </extensions>
      </trkpt>
      <trkpt lat="48.22956363670527935028076171875" lon="-1.17987885139882564544677734375">
        <ele>110.59999847412109375</ele>
        <time>2026-06-08T09:34:17.000Z</time>
        <extensions>
          <ns3:TrackPointExtension>
            <ns3:atemp>27.0</ns3:atemp>
            <ns3:hr>146</ns3:hr>
          </ns3:TrackPointExtension>
        </extensions>
      </trkpt>
      <trkpt lat="48.22960739023983478546142578125" lon="-1.180003993213176727294921875">
        <ele>109.59999847412109375</ele>
        <time>2026-06-08T09:34:19.000Z</time>
        <extensions>
          <ns3:TrackPointExtension>
            <ns3:atemp>27.0</ns3:atemp>
            <ns3:hr>145</ns3:hr>
          </ns3:TrackPointExtension>
        </extensions>
      </trkpt>
      <trkpt lat="48.229602612555027008056640625" lon="-1.18003844283521175384521484375">
        <ele>109.40000152587890625</ele>
        <time>2026-06-08T09:34:20.000Z</time>
        <extensions>
          <ns3:TrackPointExtension>
            <ns3:atemp>27.0</ns3:atemp>
            <ns3:hr>144</ns3:hr>
          </ns3:TrackPointExtension>
        </extensions>
      </trkpt>
      <trkpt lat="48.2296021096408367156982421875" lon="-1.18003810755908489227294921875">
        <ele>109.8000030517578125</ele>
        <time>2026-06-08T09:34:24.000Z</time>
        <extensions>
          <ns3:TrackPointExtension>
            <ns3:atemp>27.0</ns3:atemp>
            <ns3:hr>141</ns3:hr>
          </ns3:TrackPointExtension>
        </extensions>
      </trkpt>
      <trkpt lat="48.22960831224918365478515625" lon="-1.18010784499347209930419921875">
        <ele>110.1999969482421875</ele>
        <time>2026-06-08T09:34:38.000Z</time>
        <extensions>
          <ns3:TrackPointExtension>
            <ns3:atemp>27.0</ns3:atemp>
            <ns3:hr>133</ns3:hr>
          </ns3:TrackPointExtension>
        </extensions>
      </trkpt>
      <trkpt lat="48.229601271450519561767578125" lon="-1.1801054142415523529052734375">
        <ele>110</ele>
        <time>2026-06-08T09:34:39.000Z</time>
        <extensions>
          <ns3:TrackPointExtension>
            <ns3:atemp>27.0</ns3:atemp>
            <ns3:hr>134</ns3:hr>
          </ns3:TrackPointExtension>
        </extensions>
      </trkpt>
      <trkpt lat="48.22959984652698040008544921875" lon="-1.18010013364255428314208984375">
        <ele>109.8000030517578125</ele>
        <time>2026-06-08T09:34:40.000Z</time>
        <extensions>
          <ns3:TrackPointExtension>
            <ns3:atemp>27.0</ns3:atemp>
            <ns3:hr>133</ns3:hr>
          </ns3:TrackPointExtension>
        </extensions>
      </trkpt>
      <trkpt lat="48.22960118763148784637451171875" lon="-1.1801013909280300140380859375">
        <ele>109.8000030517578125</ele>
        <time>2026-06-08T09:34:41.000Z</time>
        <extensions>
          <ns3:TrackPointExtension>
            <ns3:atemp>27.0</ns3:atemp>
            <ns3:hr>133</ns3:hr>
          </ns3:TrackPointExtension>
        </extensions>
      </trkpt>
      <trkpt lat="48.2295917160809040069580078125" lon="-1.18005218915641307830810546875">
        <ele>107</ele>
        <time>2026-06-08T12:18:36.000Z</time>
        <extensions>
          <ns3:TrackPointExtension>
            <ns3:atemp>24.0</ns3:atemp>
            <ns3:hr>92</ns3:hr>
          </ns3:TrackPointExtension>
        </extensions>
      </trkpt>
      <trkpt lat="48.2295890338718891143798828125" lon="-1.1800299771130084991455078125">
        <ele>107</ele>
        <time>2026-06-08T12:18:37.000Z</time>
        <extensions>
          <ns3:TrackPointExtension>
            <ns3:atemp>24.0</ns3:atemp>
            <ns3:hr>92</ns3:hr>
          </ns3:TrackPointExtension>
        </extensions>
      </trkpt>
      <trkpt lat="48.229586184024810791015625" lon="-1.18001438677310943603515625">
        <ele>107</ele>
        <time>2026-06-08T12:18:38.000Z</time>
        <extensions>
          <ns3:TrackPointExtension>
            <ns3:atemp>24.0</ns3:atemp>
            <ns3:hr>93</ns3:hr>
          </ns3:TrackPointExtension>
        </extensions>
      </trkpt>
      <trkpt lat="48.229580819606781005859375" lon="-1.18000893853604793548583984375">
        <ele>107.1999969482421875</ele>
        <time>2026-06-08T12:18:40.000Z</time>
        <extensions>
          <ns3:TrackPointExtension>
            <ns3:atemp>24.0</ns3:atemp>
            <ns3:hr>93</ns3:hr>
          </ns3:TrackPointExtension>
        </extensions>
      </trkpt>
      <trkpt lat="48.22958710603415966033935546875" lon="-1.17997993715107440948486328125">
        <ele>107.40000152587890625</ele>
        <time>2026-06-08T12:18:51.000Z</time>
        <extensions>
          <ns3:TrackPointExtension>
            <ns3:atemp>24.0</ns3:atemp>
            <ns3:hr>97</ns3:hr>
          </ns3:TrackPointExtension>
        </extensions>
      </trkpt>
      <trkpt lat="48.22956145741045475006103515625" lon="-1.17992050945758819580078125">
        <ele>107.40000152587890625</ele>
        <time>2026-06-08T12:18:54.000Z</time>
        <extensions>
          <ns3:TrackPointExtension>
            <ns3:atemp>24.0</ns3:atemp>
            <ns3:hr>97</ns3:hr>
          </ns3:TrackPointExtension>
        </extensions>
      </trkpt>
      <trkpt lat="48.22956405580043792724609375" lon="-1.17983660660684108734130859375">
        <ele>107.59999847412109375</ele>
        <time>2026-06-08T12:18:58.000Z</time>
        <extensions>
          <ns3:TrackPointExtension>
            <ns3:atemp>24.0</ns3:atemp>
            <ns3:hr>98</ns3:hr>
          </ns3:TrackPointExtension>
        </extensions>
      </trkpt>
      <trkpt lat="48.229563049972057342529296875" lon="-1.17983258329331874847412109375">
        <ele>107.59999847412109375</ele>
        <time>2026-06-08T12:18:59.000Z</time>
        <extensions>
          <ns3:TrackPointExtension>
            <ns3:atemp>24.0</ns3:atemp>
            <ns3:hr>98</ns3:hr>
          </ns3:TrackPointExtension>
        </extensions>
      </trkpt>
      <trkpt lat="48.2295930571854114532470703125" lon="-1.1797352693974971771240234375">
        <ele>108.40000152587890625</ele>
        <time>2026-06-08T12:25:18.000Z</time>
        <extensions>
          <ns3:TrackPointExtension>
            <ns3:atemp>25.0</ns3:atemp>
            <ns3:hr>103</ns3:hr>
          </ns3:TrackPointExtension>
        </extensions>
      </trkpt>
      <trkpt lat="48.2296223938465118408203125" lon="-1.17972713895142078399658203125">
        <ele>108.40000152587890625</ele>
        <time>2026-06-08T12:25:19.000Z</time>
        <extensions>
          <ns3:TrackPointExtension>
            <ns3:atemp>25.0</ns3:atemp>
            <ns3:hr>103</ns3:hr>
          </ns3:TrackPointExtension>
        </extensions>
      </trkpt>
      <trkpt lat="48.22976061142981052398681640625" lon="-1.17962756194174289703369140625">
        <ele>109</ele>
        <time>2026-06-08T12:25:24.000Z</time>
        <extensions>
          <ns3:TrackPointExtension>
            <ns3:atemp>25.0</ns3:atemp>
            <ns3:hr>105</ns3:hr>
          </ns3:TrackPointExtension>
        </extensions>
      </trkpt>
      <trkpt lat="48.22979204356670379638671875" lon="-1.1795907653868198394775390625">
        <ele>109.1999969482421875</ele>
        <time>2026-06-08T12:25:26.000Z</time>
        <extensions>
          <ns3:TrackPointExtension>
            <ns3:atemp>25.0</ns3:atemp>
            <ns3:hr>105</ns3:hr>
          </ns3:TrackPointExtension>
        </extensions>
      </trkpt>
      <trkpt lat="48.22980235330760478973388671875" lon="-1.17957090027630329132080078125">
        <ele>109.40000152587890625</ele>
        <time>2026-06-08T12:25:27.000Z</time>
        <extensions>
          <ns3:TrackPointExtension>
            <ns3:atemp>25.0</ns3:atemp>
            <ns3:hr>104</ns3:hr>
          </ns3:TrackPointExtension>
        </extensions>
      </trkpt>
      <trkpt lat="48.229823894798755645751953125" lon="-1.1795300804078578948974609375">
        <ele>109.40000152587890625</ele>
        <time>2026-06-08T12:25:29.000Z</time>
        <extensions>
          <ns3:TrackPointExtension>
            <ns3:atemp>25.0</ns3:atemp>
            <ns3:hr>105</ns3:hr>
          </ns3:TrackPointExtension>
        </extensions>
      </trkpt>
      <trkpt lat="48.22987661696970462799072265625" lon="-1.17946545593440532684326171875">
        <ele>109.59999847412109375</ele>
        <time>2026-06-08T12:25:34.000Z</time>
        <extensions>
          <ns3:TrackPointExtension>
            <ns3:atemp>25.0</ns3:atemp>
            <ns3:hr>105</ns3:hr>
          </ns3:TrackPointExtension>
        </extensions>
      </trkpt>
      <trkpt lat="48.22990612126886844635009765625" lon="-1.17948104627430438995361328125">
        <ele>109.59999847412109375</ele>
        <time>2026-06-08T12:25:36.000Z</time>
        <extensions>
          <ns3:TrackPointExtension>
            <ns3:atemp>25.0</ns3:atemp>
            <ns3:hr>104</ns3:hr>
          </ns3:TrackPointExtension>
        </extensions>
      </trkpt>
      <trkpt lat="48.2299554906785488128662109375" lon="-1.1794657073915004730224609375">
        <ele>109.59999847412109375</ele>
        <time>2026-06-08T12:25:38.000Z</time>
        <extensions>
          <ns3:TrackPointExtension>
            <ns3:atemp>25.0</ns3:atemp>
            <ns3:hr>104</ns3:hr>
          </ns3:TrackPointExtension>
        </extensions>
      </trkpt>
      <trkpt lat="48.23016512207686901092529296875" lon="-1.17938666604459285736083984375">
        <ele>109.59999847412109375</ele>
        <time>2026-06-08T12:25:43.000Z</time>
        <extensions>
          <ns3:TrackPointExtension>
            <ns3:atemp>25.0</ns3:atemp>
            <ns3:hr>106</ns3:hr>
          </ns3:TrackPointExtension>
        </extensions>
      </trkpt>
      <trkpt lat="48.23043401353061199188232421875" lon="-1.1792819760739803314208984375">
        <ele>109.40000152587890625</ele>
        <time>2026-06-08T12:25:50.000Z</time>
        <extensions>
          <ns3:TrackPointExtension>
            <ns3:atemp>25.0</ns3:atemp>
            <ns3:hr>110</ns3:hr>
          </ns3:TrackPointExtension>
        </extensions>
      </trkpt>
      <trkpt lat="48.23053996078670024871826171875" lon="-1.17923595942556858062744140625">
        <ele>109.1999969482421875</ele>
        <time>2026-06-08T12:25:56.000Z</time>
        <extensions>
          <ns3:TrackPointExtension>
            <ns3:atemp>25.0</ns3:atemp>
            <ns3:hr>111</ns3:hr>
          </ns3:TrackPointExtension>
        </extensions>
      </trkpt>
      <trkpt lat="48.23070801794528961181640625" lon="-1.17916680872440338134765625">
        <ele>109.1999969482421875</ele>
        <time>2026-06-08T12:26:02.000Z</time>
        <extensions>
          <ns3:TrackPointExtension>
            <ns3:atemp>25.0</ns3:atemp>
            <ns3:hr>111</ns3:hr>
          </ns3:TrackPointExtension>
        </extensions>
      </trkpt>
      <trkpt lat="48.23096374981105327606201171875" lon="-1.1790777929127216339111328125">
        <ele>109</ele>
        <time>2026-06-08T12:26:09.000Z</time>
        <extensions>
          <ns3:TrackPointExtension>
            <ns3:atemp>25.0</ns3:atemp>
            <ns3:hr>111</ns3:hr>
          </ns3:TrackPointExtension>
        </extensions>
      </trkpt>
      <trkpt lat="48.2310930825769901275634765625" lon="-1.1790278367698192596435546875">
        <ele>109</ele>
        <time>2026-06-08T12:26:13.000Z</time>
        <extensions>
          <ns3:TrackPointExtension>
            <ns3:atemp>25.0</ns3:atemp>
            <ns3:hr>107</ns3:hr>
          </ns3:TrackPointExtension>
        </extensions>
      </trkpt>
      <trkpt lat="48.2311577908694744110107421875" lon="-1.179000176489353179931640625">
        <ele>109.1999969482421875</ele>
        <time>2026-06-08T12:26:15.000Z</time>
        <extensions>
          <ns3:TrackPointExtension>
            <ns3:atemp>25.0</ns3:atemp>
            <ns3:hr>105</ns3:hr>
          </ns3:TrackPointExtension>
        </extensions>
      </trkpt>
      <trkpt lat="48.231410421431064605712890625" lon="-1.178903616964817047119140625">
        <ele>109.8000030517578125</ele>
        <time>2026-06-08T12:26:22.000Z</time>
        <extensions>
          <ns3:TrackPointExtension>
            <ns3:atemp>25.0</ns3:atemp>
            <ns3:hr>102</ns3:hr>
          </ns3:TrackPointExtension>
        </extensions>
      </trkpt>
      <trkpt lat="48.2314474694430828094482421875" lon="-1.17889230139553546905517578125">
        <ele>109.59999847412109375</ele>
        <time>2026-06-08T12:26:23.000Z</time>
        <extensions>
          <ns3:TrackPointExtension>
            <ns3:atemp>25.0</ns3:atemp>
            <ns3:hr>102</ns3:hr>
          </ns3:TrackPointExtension>
        </extensions>
      </trkpt>
      <trkpt lat="48.23169699870049953460693359375" lon="-1.17880077101290225982666015625">
        <ele>109.1999969482421875</ele>
        <time>2026-06-08T12:26:30.000Z</time>
        <extensions>
          <ns3:TrackPointExtension>
            <ns3:atemp>25.0</ns3:atemp>
            <ns3:hr>103</ns3:hr>
          </ns3:TrackPointExtension>
        </extensions>
      </trkpt>
      <trkpt lat="48.23194979690015316009521484375" lon="-1.1787103302776813507080078125">
        <ele>109.40000152587890625</ele>
        <time>2026-06-08T12:26:37.000Z</time>
        <extensions>
          <ns3:TrackPointExtension>
            <ns3:atemp>25.0</ns3:atemp>
            <ns3:hr>105</ns3:hr>
          </ns3:TrackPointExtension>
        </extensions>
      </trkpt>
      <trkpt lat="48.23212631978094577789306640625" lon="-1.178643442690372467041015625">
        <ele>109.8000030517578125</ele>
        <time>2026-06-08T12:26:42.000Z</time>
        <extensions>
          <ns3:TrackPointExtension>
            <ns3:atemp>25.0</ns3:atemp>
            <ns3:hr>106</ns3:hr>
          </ns3:TrackPointExtension>
        </extensions>
      </trkpt>
      <trkpt lat="48.23242538608610630035400390625" lon="-1.17853607051074504852294921875">
        <ele>109.1999969482421875</ele>
        <time>2026-06-08T12:26:50.000Z</time>
        <extensions>
          <ns3:TrackPointExtension>
            <ns3:atemp>25.0</ns3:atemp>
            <ns3:hr>105</ns3:hr>
          </ns3:TrackPointExtension>
        </extensions>
      </trkpt>
      <trkpt lat="48.23269763030111789703369140625" lon="-1.17841922678053379058837890625">
        <ele>109.59999847412109375</ele>
        <time>2026-06-08T12:26:57.000Z</time>
        <extensions>
          <ns3:TrackPointExtension>
            <ns3:atemp>25.0</ns3:atemp>
            <ns3:hr>107</ns3:hr>
          </ns3:TrackPointExtension>
        </extensions>
      </trkpt>
      <trkpt lat="48.2329384423792362213134765625" lon="-1.17833322845399379730224609375">
        <ele>110</ele>
        <time>2026-06-08T12:27:02.000Z</time>
        <extensions>
          <ns3:TrackPointExtension>
            <ns3:atemp>25.0</ns3:atemp>
            <ns3:hr>110</ns3:hr>
          </ns3:TrackPointExtension>
        </extensions>
      </trkpt>
      <trkpt lat="48.2332636602222919464111328125" lon="-1.17821571417152881622314453125">
        <ele>109.8000030517578125</ele>
        <time>2026-06-08T12:27:10.000Z</time>
        <extensions>
          <ns3:TrackPointExtension>
            <ns3:atemp>25.0</ns3:atemp>
            <ns3:hr>112</ns3:hr>
          </ns3:TrackPointExtension>
        </extensions>
      </trkpt>
      <trkpt lat="48.2335459627211093902587890625" lon="-1.178110353648662567138671875">
        <ele>109.59999847412109375</ele>
        <time>2026-06-08T12:27:18.000Z</time>
        <extensions>
          <ns3:TrackPointExtension>
            <ns3:atemp>25.0</ns3:atemp>
            <ns3:hr>115</ns3:hr>
          </ns3:TrackPointExtension>
        </extensions>
      </trkpt>
      <trkpt lat="48.23356188833713531494140625" lon="-1.17810423485934734344482421875">
        <ele>109.59999847412109375</ele>
        <time>2026-06-08T12:27:21.000Z</time>
        <extensions>
          <ns3:TrackPointExtension>
            <ns3:atemp>25.0</ns3:atemp>
            <ns3:hr>114</ns3:hr>
          </ns3:TrackPointExtension>
        </extensions>
      </trkpt>
      <trkpt lat="48.2335878722369670867919921875" lon="-1.178106330335140228271484375">
        <ele>109.8000030517578125</ele>
        <time>2026-06-08T12:27:28.000Z</time>
        <extensions>
          <ns3:TrackPointExtension>
            <ns3:atemp>25.0</ns3:atemp>
            <ns3:hr>113</ns3:hr>
          </ns3:TrackPointExtension>
        </extensions>
      </trkpt>
      <trkpt lat="48.233689628541469573974609375" lon="-1.17804430425167083740234375">
        <ele>109.40000152587890625</ele>
        <time>2026-06-08T12:27:32.000Z</time>
        <extensions>
          <ns3:TrackPointExtension>
            <ns3:atemp>25.0</ns3:atemp>
            <ns3:hr>113</ns3:hr>
          </ns3:TrackPointExtension>
        </extensions>
      </trkpt>
      <trkpt lat="48.23393111117184162139892578125" lon="-1.17796475999057292938232421875">
        <ele>110</ele>
        <time>2026-06-08T12:27:37.000Z</time>
        <extensions>
          <ns3:TrackPointExtension>
            <ns3:atemp>25.0</ns3:atemp>
            <ns3:hr>112</ns3:hr>
          </ns3:TrackPointExtension>
        </extensions>
      </trkpt>
      <trkpt lat="48.23423520661890506744384765625" lon="-1.177852191030979156494140625">
        <ele>110</ele>
        <time>2026-06-08T12:27:43.000Z</time>
        <extensions>
          <ns3:TrackPointExtension>
            <ns3:atemp>25.0</ns3:atemp>
            <ns3:hr>115</ns3:hr>
          </ns3:TrackPointExtension>
        </extensions>
      </trkpt>
      <trkpt lat="48.23437468148767948150634765625" lon="-1.17780550383031368255615234375">
        <ele>109.59999847412109375</ele>
        <time>2026-06-08T12:27:46.000Z</time>
        <extensions>
          <ns3:TrackPointExtension>
            <ns3:atemp>25.0</ns3:atemp>
            <ns3:hr>116</ns3:hr>
          </ns3:TrackPointExtension>
        </extensions>
      </trkpt>
      <trkpt lat="48.23470928706228733062744140625" lon="-1.17767944000661373138427734375">
        <ele>109.59999847412109375</ele>
        <time>2026-06-08T12:27:53.000Z</time>
        <extensions>
          <ns3:TrackPointExtension>
            <ns3:atemp>25.0</ns3:atemp>
            <ns3:hr>117</ns3:hr>
          </ns3:TrackPointExtension>
        </extensions>
      </trkpt>
      <trkpt lat="48.2350828684866428375244140625" lon="-1.177533008158206939697265625">
        <ele>109.8000030517578125</ele>
        <time>2026-06-08T12:28:00.000Z</time>
        <extensions>
          <ns3:TrackPointExtension>
            <ns3:atemp>25.0</ns3:atemp>
            <ns3:hr>118</ns3:hr>
          </ns3:TrackPointExtension>
        </extensions>
      </trkpt>
      <trkpt lat="48.2354647479951381683349609375" lon="-1.17739311419427394866943359375">
        <ele>109.59999847412109375</ele>
        <time>2026-06-08T12:28:07.000Z</time>
        <extensions>
          <ns3:TrackPointExtension>
            <ns3:atemp>25.0</ns3:atemp>
            <ns3:hr>115</ns3:hr>
          </ns3:TrackPointExtension>
        </extensions>
      </trkpt>
      <trkpt lat="48.23578275740146636962890625" lon="-1.17725363932549953460693359375">
        <ele>109.1999969482421875</ele>
        <time>2026-06-08T12:28:13.000Z</time>
        <extensions>
          <ns3:TrackPointExtension>
            <ns3:atemp>25.0</ns3:atemp>
            <ns3:hr>114</ns3:hr>
          </ns3:TrackPointExtension>
        </extensions>
      </trkpt>
      <trkpt lat="48.23594561778008937835693359375" lon="-1.17718624882400035858154296875">
        <ele>109.1999969482421875</ele>
        <time>2026-06-08T12:28:16.000Z</time>
        <extensions>
          <ns3:TrackPointExtension>
            <ns3:atemp>25.0</ns3:atemp>
            <ns3:hr>111</ns3:hr>
          </ns3:TrackPointExtension>
        </extensions>
      </trkpt>
      <trkpt lat="48.2361135073006153106689453125" lon="-1.177124641835689544677734375">
        <ele>109.59999847412109375</ele>
        <time>2026-06-08T12:28:19.000Z</time>
        <extensions>
          <ns3:TrackPointExtension>
            <ns3:atemp>25.0</ns3:atemp>
            <ns3:hr>110</ns3:hr>
          </ns3:TrackPointExtension>
        </extensions>
      </trkpt>
      <trkpt lat="48.2364994101226329803466796875" lon="-1.17697770707309246063232421875">
        <ele>109.8000030517578125</ele>
        <time>2026-06-08T12:28:26.000Z</time>
        <extensions>
          <ns3:TrackPointExtension>
            <ns3:atemp>25.0</ns3:atemp>
            <ns3:hr>108</ns3:hr>
          </ns3:TrackPointExtension>
        </extensions>
      </trkpt>
      <trkpt lat="48.23696284554898738861083984375" lon="-1.17681895382702350616455078125">
        <ele>109.8000030517578125</ele>
        <time>2026-06-08T12:28:34.000Z</time>
        <extensions>
          <ns3:TrackPointExtension>
            <ns3:atemp>25.0</ns3:atemp>
            <ns3:hr>109</ns3:hr>
          </ns3:TrackPointExtension>
        </extensions>
      </trkpt>
      <trkpt lat="48.2374039851129055023193359375" lon="-1.176667325198650360107421875">
        <ele>109.8000030517578125</ele>
        <time>2026-06-08T12:28:42.000Z</time>
        <extensions>
          <ns3:TrackPointExtension>
            <ns3:atemp>25.0</ns3:atemp>
            <ns3:hr>110</ns3:hr>
          </ns3:TrackPointExtension>
        </extensions>
      </trkpt>
      <trkpt lat="48.23785736225545406341552734375" lon="-1.17649398744106292724609375">
        <ele>109.59999847412109375</ele>
        <time>2026-06-08T12:28:50.000Z</time>
        <extensions>
          <ns3:TrackPointExtension>
            <ns3:atemp>25.0</ns3:atemp>
            <ns3:hr>110</ns3:hr>
          </ns3:TrackPointExtension>
        </extensions>
      </trkpt>
      <trkpt lat="48.23811250738799571990966796875" lon="-1.17643053643405437469482421875">
        <ele>109.59999847412109375</ele>
        <time>2026-06-08T12:28:55.000Z</time>
        <extensions>
          <ns3:TrackPointExtension>
            <ns3:atemp>25.0</ns3:atemp>
            <ns3:hr>111</ns3:hr>
          </ns3:TrackPointExtension>
        </extensions>
      </trkpt>
      <trkpt lat="48.2382284291088581085205078125" lon="-1.17638728581368923187255859375">
        <ele>109.59999847412109375</ele>
        <time>2026-06-08T12:28:58.000Z</time>
        <extensions>
          <ns3:TrackPointExtension>
            <ns3:atemp>25.0</ns3:atemp>
            <ns3:hr>115</ns3:hr>
          </ns3:TrackPointExtension>
        </extensions>
      </trkpt>
      <trkpt lat="48.2382663153111934661865234375" lon="-1.1763701029121875762939453125">
        <ele>109.8000030517578125</ele>
        <time>2026-06-08T12:28:59.000Z</time>
        <extensions>
          <ns3:TrackPointExtension>
            <ns3:atemp>25.0</ns3:atemp>
            <ns3:hr>122</ns3:hr>
          </ns3:TrackPointExtension>
        </extensions>
      </trkpt>
      <trkpt lat="48.23834351263940334320068359375" lon="-1.1763404309749603271484375">
        <ele>109.8000030517578125</ele>
        <time>2026-06-08T12:29:01.000Z</time>
        <extensions>
          <ns3:TrackPointExtension>
            <ns3:atemp>25.0</ns3:atemp>
            <ns3:hr>129</ns3:hr>
          </ns3:TrackPointExtension>
        </extensions>
      </trkpt>
      <trkpt lat="48.23838173411786556243896484375" lon="-1.17632626555860042572021484375">
        <ele>109.8000030517578125</ele>
        <time>2026-06-08T12:29:02.000Z</time>
        <extensions>
          <ns3:TrackPointExtension>
            <ns3:atemp>25.0</ns3:atemp>
            <ns3:hr>130</ns3:hr>
          </ns3:TrackPointExtension>
        </extensions>
      </trkpt>
      <trkpt lat="48.23854384012520313262939453125" lon="-1.17624395526945590972900390625">
        <ele>109.8000030517578125</ele>
        <time>2026-06-08T12:29:06.000Z</time>
        <extensions>
          <ns3:TrackPointExtension>
            <ns3:atemp>25.0</ns3:atemp>
            <ns3:hr>133</ns3:hr>
          </ns3:TrackPointExtension>
        </extensions>
      </trkpt>
      <trkpt lat="48.23867619037628173828125" lon="-1.1761903949081897735595703125">
        <ele>109.8000030517578125</ele>
        <time>2026-06-08T12:29:09.000Z</time>
        <extensions>
          <ns3:TrackPointExtension>
            <ns3:atemp>25.0</ns3:atemp>
            <ns3:hr>135</ns3:hr>
          </ns3:TrackPointExtension>
        </extensions>
      </trkpt>
      <trkpt lat="48.23894650675356388092041015625" lon="-1.1760834418237209320068359375">
        <ele>109.1999969482421875</ele>
        <time>2026-06-08T12:29:16.000Z</time>
        <extensions>
          <ns3:TrackPointExtension>
            <ns3:atemp>25.0</ns3:atemp>
            <ns3:hr>136</ns3:hr>
          </ns3:TrackPointExtension>
        </extensions>
      </trkpt>
      <trkpt lat="48.2391200959682464599609375" lon="-1.1760133691132068634033203125">
        <ele>109.40000152587890625</ele>
        <time>2026-06-08T12:29:20.000Z</time>
        <extensions>
          <ns3:TrackPointExtension>
            <ns3:atemp>25.0</ns3:atemp>
            <ns3:hr>133</ns3:hr>
          </ns3:TrackPointExtension>
        </extensions>
      </trkpt>
      <trkpt lat="48.23916862718760967254638671875" lon="-1.1759972758591175079345703125">
        <ele>109.59999847412109375</ele>
        <time>2026-06-08T12:29:21.000Z</time>
        <extensions>
          <ns3:TrackPointExtension>
            <ns3:atemp>24.0</ns3:atemp>
            <ns3:hr>133</ns3:hr>
          </ns3:TrackPointExtension>
        </extensions>
      </trkpt>
      <trkpt lat="48.2392594031989574432373046875" lon="-1.1759620718657970428466796875">
        <ele>109.8000030517578125</ele>
        <time>2026-06-08T12:29:23.000Z</time>
        <extensions>
          <ns3:TrackPointExtension>
            <ns3:atemp>25.0</ns3:atemp>
            <ns3:hr>133</ns3:hr>
          </ns3:TrackPointExtension>
        </extensions>
      </trkpt>
      <trkpt lat="48.23949686251580715179443359375" lon="-1.17585671134293079376220703125">
        <ele>109</ele>
        <time>2026-06-08T12:29:29.000Z</time>
        <extensions>
          <ns3:TrackPointExtension>
            <ns3:atemp>25.0</ns3:atemp>
            <ns3:hr>133</ns3:hr>
          </ns3:TrackPointExtension>
        </extensions>
      </trkpt>
      <trkpt lat="48.23967908509075641632080078125" lon="-1.17579258978366851806640625">
        <ele>109.1999969482421875</ele>
        <time>2026-06-08T12:29:34.000Z</time>
        <extensions>
          <ns3:TrackPointExtension>
            <ns3:atemp>24.0</ns3:atemp>
            <ns3:hr>132</ns3:hr>
          </ns3:TrackPointExtension>
        </extensions>
      </trkpt>
      <trkpt lat="48.23997463099658489227294921875" lon="-1.17568354122340679168701171875">
        <ele>109.1999969482421875</ele>
        <time>2026-06-08T12:29:42.000Z</time>
        <extensions>
          <ns3:TrackPointExtension>
            <ns3:atemp>24.0</ns3:atemp>
            <ns3:hr>132</ns3:hr>
          </ns3:TrackPointExtension>
        </extensions>
      </trkpt>
      <trkpt lat="48.240224830806255340576171875" lon="-1.1756009794771671295166015625">
        <ele>109.1999969482421875</ele>
        <time>2026-06-08T12:29:49.000Z</time>
        <extensions>
          <ns3:TrackPointExtension>
            <ns3:atemp>24.0</ns3:atemp>
            <ns3:hr>130</ns3:hr>
          </ns3:TrackPointExtension>
        </extensions>
      </trkpt>
      <trkpt lat="48.2404531538486480712890625" lon="-1.17551305331289768218994140625">
        <ele>109.40000152587890625</ele>
        <time>2026-06-08T12:29:55.000Z</time>
        <extensions>
          <ns3:TrackPointExtension>
            <ns3:atemp>24.0</ns3:atemp>
            <ns3:hr>126</ns3:hr>
          </ns3:TrackPointExtension>
        </extensions>
      </trkpt>
      <trkpt lat="48.24055750854313373565673828125" lon="-1.17546611465513706207275390625">
        <ele>109.40000152587890625</ele>
        <time>2026-06-08T12:29:58.000Z</time>
        <extensions>
          <ns3:TrackPointExtension>
            <ns3:atemp>24.0</ns3:atemp>
            <ns3:hr>125</ns3:hr>
          </ns3:TrackPointExtension>
        </extensions>
      </trkpt>
      <trkpt lat="48.240765966475009918212890625" lon="-1.17538028396666049957275390625">
        <ele>109</ele>
        <time>2026-06-08T12:30:04.000Z</time>
        <extensions>
          <ns3:TrackPointExtension>
            <ns3:atemp>24.0</ns3:atemp>
            <ns3:hr>124</ns3:hr>
          </ns3:TrackPointExtension>
        </extensions>
      </trkpt>
      <trkpt lat="48.24085322208702564239501953125" lon="-1.1753453314304351806640625">
        <ele>108.8000030517578125</ele>
        <time>2026-06-08T12:30:08.000Z</time>
        <extensions>
          <ns3:TrackPointExtension>
            <ns3:atemp>24.0</ns3:atemp>
            <ns3:hr>122</ns3:hr>
          </ns3:TrackPointExtension>
        </extensions>
      </trkpt>
      <trkpt lat="48.24085003696382045745849609375" lon="-1.1753480136394500732421875">
        <ele>109.1999969482421875</ele>
        <time>2026-06-08T12:30:09.000Z</time>
        <extensions>
          <ns3:TrackPointExtension>
            <ns3:atemp>24.0</ns3:atemp>
            <ns3:hr>122</ns3:hr>
          </ns3:TrackPointExtension>
        </extensions>
      </trkpt>
      <trkpt lat="48.24094307608902454376220703125" lon="-1.17531842552125453948974609375">
        <ele>109.1999969482421875</ele>
        <time>2026-06-08T12:30:36.000Z</time>
        <extensions>
          <ns3:TrackPointExtension>
            <ns3:atemp>24.0</ns3:atemp>
            <ns3:hr>122</ns3:hr>
          </ns3:TrackPointExtension>
        </extensions>
      </trkpt>
      <trkpt lat="48.24096721597015857696533203125" lon="-1.1753116361796855926513671875">
        <ele>109.1999969482421875</ele>
        <time>2026-06-08T12:30:37.000Z</time>
        <extensions>
          <ns3:TrackPointExtension>
            <ns3:atemp>24.0</ns3:atemp>
            <ns3:hr>122</ns3:hr>
          </ns3:TrackPointExtension>
        </extensions>
      </trkpt>
      <trkpt lat="48.24115279130637645721435546875" lon="-1.17524768225848674774169921875">
        <ele>109.1999969482421875</ele>
        <time>2026-06-08T12:30:42.000Z</time>
        <extensions>
          <ns3:TrackPointExtension>
            <ns3:atemp>24.0</ns3:atemp>
            <ns3:hr>122</ns3:hr>
          </ns3:TrackPointExtension>
        </extensions>
      </trkpt>
      <trkpt lat="48.24146895669400691986083984375" lon="-1.17510820738971233367919921875">
        <ele>109.1999969482421875</ele>
        <time>2026-06-08T12:30:48.000Z</time>
        <extensions>
          <ns3:TrackPointExtension>
            <ns3:atemp>24.0</ns3:atemp>
            <ns3:hr>122</ns3:hr>
          </ns3:TrackPointExtension>
        </extensions>
      </trkpt>
      <trkpt lat="48.24171706102788448333740234375" lon="-1.174955405294895172119140625">
        <ele>109.40000152587890625</ele>
        <time>2026-06-08T12:30:54.000Z</time>
        <extensions>
          <ns3:TrackPointExtension>
            <ns3:atemp>24.0</ns3:atemp>
            <ns3:hr>122</ns3:hr>
          </ns3:TrackPointExtension>
        </extensions>
      </trkpt>
      <trkpt lat="48.24195074848830699920654296875" lon="-1.1747956462204456329345703125">
        <ele>108.8000030517578125</ele>
        <time>2026-06-08T12:31:00.000Z</time>
        <extensions>
          <ns3:TrackPointExtension>
            <ns3:atemp>24.0</ns3:atemp>
            <ns3:hr>123</ns3:hr>
          </ns3:TrackPointExtension>
        </extensions>
      </trkpt>
      <trkpt lat="48.2422306202352046966552734375" lon="-1.1745790578424930572509765625">
        <ele>109</ele>
        <time>2026-06-08T12:31:07.000Z</time>
        <extensions>
          <ns3:TrackPointExtension>
            <ns3:atemp>24.0</ns3:atemp>
            <ns3:hr>125</ns3:hr>
          </ns3:TrackPointExtension>
        </extensions>
      </trkpt>
      <trkpt lat="48.2423360645771026611328125" lon="-1.17448895238339900970458984375">
        <ele>109</ele>
        <time>2026-06-08T12:31:10.000Z</time>
        <extensions>
          <ns3:TrackPointExtension>
            <ns3:atemp>24.0</ns3:atemp>
            <ns3:hr>129</ns3:hr>
          </ns3:TrackPointExtension>
        </extensions>
      </trkpt>
      <trkpt lat="48.24237026274204254150390625" lon="-1.17445626296103000640869140625">
        <ele>109</ele>
        <time>2026-06-08T12:31:11.000Z</time>
        <extensions>
          <ns3:TrackPointExtension>
            <ns3:atemp>24.0</ns3:atemp>
            <ns3:hr>138</ns3:hr>
          </ns3:TrackPointExtension>
        </extensions>
      </trkpt>
      <trkpt lat="48.2424056343734264373779296875" lon="-1.17442944087088108062744140625">
        <ele>109</ele>
        <time>2026-06-08T12:31:12.000Z</time>
        <extensions>
          <ns3:TrackPointExtension>
            <ns3:atemp>24.0</ns3:atemp>
            <ns3:hr>142</ns3:hr>
          </ns3:TrackPointExtension>
        </extensions>
      </trkpt>
      <trkpt lat="48.2424441911280155181884765625" lon="-1.1744050495326519012451171875">
        <ele>109</ele>
        <time>2026-06-08T12:31:13.000Z</time>
        <extensions>
          <ns3:TrackPointExtension>
            <ns3:atemp>24.0</ns3:atemp>
            <ns3:hr>144</ns3:hr>
          </ns3:TrackPointExtension>
        </extensions>
      </trkpt>
      <trkpt lat="48.242702521383762359619140625" lon="-1.17417513392865657806396484375">
        <ele>109</ele>
        <time>2026-06-08T12:31:20.000Z</time>
        <extensions>
          <ns3:TrackPointExtension>
            <ns3:atemp>24.0</ns3:atemp>
            <ns3:hr>146</ns3:hr>
          </ns3:TrackPointExtension>
        </extensions>
      </trkpt>
      <trkpt lat="48.242984823882579803466796875" lon="-1.17388931103050708770751953125">
        <ele>109.1999969482421875</ele>
        <time>2026-06-08T12:31:28.000Z</time>
        <extensions>
          <ns3:TrackPointExtension>
            <ns3:atemp>24.0</ns3:atemp>
            <ns3:hr>147</ns3:hr>
          </ns3:TrackPointExtension>
        </extensions>
      </trkpt>
      <trkpt lat="48.2431123964488506317138671875" lon="-1.17376928217709064483642578125">
        <ele>109.59999847412109375</ele>
        <time>2026-06-08T12:31:32.000Z</time>
        <extensions>
          <ns3:TrackPointExtension>
            <ns3:atemp>24.0</ns3:atemp>
            <ns3:hr>146</ns3:hr>
          </ns3:TrackPointExtension>
        </extensions>
      </trkpt>
      <trkpt lat="48.2433336786925792694091796875" lon="-1.17355386726558208465576171875">
        <ele>109</ele>
        <time>2026-06-08T12:31:39.000Z</time>
        <extensions>
          <ns3:TrackPointExtension>
            <ns3:atemp>24.0</ns3:atemp>
            <ns3:hr>144</ns3:hr>
          </ns3:TrackPointExtension>
        </extensions>
      </trkpt>
      <trkpt lat="48.243546746671199798583984375" lon="-1.17334633134305477142333984375">
        <ele>109</ele>
        <time>2026-06-08T12:31:46.000Z</time>
        <extensions>
          <ns3:TrackPointExtension>
            <ns3:atemp>24.0</ns3:atemp>
            <ns3:hr>142</ns3:hr>
          </ns3:TrackPointExtension>
        </extensions>
      </trkpt>
      <trkpt lat="48.243830390274524688720703125" lon="-1.1730753444135189056396484375">
        <ele>108.8000030517578125</ele>
        <time>2026-06-08T12:31:55.000Z</time>
        <extensions>
          <ns3:TrackPointExtension>
            <ns3:atemp>24.0</ns3:atemp>
            <ns3:hr>143</ns3:hr>
          </ns3:TrackPointExtension>
        </extensions>
      </trkpt>
      <trkpt lat="48.2438610680401325225830078125" lon="-1.17304466664791107177734375">
        <ele>108.59999847412109375</ele>
        <time>2026-06-08T12:31:56.000Z</time>
        <extensions>
          <ns3:TrackPointExtension>
            <ns3:atemp>24.0</ns3:atemp>
            <ns3:hr>143</ns3:hr>
          </ns3:TrackPointExtension>
        </extensions>
      </trkpt>
      <trkpt lat="48.24406181462109088897705078125" lon="-1.1728255636990070343017578125">
        <ele>108.59999847412109375</ele>
        <time>2026-06-08T12:32:02.000Z</time>
        <extensions>
          <ns3:TrackPointExtension>
            <ns3:atemp>24.0</ns3:atemp>
            <ns3:hr>142</ns3:hr>
          </ns3:TrackPointExtension>
        </extensions>
      </trkpt>
      <trkpt lat="48.24428477324545383453369140625" lon="-1.17260520346462726593017578125">
        <ele>108.1999969482421875</ele>
        <time>2026-06-08T12:32:07.000Z</time>
        <extensions>
          <ns3:TrackPointExtension>
            <ns3:atemp>24.0</ns3:atemp>
            <ns3:hr>145</ns3:hr>
          </ns3:TrackPointExtension>
        </extensions>
      </trkpt>
      <trkpt lat="48.24433389119803905487060546875" lon="-1.17255860008299350738525390625">
        <ele>108.1999969482421875</ele>
        <time>2026-06-08T12:32:08.000Z</time>
        <extensions>
          <ns3:TrackPointExtension>
            <ns3:atemp>24.0</ns3:atemp>
            <ns3:hr>146</ns3:hr>
          </ns3:TrackPointExtension>
        </extensions>
      </trkpt>
      <trkpt lat="48.24463270604610443115234375" lon="-1.17227017879486083984375">
        <ele>107.8000030517578125</ele>
        <time>2026-06-08T12:32:13.000Z</time>
        <extensions>
          <ns3:TrackPointExtension>
            <ns3:atemp>24.0</ns3:atemp>
            <ns3:hr>147</ns3:hr>
          </ns3:TrackPointExtension>
        </extensions>
      </trkpt>
      <trkpt lat="48.24495415203273296356201171875" lon="-1.17195309139788150787353515625">
        <ele>107.59999847412109375</ele>
        <time>2026-06-08T12:32:18.000Z</time>
        <extensions>
          <ns3:TrackPointExtension>
            <ns3:atemp>24.0</ns3:atemp>
            <ns3:hr>149</ns3:hr>
          </ns3:TrackPointExtension>
        </extensions>
      </trkpt>
      <trkpt lat="48.245244584977626800537109375" lon="-1.17168352939188480377197265625">
        <ele>107.40000152587890625</ele>
        <time>2026-06-08T12:32:23.000Z</time>
        <extensions>
          <ns3:TrackPointExtension>
            <ns3:atemp>24.0</ns3:atemp>
            <ns3:hr>151</ns3:hr>
          </ns3:TrackPointExtension>
        </extensions>
      </trkpt>
      <trkpt lat="48.24529663659632205963134765625" lon="-1.17163072340190410614013671875">
        <ele>107.1999969482421875</ele>
        <time>2026-06-08T12:32:24.000Z</time>
        <extensions>
          <ns3:TrackPointExtension>
            <ns3:atemp>24.0</ns3:atemp>
            <ns3:hr>151</ns3:hr>
          </ns3:TrackPointExtension>
        </extensions>
      </trkpt>
      <trkpt lat="48.24555940926074981689453125" lon="-1.1713322438299655914306640625">
        <ele>106.8000030517578125</ele>
        <time>2026-06-08T12:32:30.000Z</time>
        <extensions>
          <ns3:TrackPointExtension>
            <ns3:atemp>24.0</ns3:atemp>
            <ns3:hr>153</ns3:hr>
          </ns3:TrackPointExtension>
        </extensions>
      </trkpt>
      <trkpt lat="48.2456899993121623992919921875" lon="-1.17122604511678218841552734375">
        <ele>107.40000152587890625</ele>
        <time>2026-06-08T12:32:35.000Z</time>
        <extensions>
          <ns3:TrackPointExtension>
            <ns3:atemp>24.0</ns3:atemp>
            <ns3:hr>151</ns3:hr>
          </ns3:TrackPointExtension>
        </extensions>
      </trkpt>
      <trkpt lat="48.24569846503436565399169921875" lon="-1.17120978422462940216064453125">
        <ele>107.40000152587890625</ele>
        <time>2026-06-08T12:32:36.000Z</time>
        <extensions>
          <ns3:TrackPointExtension>
            <ns3:atemp>24.0</ns3:atemp>
            <ns3:hr>150</ns3:hr>
          </ns3:TrackPointExtension>
        </extensions>
      </trkpt>
      <trkpt lat="48.2457037456333637237548828125" lon="-1.17120140232145786285400390625">
        <ele>107.59999847412109375</ele>
        <time>2026-06-08T12:32:37.000Z</time>
        <extensions>
          <ns3:TrackPointExtension>
            <ns3:atemp>24.0</ns3:atemp>
            <ns3:hr>147</ns3:hr>
          </ns3:TrackPointExtension>
        </extensions>
      </trkpt>
      <trkpt lat="48.24570818804204463958740234375" lon="-1.1711920984089374542236328125">
        <ele>107.59999847412109375</ele>
        <time>2026-06-08T12:32:40.000Z</time>
        <extensions>
          <ns3:TrackPointExtension>
            <ns3:atemp>24.0</ns3:atemp>
            <ns3:hr>146</ns3:hr>
          </ns3:TrackPointExtension>
        </extensions>
      </trkpt>
      <trkpt lat="48.2457570545375347137451171875" lon="-1.17113585583865642547607421875">
        <ele>107.8000030517578125</ele>
        <time>2026-06-08T12:33:12.000Z</time>
        <extensions>
          <ns3:TrackPointExtension>
            <ns3:atemp>24.0</ns3:atemp>
            <ns3:hr>136</ns3:hr>
          </ns3:TrackPointExtension>
        </extensions>
      </trkpt>
      <trkpt lat="48.2457733154296875" lon="-1.171125881373882293701171875">
        <ele>107.8000030517578125</ele>
        <time>2026-06-08T12:33:13.000Z</time>
        <extensions>
          <ns3:TrackPointExtension>
            <ns3:atemp>24.0</ns3:atemp>
            <ns3:hr>136</ns3:hr>
          </ns3:TrackPointExtension>
        </extensions>
      </trkpt>
      <trkpt lat="48.2457969523966312408447265625" lon="-1.1711106263101100921630859375">
        <ele>107.8000030517578125</ele>
        <time>2026-06-08T12:33:14.000Z</time>
        <extensions>
          <ns3:TrackPointExtension>
            <ns3:atemp>24.0</ns3:atemp>
            <ns3:hr>135</ns3:hr>
          </ns3:TrackPointExtension>
        </extensions>
      </trkpt>
      <trkpt lat="48.2459491677582263946533203125" lon="-1.17097173817455768585205078125">
        <ele>107.59999847412109375</ele>
        <time>2026-06-08T12:33:20.000Z</time>
        <extensions>
          <ns3:TrackPointExtension>
            <ns3:atemp>24.0</ns3:atemp>
            <ns3:hr>136</ns3:hr>
          </ns3:TrackPointExtension>
        </extensions>
      </trkpt>
      <trkpt lat="48.24608319438993930816650390625" lon="-1.17081105709075927734375">
        <ele>107.59999847412109375</ele>
        <time>2026-06-08T12:33:26.000Z</time>
        <extensions>
          <ns3:TrackPointExtension>
            <ns3:atemp>24.0</ns3:atemp>
            <ns3:hr>136</ns3:hr>
          </ns3:TrackPointExtension>
        </extensions>
      </trkpt>
      <trkpt lat="48.246235661208629608154296875" lon="-1.17066127248108386993408203125">
        <ele>107.59999847412109375</ele>
        <time>2026-06-08T12:33:33.000Z</time>
        <extensions>
          <ns3:TrackPointExtension>
            <ns3:atemp>24.0</ns3:atemp>
            <ns3:hr>136</ns3:hr>
          </ns3:TrackPointExtension>
        </extensions>
      </trkpt>
      <trkpt lat="48.2464022934436798095703125" lon="-1.1704953946173191070556640625">
        <ele>107.8000030517578125</ele>
        <time>2026-06-08T12:33:39.000Z</time>
        <extensions>
          <ns3:TrackPointExtension>
            <ns3:atemp>24.0</ns3:atemp>
            <ns3:hr>136</ns3:hr>
          </ns3:TrackPointExtension>
        </extensions>
      </trkpt>
      <trkpt lat="48.24659700505435466766357421875" lon="-1.17029615677893161773681640625">
        <ele>108</ele>
        <time>2026-06-08T12:33:46.000Z</time>
        <extensions>
          <ns3:TrackPointExtension>
            <ns3:atemp>24.0</ns3:atemp>
            <ns3:hr>137</ns3:hr>
          </ns3:TrackPointExtension>
        </extensions>
      </trkpt>
      <trkpt lat="48.24665836058557033538818359375" lon="-1.17024066857993602752685546875">
        <ele>108.1999969482421875</ele>
        <time>2026-06-08T12:33:48.000Z</time>
        <extensions>
          <ns3:TrackPointExtension>
            <ns3:atemp>24.0</ns3:atemp>
            <ns3:hr>137</ns3:hr>
          </ns3:TrackPointExtension>
        </extensions>
      </trkpt>
      <trkpt lat="48.24682138860225677490234375" lon="-1.17008912377059459686279296875">
        <ele>108.40000152587890625</ele>
        <time>2026-06-08T12:33:53.000Z</time>
        <extensions>
          <ns3:TrackPointExtension>
            <ns3:atemp>24.0</ns3:atemp>
            <ns3:hr>136</ns3:hr>
          </ns3:TrackPointExtension>
        </extensions>
      </trkpt>
      <trkpt lat="48.24704409576952457427978515625" lon="-1.1698714457452297210693359375">
        <ele>108.40000152587890625</ele>
        <time>2026-06-08T12:34:00.000Z</time>
        <extensions>
          <ns3:TrackPointExtension>
            <ns3:atemp>24.0</ns3:atemp>
            <ns3:hr>136</ns3:hr>
          </ns3:TrackPointExtension>
        </extensions>
      </trkpt>
      <trkpt lat="48.2472755201160907745361328125" lon="-1.16964505054056644439697265625">
        <ele>108.59999847412109375</ele>
        <time>2026-06-08T12:34:07.000Z</time>
        <extensions>
          <ns3:TrackPointExtension>
            <ns3:atemp>24.0</ns3:atemp>
            <ns3:hr>135</ns3:hr>
          </ns3:TrackPointExtension>
        </extensions>
      </trkpt>
      <trkpt lat="48.2475055195391178131103515625" lon="-1.16941086016595363616943359375">
        <ele>108.59999847412109375</ele>
        <time>2026-06-08T12:34:13.000Z</time>
        <extensions>
          <ns3:TrackPointExtension>
            <ns3:atemp>24.0</ns3:atemp>
            <ns3:hr>138</ns3:hr>
          </ns3:TrackPointExtension>
        </extensions>
      </trkpt>
      <trkpt lat="48.2475467585027217864990234375" lon="-1.16937297396361827850341796875">
        <ele>108.59999847412109375</ele>
        <time>2026-06-08T12:34:14.000Z</time>
        <extensions>
          <ns3:TrackPointExtension>
            <ns3:atemp>24.0</ns3:atemp>
            <ns3:hr>138</ns3:hr>
          </ns3:TrackPointExtension>
        </extensions>
      </trkpt>
      <trkpt lat="48.247834928333759307861328125" lon="-1.16909184493124485015869140625">
        <ele>108.59999847412109375</ele>
        <time>2026-06-08T12:34:21.000Z</time>
        <extensions>
          <ns3:TrackPointExtension>
            <ns3:atemp>24.0</ns3:atemp>
            <ns3:hr>138</ns3:hr>
          </ns3:TrackPointExtension>
        </extensions>
      </trkpt>
      <trkpt lat="48.24801757000386714935302734375" lon="-1.16891540586948394775390625">
        <ele>108.59999847412109375</ele>
        <time>2026-06-08T12:34:25.000Z</time>
        <extensions>
          <ns3:TrackPointExtension>
            <ns3:atemp>24.0</ns3:atemp>
            <ns3:hr>135</ns3:hr>
          </ns3:TrackPointExtension>
        </extensions>
      </trkpt>
      <trkpt lat="48.24811362661421298980712890625" lon="-1.16881490685045719146728515625">
        <ele>108.40000152587890625</ele>
        <time>2026-06-08T12:34:27.000Z</time>
        <extensions>
          <ns3:TrackPointExtension>
            <ns3:atemp>24.0</ns3:atemp>
            <ns3:hr>135</ns3:hr>
          </ns3:TrackPointExtension>
        </extensions>
      </trkpt>
      <trkpt lat="48.24843985028564929962158203125" lon="-1.16851399652659893035888671875">
        <ele>108</ele>
        <time>2026-06-08T12:34:34.000Z</time>
        <extensions>
          <ns3:TrackPointExtension>
            <ns3:atemp>24.0</ns3:atemp>
            <ns3:hr>132</ns3:hr>
          </ns3:TrackPointExtension>
        </extensions>
      </trkpt>
      <trkpt lat="48.24852190911769866943359375" lon="-1.1684274114668369293212890625">
        <ele>107.8000030517578125</ele>
        <time>2026-06-08T12:34:36.000Z</time>
        <extensions>
          <ns3:TrackPointExtension>
            <ns3:atemp>24.0</ns3:atemp>
            <ns3:hr>132</ns3:hr>
          </ns3:TrackPointExtension>
        </extensions>
      </trkpt>
      <trkpt lat="48.24872651137411594390869140625" lon="-1.1681746132671833038330078125">
        <ele>107.59999847412109375</ele>
        <time>2026-06-08T12:34:41.000Z</time>
        <extensions>
          <ns3:TrackPointExtension>
            <ns3:atemp>24.0</ns3:atemp>
            <ns3:hr>133</ns3:hr>
          </ns3:TrackPointExtension>
        </extensions>
      </trkpt>
      <trkpt lat="48.2488511502742767333984375" lon="-1.16803874261677265167236328125">
        <ele>107</ele>
        <time>2026-06-08T12:34:44.000Z</time>
        <extensions>
          <ns3:TrackPointExtension>
            <ns3:atemp>24.0</ns3:atemp>
            <ns3:hr>135</ns3:hr>
          </ns3:TrackPointExtension>
        </extensions>
      </trkpt>
      <trkpt lat="48.24898500926792621612548828125" lon="-1.16789205931127071380615234375">
        <ele>107</ele>
        <time>2026-06-08T12:34:47.000Z</time>
        <extensions>
          <ns3:TrackPointExtension>
            <ns3:atemp>24.0</ns3:atemp>
            <ns3:hr>136</ns3:hr>
          </ns3:TrackPointExtension>
        </extensions>
      </trkpt>
      <trkpt lat="48.24927770532667636871337890625" lon="-1.16762065328657627105712890625">
        <ele>107</ele>
        <time>2026-06-08T12:34:53.000Z</time>
        <extensions>
          <ns3:TrackPointExtension>
            <ns3:atemp>23.0</ns3:atemp>
            <ns3:hr>136</ns3:hr>
          </ns3:TrackPointExtension>
        </extensions>
      </trkpt>
      <trkpt lat="48.24958096258342266082763671875" lon="-1.16732443682849407196044921875">
        <ele>106.8000030517578125</ele>
        <time>2026-06-08T12:34:59.000Z</time>
        <extensions>
          <ns3:TrackPointExtension>
            <ns3:atemp>24.0</ns3:atemp>
            <ns3:hr>137</ns3:hr>
          </ns3:TrackPointExtension>
        </extensions>
      </trkpt>
      <trkpt lat="48.2498568110167980194091796875" lon="-1.16705956868827342987060546875">
        <ele>107.40000152587890625</ele>
        <time>2026-06-08T12:35:05.000Z</time>
        <extensions>
          <ns3:TrackPointExtension>
            <ns3:atemp>23.0</ns3:atemp>
            <ns3:hr>137</ns3:hr>
          </ns3:TrackPointExtension>
        </extensions>
      </trkpt>
      <trkpt lat="48.25019435025751590728759765625" lon="-1.166739128530025482177734375">
        <ele>107.1999969482421875</ele>
        <time>2026-06-08T12:35:12.000Z</time>
        <extensions>
          <ns3:TrackPointExtension>
            <ns3:atemp>23.0</ns3:atemp>
            <ns3:hr>135</ns3:hr>
          </ns3:TrackPointExtension>
        </extensions>
      </trkpt>
      <trkpt lat="48.25044362805783748626708984375" lon="-1.16649479605257511138916015625">
        <ele>107</ele>
        <time>2026-06-08T12:35:18.000Z</time>
        <extensions>
          <ns3:TrackPointExtension>
            <ns3:atemp>23.0</ns3:atemp>
            <ns3:hr>134</ns3:hr>
          </ns3:TrackPointExtension>
        </extensions>
      </trkpt>
      <trkpt lat="48.25068536214530467987060546875" lon="-1.16625339724123477935791015625">
        <ele>107.40000152587890625</ele>
        <time>2026-06-08T12:35:24.000Z</time>
        <extensions>
          <ns3:TrackPointExtension>
            <ns3:atemp>23.0</ns3:atemp>
            <ns3:hr>133</ns3:hr>
          </ns3:TrackPointExtension>
        </extensions>
      </trkpt>
      <trkpt lat="48.2509494759142398834228515625" lon="-1.16599506698548793792724609375">
        <ele>107.59999847412109375</ele>
        <time>2026-06-08T12:35:30.000Z</time>
        <extensions>
          <ns3:TrackPointExtension>
            <ns3:atemp>23.0</ns3:atemp>
            <ns3:hr>132</ns3:hr>
          </ns3:TrackPointExtension>
        </extensions>
      </trkpt>
      <trkpt lat="48.251174278557300567626953125" lon="-1.1657723598182201385498046875">
        <ele>107.8000030517578125</ele>
        <time>2026-06-08T12:35:35.000Z</time>
        <extensions>
          <ns3:TrackPointExtension>
            <ns3:atemp>23.0</ns3:atemp>
            <ns3:hr>132</ns3:hr>
          </ns3:TrackPointExtension>
        </extensions>
      </trkpt>
      <trkpt lat="48.25121593661606311798095703125" lon="-1.1657257564365863800048828125">
        <ele>107.8000030517578125</ele>
        <time>2026-06-08T12:35:36.000Z</time>
        <extensions>
          <ns3:TrackPointExtension>
            <ns3:atemp>23.0</ns3:atemp>
            <ns3:hr>139</ns3:hr>
          </ns3:TrackPointExtension>
        </extensions>
      </trkpt>
      <trkpt lat="48.25125365518033504486083984375" lon="-1.1656825058162212371826171875">
        <ele>107.8000030517578125</ele>
        <time>2026-06-08T12:35:37.000Z</time>
        <extensions>
          <ns3:TrackPointExtension>
            <ns3:atemp>23.0</ns3:atemp>
            <ns3:hr>144</ns3:hr>
          </ns3:TrackPointExtension>
        </extensions>
      </trkpt>
      <trkpt lat="48.25141894631087779998779296875" lon="-1.16552467457950115203857421875">
        <ele>107.59999847412109375</ele>
        <time>2026-06-08T12:35:41.000Z</time>
        <extensions>
          <ns3:TrackPointExtension>
            <ns3:atemp>23.0</ns3:atemp>
            <ns3:hr>147</ns3:hr>
          </ns3:TrackPointExtension>
        </extensions>
      </trkpt>
      <trkpt lat="48.25153796933591365814208984375" lon="-1.1654023826122283935546875">
        <ele>107.59999847412109375</ele>
        <time>2026-06-08T12:35:44.000Z</time>
        <extensions>
          <ns3:TrackPointExtension>
            <ns3:atemp>23.0</ns3:atemp>
            <ns3:hr>145</ns3:hr>
          </ns3:TrackPointExtension>
        </extensions>
      </trkpt>
      <trkpt lat="48.25169521383941173553466796875" lon="-1.1652292124927043914794921875">
        <ele>107.40000152587890625</ele>
        <time>2026-06-08T12:35:48.000Z</time>
        <extensions>
          <ns3:TrackPointExtension>
            <ns3:atemp>23.0</ns3:atemp>
            <ns3:hr>142</ns3:hr>
          </ns3:TrackPointExtension>
        </extensions>
      </trkpt>
      <trkpt lat="48.2518144883215427398681640625" lon="-1.16510859690606594085693359375">
        <ele>107.40000152587890625</ele>
        <time>2026-06-08T12:35:51.000Z</time>
        <extensions>
          <ns3:TrackPointExtension>
            <ns3:atemp>23.0</ns3:atemp>
            <ns3:hr>140</ns3:hr>
          </ns3:TrackPointExtension>
        </extensions>
      </trkpt>
      <trkpt lat="48.25197852216660976409912109375" lon="-1.164949424564838409423828125">
        <ele>107.40000152587890625</ele>
        <time>2026-06-08T12:35:55.000Z</time>
        <extensions>
          <ns3:TrackPointExtension>
            <ns3:atemp>23.0</ns3:atemp>
            <ns3:hr>137</ns3:hr>
          </ns3:TrackPointExtension>
        </extensions>
      </trkpt>
      <trkpt lat="48.25205747969448566436767578125" lon="-1.1648600734770298004150390625">
        <ele>107</ele>
        <time>2026-06-08T12:35:57.000Z</time>
        <extensions>
          <ns3:TrackPointExtension>
            <ns3:atemp>23.0</ns3:atemp>
            <ns3:hr>135</ns3:hr>
          </ns3:TrackPointExtension>
        </extensions>
      </trkpt>
      <trkpt lat="48.252096287906169891357421875" lon="-1.16482730023562908172607421875">
        <ele>106.8000030517578125</ele>
        <time>2026-06-08T12:35:58.000Z</time>
        <extensions>
          <ns3:TrackPointExtension>
            <ns3:atemp>23.0</ns3:atemp>
            <ns3:hr>135</ns3:hr>
          </ns3:TrackPointExtension>
        </extensions>
      </trkpt>
      <trkpt lat="48.2522637583315372467041015625" lon="-1.164681203663349151611328125">
        <ele>107.1999969482421875</ele>
        <time>2026-06-08T12:36:02.000Z</time>
        <extensions>
          <ns3:TrackPointExtension>
            <ns3:atemp>23.0</ns3:atemp>
            <ns3:hr>135</ns3:hr>
          </ns3:TrackPointExtension>
        </extensions>
      </trkpt>
      <trkpt lat="48.25249937362968921661376953125" lon="-1.16446922533214092254638671875">
        <ele>107.59999847412109375</ele>
        <time>2026-06-08T12:36:08.000Z</time>
        <extensions>
          <ns3:TrackPointExtension>
            <ns3:atemp>23.0</ns3:atemp>
            <ns3:hr>135</ns3:hr>
          </ns3:TrackPointExtension>
        </extensions>
      </trkpt>
      <trkpt lat="48.2527777366340160369873046875" lon="-1.164204441010951995849609375">
        <ele>107.59999847412109375</ele>
        <time>2026-06-08T12:36:15.000Z</time>
        <extensions>
          <ns3:TrackPointExtension>
            <ns3:atemp>23.0</ns3:atemp>
            <ns3:hr>135</ns3:hr>
          </ns3:TrackPointExtension>
        </extensions>
      </trkpt>
      <trkpt lat="48.253038413822650909423828125" lon="-1.16393026895821094512939453125">
        <ele>107.59999847412109375</ele>
        <time>2026-06-08T12:36:22.000Z</time>
        <extensions>
          <ns3:TrackPointExtension>
            <ns3:atemp>23.0</ns3:atemp>
            <ns3:hr>134</ns3:hr>
          </ns3:TrackPointExtension>
        </extensions>
      </trkpt>
      <trkpt lat="48.2532055489718914031982421875" lon="-1.16377335973083972930908203125">
        <ele>107.8000030517578125</ele>
        <time>2026-06-08T12:36:26.000Z</time>
        <extensions>
          <ns3:TrackPointExtension>
            <ns3:atemp>23.0</ns3:atemp>
            <ns3:hr>135</ns3:hr>
          </ns3:TrackPointExtension>
        </extensions>
      </trkpt>
      <trkpt lat="48.2532487995922565460205078125" lon="-1.16372507996857166290283203125">
        <ele>107.8000030517578125</ele>
        <time>2026-06-08T12:36:27.000Z</time>
        <extensions>
          <ns3:TrackPointExtension>
            <ns3:atemp>23.0</ns3:atemp>
            <ns3:hr>134</ns3:hr>
          </ns3:TrackPointExtension>
        </extensions>
      </trkpt>
      <trkpt lat="48.253490366041660308837890625" lon="-1.163487620651721954345703125">
        <ele>108.1999969482421875</ele>
        <time>2026-06-08T12:36:33.000Z</time>
        <extensions>
          <ns3:TrackPointExtension>
            <ns3:atemp>23.0</ns3:atemp>
            <ns3:hr>135</ns3:hr>
          </ns3:TrackPointExtension>
        </extensions>
      </trkpt>
      <trkpt lat="48.25352557003498077392578125" lon="-1.163446046411991119384765625">
        <ele>108.1999969482421875</ele>
        <time>2026-06-08T12:36:34.000Z</time>
        <extensions>
          <ns3:TrackPointExtension>
            <ns3:atemp>23.0</ns3:atemp>
            <ns3:hr>135</ns3:hr>
          </ns3:TrackPointExtension>
        </extensions>
      </trkpt>
      <trkpt lat="48.2537976466119289398193359375" lon="-1.16317489184439182281494140625">
        <ele>108.40000152587890625</ele>
        <time>2026-06-08T12:36:41.000Z</time>
        <extensions>
          <ns3:TrackPointExtension>
            <ns3:atemp>23.0</ns3:atemp>
            <ns3:hr>135</ns3:hr>
          </ns3:TrackPointExtension>
        </extensions>
      </trkpt>
      <trkpt lat="48.25405237264931201934814453125" lon="-1.1628624983131885528564453125">
        <ele>108.8000030517578125</ele>
        <time>2026-06-08T12:36:49.000Z</time>
        <extensions>
          <ns3:TrackPointExtension>
            <ns3:atemp>23.0</ns3:atemp>
            <ns3:hr>140</ns3:hr>
          </ns3:TrackPointExtension>
        </extensions>
      </trkpt>
      <trkpt lat="48.2540802843868732452392578125" lon="-1.162824444472789764404296875">
        <ele>108.8000030517578125</ele>
        <time>2026-06-08T12:36:50.000Z</time>
        <extensions>
          <ns3:TrackPointExtension>
            <ns3:atemp>23.0</ns3:atemp>
            <ns3:hr>144</ns3:hr>
          </ns3:TrackPointExtension>
        </extensions>
      </trkpt>
      <trkpt lat="48.25424113310873508453369140625" lon="-1.16261581890285015106201171875">
        <ele>109</ele>
        <time>2026-06-08T12:36:55.000Z</time>
        <extensions>
          <ns3:TrackPointExtension>
            <ns3:atemp>23.0</ns3:atemp>
            <ns3:hr>146</ns3:hr>
          </ns3:TrackPointExtension>
        </extensions>
      </trkpt>
      <trkpt lat="48.25429947115480899810791015625" lon="-1.16251557134091854095458984375">
        <ele>109.1999969482421875</ele>
        <time>2026-06-08T12:36:57.000Z</time>
        <extensions>
          <ns3:TrackPointExtension>
            <ns3:atemp>23.0</ns3:atemp>
            <ns3:hr>145</ns3:hr>
          </ns3:TrackPointExtension>
        </extensions>
      </trkpt>
      <trkpt lat="48.25445336289703845977783203125" lon="-1.16226813755929470062255859375">
        <ele>109.59999847412109375</ele>
        <time>2026-06-08T12:37:02.000Z</time>
        <extensions>
          <ns3:TrackPointExtension>
            <ns3:atemp>23.0</ns3:atemp>
            <ns3:hr>144</ns3:hr>
          </ns3:TrackPointExtension>
        </extensions>
      </trkpt>
      <trkpt lat="48.25465067289769649505615234375" lon="-1.16189329884946346282958984375">
        <ele>109.8000030517578125</ele>
        <time>2026-06-08T12:37:09.000Z</time>
        <extensions>
          <ns3:TrackPointExtension>
            <ns3:atemp>23.0</ns3:atemp>
            <ns3:hr>143</ns3:hr>
          </ns3:TrackPointExtension>
        </extensions>
      </trkpt>
      <trkpt lat="48.2547360844910144805908203125" lon="-1.1617304384708404541015625">
        <ele>110.1999969482421875</ele>
        <time>2026-06-08T12:37:12.000Z</time>
        <extensions>
          <ns3:TrackPointExtension>
            <ns3:atemp>23.0</ns3:atemp>
            <ns3:hr>143</ns3:hr>
          </ns3:TrackPointExtension>
        </extensions>
      </trkpt>
      <trkpt lat="48.2548403553664684295654296875" lon="-1.16152248345315456390380859375">
        <ele>110.59999847412109375</ele>
        <time>2026-06-08T12:37:16.000Z</time>
        <extensions>
          <ns3:TrackPointExtension>
            <ns3:atemp>23.0</ns3:atemp>
            <ns3:hr>144</ns3:hr>
          </ns3:TrackPointExtension>
        </extensions>
      </trkpt>
      <trkpt lat="48.25497471727430820465087890625" lon="-1.16124018095433712005615234375">
        <ele>110.59999847412109375</ele>
        <time>2026-06-08T12:37:22.000Z</time>
        <extensions>
          <ns3:TrackPointExtension>
            <ns3:atemp>23.0</ns3:atemp>
            <ns3:hr>148</ns3:hr>
          </ns3:TrackPointExtension>
        </extensions>
      </trkpt>
      <trkpt lat="48.25499634258449077606201171875" lon="-1.16120128892362117767333984375">
        <ele>110.59999847412109375</ele>
        <time>2026-06-08T12:37:23.000Z</time>
        <extensions>
          <ns3:TrackPointExtension>
            <ns3:atemp>23.0</ns3:atemp>
            <ns3:hr>149</ns3:hr>
          </ns3:TrackPointExtension>
        </extensions>
      </trkpt>
      <trkpt lat="48.2551444508135318756103515625" lon="-1.1609058268368244171142578125">
        <ele>111.1999969482421875</ele>
        <time>2026-06-08T12:37:29.000Z</time>
        <extensions>
          <ns3:TrackPointExtension>
            <ns3:atemp>23.0</ns3:atemp>
            <ns3:hr>149</ns3:hr>
          </ns3:TrackPointExtension>
        </extensions>
      </trkpt>
      <trkpt lat="48.25517177581787109375" lon="-1.1608401127159595489501953125">
        <ele>111.1999969482421875</ele>
        <time>2026-06-08T12:37:30.000Z</time>
        <extensions>
          <ns3:TrackPointExtension>
            <ns3:atemp>23.0</ns3:atemp>
            <ns3:hr>149</ns3:hr>
          </ns3:TrackPointExtension>
        </extensions>
      </trkpt>
      <trkpt lat="48.25532776303589344024658203125" lon="-1.16045982576906681060791015625">
        <ele>111.40000152587890625</ele>
        <time>2026-06-08T12:37:36.000Z</time>
        <extensions>
          <ns3:TrackPointExtension>
            <ns3:atemp>23.0</ns3:atemp>
            <ns3:hr>149</ns3:hr>
          </ns3:TrackPointExtension>
        </extensions>
      </trkpt>
      <trkpt lat="48.25545399449765682220458984375" lon="-1.16015204228460788726806640625">
        <ele>111.8000030517578125</ele>
        <time>2026-06-08T12:37:41.000Z</time>
        <extensions>
          <ns3:TrackPointExtension>
            <ns3:atemp>23.0</ns3:atemp>
            <ns3:hr>152</ns3:hr>
          </ns3:TrackPointExtension>
        </extensions>
      </trkpt>
      <trkpt lat="48.2555115781724452972412109375" lon="-1.16002279333770275115966796875">
        <ele>111.8000030517578125</ele>
        <time>2026-06-08T12:37:43.000Z</time>
        <extensions>
          <ns3:TrackPointExtension>
            <ns3:atemp>23.0</ns3:atemp>
            <ns3:hr>153</ns3:hr>
          </ns3:TrackPointExtension>
        </extensions>
      </trkpt>
      <trkpt lat="48.25571827590465545654296875" lon="-1.15951937623322010040283203125">
        <ele>111.8000030517578125</ele>
        <time>2026-06-08T12:37:51.000Z</time>
        <extensions>
          <ns3:TrackPointExtension>
            <ns3:atemp>23.0</ns3:atemp>
            <ns3:hr>152</ns3:hr>
          </ns3:TrackPointExtension>
        </extensions>
      </trkpt>
      <trkpt lat="48.25587845407426357269287109375" lon="-1.15913414396345615386962890625">
        <ele>111.8000030517578125</ele>
        <time>2026-06-08T12:37:57.000Z</time>
        <extensions>
          <ns3:TrackPointExtension>
            <ns3:atemp>23.0</ns3:atemp>
            <ns3:hr>152</ns3:hr>
          </ns3:TrackPointExtension>
        </extensions>
      </trkpt>
      <trkpt lat="48.25591868720948696136474609375" lon="-1.15906507708132266998291015625">
        <ele>111.8000030517578125</ele>
        <time>2026-06-08T12:37:58.000Z</time>
        <extensions>
          <ns3:TrackPointExtension>
            <ns3:atemp>23.0</ns3:atemp>
            <ns3:hr>152</ns3:hr>
          </ns3:TrackPointExtension>
        </extensions>
      </trkpt>
      <trkpt lat="48.25601524673402309417724609375" lon="-1.15885435603559017181396484375">
        <ele>111.8000030517578125</ele>
        <time>2026-06-08T12:38:01.000Z</time>
        <extensions>
          <ns3:TrackPointExtension>
            <ns3:atemp>23.0</ns3:atemp>
            <ns3:hr>152</ns3:hr>
          </ns3:TrackPointExtension>
        </extensions>
      </trkpt>
      <trkpt lat="48.25618959031999111175537109375" lon="-1.15843626670539379119873046875">
        <ele>112</ele>
        <time>2026-06-08T12:38:07.000Z</time>
        <extensions>
          <ns3:TrackPointExtension>
            <ns3:atemp>23.0</ns3:atemp>
            <ns3:hr>152</ns3:hr>
          </ns3:TrackPointExtension>
        </extensions>
      </trkpt>
      <trkpt lat="48.25637550093233585357666015625" lon="-1.1580509506165981292724609375">
        <ele>111.8000030517578125</ele>
        <time>2026-06-08T12:38:13.000Z</time>
        <extensions>
          <ns3:TrackPointExtension>
            <ns3:atemp>23.0</ns3:atemp>
            <ns3:hr>149</ns3:hr>
          </ns3:TrackPointExtension>
        </extensions>
      </trkpt>
      <trkpt lat="48.25658706016838550567626953125" lon="-1.15771726705133914947509765625">
        <ele>111.8000030517578125</ele>
        <time>2026-06-08T12:38:19.000Z</time>
        <extensions>
          <ns3:TrackPointExtension>
            <ns3:atemp>22.0</ns3:atemp>
            <ns3:hr>149</ns3:hr>
          </ns3:TrackPointExtension>
        </extensions>
      </trkpt>
      <trkpt lat="48.25677883811295032501220703125" lon="-1.15746312774717807769775390625">
        <ele>111.59999847412109375</ele>
        <time>2026-06-08T12:38:24.000Z</time>
        <extensions>
          <ns3:TrackPointExtension>
            <ns3:atemp>23.0</ns3:atemp>
            <ns3:hr>146</ns3:hr>
          </ns3:TrackPointExtension>
        </extensions>
      </trkpt>
      <trkpt lat="48.25686760246753692626953125" lon="-1.1573589406907558441162109375">
        <ele>111.59999847412109375</ele>
        <time>2026-06-08T12:38:26.000Z</time>
        <extensions>
          <ns3:TrackPointExtension>
            <ns3:atemp>23.0</ns3:atemp>
            <ns3:hr>146</ns3:hr>
          </ns3:TrackPointExtension>
        </extensions>
      </trkpt>
      <trkpt lat="48.25720899738371372222900390625" lon="-1.1569619737565517425537109375">
        <ele>111.8000030517578125</ele>
        <time>2026-06-08T12:38:34.000Z</time>
        <extensions>
          <ns3:TrackPointExtension>
            <ns3:atemp>23.0</ns3:atemp>
            <ns3:hr>145</ns3:hr>
          </ns3:TrackPointExtension>
        </extensions>
      </trkpt>
      <trkpt lat="48.25724939815700054168701171875" lon="-1.15691562183201313018798828125">
        <ele>111.8000030517578125</ele>
        <time>2026-06-08T12:38:35.000Z</time>
        <extensions>
          <ns3:TrackPointExtension>
            <ns3:atemp>23.0</ns3:atemp>
            <ns3:hr>144</ns3:hr>
          </ns3:TrackPointExtension>
        </extensions>
      </trkpt>
      <trkpt lat="48.25745810754597187042236328125" lon="-1.156675480306148529052734375">
        <ele>111.59999847412109375</ele>
        <time>2026-06-08T12:38:40.000Z</time>
        <extensions>
          <ns3:TrackPointExtension>
            <ns3:atemp>22.0</ns3:atemp>
            <ns3:hr>143</ns3:hr>
          </ns3:TrackPointExtension>
        </extensions>
      </trkpt>
      <trkpt lat="48.25757562182843685150146484375" lon="-1.1565348319709300994873046875">
        <ele>111.59999847412109375</ele>
        <time>2026-06-08T12:38:43.000Z</time>
        <extensions>
          <ns3:TrackPointExtension>
            <ns3:atemp>22.0</ns3:atemp>
            <ns3:hr>140</ns3:hr>
          </ns3:TrackPointExtension>
        </extensions>
      </trkpt>
      <trkpt lat="48.25779589824378490447998046875" lon="-1.15625479258596897125244140625">
        <ele>112</ele>
        <time>2026-06-08T12:38:49.000Z</time>
        <extensions>
          <ns3:TrackPointExtension>
            <ns3:atemp>22.0</ns3:atemp>
            <ns3:hr>140</ns3:hr>
          </ns3:TrackPointExtension>
        </extensions>
      </trkpt>
      <trkpt lat="48.25782783329486846923828125" lon="-1.156206429004669189453125">
        <ele>112</ele>
        <time>2026-06-08T12:38:50.000Z</time>
        <extensions>
          <ns3:TrackPointExtension>
            <ns3:atemp>22.0</ns3:atemp>
            <ns3:hr>140</ns3:hr>
          </ns3:TrackPointExtension>
        </extensions>
      </trkpt>
      <trkpt lat="48.25798281468451023101806640625" lon="-1.15598858334124088287353515625">
        <ele>111.1999969482421875</ele>
        <time>2026-06-08T12:38:55.000Z</time>
        <extensions>
          <ns3:TrackPointExtension>
            <ns3:atemp>22.0</ns3:atemp>
            <ns3:hr>139</ns3:hr>
          </ns3:TrackPointExtension>
        </extensions>
      </trkpt>
      <trkpt lat="48.2581884227693080902099609375" lon="-1.15568532608449459075927734375">
        <ele>111.8000030517578125</ele>
        <time>2026-06-08T12:39:01.000Z</time>
        <extensions>
          <ns3:TrackPointExtension>
            <ns3:atemp>22.0</ns3:atemp>
            <ns3:hr>139</ns3:hr>
          </ns3:TrackPointExtension>
        </extensions>
      </trkpt>
      <trkpt lat="48.25827903114259243011474609375" lon="-1.15553428418934345245361328125">
        <ele>112</ele>
        <time>2026-06-08T12:39:04.000Z</time>
        <extensions>
          <ns3:TrackPointExtension>
            <ns3:atemp>24.0</ns3:atemp>
            <ns3:hr>139</ns3:hr>
          </ns3:TrackPointExtension>
        </extensions>
      </trkpt>
      <trkpt lat="48.2583091221749782562255859375" lon="-1.1554810591042041778564453125">
        <ele>112.1999969482421875</ele>
        <time>2026-06-08T12:39:05.000Z</time>
        <extensions>
          <ns3:TrackPointExtension>
            <ns3:atemp>22.0</ns3:atemp>
            <ns3:hr>139</ns3:hr>
          </ns3:TrackPointExtension>
        </extensions>
      </trkpt>
      <trkpt lat="48.2583359442651271820068359375" lon="-1.15543303079903125762939453125">
        <ele>112.1999969482421875</ele>
        <time>2026-06-08T12:39:06.000Z</time>
        <extensions>
          <ns3:TrackPointExtension>
            <ns3:atemp>22.0</ns3:atemp>
            <ns3:hr>139</ns3:hr>
          </ns3:TrackPointExtension>
        </extensions>
      </trkpt>
      <trkpt lat="48.2583848945796489715576171875" lon="-1.1553315259516239166259765625">
        <ele>112.40000152587890625</ele>
        <time>2026-06-08T12:39:08.000Z</time>
        <extensions>
          <ns3:TrackPointExtension>
            <ns3:atemp>22.0</ns3:atemp>
            <ns3:hr>138</ns3:hr>
          </ns3:TrackPointExtension>
        </extensions>
      </trkpt>
      <trkpt lat="48.25859184376895427703857421875" lon="-1.15490949712693691253662109375">
        <ele>112.59999847412109375</ele>
        <time>2026-06-08T12:39:16.000Z</time>
        <extensions>
          <ns3:TrackPointExtension>
            <ns3:atemp>22.0</ns3:atemp>
            <ns3:hr>138</ns3:hr>
          </ns3:TrackPointExtension>
        </extensions>
      </trkpt>
      <trkpt lat="48.258727379143238067626953125" lon="-1.1545546911656856536865234375">
        <ele>113</ele>
        <time>2026-06-08T12:39:21.000Z</time>
        <extensions>
          <ns3:TrackPointExtension>
            <ns3:atemp>22.0</ns3:atemp>
            <ns3:hr>135</ns3:hr>
          </ns3:TrackPointExtension>
        </extensions>
      </trkpt>
      <trkpt lat="48.2588147185742855072021484375" lon="-1.15431522019207477569580078125">
        <ele>113.40000152587890625</ele>
        <time>2026-06-08T12:39:25.000Z</time>
        <extensions>
          <ns3:TrackPointExtension>
            <ns3:atemp>22.0</ns3:atemp>
            <ns3:hr>133</ns3:hr>
          </ns3:TrackPointExtension>
        </extensions>
      </trkpt>
      <trkpt lat="48.25885377824306488037109375" lon="-1.1541934311389923095703125">
        <ele>113.40000152587890625</ele>
        <time>2026-06-08T12:39:27.000Z</time>
        <extensions>
          <ns3:TrackPointExtension>
            <ns3:atemp>22.0</ns3:atemp>
            <ns3:hr>133</ns3:hr>
          </ns3:TrackPointExtension>
        </extensions>
      </trkpt>
      <trkpt lat="48.25900725089013576507568359375" lon="-1.15378238260746002197265625">
        <ele>113.40000152587890625</ele>
        <time>2026-06-08T12:39:34.000Z</time>
        <extensions>
          <ns3:TrackPointExtension>
            <ns3:atemp>22.0</ns3:atemp>
            <ns3:hr>132</ns3:hr>
          </ns3:TrackPointExtension>
        </extensions>
      </trkpt>
      <trkpt lat="48.259110935032367706298828125" lon="-1.15353436209261417388916015625">
        <ele>113.1999969482421875</ele>
        <time>2026-06-08T12:39:39.000Z</time>
        <extensions>
          <ns3:TrackPointExtension>
            <ns3:atemp>22.0</ns3:atemp>
            <ns3:hr>134</ns3:hr>
          </ns3:TrackPointExtension>
        </extensions>
      </trkpt>
      <trkpt lat="48.259182684123516082763671875" lon="-1.1533083021640777587890625">
        <ele>114</ele>
        <time>2026-06-08T12:39:43.000Z</time>
        <extensions>
          <ns3:TrackPointExtension>
            <ns3:atemp>22.0</ns3:atemp>
            <ns3:hr>133</ns3:hr>
          </ns3:TrackPointExtension>
        </extensions>
      </trkpt>
      <trkpt lat="48.2592261023819446563720703125" lon="-1.1531948111951351165771484375">
        <ele>114.40000152587890625</ele>
        <time>2026-06-08T12:39:45.000Z</time>
        <extensions>
          <ns3:TrackPointExtension>
            <ns3:atemp>22.0</ns3:atemp>
            <ns3:hr>133</ns3:hr>
          </ns3:TrackPointExtension>
        </extensions>
      </trkpt>
      <trkpt lat="48.2593491487205028533935546875" lon="-1.15284536965191364288330078125">
        <ele>114.8000030517578125</ele>
        <time>2026-06-08T12:39:51.000Z</time>
        <extensions>
          <ns3:TrackPointExtension>
            <ns3:atemp>22.0</ns3:atemp>
            <ns3:hr>127</ns3:hr>
          </ns3:TrackPointExtension>
        </extensions>
      </trkpt>
      <trkpt lat="48.2593895494937896728515625" lon="-1.15273523144423961639404296875">
        <ele>114.8000030517578125</ele>
        <time>2026-06-08T12:39:53.000Z</time>
        <extensions>
          <ns3:TrackPointExtension>
            <ns3:atemp>22.0</ns3:atemp>
            <ns3:hr>124</ns3:hr>
          </ns3:TrackPointExtension>
        </extensions>
      </trkpt>
      <trkpt lat="48.25950128026306629180908203125" lon="-1.15245410241186618804931640625">
        <ele>114.8000030517578125</ele>
        <time>2026-06-08T12:39:59.000Z</time>
        <extensions>
          <ns3:TrackPointExtension>
            <ns3:atemp>22.0</ns3:atemp>
            <ns3:hr>126</ns3:hr>
          </ns3:TrackPointExtension>
        </extensions>
      </trkpt>
      <trkpt lat="48.2595402561128139495849609375" lon="-1.152362823486328125">
        <ele>114.8000030517578125</ele>
        <time>2026-06-08T12:40:01.000Z</time>
        <extensions>
          <ns3:TrackPointExtension>
            <ns3:atemp>22.0</ns3:atemp>
            <ns3:hr>126</ns3:hr>
          </ns3:TrackPointExtension>
        </extensions>
      </trkpt>
      <trkpt lat="48.25961309485137462615966796875" lon="-1.15218906663358211517333984375">
        <ele>115</ele>
        <time>2026-06-08T12:40:04.000Z</time>
        <extensions>
          <ns3:TrackPointExtension>
            <ns3:atemp>22.0</ns3:atemp>
            <ns3:hr>129</ns3:hr>
          </ns3:TrackPointExtension>
        </extensions>
      </trkpt>
      <trkpt lat="48.25972122140228748321533203125" lon="-1.151915900409221649169921875">
        <ele>115.40000152587890625</ele>
        <time>2026-06-08T12:40:09.000Z</time>
        <extensions>
          <ns3:TrackPointExtension>
            <ns3:atemp>22.0</ns3:atemp>
            <ns3:hr>128</ns3:hr>
          </ns3:TrackPointExtension>
        </extensions>
      </trkpt>
      <trkpt lat="48.2597323693335056304931640625" lon="-1.15186133421957492828369140625">
        <ele>115.1999969482421875</ele>
        <time>2026-06-08T12:40:10.000Z</time>
        <extensions>
          <ns3:TrackPointExtension>
            <ns3:atemp>22.0</ns3:atemp>
            <ns3:hr>127</ns3:hr>
          </ns3:TrackPointExtension>
        </extensions>
      </trkpt>
      <trkpt lat="48.25978475622832775115966796875" lon="-1.1516907624900341033935546875">
        <ele>115.40000152587890625</ele>
        <time>2026-06-08T12:40:13.000Z</time>
        <extensions>
          <ns3:TrackPointExtension>
            <ns3:atemp>22.0</ns3:atemp>
            <ns3:hr>127</ns3:hr>
          </ns3:TrackPointExtension>
        </extensions>
      </trkpt>
      <trkpt lat="48.25988181866705417633056640625" lon="-1.1514255590736865997314453125">
        <ele>115.40000152587890625</ele>
        <time>2026-06-08T12:40:18.000Z</time>
        <extensions>
          <ns3:TrackPointExtension>
            <ns3:atemp>22.0</ns3:atemp>
            <ns3:hr>127</ns3:hr>
          </ns3:TrackPointExtension>
        </extensions>
      </trkpt>
      <trkpt lat="48.25993747450411319732666015625" lon="-1.1512652970850467681884765625">
        <ele>115.40000152587890625</ele>
        <time>2026-06-08T12:40:21.000Z</time>
        <extensions>
          <ns3:TrackPointExtension>
            <ns3:atemp>22.0</ns3:atemp>
            <ns3:hr>130</ns3:hr>
          </ns3:TrackPointExtension>
        </extensions>
      </trkpt>
      <trkpt lat="48.25998726300895214080810546875" lon="-1.15110076032578945159912109375">
        <ele>115.59999847412109375</ele>
        <time>2026-06-08T12:40:24.000Z</time>
        <extensions>
          <ns3:TrackPointExtension>
            <ns3:atemp>22.0</ns3:atemp>
            <ns3:hr>133</ns3:hr>
          </ns3:TrackPointExtension>
        </extensions>
      </trkpt>
      <trkpt lat="48.26000452972948551177978515625" lon="-1.15104678086936473846435546875">
        <ele>115.8000030517578125</ele>
        <time>2026-06-08T12:40:25.000Z</time>
        <extensions>
          <ns3:TrackPointExtension>
            <ns3:atemp>22.0</ns3:atemp>
            <ns3:hr>133</ns3:hr>
          </ns3:TrackPointExtension>
        </extensions>
      </trkpt>
      <trkpt lat="48.2601501233875751495361328125" lon="-1.1506202258169651031494140625">
        <ele>115.8000030517578125</ele>
        <time>2026-06-08T12:40:32.000Z</time>
        <extensions>
          <ns3:TrackPointExtension>
            <ns3:atemp>22.0</ns3:atemp>
            <ns3:hr>134</ns3:hr>
          </ns3:TrackPointExtension>
        </extensions>
      </trkpt>
      <trkpt lat="48.26034667901694774627685546875" lon="-1.15011186338961124420166015625">
        <ele>115.8000030517578125</ele>
        <time>2026-06-08T12:40:40.000Z</time>
        <extensions>
          <ns3:TrackPointExtension>
            <ns3:atemp>22.0</ns3:atemp>
            <ns3:hr>132</ns3:hr>
          </ns3:TrackPointExtension>
        </extensions>
      </trkpt>
      <trkpt lat="48.2605511136353015899658203125" lon="-1.149634681642055511474609375">
        <ele>115.8000030517578125</ele>
        <time>2026-06-08T12:40:48.000Z</time>
        <extensions>
          <ns3:TrackPointExtension>
            <ns3:atemp>22.0</ns3:atemp>
            <ns3:hr>130</ns3:hr>
          </ns3:TrackPointExtension>
        </extensions>
      </trkpt>
      <trkpt lat="48.26074817217886447906494140625" lon="-1.14920225925743579864501953125">
        <ele>115.8000030517578125</ele>
        <time>2026-06-08T12:40:55.000Z</time>
        <extensions>
          <ns3:TrackPointExtension>
            <ns3:atemp>22.0</ns3:atemp>
            <ns3:hr>133</ns3:hr>
          </ns3:TrackPointExtension>
        </extensions>
      </trkpt>
      <trkpt lat="48.26092134229838848114013671875" lon="-1.148866899311542510986328125">
        <ele>115.8000030517578125</ele>
        <time>2026-06-08T12:41:01.000Z</time>
        <extensions>
          <ns3:TrackPointExtension>
            <ns3:atemp>22.0</ns3:atemp>
            <ns3:hr>135</ns3:hr>
          </ns3:TrackPointExtension>
        </extensions>
      </trkpt>
      <trkpt lat="48.261015973985195159912109375" lon="-1.14869766868650913238525390625">
        <ele>115.8000030517578125</ele>
        <time>2026-06-08T12:41:04.000Z</time>
        <extensions>
          <ns3:TrackPointExtension>
            <ns3:atemp>24.0</ns3:atemp>
            <ns3:hr>135</ns3:hr>
          </ns3:TrackPointExtension>
        </extensions>
      </trkpt>
      <trkpt lat="48.261048495769500732421875" lon="-1.14864595234394073486328125">
        <ele>115.8000030517578125</ele>
        <time>2026-06-08T12:41:05.000Z</time>
        <extensions>
          <ns3:TrackPointExtension>
            <ns3:atemp>22.0</ns3:atemp>
            <ns3:hr>135</ns3:hr>
          </ns3:TrackPointExtension>
        </extensions>
      </trkpt>
      <trkpt lat="48.26111865229904651641845703125" lon="-1.14853472448885440826416015625">
        <ele>115.8000030517578125</ele>
        <time>2026-06-08T12:41:07.000Z</time>
        <extensions>
          <ns3:TrackPointExtension>
            <ns3:atemp>22.0</ns3:atemp>
            <ns3:hr>132</ns3:hr>
          </ns3:TrackPointExtension>
        </extensions>
      </trkpt>
      <trkpt lat="48.26115167699754238128662109375" lon="-1.14848099648952484130859375">
        <ele>115.8000030517578125</ele>
        <time>2026-06-08T12:41:08.000Z</time>
        <extensions>
          <ns3:TrackPointExtension>
            <ns3:atemp>22.0</ns3:atemp>
            <ns3:hr>128</ns3:hr>
          </ns3:TrackPointExtension>
        </extensions>
      </trkpt>
      <trkpt lat="48.26118595898151397705078125" lon="-1.14842793904244899749755859375">
        <ele>116</ele>
        <time>2026-06-08T12:41:09.000Z</time>
        <extensions>
          <ns3:TrackPointExtension>
            <ns3:atemp>22.0</ns3:atemp>
            <ns3:hr>124</ns3:hr>
          </ns3:TrackPointExtension>
        </extensions>
      </trkpt>
      <trkpt lat="48.2612437941133975982666015625" lon="-1.1483180522918701171875">
        <ele>116</ele>
        <time>2026-06-08T12:41:11.000Z</time>
        <extensions>
          <ns3:TrackPointExtension>
            <ns3:atemp>22.0</ns3:atemp>
            <ns3:hr>122</ns3:hr>
          </ns3:TrackPointExtension>
        </extensions>
      </trkpt>
      <trkpt lat="48.2614825107157230377197265625" lon="-1.147930137813091278076171875">
        <ele>116</ele>
        <time>2026-06-08T12:41:19.000Z</time>
        <extensions>
          <ns3:TrackPointExtension>
            <ns3:atemp>22.0</ns3:atemp>
            <ns3:hr>121</ns3:hr>
          </ns3:TrackPointExtension>
        </extensions>
      </trkpt>
      <trkpt lat="48.2616960816085338592529296875" lon="-1.1476084403693675994873046875">
        <ele>116.40000152587890625</ele>
        <time>2026-06-08T12:41:26.000Z</time>
        <extensions>
          <ns3:TrackPointExtension>
            <ns3:atemp>22.0</ns3:atemp>
            <ns3:hr>120</ns3:hr>
          </ns3:TrackPointExtension>
        </extensions>
      </trkpt>
      <trkpt lat="48.26178518123924732208251953125" lon="-1.14748011343181133270263671875">
        <ele>116.59999847412109375</ele>
        <time>2026-06-08T12:41:29.000Z</time>
        <extensions>
          <ns3:TrackPointExtension>
            <ns3:atemp>22.0</ns3:atemp>
            <ns3:hr>120</ns3:hr>
          </ns3:TrackPointExtension>
        </extensions>
      </trkpt>
      <trkpt lat="48.26192314736545085906982421875" lon="-1.14727676846086978912353515625">
        <ele>116.59999847412109375</ele>
        <time>2026-06-08T12:41:34.000Z</time>
        <extensions>
          <ns3:TrackPointExtension>
            <ns3:atemp>22.0</ns3:atemp>
            <ns3:hr>118</ns3:hr>
          </ns3:TrackPointExtension>
        </extensions>
      </trkpt>
      <trkpt lat="48.2621064595878124237060546875" lon="-1.1470203660428524017333984375">
        <ele>116.8000030517578125</ele>
        <time>2026-06-08T12:41:40.000Z</time>
        <extensions>
          <ns3:TrackPointExtension>
            <ns3:atemp>22.0</ns3:atemp>
            <ns3:hr>116</ns3:hr>
          </ns3:TrackPointExtension>
        </extensions>
      </trkpt>
      <trkpt lat="48.26229329220950603485107421875" lon="-1.146744601428508758544921875">
        <ele>117.1999969482421875</ele>
        <time>2026-06-08T12:41:46.000Z</time>
        <extensions>
          <ns3:TrackPointExtension>
            <ns3:atemp>22.0</ns3:atemp>
            <ns3:hr>115</ns3:hr>
          </ns3:TrackPointExtension>
        </extensions>
      </trkpt>
      <trkpt lat="48.26238230802118778228759765625" lon="-1.146623231470584869384765625">
        <ele>117.59999847412109375</ele>
        <time>2026-06-08T12:41:49.000Z</time>
        <extensions>
          <ns3:TrackPointExtension>
            <ns3:atemp>22.0</ns3:atemp>
            <ns3:hr>115</ns3:hr>
          </ns3:TrackPointExtension>
        </extensions>
      </trkpt>
      <trkpt lat="48.26256268657743930816650390625" lon="-1.14634956233203411102294921875">
        <ele>117.8000030517578125</ele>
        <time>2026-06-08T12:41:55.000Z</time>
        <extensions>
          <ns3:TrackPointExtension>
            <ns3:atemp>22.0</ns3:atemp>
            <ns3:hr>114</ns3:hr>
          </ns3:TrackPointExtension>
        </extensions>
      </trkpt>
      <trkpt lat="48.26269428245723247528076171875" lon="-1.1461494863033294677734375">
        <ele>118.40000152587890625</ele>
        <time>2026-06-08T12:42:00.000Z</time>
        <extensions>
          <ns3:TrackPointExtension>
            <ns3:atemp>22.0</ns3:atemp>
            <ns3:hr>115</ns3:hr>
          </ns3:TrackPointExtension>
        </extensions>
      </trkpt>
      <trkpt lat="48.26274071820080280303955078125" lon="-1.14607078023254871368408203125">
        <ele>118.59999847412109375</ele>
        <time>2026-06-08T12:42:02.000Z</time>
        <extensions>
          <ns3:TrackPointExtension>
            <ns3:atemp>22.0</ns3:atemp>
            <ns3:hr>116</ns3:hr>
          </ns3:TrackPointExtension>
        </extensions>
      </trkpt>
      <trkpt lat="48.262851946055889129638671875" lon="-1.145867519080638885498046875">
        <ele>118.8000030517578125</ele>
        <time>2026-06-08T12:42:07.000Z</time>
        <extensions>
          <ns3:TrackPointExtension>
            <ns3:atemp>22.0</ns3:atemp>
            <ns3:hr>116</ns3:hr>
          </ns3:TrackPointExtension>
        </extensions>
      </trkpt>
      <trkpt lat="48.26298010535538196563720703125" lon="-1.1456752382218837738037109375">
        <ele>119.1999969482421875</ele>
        <time>2026-06-08T12:42:13.000Z</time>
        <extensions>
          <ns3:TrackPointExtension>
            <ns3:atemp>22.0</ns3:atemp>
            <ns3:hr>118</ns3:hr>
          </ns3:TrackPointExtension>
        </extensions>
      </trkpt>
      <trkpt lat="48.263010866940021514892578125" lon="-1.14560307003557682037353515625">
        <ele>119.40000152587890625</ele>
        <time>2026-06-08T12:42:16.000Z</time>
        <extensions>
          <ns3:TrackPointExtension>
            <ns3:atemp>22.0</ns3:atemp>
            <ns3:hr>119</ns3:hr>
          </ns3:TrackPointExtension>
        </extensions>
      </trkpt>
      <trkpt lat="48.26301296241581439971923828125" lon="-1.1456028185784816741943359375">
        <ele>119.40000152587890625</ele>
        <time>2026-06-08T12:42:18.000Z</time>
        <extensions>
          <ns3:TrackPointExtension>
            <ns3:atemp>22.0</ns3:atemp>
            <ns3:hr>118</ns3:hr>
          </ns3:TrackPointExtension>
        </extensions>
      </trkpt>
      <trkpt lat="48.2630908302962779998779296875" lon="-1.1454521119594573974609375">
        <ele>119.40000152587890625</ele>
        <time>2026-06-08T12:46:33.000Z</time>
        <extensions>
          <ns3:TrackPointExtension>
            <ns3:atemp>22.0</ns3:atemp>
            <ns3:hr>104</ns3:hr>
          </ns3:TrackPointExtension>
        </extensions>
      </trkpt>
      <trkpt lat="48.2631017267704010009765625" lon="-1.14543710835278034210205078125">
        <ele>119.40000152587890625</ele>
        <time>2026-06-08T12:46:34.000Z</time>
        <extensions>
          <ns3:TrackPointExtension>
            <ns3:atemp>22.0</ns3:atemp>
            <ns3:hr>104</ns3:hr>
          </ns3:TrackPointExtension>
        </extensions>
      </trkpt>
      <trkpt lat="48.2631092704832553863525390625" lon="-1.14542084746062755584716796875">
        <ele>119.59999847412109375</ele>
        <time>2026-06-08T12:46:35.000Z</time>
        <extensions>
          <ns3:TrackPointExtension>
            <ns3:atemp>22.0</ns3:atemp>
            <ns3:hr>104</ns3:hr>
          </ns3:TrackPointExtension>
        </extensions>
      </trkpt>
      <trkpt lat="48.2631862163543701171875" lon="-1.1453406326472759246826171875">
        <ele>119.59999847412109375</ele>
        <time>2026-06-08T12:46:39.000Z</time>
        <extensions>
          <ns3:TrackPointExtension>
            <ns3:atemp>22.0</ns3:atemp>
            <ns3:hr>104</ns3:hr>
          </ns3:TrackPointExtension>
        </extensions>
      </trkpt>
      <trkpt lat="48.2632450573146343231201171875" lon="-1.14525874145328998565673828125">
        <ele>119.8000030517578125</ele>
        <time>2026-06-08T12:46:44.000Z</time>
        <extensions>
          <ns3:TrackPointExtension>
            <ns3:atemp>22.0</ns3:atemp>
            <ns3:hr>104</ns3:hr>
          </ns3:TrackPointExtension>
        </extensions>
      </trkpt>
      <trkpt lat="48.26325704343616962432861328125" lon="-1.145246587693691253662109375">
        <ele>119.8000030517578125</ele>
        <time>2026-06-08T12:46:45.000Z</time>
        <extensions>
          <ns3:TrackPointExtension>
            <ns3:atemp>22.0</ns3:atemp>
            <ns3:hr>105</ns3:hr>
          </ns3:TrackPointExtension>
        </extensions>
      </trkpt>
      <trkpt lat="48.26329107396304607391357421875" lon="-1.14522747695446014404296875">
        <ele>119.8000030517578125</ele>
        <time>2026-06-08T12:46:49.000Z</time>
        <extensions>
          <ns3:TrackPointExtension>
            <ns3:atemp>22.0</ns3:atemp>
            <ns3:hr>106</ns3:hr>
          </ns3:TrackPointExtension>
        </extensions>
      </trkpt>
      <trkpt lat="48.26335175894200801849365234375" lon="-1.14512681029736995697021484375">
        <ele>119.8000030517578125</ele>
        <time>2026-06-08T12:46:53.000Z</time>
        <extensions>
          <ns3:TrackPointExtension>
            <ns3:atemp>22.0</ns3:atemp>
            <ns3:hr>108</ns3:hr>
          </ns3:TrackPointExtension>
        </extensions>
      </trkpt>
      <trkpt lat="48.2635121047496795654296875" lon="-1.14486780948936939239501953125">
        <ele>120.40000152587890625</ele>
        <time>2026-06-08T12:47:01.000Z</time>
        <extensions>
          <ns3:TrackPointExtension>
            <ns3:atemp>22.0</ns3:atemp>
            <ns3:hr>109</ns3:hr>
          </ns3:TrackPointExtension>
        </extensions>
      </trkpt>
      <trkpt lat="48.26361604034900665283203125" lon="-1.14470503292977809906005859375">
        <ele>120.59999847412109375</ele>
        <time>2026-06-08T12:47:05.000Z</time>
        <extensions>
          <ns3:TrackPointExtension>
            <ns3:atemp>22.0</ns3:atemp>
            <ns3:hr>111</ns3:hr>
          </ns3:TrackPointExtension>
        </extensions>
      </trkpt>
      <trkpt lat="48.26367580331861972808837890625" lon="-1.1446179449558258056640625">
        <ele>120.8000030517578125</ele>
        <time>2026-06-08T12:47:07.000Z</time>
        <extensions>
          <ns3:TrackPointExtension>
            <ns3:atemp>22.0</ns3:atemp>
            <ns3:hr>113</ns3:hr>
          </ns3:TrackPointExtension>
        </extensions>
      </trkpt>
      <trkpt lat="48.263852410018444061279296875" lon="-1.1443465389311313629150390625">
        <ele>120.8000030517578125</ele>
        <time>2026-06-08T12:47:12.000Z</time>
        <extensions>
          <ns3:TrackPointExtension>
            <ns3:atemp>22.0</ns3:atemp>
            <ns3:hr>111</ns3:hr>
          </ns3:TrackPointExtension>
        </extensions>
      </trkpt>
      <trkpt lat="48.263894654810428619384765625" lon="-1.144285686314105987548828125">
        <ele>120.8000030517578125</ele>
        <time>2026-06-08T12:47:13.000Z</time>
        <extensions>
          <ns3:TrackPointExtension>
            <ns3:atemp>22.0</ns3:atemp>
            <ns3:hr>108</ns3:hr>
          </ns3:TrackPointExtension>
        </extensions>
      </trkpt>
      <trkpt lat="48.26394134201109409332275390625" lon="-1.14422357641160488128662109375">
        <ele>120.8000030517578125</ele>
        <time>2026-06-08T12:47:14.000Z</time>
        <extensions>
          <ns3:TrackPointExtension>
            <ns3:atemp>22.0</ns3:atemp>
            <ns3:hr>105</ns3:hr>
          </ns3:TrackPointExtension>
        </extensions>
      </trkpt>
      <trkpt lat="48.26410353183746337890625" lon="-1.14396792836487293243408203125">
        <ele>120.59999847412109375</ele>
        <time>2026-06-08T12:47:18.000Z</time>
        <extensions>
          <ns3:TrackPointExtension>
            <ns3:atemp>22.0</ns3:atemp>
            <ns3:hr>104</ns3:hr>
          </ns3:TrackPointExtension>
        </extensions>
      </trkpt>
      <trkpt lat="48.26427896507084369659423828125" lon="-1.1437044851481914520263671875">
        <ele>120.59999847412109375</ele>
        <time>2026-06-08T12:47:23.000Z</time>
        <extensions>
          <ns3:TrackPointExtension>
            <ns3:atemp>22.0</ns3:atemp>
            <ns3:hr>105</ns3:hr>
          </ns3:TrackPointExtension>
        </extensions>
      </trkpt>
      <trkpt lat="48.2644428312778472900390625" lon="-1.14343500696122646331787109375">
        <ele>120.40000152587890625</ele>
        <time>2026-06-08T12:47:29.000Z</time>
        <extensions>
          <ns3:TrackPointExtension>
            <ns3:atemp>22.0</ns3:atemp>
            <ns3:hr>103</ns3:hr>
          </ns3:TrackPointExtension>
        </extensions>
      </trkpt>
      <trkpt lat="48.26462681405246257781982421875" lon="-1.14312236197292804718017578125">
        <ele>120.40000152587890625</ele>
        <time>2026-06-08T12:47:36.000Z</time>
        <extensions>
          <ns3:TrackPointExtension>
            <ns3:atemp>22.0</ns3:atemp>
            <ns3:hr>105</ns3:hr>
          </ns3:TrackPointExtension>
        </extensions>
      </trkpt>
      <trkpt lat="48.26481808908283710479736328125" lon="-1.1428066156804561614990234375">
        <ele>120.40000152587890625</ele>
        <time>2026-06-08T12:47:42.000Z</time>
        <extensions>
          <ns3:TrackPointExtension>
            <ns3:atemp>22.0</ns3:atemp>
            <ns3:hr>106</ns3:hr>
          </ns3:TrackPointExtension>
        </extensions>
      </trkpt>
      <trkpt lat="48.26493325643241405487060546875" lon="-1.14259681664407253265380859375">
        <ele>120.1999969482421875</ele>
        <time>2026-06-08T12:47:46.000Z</time>
        <extensions>
          <ns3:TrackPointExtension>
            <ns3:atemp>22.0</ns3:atemp>
            <ns3:hr>106</ns3:hr>
          </ns3:TrackPointExtension>
        </extensions>
      </trkpt>
      <trkpt lat="48.265039622783660888671875" lon="-1.1424445174634456634521484375">
        <ele>120.40000152587890625</ele>
        <time>2026-06-08T12:47:49.000Z</time>
        <extensions>
          <ns3:TrackPointExtension>
            <ns3:atemp>22.0</ns3:atemp>
            <ns3:hr>105</ns3:hr>
          </ns3:TrackPointExtension>
        </extensions>
      </trkpt>
      <trkpt lat="48.26521120034158229827880859375" lon="-1.14215274341404438018798828125">
        <ele>120.40000152587890625</ele>
        <time>2026-06-08T12:47:55.000Z</time>
        <extensions>
          <ns3:TrackPointExtension>
            <ns3:atemp>22.0</ns3:atemp>
            <ns3:hr>105</ns3:hr>
          </ns3:TrackPointExtension>
        </extensions>
      </trkpt>
      <trkpt lat="48.26539174653589725494384765625" lon="-1.14184982143342494964599609375">
        <ele>120.59999847412109375</ele>
        <time>2026-06-08T12:48:01.000Z</time>
        <extensions>
          <ns3:TrackPointExtension>
            <ns3:atemp>22.0</ns3:atemp>
            <ns3:hr>107</ns3:hr>
          </ns3:TrackPointExtension>
        </extensions>
      </trkpt>
      <trkpt lat="48.26560464687645435333251953125" lon="-1.141534745693206787109375">
        <ele>120.59999847412109375</ele>
        <time>2026-06-08T12:48:07.000Z</time>
        <extensions>
          <ns3:TrackPointExtension>
            <ns3:atemp>22.0</ns3:atemp>
            <ns3:hr>109</ns3:hr>
          </ns3:TrackPointExtension>
        </extensions>
      </trkpt>
      <trkpt lat="48.265767507255077362060546875" lon="-1.141313798725605010986328125">
        <ele>120.40000152587890625</ele>
        <time>2026-06-08T12:48:12.000Z</time>
        <extensions>
          <ns3:TrackPointExtension>
            <ns3:atemp>22.0</ns3:atemp>
            <ns3:hr>112</ns3:hr>
          </ns3:TrackPointExtension>
        </extensions>
      </trkpt>
      <trkpt lat="48.26579424552619457244873046875" lon="-1.14128102548420429229736328125">
        <ele>120.40000152587890625</ele>
        <time>2026-06-08T12:48:13.000Z</time>
        <extensions>
          <ns3:TrackPointExtension>
            <ns3:atemp>22.0</ns3:atemp>
            <ns3:hr>115</ns3:hr>
          </ns3:TrackPointExtension>
        </extensions>
      </trkpt>
      <trkpt lat="48.2658179663121700286865234375" lon="-1.14125085063278675079345703125">
        <ele>120.40000152587890625</ele>
        <time>2026-06-08T12:48:14.000Z</time>
        <extensions>
          <ns3:TrackPointExtension>
            <ns3:atemp>22.0</ns3:atemp>
            <ns3:hr>121</ns3:hr>
          </ns3:TrackPointExtension>
        </extensions>
      </trkpt>
      <trkpt lat="48.2658488117158412933349609375" lon="-1.14118413068354129791259765625">
        <ele>120.59999847412109375</ele>
        <time>2026-06-08T12:48:16.000Z</time>
        <extensions>
          <ns3:TrackPointExtension>
            <ns3:atemp>22.0</ns3:atemp>
            <ns3:hr>124</ns3:hr>
          </ns3:TrackPointExtension>
        </extensions>
      </trkpt>
      <trkpt lat="48.26585761271417140960693359375" lon="-1.14117088727653026580810546875">
        <ele>120.59999847412109375</ele>
        <time>2026-06-08T12:48:17.000Z</time>
        <extensions>
          <ns3:TrackPointExtension>
            <ns3:atemp>22.0</ns3:atemp>
            <ns3:hr>126</ns3:hr>
          </ns3:TrackPointExtension>
        </extensions>
      </trkpt>
      <trkpt lat="48.265855014324188232421875" lon="-1.141175329685211181640625">
        <ele>120.8000030517578125</ele>
        <time>2026-06-08T12:48:19.000Z</time>
        <extensions>
          <ns3:TrackPointExtension>
            <ns3:atemp>22.0</ns3:atemp>
            <ns3:hr>126</ns3:hr>
          </ns3:TrackPointExtension>
        </extensions>
      </trkpt>
      <trkpt lat="48.2659162022173404693603515625" lon="-1.14109494723379611968994140625">
        <ele>121.40000152587890625</ele>
        <time>2026-06-08T12:49:14.000Z</time>
        <extensions>
          <ns3:TrackPointExtension>
            <ns3:atemp>22.0</ns3:atemp>
            <ns3:hr>118</ns3:hr>
          </ns3:TrackPointExtension>
        </extensions>
      </trkpt>
      <trkpt lat="48.265929110348224639892578125" lon="-1.14106913097202777862548828125">
        <ele>121.40000152587890625</ele>
        <time>2026-06-08T12:49:15.000Z</time>
        <extensions>
          <ns3:TrackPointExtension>
            <ns3:atemp>22.0</ns3:atemp>
            <ns3:hr>118</ns3:hr>
          </ns3:TrackPointExtension>
        </extensions>
      </trkpt>
      <trkpt lat="48.2660476304590702056884765625" lon="-1.14091976545751094818115234375">
        <ele>121</ele>
        <time>2026-06-08T12:49:20.000Z</time>
        <extensions>
          <ns3:TrackPointExtension>
            <ns3:atemp>22.0</ns3:atemp>
            <ns3:hr>117</ns3:hr>
          </ns3:TrackPointExtension>
        </extensions>
      </trkpt>
      <trkpt lat="48.266160786151885986328125" lon="-1.1407543905079364776611328125">
        <ele>121.40000152587890625</ele>
        <time>2026-06-08T12:49:26.000Z</time>
        <extensions>
          <ns3:TrackPointExtension>
            <ns3:atemp>22.0</ns3:atemp>
            <ns3:hr>119</ns3:hr>
          </ns3:TrackPointExtension>
        </extensions>
      </trkpt>
      <trkpt lat="48.26630487106740474700927734375" lon="-1.14055163227021694183349609375">
        <ele>121.8000030517578125</ele>
        <time>2026-06-08T12:49:32.000Z</time>
        <extensions>
          <ns3:TrackPointExtension>
            <ns3:atemp>22.0</ns3:atemp>
            <ns3:hr>119</ns3:hr>
          </ns3:TrackPointExtension>
        </extensions>
      </trkpt>
      <trkpt lat="48.2664459384977817535400390625" lon="-1.14034292288124561309814453125">
        <ele>122.1999969482421875</ele>
        <time>2026-06-08T12:49:37.000Z</time>
        <extensions>
          <ns3:TrackPointExtension>
            <ns3:atemp>22.0</ns3:atemp>
            <ns3:hr>120</ns3:hr>
          </ns3:TrackPointExtension>
        </extensions>
      </trkpt>
      <trkpt lat="48.26655129902064800262451171875" lon="-1.14013538695871829986572265625">
        <ele>122.40000152587890625</ele>
        <time>2026-06-08T12:49:41.000Z</time>
        <extensions>
          <ns3:TrackPointExtension>
            <ns3:atemp>22.0</ns3:atemp>
            <ns3:hr>119</ns3:hr>
          </ns3:TrackPointExtension>
        </extensions>
      </trkpt>
      <trkpt lat="48.26661265455186367034912109375" lon="-1.1400419287383556365966796875">
        <ele>122.40000152587890625</ele>
        <time>2026-06-08T12:49:43.000Z</time>
        <extensions>
          <ns3:TrackPointExtension>
            <ns3:atemp>22.0</ns3:atemp>
            <ns3:hr>118</ns3:hr>
          </ns3:TrackPointExtension>
        </extensions>
      </trkpt>
      <trkpt lat="48.26672497205436229705810546875" lon="-1.1398823373019695281982421875">
        <ele>122.59999847412109375</ele>
        <time>2026-06-08T12:49:47.000Z</time>
        <extensions>
          <ns3:TrackPointExtension>
            <ns3:atemp>22.0</ns3:atemp>
            <ns3:hr>114</ns3:hr>
          </ns3:TrackPointExtension>
        </extensions>
      </trkpt>
      <trkpt lat="48.2667929492890834808349609375" lon="-1.1398012004792690277099609375">
        <ele>123</ele>
        <time>2026-06-08T12:49:49.000Z</time>
        <extensions>
          <ns3:TrackPointExtension>
            <ns3:atemp>22.0</ns3:atemp>
            <ns3:hr>111</ns3:hr>
          </ns3:TrackPointExtension>
        </extensions>
      </trkpt>
      <trkpt lat="48.26682530343532562255859375" lon="-1.13975635729730129241943359375">
        <ele>123</ele>
        <time>2026-06-08T12:49:50.000Z</time>
        <extensions>
          <ns3:TrackPointExtension>
            <ns3:atemp>22.0</ns3:atemp>
            <ns3:hr>111</ns3:hr>
          </ns3:TrackPointExtension>
        </extensions>
      </trkpt>
      <trkpt lat="48.26706938445568084716796875" lon="-1.13944723270833492279052734375">
        <ele>123.59999847412109375</ele>
        <time>2026-06-08T12:49:58.000Z</time>
        <extensions>
          <ns3:TrackPointExtension>
            <ns3:atemp>22.0</ns3:atemp>
            <ns3:hr>110</ns3:hr>
          </ns3:TrackPointExtension>
        </extensions>
      </trkpt>
      <trkpt lat="48.26723031699657440185546875" lon="-1.13922536373138427734375">
        <ele>124</ele>
        <time>2026-06-08T12:50:03.000Z</time>
        <extensions>
          <ns3:TrackPointExtension>
            <ns3:atemp>22.0</ns3:atemp>
            <ns3:hr>112</ns3:hr>
          </ns3:TrackPointExtension>
        </extensions>
      </trkpt>
      <trkpt lat="48.26733668334782123565673828125" lon="-1.13907926715910434722900390625">
        <ele>124.40000152587890625</ele>
        <time>2026-06-08T12:50:06.000Z</time>
        <extensions>
          <ns3:TrackPointExtension>
            <ns3:atemp>22.0</ns3:atemp>
            <ns3:hr>115</ns3:hr>
          </ns3:TrackPointExtension>
        </extensions>
      </trkpt>
      <trkpt lat="48.26746559701859951019287109375" lon="-1.1389167420566082000732421875">
        <ele>124.40000152587890625</ele>
        <time>2026-06-08T12:50:09.000Z</time>
        <extensions>
          <ns3:TrackPointExtension>
            <ns3:atemp>22.0</ns3:atemp>
            <ns3:hr>118</ns3:hr>
          </ns3:TrackPointExtension>
        </extensions>
      </trkpt>
      <trkpt lat="48.26760138384997844696044921875" lon="-1.13877181895077228546142578125">
        <ele>124.40000152587890625</ele>
        <time>2026-06-08T12:50:12.000Z</time>
        <extensions>
          <ns3:TrackPointExtension>
            <ns3:atemp>22.0</ns3:atemp>
            <ns3:hr>118</ns3:hr>
          </ns3:TrackPointExtension>
        </extensions>
      </trkpt>
      <trkpt lat="48.26774169690907001495361328125" lon="-1.138627231121063232421875">
        <ele>125</ele>
        <time>2026-06-08T12:50:16.000Z</time>
        <extensions>
          <ns3:TrackPointExtension>
            <ns3:atemp>22.0</ns3:atemp>
            <ns3:hr>118</ns3:hr>
          </ns3:TrackPointExtension>
        </extensions>
      </trkpt>
      <trkpt lat="48.26777346432209014892578125" lon="-1.138586662709712982177734375">
        <ele>125</ele>
        <time>2026-06-08T12:50:17.000Z</time>
        <extensions>
          <ns3:TrackPointExtension>
            <ns3:atemp>22.0</ns3:atemp>
            <ns3:hr>118</ns3:hr>
          </ns3:TrackPointExtension>
        </extensions>
      </trkpt>
      <trkpt lat="48.2678386755287647247314453125" lon="-1.1385056935250759124755859375">
        <ele>125.1999969482421875</ele>
        <time>2026-06-08T12:50:19.000Z</time>
        <extensions>
          <ns3:TrackPointExtension>
            <ns3:atemp>22.0</ns3:atemp>
            <ns3:hr>115</ns3:hr>
          </ns3:TrackPointExtension>
        </extensions>
      </trkpt>
      <trkpt lat="48.26790732331573963165283203125" lon="-1.13843302242457866668701171875">
        <ele>125.40000152587890625</ele>
        <time>2026-06-08T12:50:21.000Z</time>
        <extensions>
          <ns3:TrackPointExtension>
            <ns3:atemp>22.0</ns3:atemp>
            <ns3:hr>112</ns3:hr>
          </ns3:TrackPointExtension>
        </extensions>
      </trkpt>
      <trkpt lat="48.268012516200542449951171875" lon="-1.13832321949303150177001953125">
        <ele>125.8000030517578125</ele>
        <time>2026-06-08T12:50:24.000Z</time>
        <extensions>
          <ns3:TrackPointExtension>
            <ns3:atemp>22.0</ns3:atemp>
            <ns3:hr>111</ns3:hr>
          </ns3:TrackPointExtension>
        </extensions>
      </trkpt>
      <trkpt lat="48.2681752927601337432861328125" lon="-1.13817083649337291717529296875">
        <ele>125.8000030517578125</ele>
        <time>2026-06-08T12:50:28.000Z</time>
        <extensions>
          <ns3:TrackPointExtension>
            <ns3:atemp>22.0</ns3:atemp>
            <ns3:hr>114</ns3:hr>
          </ns3:TrackPointExtension>
        </extensions>
      </trkpt>
      <trkpt lat="48.26825969852507114410400390625" lon="-1.13809422589838504791259765625">
        <ele>125.8000030517578125</ele>
        <time>2026-06-08T12:50:30.000Z</time>
        <extensions>
          <ns3:TrackPointExtension>
            <ns3:atemp>22.0</ns3:atemp>
            <ns3:hr>119</ns3:hr>
          </ns3:TrackPointExtension>
        </extensions>
      </trkpt>
      <trkpt lat="48.26830429024994373321533203125" lon="-1.13805147819221019744873046875">
        <ele>125.8000030517578125</ele>
        <time>2026-06-08T12:50:31.000Z</time>
        <extensions>
          <ns3:TrackPointExtension>
            <ns3:atemp>22.0</ns3:atemp>
            <ns3:hr>121</ns3:hr>
          </ns3:TrackPointExtension>
        </extensions>
      </trkpt>
      <trkpt lat="48.26838810928165912628173828125" lon="-1.13798140548169612884521484375">
        <ele>126</ele>
        <time>2026-06-08T12:50:33.000Z</time>
        <extensions>
          <ns3:TrackPointExtension>
            <ns3:atemp>22.0</ns3:atemp>
            <ns3:hr>125</ns3:hr>
          </ns3:TrackPointExtension>
        </extensions>
      </trkpt>
      <trkpt lat="48.26847276650369167327880859375" lon="-1.13790345378220081329345703125">
        <ele>126</ele>
        <time>2026-06-08T12:50:35.000Z</time>
        <extensions>
          <ns3:TrackPointExtension>
            <ns3:atemp>22.0</ns3:atemp>
            <ns3:hr>128</ns3:hr>
          </ns3:TrackPointExtension>
        </extensions>
      </trkpt>
      <trkpt lat="48.26851584948599338531494140625" lon="-1.13786489702761173248291015625">
        <ele>126.1999969482421875</ele>
        <time>2026-06-08T12:50:36.000Z</time>
        <extensions>
          <ns3:TrackPointExtension>
            <ns3:atemp>22.0</ns3:atemp>
            <ns3:hr>128</ns3:hr>
          </ns3:TrackPointExtension>
        </extensions>
      </trkpt>
      <trkpt lat="48.26860352419316768646240234375" lon="-1.137793399393558502197265625">
        <ele>126.1999969482421875</ele>
        <time>2026-06-08T12:50:38.000Z</time>
        <extensions>
          <ns3:TrackPointExtension>
            <ns3:atemp>22.0</ns3:atemp>
            <ns3:hr>130</ns3:hr>
          </ns3:TrackPointExtension>
        </extensions>
      </trkpt>
      <trkpt lat="48.2686822302639484405517578125" lon="-1.13772123120725154876708984375">
        <ele>126.40000152587890625</ele>
        <time>2026-06-08T12:50:40.000Z</time>
        <extensions>
          <ns3:TrackPointExtension>
            <ns3:atemp>22.0</ns3:atemp>
            <ns3:hr>130</ns3:hr>
          </ns3:TrackPointExtension>
        </extensions>
      </trkpt>
      <trkpt lat="48.268789686262607574462890625" lon="-1.13762819208204746246337890625">
        <ele>126.1999969482421875</ele>
        <time>2026-06-08T12:50:43.000Z</time>
        <extensions>
          <ns3:TrackPointExtension>
            <ns3:atemp>22.0</ns3:atemp>
            <ns3:hr>129</ns3:hr>
          </ns3:TrackPointExtension>
        </extensions>
      </trkpt>
      <trkpt lat="48.26902580447494983673095703125" lon="-1.13746105693280696868896484375">
        <ele>126.1999969482421875</ele>
        <time>2026-06-08T12:50:50.000Z</time>
        <extensions>
          <ns3:TrackPointExtension>
            <ns3:atemp>22.0</ns3:atemp>
            <ns3:hr>126</ns3:hr>
          </ns3:TrackPointExtension>
        </extensions>
      </trkpt>
      <trkpt lat="48.26925060711801052093505859375" lon="-1.13731403835117816925048828125">
        <ele>126.59999847412109375</ele>
        <time>2026-06-08T12:50:56.000Z</time>
        <extensions>
          <ns3:TrackPointExtension>
            <ns3:atemp>22.0</ns3:atemp>
            <ns3:hr>124</ns3:hr>
          </ns3:TrackPointExtension>
        </extensions>
      </trkpt>
      <trkpt lat="48.26953123323619365692138671875" lon="-1.1371431313455104827880859375">
        <ele>126.40000152587890625</ele>
        <time>2026-06-08T12:51:03.000Z</time>
        <extensions>
          <ns3:TrackPointExtension>
            <ns3:atemp>22.0</ns3:atemp>
            <ns3:hr>125</ns3:hr>
          </ns3:TrackPointExtension>
        </extensions>
      </trkpt>
      <trkpt lat="48.2697802595794200897216796875" lon="-1.13698010332882404327392578125">
        <ele>126.59999847412109375</ele>
        <time>2026-06-08T12:51:10.000Z</time>
        <extensions>
          <ns3:TrackPointExtension>
            <ns3:atemp>22.0</ns3:atemp>
            <ns3:hr>123</ns3:hr>
          </ns3:TrackPointExtension>
        </extensions>
      </trkpt>
      <trkpt lat="48.27001755125820636749267578125" lon="-1.1368524469435214996337890625">
        <ele>126.8000030517578125</ele>
        <time>2026-06-08T12:51:16.000Z</time>
        <extensions>
          <ns3:TrackPointExtension>
            <ns3:atemp>22.0</ns3:atemp>
            <ns3:hr>124</ns3:hr>
          </ns3:TrackPointExtension>
        </extensions>
      </trkpt>
      <trkpt lat="48.270276300609111785888671875" lon="-1.13669511862099170684814453125">
        <ele>126.8000030517578125</ele>
        <time>2026-06-08T12:51:23.000Z</time>
        <extensions>
          <ns3:TrackPointExtension>
            <ns3:atemp>22.0</ns3:atemp>
            <ns3:hr>124</ns3:hr>
          </ns3:TrackPointExtension>
        </extensions>
      </trkpt>
      <trkpt lat="48.2703884504735469818115234375" lon="-1.1366402171552181243896484375">
        <ele>127.1999969482421875</ele>
        <time>2026-06-08T12:51:26.000Z</time>
        <extensions>
          <ns3:TrackPointExtension>
            <ns3:atemp>22.0</ns3:atemp>
            <ns3:hr>121</ns3:hr>
          </ns3:TrackPointExtension>
        </extensions>
      </trkpt>
      <trkpt lat="48.27052951790392398834228515625" lon="-1.1365570686757564544677734375">
        <ele>127.40000152587890625</ele>
        <time>2026-06-08T12:51:30.000Z</time>
        <extensions>
          <ns3:TrackPointExtension>
            <ns3:atemp>22.0</ns3:atemp>
            <ns3:hr>120</ns3:hr>
          </ns3:TrackPointExtension>
        </extensions>
      </trkpt>
      <trkpt lat="48.27071408741176128387451171875" lon="-1.13645070232450962066650390625">
        <ele>127.40000152587890625</ele>
        <time>2026-06-08T12:51:35.000Z</time>
        <extensions>
          <ns3:TrackPointExtension>
            <ns3:atemp>22.0</ns3:atemp>
            <ns3:hr>120</ns3:hr>
          </ns3:TrackPointExtension>
        </extensions>
      </trkpt>
      <trkpt lat="48.27104634605348110198974609375" lon="-1.13625791855156421661376953125">
        <ele>127.59999847412109375</ele>
        <time>2026-06-08T12:51:42.000Z</time>
        <extensions>
          <ns3:TrackPointExtension>
            <ns3:atemp>21.0</ns3:atemp>
            <ns3:hr>122</ns3:hr>
          </ns3:TrackPointExtension>
        </extensions>
      </trkpt>
      <trkpt lat="48.27140207402408123016357421875" lon="-1.1360645480453968048095703125">
        <ele>128.1999969482421875</ele>
        <time>2026-06-08T12:51:49.000Z</time>
        <extensions>
          <ns3:TrackPointExtension>
            <ns3:atemp>22.0</ns3:atemp>
            <ns3:hr>122</ns3:hr>
          </ns3:TrackPointExtension>
        </extensions>
      </trkpt>
      <trkpt lat="48.2714549638330936431884765625" lon="-1.13603412173688411712646484375">
        <ele>128.1999969482421875</ele>
        <time>2026-06-08T12:51:50.000Z</time>
        <extensions>
          <ns3:TrackPointExtension>
            <ns3:atemp>21.0</ns3:atemp>
            <ns3:hr>123</ns3:hr>
          </ns3:TrackPointExtension>
        </extensions>
      </trkpt>
      <trkpt lat="48.27165604569017887115478515625" lon="-1.13592197187244892120361328125">
        <ele>128.399993896484375</ele>
        <time>2026-06-08T12:51:54.000Z</time>
        <extensions>
          <ns3:TrackPointExtension>
            <ns3:atemp>21.0</ns3:atemp>
            <ns3:hr>122</ns3:hr>
          </ns3:TrackPointExtension>
        </extensions>
      </trkpt>
      <trkpt lat="48.27180239371955394744873046875" lon="-1.13583303987979888916015625">
        <ele>128.600006103515625</ele>
        <time>2026-06-08T12:51:57.000Z</time>
        <extensions>
          <ns3:TrackPointExtension>
            <ns3:atemp>21.0</ns3:atemp>
            <ns3:hr>119</ns3:hr>
          </ns3:TrackPointExtension>
        </extensions>
      </trkpt>
      <trkpt lat="48.27218745835125446319580078125" lon="-1.13562139682471752166748046875">
        <ele>128.600006103515625</ele>
        <time>2026-06-08T12:52:05.000Z</time>
        <extensions>
          <ns3:TrackPointExtension>
            <ns3:atemp>21.0</ns3:atemp>
            <ns3:hr>118</ns3:hr>
          </ns3:TrackPointExtension>
        </extensions>
      </trkpt>
      <trkpt lat="48.27245031483471393585205078125" lon="-1.13547236658632755279541015625">
        <ele>129.1999969482421875</ele>
        <time>2026-06-08T12:52:11.000Z</time>
        <extensions>
          <ns3:TrackPointExtension>
            <ns3:atemp>21.0</ns3:atemp>
            <ns3:hr>118</ns3:hr>
          </ns3:TrackPointExtension>
        </extensions>
      </trkpt>
      <trkpt lat="48.27256296761333942413330078125" lon="-1.1354047246277332305908203125">
        <ele>129.1999969482421875</ele>
        <time>2026-06-08T12:52:15.000Z</time>
        <extensions>
          <ns3:TrackPointExtension>
            <ns3:atemp>21.0</ns3:atemp>
            <ns3:hr>117</ns3:hr>
          </ns3:TrackPointExtension>
        </extensions>
      </trkpt>
      <trkpt lat="48.2726130075752735137939453125" lon="-1.13536390475928783416748046875">
        <ele>129.399993896484375</ele>
        <time>2026-06-08T12:52:17.000Z</time>
        <extensions>
          <ns3:TrackPointExtension>
            <ns3:atemp>21.0</ns3:atemp>
            <ns3:hr>117</ns3:hr>
          </ns3:TrackPointExtension>
        </extensions>
      </trkpt>
      <trkpt lat="48.27280453406274318695068359375" lon="-1.13523331470787525177001953125">
        <ele>129.8000030517578125</ele>
        <time>2026-06-08T12:52:24.000Z</time>
        <extensions>
          <ns3:TrackPointExtension>
            <ns3:atemp>21.0</ns3:atemp>
            <ns3:hr>115</ns3:hr>
          </ns3:TrackPointExtension>
        </extensions>
      </trkpt>
      <trkpt lat="48.27301424928009510040283203125" lon="-1.13508344627916812896728515625">
        <ele>130</ele>
        <time>2026-06-08T12:52:29.000Z</time>
        <extensions>
          <ns3:TrackPointExtension>
            <ns3:atemp>21.0</ns3:atemp>
            <ns3:hr>114</ns3:hr>
          </ns3:TrackPointExtension>
        </extensions>
      </trkpt>
      <trkpt lat="48.27323050238192081451416015625" lon="-1.1349190771579742431640625">
        <ele>130.399993896484375</ele>
        <time>2026-06-08T12:52:33.000Z</time>
        <extensions>
          <ns3:TrackPointExtension>
            <ns3:atemp>21.0</ns3:atemp>
            <ns3:hr>114</ns3:hr>
          </ns3:TrackPointExtension>
        </extensions>
      </trkpt>
      <trkpt lat="48.2732914388179779052734375" lon="-1.13487591035664081573486328125">
        <ele>130.399993896484375</ele>
        <time>2026-06-08T12:52:34.000Z</time>
        <extensions>
          <ns3:TrackPointExtension>
            <ns3:atemp>21.0</ns3:atemp>
            <ns3:hr>114</ns3:hr>
          </ns3:TrackPointExtension>
        </extensions>
      </trkpt>
      <trkpt lat="48.273604251444339752197265625" lon="-1.13461003638803958892822265625">
        <ele>130.600006103515625</ele>
        <time>2026-06-08T12:52:39.000Z</time>
        <extensions>
          <ns3:TrackPointExtension>
            <ns3:atemp>21.0</ns3:atemp>
            <ns3:hr>116</ns3:hr>
          </ns3:TrackPointExtension>
        </extensions>
      </trkpt>
      <trkpt lat="48.27394564636051654815673828125" lon="-1.13434969447553157806396484375">
        <ele>131.399993896484375</ele>
        <time>2026-06-08T12:52:44.000Z</time>
        <extensions>
          <ns3:TrackPointExtension>
            <ns3:atemp>21.0</ns3:atemp>
            <ns3:hr>119</ns3:hr>
          </ns3:TrackPointExtension>
        </extensions>
      </trkpt>
      <trkpt lat="48.27400624752044677734375" lon="-1.1342966370284557342529296875">
        <ele>131.399993896484375</ele>
        <time>2026-06-08T12:52:45.000Z</time>
        <extensions>
          <ns3:TrackPointExtension>
            <ns3:atemp>21.0</ns3:atemp>
            <ns3:hr>122</ns3:hr>
          </ns3:TrackPointExtension>
        </extensions>
      </trkpt>
      <trkpt lat="48.2740704528987407684326171875" lon="-1.13424441777169704437255859375">
        <ele>131.399993896484375</ele>
        <time>2026-06-08T12:52:46.000Z</time>
        <extensions>
          <ns3:TrackPointExtension>
            <ns3:atemp>21.0</ns3:atemp>
            <ns3:hr>123</ns3:hr>
          </ns3:TrackPointExtension>
        </extensions>
      </trkpt>
      <trkpt lat="48.274318389594554901123046875" lon="-1.13404526375234127044677734375">
        <ele>131.600006103515625</ele>
        <time>2026-06-08T12:52:50.000Z</time>
        <extensions>
          <ns3:TrackPointExtension>
            <ns3:atemp>21.0</ns3:atemp>
            <ns3:hr>126</ns3:hr>
          </ns3:TrackPointExtension>
        </extensions>
      </trkpt>
      <trkpt lat="48.27448426745831966400146484375" lon="-1.13389514386653900146484375">
        <ele>131.8000030517578125</ele>
        <time>2026-06-08T12:52:53.000Z</time>
        <extensions>
          <ns3:TrackPointExtension>
            <ns3:atemp>21.0</ns3:atemp>
            <ns3:hr>126</ns3:hr>
          </ns3:TrackPointExtension>
        </extensions>
      </trkpt>
      <trkpt lat="48.274712003767490386962890625" lon="-1.13369892351329326629638671875">
        <ele>131.8000030517578125</ele>
        <time>2026-06-08T12:52:58.000Z</time>
        <extensions>
          <ns3:TrackPointExtension>
            <ns3:atemp>21.0</ns3:atemp>
            <ns3:hr>125</ns3:hr>
          </ns3:TrackPointExtension>
        </extensions>
      </trkpt>
      <trkpt lat="48.2748372294008731842041015625" lon="-1.13361946307122707366943359375">
        <ele>131.8000030517578125</ele>
        <time>2026-06-08T12:53:02.000Z</time>
        <extensions>
          <ns3:TrackPointExtension>
            <ns3:atemp>21.0</ns3:atemp>
            <ns3:hr>122</ns3:hr>
          </ns3:TrackPointExtension>
        </extensions>
      </trkpt>
      <trkpt lat="48.27486078254878520965576171875" lon="-1.133602447807788848876953125">
        <ele>131.8000030517578125</ele>
        <time>2026-06-08T12:53:03.000Z</time>
        <extensions>
          <ns3:TrackPointExtension>
            <ns3:atemp>21.0</ns3:atemp>
            <ns3:hr>122</ns3:hr>
          </ns3:TrackPointExtension>
        </extensions>
      </trkpt>
      <trkpt lat="48.2749163545668125152587890625" lon="-1.13353832624852657318115234375">
        <ele>132.1999969482421875</ele>
        <time>2026-06-08T12:53:07.000Z</time>
        <extensions>
          <ns3:TrackPointExtension>
            <ns3:atemp>21.0</ns3:atemp>
            <ns3:hr>127</ns3:hr>
          </ns3:TrackPointExtension>
        </extensions>
      </trkpt>
      <trkpt lat="48.2749237306416034698486328125" lon="-1.13352256827056407928466796875">
        <ele>132.1999969482421875</ele>
        <time>2026-06-08T12:53:08.000Z</time>
        <extensions>
          <ns3:TrackPointExtension>
            <ns3:atemp>21.0</ns3:atemp>
            <ns3:hr>137</ns3:hr>
          </ns3:TrackPointExtension>
        </extensions>
      </trkpt>
      <trkpt lat="48.27492968179285526275634765625" lon="-1.133517287671566009521484375">
        <ele>132.1999969482421875</ele>
        <time>2026-06-08T12:53:09.000Z</time>
        <extensions>
          <ns3:TrackPointExtension>
            <ns3:atemp>21.0</ns3:atemp>
            <ns3:hr>144</ns3:hr>
          </ns3:TrackPointExtension>
        </extensions>
      </trkpt>
      <trkpt lat="48.27492951415479183197021484375" lon="-1.1335177905857563018798828125">
        <ele>132.1999969482421875</ele>
        <time>2026-06-08T12:53:10.000Z</time>
        <extensions>
          <ns3:TrackPointExtension>
            <ns3:atemp>21.0</ns3:atemp>
            <ns3:hr>145</ns3:hr>
          </ns3:TrackPointExtension>
        </extensions>
      </trkpt>
      <trkpt lat="48.27498852275311946868896484375" lon="-1.13345819525420665740966796875">
        <ele>133</ele>
        <time>2026-06-08T12:56:22.000Z</time>
        <extensions>
          <ns3:TrackPointExtension>
            <ns3:atemp>21.0</ns3:atemp>
            <ns3:hr>119</ns3:hr>
          </ns3:TrackPointExtension>
        </extensions>
      </trkpt>
      <trkpt lat="48.27500394545495510101318359375" lon="-1.13344277255237102508544921875">
        <ele>133</ele>
        <time>2026-06-08T12:56:23.000Z</time>
        <extensions>
          <ns3:TrackPointExtension>
            <ns3:atemp>21.0</ns3:atemp>
            <ns3:hr>119</ns3:hr>
          </ns3:TrackPointExtension>
        </extensions>
      </trkpt>
      <trkpt lat="48.2751151733100414276123046875" lon="-1.13334638066589832305908203125">
        <ele>132.8000030517578125</ele>
        <time>2026-06-08T12:56:29.000Z</time>
        <extensions>
          <ns3:TrackPointExtension>
            <ns3:atemp>21.0</ns3:atemp>
            <ns3:hr>120</ns3:hr>
          </ns3:TrackPointExtension>
        </extensions>
      </trkpt>
      <trkpt lat="48.2751668058335781097412109375" lon="-1.13330011256039142608642578125">
        <ele>132.8000030517578125</ele>
        <time>2026-06-08T12:56:35.000Z</time>
        <extensions>
          <ns3:TrackPointExtension>
            <ns3:atemp>21.0</ns3:atemp>
            <ns3:hr>122</ns3:hr>
          </ns3:TrackPointExtension>
        </extensions>
      </trkpt>
      <trkpt lat="48.275167308747768402099609375" lon="-1.13330514170229434967041015625">
        <ele>132.8000030517578125</ele>
        <time>2026-06-08T12:56:36.000Z</time>
        <extensions>
          <ns3:TrackPointExtension>
            <ns3:atemp>21.0</ns3:atemp>
            <ns3:hr>122</ns3:hr>
          </ns3:TrackPointExtension>
        </extensions>
      </trkpt>
      <trkpt lat="48.2752405665814876556396484375" lon="-1.13324579782783985137939453125">
        <ele>132.8000030517578125</ele>
        <time>2026-06-08T12:56:51.000Z</time>
        <extensions>
          <ns3:TrackPointExtension>
            <ns3:atemp>21.0</ns3:atemp>
            <ns3:hr>122</ns3:hr>
          </ns3:TrackPointExtension>
        </extensions>
      </trkpt>
      <trkpt lat="48.27528457157313823699951171875" lon="-1.13320305012166500091552734375">
        <ele>132.8000030517578125</ele>
        <time>2026-06-08T12:56:53.000Z</time>
        <extensions>
          <ns3:TrackPointExtension>
            <ns3:atemp>21.0</ns3:atemp>
            <ns3:hr>122</ns3:hr>
          </ns3:TrackPointExtension>
        </extensions>
      </trkpt>
      <trkpt lat="48.27551876194775104522705078125" lon="-1.13300054334104061126708984375">
        <ele>132.8000030517578125</ele>
        <time>2026-06-08T12:57:01.000Z</time>
        <extensions>
          <ns3:TrackPointExtension>
            <ns3:atemp>21.0</ns3:atemp>
            <ns3:hr>123</ns3:hr>
          </ns3:TrackPointExtension>
        </extensions>
      </trkpt>
      <trkpt lat="48.27571322210133075714111328125" lon="-1.1328415386378765106201171875">
        <ele>132.8000030517578125</ele>
        <time>2026-06-08T12:57:07.000Z</time>
        <extensions>
          <ns3:TrackPointExtension>
            <ns3:atemp>21.0</ns3:atemp>
            <ns3:hr>123</ns3:hr>
          </ns3:TrackPointExtension>
        </extensions>
      </trkpt>
      <trkpt lat="48.275872729718685150146484375" lon="-1.13270466215908527374267578125">
        <ele>132.8000030517578125</ele>
        <time>2026-06-08T12:57:13.000Z</time>
        <extensions>
          <ns3:TrackPointExtension>
            <ns3:atemp>21.0</ns3:atemp>
            <ns3:hr>125</ns3:hr>
          </ns3:TrackPointExtension>
        </extensions>
      </trkpt>
      <trkpt lat="48.27609635889530181884765625" lon="-1.13252646289765834808349609375">
        <ele>132.8000030517578125</ele>
        <time>2026-06-08T12:57:19.000Z</time>
        <extensions>
          <ns3:TrackPointExtension>
            <ns3:atemp>21.0</ns3:atemp>
            <ns3:hr>123</ns3:hr>
          </ns3:TrackPointExtension>
        </extensions>
      </trkpt>
      <trkpt lat="48.276350498199462890625" lon="-1.1323513649404048919677734375">
        <ele>132.600006103515625</ele>
        <time>2026-06-08T12:57:25.000Z</time>
        <extensions>
          <ns3:TrackPointExtension>
            <ns3:atemp>21.0</ns3:atemp>
            <ns3:hr>123</ns3:hr>
          </ns3:TrackPointExtension>
        </extensions>
      </trkpt>
      <trkpt lat="48.27643456868827342987060546875" lon="-1.13229386508464813232421875">
        <ele>132.600006103515625</ele>
        <time>2026-06-08T12:57:27.000Z</time>
        <extensions>
          <ns3:TrackPointExtension>
            <ns3:atemp>21.0</ns3:atemp>
            <ns3:hr>122</ns3:hr>
          </ns3:TrackPointExtension>
        </extensions>
      </trkpt>
      <trkpt lat="48.27660606242716312408447265625" lon="-1.13219085149466991424560546875">
        <ele>132.600006103515625</ele>
        <time>2026-06-08T12:57:31.000Z</time>
        <extensions>
          <ns3:TrackPointExtension>
            <ns3:atemp>21.0</ns3:atemp>
            <ns3:hr>122</ns3:hr>
          </ns3:TrackPointExtension>
        </extensions>
      </trkpt>
      <trkpt lat="48.27686154283583164215087890625" lon="-1.1320335231721401214599609375">
        <ele>132.1999969482421875</ele>
        <time>2026-06-08T12:57:37.000Z</time>
        <extensions>
          <ns3:TrackPointExtension>
            <ns3:atemp>21.0</ns3:atemp>
            <ns3:hr>123</ns3:hr>
          </ns3:TrackPointExtension>
        </extensions>
      </trkpt>
      <trkpt lat="48.277185000479221343994140625" lon="-1.131891198456287384033203125">
        <ele>131.8000030517578125</ele>
        <time>2026-06-08T12:57:43.000Z</time>
        <extensions>
          <ns3:TrackPointExtension>
            <ns3:atemp>21.0</ns3:atemp>
            <ns3:hr>125</ns3:hr>
          </ns3:TrackPointExtension>
        </extensions>
      </trkpt>
      <trkpt lat="48.2772396504878997802734375" lon="-1.1318692378699779510498046875">
        <ele>131.8000030517578125</ele>
        <time>2026-06-08T12:57:44.000Z</time>
        <extensions>
          <ns3:TrackPointExtension>
            <ns3:atemp>21.0</ns3:atemp>
            <ns3:hr>125</ns3:hr>
          </ns3:TrackPointExtension>
        </extensions>
      </trkpt>
      <trkpt lat="48.2775667123496532440185546875" lon="-1.1317701637744903564453125">
        <ele>131</ele>
        <time>2026-06-08T12:57:50.000Z</time>
        <extensions>
          <ns3:TrackPointExtension>
            <ns3:atemp>21.0</ns3:atemp>
            <ns3:hr>128</ns3:hr>
          </ns3:TrackPointExtension>
        </extensions>
      </trkpt>
      <trkpt lat="48.2776227034628391265869140625" lon="-1.13175784237682819366455078125">
        <ele>130.8000030517578125</ele>
        <time>2026-06-08T12:57:51.000Z</time>
        <extensions>
          <ns3:TrackPointExtension>
            <ns3:atemp>21.0</ns3:atemp>
            <ns3:hr>128</ns3:hr>
          </ns3:TrackPointExtension>
        </extensions>
      </trkpt>
      <trkpt lat="48.27768154442310333251953125" lon="-1.13174711354076862335205078125">
        <ele>130.8000030517578125</ele>
        <time>2026-06-08T12:57:52.000Z</time>
        <extensions>
          <ns3:TrackPointExtension>
            <ns3:atemp>21.0</ns3:atemp>
            <ns3:hr>128</ns3:hr>
          </ns3:TrackPointExtension>
        </extensions>
      </trkpt>
      <trkpt lat="48.27801221050322055816650390625" lon="-1.1317146755754947662353515625">
        <ele>130.8000030517578125</ele>
        <time>2026-06-08T12:57:57.000Z</time>
        <extensions>
          <ns3:TrackPointExtension>
            <ns3:atemp>21.0</ns3:atemp>
            <ns3:hr>129</ns3:hr>
          </ns3:TrackPointExtension>
        </extensions>
      </trkpt>
      <trkpt lat="48.27848779968917369842529296875" lon="-1.1317260749638080596923828125">
        <ele>130</ele>
        <time>2026-06-08T12:58:03.000Z</time>
        <extensions>
          <ns3:TrackPointExtension>
            <ns3:atemp>21.0</ns3:atemp>
            <ns3:hr>131</ns3:hr>
          </ns3:TrackPointExtension>
        </extensions>
      </trkpt>
      <trkpt lat="48.2786504924297332763671875" lon="-1.13174401223659515380859375">
        <ele>129.8000030517578125</ele>
        <time>2026-06-08T12:58:05.000Z</time>
        <extensions>
          <ns3:TrackPointExtension>
            <ns3:atemp>21.0</ns3:atemp>
            <ns3:hr>133</ns3:hr>
          </ns3:TrackPointExtension>
        </extensions>
      </trkpt>
      <trkpt lat="48.27896757982671260833740234375" lon="-1.13179229199886322021484375">
        <ele>128.8000030517578125</ele>
        <time>2026-06-08T12:58:09.000Z</time>
        <extensions>
          <ns3:TrackPointExtension>
            <ns3:atemp>21.0</ns3:atemp>
            <ns3:hr>134</ns3:hr>
          </ns3:TrackPointExtension>
        </extensions>
      </trkpt>
      <trkpt lat="48.27918433584272861480712890625" lon="-1.1318323574960231781005859375">
        <ele>128.600006103515625</ele>
        <time>2026-06-08T12:58:12.000Z</time>
        <extensions>
          <ns3:TrackPointExtension>
            <ns3:atemp>21.0</ns3:atemp>
            <ns3:hr>134</ns3:hr>
          </ns3:TrackPointExtension>
        </extensions>
      </trkpt>
      <trkpt lat="48.27932649292051792144775390625" lon="-1.13185658119618892669677734375">
        <ele>128.600006103515625</ele>
        <time>2026-06-08T12:58:14.000Z</time>
        <extensions>
          <ns3:TrackPointExtension>
            <ns3:atemp>21.0</ns3:atemp>
            <ns3:hr>137</ns3:hr>
          </ns3:TrackPointExtension>
        </extensions>
      </trkpt>
      <trkpt lat="48.27953453175723552703857421875" lon="-1.131888516247272491455078125">
        <ele>128.1999969482421875</ele>
        <time>2026-06-08T12:58:17.000Z</time>
        <extensions>
          <ns3:TrackPointExtension>
            <ns3:atemp>21.0</ns3:atemp>
            <ns3:hr>138</ns3:hr>
          </ns3:TrackPointExtension>
        </extensions>
      </trkpt>
      <trkpt lat="48.2798898406326770782470703125" lon="-1.13195649348199367523193359375">
        <ele>127.59999847412109375</ele>
        <time>2026-06-08T12:58:22.000Z</time>
        <extensions>
          <ns3:TrackPointExtension>
            <ns3:atemp>21.0</ns3:atemp>
            <ns3:hr>138</ns3:hr>
          </ns3:TrackPointExtension>
        </extensions>
      </trkpt>
      <trkpt lat="48.2801069319248199462890625" lon="-1.1320020072162151336669921875">
        <ele>127.1999969482421875</ele>
        <time>2026-06-08T12:58:25.000Z</time>
        <extensions>
          <ns3:TrackPointExtension>
            <ns3:atemp>21.0</ns3:atemp>
            <ns3:hr>138</ns3:hr>
          </ns3:TrackPointExtension>
        </extensions>
      </trkpt>
      <trkpt lat="48.28053943812847137451171875" lon="-1.132091023027896881103515625">
        <ele>126.8000030517578125</ele>
        <time>2026-06-08T12:58:31.000Z</time>
        <extensions>
          <ns3:TrackPointExtension>
            <ns3:atemp>21.0</ns3:atemp>
            <ns3:hr>138</ns3:hr>
          </ns3:TrackPointExtension>
        </extensions>
      </trkpt>
      <trkpt lat="48.28069039620459079742431640625" lon="-1.13211876712739467620849609375">
        <ele>126.59999847412109375</ele>
        <time>2026-06-08T12:58:33.000Z</time>
        <extensions>
          <ns3:TrackPointExtension>
            <ns3:atemp>21.0</ns3:atemp>
            <ns3:hr>138</ns3:hr>
          </ns3:TrackPointExtension>
        </extensions>
      </trkpt>
      <trkpt lat="48.28092274256050586700439453125" lon="-1.13216738216578960418701171875">
        <ele>126</ele>
        <time>2026-06-08T12:58:36.000Z</time>
        <extensions>
          <ns3:TrackPointExtension>
            <ns3:atemp>21.0</ns3:atemp>
            <ns3:hr>134</ns3:hr>
          </ns3:TrackPointExtension>
        </extensions>
      </trkpt>
      <trkpt lat="48.28100086189806461334228515625" lon="-1.13217744044959545135498046875">
        <ele>126</ele>
        <time>2026-06-08T12:58:37.000Z</time>
        <extensions>
          <ns3:TrackPointExtension>
            <ns3:atemp>21.0</ns3:atemp>
            <ns3:hr>128</ns3:hr>
          </ns3:TrackPointExtension>
        </extensions>
      </trkpt>
      <trkpt lat="48.2813979126513004302978515625" lon="-1.1322502791881561279296875">
        <ele>125.40000152587890625</ele>
        <time>2026-06-08T12:58:42.000Z</time>
        <extensions>
          <ns3:TrackPointExtension>
            <ns3:atemp>21.0</ns3:atemp>
            <ns3:hr>129</ns3:hr>
          </ns3:TrackPointExtension>
        </extensions>
      </trkpt>
      <trkpt lat="48.28147410415112972259521484375" lon="-1.1322631873190402984619140625">
        <ele>125.1999969482421875</ele>
        <time>2026-06-08T12:58:43.000Z</time>
        <extensions>
          <ns3:TrackPointExtension>
            <ns3:atemp>21.0</ns3:atemp>
            <ns3:hr>130</ns3:hr>
          </ns3:TrackPointExtension>
        </extensions>
      </trkpt>
      <trkpt lat="48.28162950463593006134033203125" lon="-1.13228707574307918548583984375">
        <ele>124.8000030517578125</ele>
        <time>2026-06-08T12:58:45.000Z</time>
        <extensions>
          <ns3:TrackPointExtension>
            <ns3:atemp>21.0</ns3:atemp>
            <ns3:hr>131</ns3:hr>
          </ns3:TrackPointExtension>
        </extensions>
      </trkpt>
      <trkpt lat="48.281929492950439453125" lon="-1.1323349364101886749267578125">
        <ele>124.1999969482421875</ele>
        <time>2026-06-08T12:58:49.000Z</time>
        <extensions>
          <ns3:TrackPointExtension>
            <ns3:atemp>21.0</ns3:atemp>
            <ns3:hr>134</ns3:hr>
          </ns3:TrackPointExtension>
        </extensions>
      </trkpt>
      <trkpt lat="48.28223752789199352264404296875" lon="-1.1323895864188671112060546875">
        <ele>123.8000030517578125</ele>
        <time>2026-06-08T12:58:53.000Z</time>
        <extensions>
          <ns3:TrackPointExtension>
            <ns3:atemp>21.0</ns3:atemp>
            <ns3:hr>137</ns3:hr>
          </ns3:TrackPointExtension>
        </extensions>
      </trkpt>
      <trkpt lat="48.282522596418857574462890625" lon="-1.13248639740049839019775390625">
        <ele>123.1999969482421875</ele>
        <time>2026-06-08T12:58:57.000Z</time>
        <extensions>
          <ns3:TrackPointExtension>
            <ns3:atemp>21.0</ns3:atemp>
            <ns3:hr>137</ns3:hr>
          </ns3:TrackPointExtension>
        </extensions>
      </trkpt>
      <trkpt lat="48.282658718526363372802734375" lon="-1.13253660500049591064453125">
        <ele>123.1999969482421875</ele>
        <time>2026-06-08T12:58:59.000Z</time>
        <extensions>
          <ns3:TrackPointExtension>
            <ns3:atemp>21.0</ns3:atemp>
            <ns3:hr>134</ns3:hr>
          </ns3:TrackPointExtension>
        </extensions>
      </trkpt>
      <trkpt lat="48.28284957446157932281494140625" lon="-1.1326150596141815185546875">
        <ele>123</ele>
        <time>2026-06-08T12:59:02.000Z</time>
        <extensions>
          <ns3:TrackPointExtension>
            <ns3:atemp>21.0</ns3:atemp>
            <ns3:hr>133</ns3:hr>
          </ns3:TrackPointExtension>
        </extensions>
      </trkpt>
      <trkpt lat="48.2831604592502117156982421875" lon="-1.13275579176843166351318359375">
        <ele>122.1999969482421875</ele>
        <time>2026-06-08T12:59:07.000Z</time>
        <extensions>
          <ns3:TrackPointExtension>
            <ns3:atemp>21.0</ns3:atemp>
            <ns3:hr>132</ns3:hr>
          </ns3:TrackPointExtension>
        </extensions>
      </trkpt>
      <trkpt lat="48.28328107483685016632080078125" lon="-1.13282385282218456268310546875">
        <ele>122</ele>
        <time>2026-06-08T12:59:09.000Z</time>
        <extensions>
          <ns3:TrackPointExtension>
            <ns3:atemp>21.0</ns3:atemp>
            <ns3:hr>133</ns3:hr>
          </ns3:TrackPointExtension>
        </extensions>
      </trkpt>
      <trkpt lat="48.283575363457202911376953125" lon="-1.13303683698177337646484375">
        <ele>121.59999847412109375</ele>
        <time>2026-06-08T12:59:14.000Z</time>
        <extensions>
          <ns3:TrackPointExtension>
            <ns3:atemp>21.0</ns3:atemp>
            <ns3:hr>134</ns3:hr>
          </ns3:TrackPointExtension>
        </extensions>
      </trkpt>
      <trkpt lat="48.28399303369224071502685546875" lon="-1.13339818082749843597412109375">
        <ele>121</ele>
        <time>2026-06-08T12:59:22.000Z</time>
        <extensions>
          <ns3:TrackPointExtension>
            <ns3:atemp>21.0</ns3:atemp>
            <ns3:hr>135</ns3:hr>
          </ns3:TrackPointExtension>
        </extensions>
      </trkpt>
      <trkpt lat="48.28434146940708160400390625" lon="-1.1337531544268131256103515625">
        <ele>120.40000152587890625</ele>
        <time>2026-06-08T12:59:29.000Z</time>
        <extensions>
          <ns3:TrackPointExtension>
            <ns3:atemp>21.0</ns3:atemp>
            <ns3:hr>134</ns3:hr>
          </ns3:TrackPointExtension>
        </extensions>
      </trkpt>
      <trkpt lat="48.284436352550983428955078125" lon="-1.1338703334331512451171875">
        <ele>120</ele>
        <time>2026-06-08T12:59:31.000Z</time>
        <extensions>
          <ns3:TrackPointExtension>
            <ns3:atemp>21.0</ns3:atemp>
            <ns3:hr>135</ns3:hr>
          </ns3:TrackPointExtension>
        </extensions>
      </trkpt>
      <trkpt lat="48.28462754376232624053955078125" lon="-1.1341135762631893157958984375">
        <ele>119.59999847412109375</ele>
        <time>2026-06-08T12:59:35.000Z</time>
        <extensions>
          <ns3:TrackPointExtension>
            <ns3:atemp>21.0</ns3:atemp>
            <ns3:hr>136</ns3:hr>
          </ns3:TrackPointExtension>
        </extensions>
      </trkpt>
      <trkpt lat="48.28482200391590595245361328125" lon="-1.1343477666378021240234375">
        <ele>119.40000152587890625</ele>
        <time>2026-06-08T12:59:39.000Z</time>
        <extensions>
          <ns3:TrackPointExtension>
            <ns3:atemp>21.0</ns3:atemp>
            <ns3:hr>136</ns3:hr>
          </ns3:TrackPointExtension>
        </extensions>
      </trkpt>
      <trkpt lat="48.28486860729753971099853515625" lon="-1.13441088236868381500244140625">
        <ele>119.40000152587890625</ele>
        <time>2026-06-08T12:59:40.000Z</time>
        <extensions>
          <ns3:TrackPointExtension>
            <ns3:atemp>21.0</ns3:atemp>
            <ns3:hr>136</ns3:hr>
          </ns3:TrackPointExtension>
        </extensions>
      </trkpt>
      <trkpt lat="48.28491470776498317718505859375" lon="-1.13447005860507488250732421875">
        <ele>119.1999969482421875</ele>
        <time>2026-06-08T12:59:41.000Z</time>
        <extensions>
          <ns3:TrackPointExtension>
            <ns3:atemp>21.0</ns3:atemp>
            <ns3:hr>136</ns3:hr>
          </ns3:TrackPointExtension>
        </extensions>
      </trkpt>
      <trkpt lat="48.28510212711989879608154296875" lon="-1.134714223444461822509765625">
        <ele>118.8000030517578125</ele>
        <time>2026-06-08T12:59:45.000Z</time>
        <extensions>
          <ns3:TrackPointExtension>
            <ns3:atemp>21.0</ns3:atemp>
            <ns3:hr>138</ns3:hr>
          </ns3:TrackPointExtension>
        </extensions>
      </trkpt>
      <trkpt lat="48.2852004468441009521484375" lon="-1.1348414607346057891845703125">
        <ele>118.40000152587890625</ele>
        <time>2026-06-08T12:59:47.000Z</time>
        <extensions>
          <ns3:TrackPointExtension>
            <ns3:atemp>21.0</ns3:atemp>
            <ns3:hr>138</ns3:hr>
          </ns3:TrackPointExtension>
        </extensions>
      </trkpt>
      <trkpt lat="48.28538216650485992431640625" lon="-1.1350915767252445220947265625">
        <ele>117.8000030517578125</ele>
        <time>2026-06-08T12:59:51.000Z</time>
        <extensions>
          <ns3:TrackPointExtension>
            <ns3:atemp>21.0</ns3:atemp>
            <ns3:hr>139</ns3:hr>
          </ns3:TrackPointExtension>
        </extensions>
      </trkpt>
      <trkpt lat="48.28551250509917736053466796875" lon="-1.13526307046413421630859375">
        <ele>117.59999847412109375</ele>
        <time>2026-06-08T12:59:54.000Z</time>
        <extensions>
          <ns3:TrackPointExtension>
            <ns3:atemp>21.0</ns3:atemp>
            <ns3:hr>137</ns3:hr>
          </ns3:TrackPointExtension>
        </extensions>
      </trkpt>
      <trkpt lat="48.285724483430385589599609375" lon="-1.135561801493167877197265625">
        <ele>116.8000030517578125</ele>
        <time>2026-06-08T13:00:00.000Z</time>
        <extensions>
          <ns3:TrackPointExtension>
            <ns3:atemp>21.0</ns3:atemp>
            <ns3:hr>133</ns3:hr>
          </ns3:TrackPointExtension>
        </extensions>
      </trkpt>
      <trkpt lat="48.28580235131084918975830078125" lon="-1.13570773042738437652587890625">
        <ele>117</ele>
        <time>2026-06-08T13:00:04.000Z</time>
        <extensions>
          <ns3:TrackPointExtension>
            <ns3:atemp>21.0</ns3:atemp>
            <ns3:hr>131</ns3:hr>
          </ns3:TrackPointExtension>
        </extensions>
      </trkpt>
      <trkpt lat="48.28583185561001300811767578125" lon="-1.1357366479933261871337890625">
        <ele>117</ele>
        <time>2026-06-08T13:00:07.000Z</time>
        <extensions>
          <ns3:TrackPointExtension>
            <ns3:atemp>21.0</ns3:atemp>
            <ns3:hr>135</ns3:hr>
          </ns3:TrackPointExtension>
        </extensions>
      </trkpt>
      <trkpt lat="48.285831771790981292724609375" lon="-1.13573689945042133331298828125">
        <ele>117.1999969482421875</ele>
        <time>2026-06-08T13:00:08.000Z</time>
        <extensions>
          <ns3:TrackPointExtension>
            <ns3:atemp>21.0</ns3:atemp>
            <ns3:hr>135</ns3:hr>
          </ns3:TrackPointExtension>
        </extensions>
      </trkpt>
      <trkpt lat="48.28585197217762470245361328125" lon="-1.13577847369015216827392578125">
        <ele>117.40000152587890625</ele>
        <time>2026-06-08T13:01:38.000Z</time>
        <extensions>
          <ns3:TrackPointExtension>
            <ns3:atemp>21.0</ns3:atemp>
            <ns3:hr>125</ns3:hr>
          </ns3:TrackPointExtension>
        </extensions>
      </trkpt>
      <trkpt lat="48.2858668081462383270263671875" lon="-1.13580261357128620147705078125">
        <ele>117.40000152587890625</ele>
        <time>2026-06-08T13:01:39.000Z</time>
        <extensions>
          <ns3:TrackPointExtension>
            <ns3:atemp>21.0</ns3:atemp>
            <ns3:hr>125</ns3:hr>
          </ns3:TrackPointExtension>
        </extensions>
      </trkpt>
      <trkpt lat="48.28588684089481830596923828125" lon="-1.13582876510918140411376953125">
        <ele>117.1999969482421875</ele>
        <time>2026-06-08T13:01:40.000Z</time>
        <extensions>
          <ns3:TrackPointExtension>
            <ns3:atemp>21.0</ns3:atemp>
            <ns3:hr>126</ns3:hr>
          </ns3:TrackPointExtension>
        </extensions>
      </trkpt>
      <trkpt lat="48.28595959581434726715087890625" lon="-1.13592448644340038299560546875">
        <ele>116.8000030517578125</ele>
        <time>2026-06-08T13:01:43.000Z</time>
        <extensions>
          <ns3:TrackPointExtension>
            <ns3:atemp>21.0</ns3:atemp>
            <ns3:hr>131</ns3:hr>
          </ns3:TrackPointExtension>
        </extensions>
      </trkpt>
      <trkpt lat="48.286002092063426971435546875" lon="-1.13597528077661991119384765625">
        <ele>117</ele>
        <time>2026-06-08T13:01:45.000Z</time>
        <extensions>
          <ns3:TrackPointExtension>
            <ns3:atemp>21.0</ns3:atemp>
            <ns3:hr>134</ns3:hr>
          </ns3:TrackPointExtension>
        </extensions>
      </trkpt>
      <trkpt lat="48.286053724586963653564453125" lon="-1.13602842204272747039794921875">
        <ele>117</ele>
        <time>2026-06-08T13:01:48.000Z</time>
        <extensions>
          <ns3:TrackPointExtension>
            <ns3:atemp>21.0</ns3:atemp>
            <ns3:hr>137</ns3:hr>
          </ns3:TrackPointExtension>
        </extensions>
      </trkpt>
      <trkpt lat="48.286081887781620025634765625" lon="-1.136088855564594268798828125">
        <ele>116.8000030517578125</ele>
        <time>2026-06-08T13:01:50.000Z</time>
        <extensions>
          <ns3:TrackPointExtension>
            <ns3:atemp>21.0</ns3:atemp>
            <ns3:hr>137</ns3:hr>
          </ns3:TrackPointExtension>
        </extensions>
      </trkpt>
      <trkpt lat="48.28619345091283321380615234375" lon="-1.1362385563552379608154296875">
        <ele>116.59999847412109375</ele>
        <time>2026-06-08T13:01:54.000Z</time>
        <extensions>
          <ns3:TrackPointExtension>
            <ns3:atemp>21.0</ns3:atemp>
            <ns3:hr>138</ns3:hr>
          </ns3:TrackPointExtension>
        </extensions>
      </trkpt>
      <trkpt lat="48.28645647503435611724853515625" lon="-1.13658674061298370361328125">
        <ele>116.1999969482421875</ele>
        <time>2026-06-08T13:02:02.000Z</time>
        <extensions>
          <ns3:TrackPointExtension>
            <ns3:atemp>21.0</ns3:atemp>
            <ns3:hr>140</ns3:hr>
          </ns3:TrackPointExtension>
        </extensions>
      </trkpt>
      <trkpt lat="48.28662805259227752685546875" lon="-1.13681078888475894927978515625">
        <ele>115.8000030517578125</ele>
        <time>2026-06-08T13:02:07.000Z</time>
        <extensions>
          <ns3:TrackPointExtension>
            <ns3:atemp>21.0</ns3:atemp>
            <ns3:hr>138</ns3:hr>
          </ns3:TrackPointExtension>
        </extensions>
      </trkpt>
      <trkpt lat="48.286698125302791595458984375" lon="-1.1369119584560394287109375">
        <ele>115.8000030517578125</ele>
        <time>2026-06-08T13:02:09.000Z</time>
        <extensions>
          <ns3:TrackPointExtension>
            <ns3:atemp>21.0</ns3:atemp>
            <ns3:hr>138</ns3:hr>
          </ns3:TrackPointExtension>
        </extensions>
      </trkpt>
      <trkpt lat="48.28693441115319728851318359375" lon="-1.13722301088273525238037109375">
        <ele>115.40000152587890625</ele>
        <time>2026-06-08T13:02:15.000Z</time>
        <extensions>
          <ns3:TrackPointExtension>
            <ns3:atemp>21.0</ns3:atemp>
            <ns3:hr>138</ns3:hr>
          </ns3:TrackPointExtension>
        </extensions>
      </trkpt>
      <trkpt lat="48.28717849217355251312255859375" lon="-1.13755166530609130859375">
        <ele>115</ele>
        <time>2026-06-08T13:02:21.000Z</time>
        <extensions>
          <ns3:TrackPointExtension>
            <ns3:atemp>21.0</ns3:atemp>
            <ns3:hr>140</ns3:hr>
          </ns3:TrackPointExtension>
        </extensions>
      </trkpt>
      <trkpt lat="48.287408910691738128662109375" lon="-1.13781988620758056640625">
        <ele>114.8000030517578125</ele>
        <time>2026-06-08T13:02:26.000Z</time>
        <extensions>
          <ns3:TrackPointExtension>
            <ns3:atemp>21.0</ns3:atemp>
            <ns3:hr>142</ns3:hr>
          </ns3:TrackPointExtension>
        </extensions>
      </trkpt>
      <trkpt lat="48.28750605694949626922607421875" lon="-1.13792306743562221527099609375">
        <ele>114.59999847412109375</ele>
        <time>2026-06-08T13:02:28.000Z</time>
        <extensions>
          <ns3:TrackPointExtension>
            <ns3:atemp>21.0</ns3:atemp>
            <ns3:hr>142</ns3:hr>
          </ns3:TrackPointExtension>
        </extensions>
      </trkpt>
      <trkpt lat="48.28774929977953433990478515625" lon="-1.13813026808202266693115234375">
        <ele>114.1999969482421875</ele>
        <time>2026-06-08T13:02:33.000Z</time>
        <extensions>
          <ns3:TrackPointExtension>
            <ns3:atemp>21.0</ns3:atemp>
            <ns3:hr>145</ns3:hr>
          </ns3:TrackPointExtension>
        </extensions>
      </trkpt>
      <trkpt lat="48.28779439441859722137451171875" lon="-1.1381645500659942626953125">
        <ele>114.1999969482421875</ele>
        <time>2026-06-08T13:02:34.000Z</time>
        <extensions>
          <ns3:TrackPointExtension>
            <ns3:atemp>21.0</ns3:atemp>
            <ns3:hr>145</ns3:hr>
          </ns3:TrackPointExtension>
        </extensions>
      </trkpt>
      <trkpt lat="48.288165964186191558837890625" lon="-1.138376779854297637939453125">
        <ele>113.8000030517578125</ele>
        <time>2026-06-08T13:02:41.000Z</time>
        <extensions>
          <ns3:TrackPointExtension>
            <ns3:atemp>21.0</ns3:atemp>
            <ns3:hr>143</ns3:hr>
          </ns3:TrackPointExtension>
        </extensions>
      </trkpt>
      <trkpt lat="48.28822555951774120330810546875" lon="-1.13840133883059024810791015625">
        <ele>113.59999847412109375</ele>
        <time>2026-06-08T13:02:42.000Z</time>
        <extensions>
          <ns3:TrackPointExtension>
            <ns3:atemp>21.0</ns3:atemp>
            <ns3:hr>143</ns3:hr>
          </ns3:TrackPointExtension>
        </extensions>
      </trkpt>
      <trkpt lat="48.2884581573307514190673828125" lon="-1.1384751833975315093994140625">
        <ele>113</ele>
        <time>2026-06-08T13:02:46.000Z</time>
        <extensions>
          <ns3:TrackPointExtension>
            <ns3:atemp>21.0</ns3:atemp>
            <ns3:hr>139</ns3:hr>
          </ns3:TrackPointExtension>
        </extensions>
      </trkpt>
      <trkpt lat="48.28857424668967723846435546875" lon="-1.13850141875445842742919921875">
        <ele>112.59999847412109375</ele>
        <time>2026-06-08T13:02:48.000Z</time>
        <extensions>
          <ns3:TrackPointExtension>
            <ns3:atemp>21.0</ns3:atemp>
            <ns3:hr>137</ns3:hr>
          </ns3:TrackPointExtension>
        </extensions>
      </trkpt>
      <trkpt lat="48.28863090835511684417724609375" lon="-1.1385117284953594207763671875">
        <ele>112.59999847412109375</ele>
        <time>2026-06-08T13:02:49.000Z</time>
        <extensions>
          <ns3:TrackPointExtension>
            <ns3:atemp>21.0</ns3:atemp>
            <ns3:hr>136</ns3:hr>
          </ns3:TrackPointExtension>
        </extensions>
      </trkpt>
      <trkpt lat="48.28890935517847537994384765625" lon="-1.1385251395404338836669921875">
        <ele>111.8000030517578125</ele>
        <time>2026-06-08T13:02:54.000Z</time>
        <extensions>
          <ns3:TrackPointExtension>
            <ns3:atemp>21.0</ns3:atemp>
            <ns3:hr>135</ns3:hr>
          </ns3:TrackPointExtension>
        </extensions>
      </trkpt>
      <trkpt lat="48.2891890592873096466064453125" lon="-1.1385060288012027740478515625">
        <ele>111.59999847412109375</ele>
        <time>2026-06-08T13:02:59.000Z</time>
        <extensions>
          <ns3:TrackPointExtension>
            <ns3:atemp>21.0</ns3:atemp>
            <ns3:hr>136</ns3:hr>
          </ns3:TrackPointExtension>
        </extensions>
      </trkpt>
      <trkpt lat="48.28936633653938770294189453125" lon="-1.13847124390304088592529296875">
        <ele>111.40000152587890625</ele>
        <time>2026-06-08T13:03:02.000Z</time>
        <extensions>
          <ns3:TrackPointExtension>
            <ns3:atemp>21.0</ns3:atemp>
            <ns3:hr>137</ns3:hr>
          </ns3:TrackPointExtension>
        </extensions>
      </trkpt>
      <trkpt lat="48.2898227311670780181884765625" lon="-1.13829757086932659149169921875">
        <ele>110.8000030517578125</ele>
        <time>2026-06-08T13:03:10.000Z</time>
        <extensions>
          <ns3:TrackPointExtension>
            <ns3:atemp>21.0</ns3:atemp>
            <ns3:hr>135</ns3:hr>
          </ns3:TrackPointExtension>
        </extensions>
      </trkpt>
      <trkpt lat="48.28999984078109264373779296875" lon="-1.1382119916379451751708984375">
        <ele>110.40000152587890625</ele>
        <time>2026-06-08T13:03:13.000Z</time>
        <extensions>
          <ns3:TrackPointExtension>
            <ns3:atemp>21.0</ns3:atemp>
            <ns3:hr>134</ns3:hr>
          </ns3:TrackPointExtension>
        </extensions>
      </trkpt>
      <trkpt lat="48.29028784297406673431396484375" lon="-1.1380705051124095916748046875">
        <ele>110</ele>
        <time>2026-06-08T13:03:18.000Z</time>
        <extensions>
          <ns3:TrackPointExtension>
            <ns3:atemp>21.0</ns3:atemp>
            <ns3:hr>131</ns3:hr>
          </ns3:TrackPointExtension>
        </extensions>
      </trkpt>
      <trkpt lat="48.2903440855443477630615234375" lon="-1.13804443739354610443115234375">
        <ele>110</ele>
        <time>2026-06-08T13:03:19.000Z</time>
        <extensions>
          <ns3:TrackPointExtension>
            <ns3:atemp>21.0</ns3:atemp>
            <ns3:hr>130</ns3:hr>
          </ns3:TrackPointExtension>
        </extensions>
      </trkpt>
      <trkpt lat="48.29050929285585880279541015625" lon="-1.1379607021808624267578125">
        <ele>109.8000030517578125</ele>
        <time>2026-06-08T13:03:22.000Z</time>
        <extensions>
          <ns3:TrackPointExtension>
            <ns3:atemp>21.0</ns3:atemp>
            <ns3:hr>126</ns3:hr>
          </ns3:TrackPointExtension>
        </extensions>
      </trkpt>
      <trkpt lat="48.29073711298406124114990234375" lon="-1.137850396335124969482421875">
        <ele>109.40000152587890625</ele>
        <time>2026-06-08T13:03:26.000Z</time>
        <extensions>
          <ns3:TrackPointExtension>
            <ns3:atemp>21.0</ns3:atemp>
            <ns3:hr>126</ns3:hr>
          </ns3:TrackPointExtension>
        </extensions>
      </trkpt>
      <trkpt lat="48.29090307466685771942138671875" lon="-1.13777806051075458526611328125">
        <ele>109</ele>
        <time>2026-06-08T13:03:29.000Z</time>
        <extensions>
          <ns3:TrackPointExtension>
            <ns3:atemp>21.0</ns3:atemp>
            <ns3:hr>127</ns3:hr>
          </ns3:TrackPointExtension>
        </extensions>
      </trkpt>
      <trkpt lat="48.2913428731262683868408203125" lon="-1.1376306228339672088623046875">
        <ele>108.40000152587890625</ele>
        <time>2026-06-08T13:03:37.000Z</time>
        <extensions>
          <ns3:TrackPointExtension>
            <ns3:atemp>21.0</ns3:atemp>
            <ns3:hr>128</ns3:hr>
          </ns3:TrackPointExtension>
        </extensions>
      </trkpt>
      <trkpt lat="48.29139702022075653076171875" lon="-1.13761813379824161529541015625">
        <ele>108.40000152587890625</ele>
        <time>2026-06-08T13:03:38.000Z</time>
        <extensions>
          <ns3:TrackPointExtension>
            <ns3:atemp>21.0</ns3:atemp>
            <ns3:hr>128</ns3:hr>
          </ns3:TrackPointExtension>
        </extensions>
      </trkpt>
      <trkpt lat="48.291714526712894439697265625" lon="-1.13755560480058193206787109375">
        <ele>107.8000030517578125</ele>
        <time>2026-06-08T13:03:44.000Z</time>
        <extensions>
          <ns3:TrackPointExtension>
            <ns3:atemp>21.0</ns3:atemp>
            <ns3:hr>126</ns3:hr>
          </ns3:TrackPointExtension>
        </extensions>
      </trkpt>
      <trkpt lat="48.29200093634426593780517578125" lon="-1.137527860701084136962890625">
        <ele>107.1999969482421875</ele>
        <time>2026-06-08T13:03:49.000Z</time>
        <extensions>
          <ns3:TrackPointExtension>
            <ns3:atemp>21.0</ns3:atemp>
            <ns3:hr>124</ns3:hr>
          </ns3:TrackPointExtension>
        </extensions>
      </trkpt>
      <trkpt lat="48.29211778007447719573974609375" lon="-1.137528531253337860107421875">
        <ele>107.1999969482421875</ele>
        <time>2026-06-08T13:03:51.000Z</time>
        <extensions>
          <ns3:TrackPointExtension>
            <ns3:atemp>21.0</ns3:atemp>
            <ns3:hr>125</ns3:hr>
          </ns3:TrackPointExtension>
        </extensions>
      </trkpt>
      <trkpt lat="48.2926336862146854400634765625" lon="-1.13757823593914508819580078125">
        <ele>106.40000152587890625</ele>
        <time>2026-06-08T13:04:00.000Z</time>
        <extensions>
          <ns3:TrackPointExtension>
            <ns3:atemp>21.0</ns3:atemp>
            <ns3:hr>126</ns3:hr>
          </ns3:TrackPointExtension>
        </extensions>
      </trkpt>
      <trkpt lat="48.29268808476626873016357421875" lon="-1.13758427090942859649658203125">
        <ele>106.1999969482421875</ele>
        <time>2026-06-08T13:04:01.000Z</time>
        <extensions>
          <ns3:TrackPointExtension>
            <ns3:atemp>21.0</ns3:atemp>
            <ns3:hr>126</ns3:hr>
          </ns3:TrackPointExtension>
        </extensions>
      </trkpt>
      <trkpt lat="48.2930792681872844696044921875" lon="-1.137664653360843658447265625">
        <ele>105.59999847412109375</ele>
        <time>2026-06-08T13:04:08.000Z</time>
        <extensions>
          <ns3:TrackPointExtension>
            <ns3:atemp>21.0</ns3:atemp>
            <ns3:hr>124</ns3:hr>
          </ns3:TrackPointExtension>
        </extensions>
      </trkpt>
      <trkpt lat="48.293410353362560272216796875" lon="-1.1377318762242794036865234375">
        <ele>105.1999969482421875</ele>
        <time>2026-06-08T13:04:14.000Z</time>
        <extensions>
          <ns3:TrackPointExtension>
            <ns3:atemp>21.0</ns3:atemp>
            <ns3:hr>125</ns3:hr>
          </ns3:TrackPointExtension>
        </extensions>
      </trkpt>
      <trkpt lat="48.29358008690178394317626953125" lon="-1.1377637274563312530517578125">
        <ele>104.8000030517578125</ele>
        <time>2026-06-08T13:04:17.000Z</time>
        <extensions>
          <ns3:TrackPointExtension>
            <ns3:atemp>21.0</ns3:atemp>
            <ns3:hr>124</ns3:hr>
          </ns3:TrackPointExtension>
        </extensions>
      </trkpt>
      <trkpt lat="48.29391427338123321533203125" lon="-1.13783120177686214447021484375">
        <ele>104.40000152587890625</ele>
        <time>2026-06-08T13:04:23.000Z</time>
        <extensions>
          <ns3:TrackPointExtension>
            <ns3:atemp>21.0</ns3:atemp>
            <ns3:hr>128</ns3:hr>
          </ns3:TrackPointExtension>
        </extensions>
      </trkpt>
      <trkpt lat="48.29407520592212677001953125" lon="-1.13786070607602596282958984375">
        <ele>104.1999969482421875</ele>
        <time>2026-06-08T13:04:26.000Z</time>
        <extensions>
          <ns3:TrackPointExtension>
            <ns3:atemp>21.0</ns3:atemp>
            <ns3:hr>130</ns3:hr>
          </ns3:TrackPointExtension>
        </extensions>
      </trkpt>
      <trkpt lat="48.2941290177404880523681640625" lon="-1.13787126727402210235595703125">
        <ele>104</ele>
        <time>2026-06-08T13:04:27.000Z</time>
        <extensions>
          <ns3:TrackPointExtension>
            <ns3:atemp>21.0</ns3:atemp>
            <ns3:hr>131</ns3:hr>
          </ns3:TrackPointExtension>
        </extensions>
      </trkpt>
      <trkpt lat="48.29450092278420925140380859375" lon="-1.1379313655197620391845703125">
        <ele>103.59999847412109375</ele>
        <time>2026-06-08T13:04:34.000Z</time>
        <extensions>
          <ns3:TrackPointExtension>
            <ns3:atemp>21.0</ns3:atemp>
            <ns3:hr>132</ns3:hr>
          </ns3:TrackPointExtension>
        </extensions>
      </trkpt>
      <trkpt lat="48.2945935428142547607421875" lon="-1.1379504762589931488037109375">
        <ele>103</ele>
        <time>2026-06-08T13:04:36.000Z</time>
        <extensions>
          <ns3:TrackPointExtension>
            <ns3:atemp>21.0</ns3:atemp>
            <ns3:hr>131</ns3:hr>
          </ns3:TrackPointExtension>
        </extensions>
      </trkpt>
      <trkpt lat="48.2947633601725101470947265625" lon="-1.13797721453011035919189453125">
        <ele>102.40000152587890625</ele>
        <time>2026-06-08T13:04:40.000Z</time>
        <extensions>
          <ns3:TrackPointExtension>
            <ns3:atemp>21.0</ns3:atemp>
            <ns3:hr>130</ns3:hr>
          </ns3:TrackPointExtension>
        </extensions>
      </trkpt>
      <trkpt lat="48.2948617637157440185546875" lon="-1.13802708685398101806640625">
        <ele>102.40000152587890625</ele>
        <time>2026-06-08T13:04:44.000Z</time>
        <extensions>
          <ns3:TrackPointExtension>
            <ns3:atemp>21.0</ns3:atemp>
            <ns3:hr>127</ns3:hr>
          </ns3:TrackPointExtension>
        </extensions>
      </trkpt>
      <trkpt lat="48.29491280950605869293212890625" lon="-1.13804711960256099700927734375">
        <ele>102.59999847412109375</ele>
        <time>2026-06-08T13:04:48.000Z</time>
        <extensions>
          <ns3:TrackPointExtension>
            <ns3:atemp>21.0</ns3:atemp>
            <ns3:hr>125</ns3:hr>
          </ns3:TrackPointExtension>
        </extensions>
      </trkpt>
      <trkpt lat="48.29494692385196685791015625" lon="-1.13804762251675128936767578125">
        <ele>102.59999847412109375</ele>
        <time>2026-06-08T13:07:08.000Z</time>
        <extensions>
          <ns3:TrackPointExtension>
            <ns3:atemp>21.0</ns3:atemp>
            <ns3:hr>114</ns3:hr>
          </ns3:TrackPointExtension>
        </extensions>
      </trkpt>
      <trkpt lat="48.29496963880956172943115234375" lon="-1.138054244220256805419921875">
        <ele>102.59999847412109375</ele>
        <time>2026-06-08T13:07:09.000Z</time>
        <extensions>
          <ns3:TrackPointExtension>
            <ns3:atemp>21.0</ns3:atemp>
            <ns3:hr>114</ns3:hr>
          </ns3:TrackPointExtension>
        </extensions>
      </trkpt>
      <trkpt lat="48.2949866540729999542236328125" lon="-1.1380621232092380523681640625">
        <ele>102.59999847412109375</ele>
        <time>2026-06-08T13:07:10.000Z</time>
        <extensions>
          <ns3:TrackPointExtension>
            <ns3:atemp>21.0</ns3:atemp>
            <ns3:hr>114</ns3:hr>
          </ns3:TrackPointExtension>
        </extensions>
      </trkpt>
      <trkpt lat="48.2950476743280887603759765625" lon="-1.138072349131107330322265625">
        <ele>102.1999969482421875</ele>
        <time>2026-06-08T13:07:13.000Z</time>
        <extensions>
          <ns3:TrackPointExtension>
            <ns3:atemp>21.0</ns3:atemp>
            <ns3:hr>117</ns3:hr>
          </ns3:TrackPointExtension>
        </extensions>
      </trkpt>
      <trkpt lat="48.2950817048549652099609375" lon="-1.1380681581795215606689453125">
        <ele>102</ele>
        <time>2026-06-08T13:07:16.000Z</time>
        <extensions>
          <ns3:TrackPointExtension>
            <ns3:atemp>21.0</ns3:atemp>
            <ns3:hr>115</ns3:hr>
          </ns3:TrackPointExtension>
        </extensions>
      </trkpt>
      <trkpt lat="48.29510073177516460418701171875" lon="-1.13807025365531444549560546875">
        <ele>102</ele>
        <time>2026-06-08T13:07:21.000Z</time>
        <extensions>
          <ns3:TrackPointExtension>
            <ns3:atemp>21.0</ns3:atemp>
            <ns3:hr>115</ns3:hr>
          </ns3:TrackPointExtension>
        </extensions>
      </trkpt>
      <trkpt lat="48.2951050065457820892333984375" lon="-1.138065643608570098876953125">
        <ele>102</ele>
        <time>2026-06-08T13:07:23.000Z</time>
        <extensions>
          <ns3:TrackPointExtension>
            <ns3:atemp>21.0</ns3:atemp>
            <ns3:hr>117</ns3:hr>
          </ns3:TrackPointExtension>
        </extensions>
      </trkpt>
      <trkpt lat="48.29516946338117122650146484375" lon="-1.13808743655681610107421875">
        <ele>101.8000030517578125</ele>
        <time>2026-06-08T13:07:35.000Z</time>
        <extensions>
          <ns3:TrackPointExtension>
            <ns3:atemp>21.0</ns3:atemp>
            <ns3:hr>117</ns3:hr>
          </ns3:TrackPointExtension>
        </extensions>
      </trkpt>
      <trkpt lat="48.29522411338984966278076171875" lon="-1.13809791393578052520751953125">
        <ele>101.8000030517578125</ele>
        <time>2026-06-08T13:07:37.000Z</time>
        <extensions>
          <ns3:TrackPointExtension>
            <ns3:atemp>21.0</ns3:atemp>
            <ns3:hr>116</ns3:hr>
          </ns3:TrackPointExtension>
        </extensions>
      </trkpt>
      <trkpt lat="48.2953698746860027313232421875" lon="-1.13810847513377666473388671875">
        <ele>101.59999847412109375</ele>
        <time>2026-06-08T13:07:42.000Z</time>
        <extensions>
          <ns3:TrackPointExtension>
            <ns3:atemp>21.0</ns3:atemp>
            <ns3:hr>114</ns3:hr>
          </ns3:TrackPointExtension>
        </extensions>
      </trkpt>
      <trkpt lat="48.29552401788532733917236328125" lon="-1.13814384676516056060791015625">
        <ele>101.59999847412109375</ele>
        <time>2026-06-08T13:07:47.000Z</time>
        <extensions>
          <ns3:TrackPointExtension>
            <ns3:atemp>21.0</ns3:atemp>
            <ns3:hr>114</ns3:hr>
          </ns3:TrackPointExtension>
        </extensions>
      </trkpt>
      <trkpt lat="48.295778073370456695556640625" lon="-1.1382056213915348052978515625">
        <ele>101</ele>
        <time>2026-06-08T13:07:53.000Z</time>
        <extensions>
          <ns3:TrackPointExtension>
            <ns3:atemp>21.0</ns3:atemp>
            <ns3:hr>116</ns3:hr>
          </ns3:TrackPointExtension>
        </extensions>
      </trkpt>
      <trkpt lat="48.29581520520150661468505859375" lon="-1.13821140490472316741943359375">
        <ele>101</ele>
        <time>2026-06-08T13:07:54.000Z</time>
        <extensions>
          <ns3:TrackPointExtension>
            <ns3:atemp>21.0</ns3:atemp>
            <ns3:hr>116</ns3:hr>
          </ns3:TrackPointExtension>
        </extensions>
      </trkpt>
      <trkpt lat="48.29605660401284694671630859375" lon="-1.138251386582851409912109375">
        <ele>100.40000152587890625</ele>
        <time>2026-06-08T13:08:00.000Z</time>
        <extensions>
          <ns3:TrackPointExtension>
            <ns3:atemp>21.0</ns3:atemp>
            <ns3:hr>116</ns3:hr>
          </ns3:TrackPointExtension>
        </extensions>
      </trkpt>
      <trkpt lat="48.2961990125477313995361328125" lon="-1.13826722837984561920166015625">
        <ele>100.1999969482421875</ele>
        <time>2026-06-08T13:08:05.000Z</time>
        <extensions>
          <ns3:TrackPointExtension>
            <ns3:atemp>21.0</ns3:atemp>
            <ns3:hr>118</ns3:hr>
          </ns3:TrackPointExtension>
        </extensions>
      </trkpt>
      <trkpt lat="48.29621770419180393218994140625" lon="-1.13827385008335113525390625">
        <ele>100.1999969482421875</ele>
        <time>2026-06-08T13:08:08.000Z</time>
        <extensions>
          <ns3:TrackPointExtension>
            <ns3:atemp>21.0</ns3:atemp>
            <ns3:hr>119</ns3:hr>
          </ns3:TrackPointExtension>
        </extensions>
      </trkpt>
      <trkpt lat="48.29632281325757503509521484375" lon="-1.13828633911907672882080078125">
        <ele>100.59999847412109375</ele>
        <time>2026-06-08T13:09:16.000Z</time>
        <extensions>
          <ns3:TrackPointExtension>
            <ns3:atemp>21.0</ns3:atemp>
            <ns3:hr>106</ns3:hr>
          </ns3:TrackPointExtension>
        </extensions>
      </trkpt>
      <trkpt lat="48.2963438518345355987548828125" lon="-1.13828851841390132904052734375">
        <ele>100.59999847412109375</ele>
        <time>2026-06-08T13:09:17.000Z</time>
        <extensions>
          <ns3:TrackPointExtension>
            <ns3:atemp>21.0</ns3:atemp>
            <ns3:hr>106</ns3:hr>
          </ns3:TrackPointExtension>
        </extensions>
      </trkpt>
      <trkpt lat="48.29639271833002567291259765625" lon="-1.13830461166799068450927734375">
        <ele>100</ele>
        <time>2026-06-08T13:09:21.000Z</time>
        <extensions>
          <ns3:TrackPointExtension>
            <ns3:atemp>21.0</ns3:atemp>
            <ns3:hr>107</ns3:hr>
          </ns3:TrackPointExtension>
        </extensions>
      </trkpt>
      <trkpt lat="48.29642750322818756103515625" lon="-1.13831584341824054718017578125">
        <ele>100.40000152587890625</ele>
        <time>2026-06-08T13:09:24.000Z</time>
        <extensions>
          <ns3:TrackPointExtension>
            <ns3:atemp>21.0</ns3:atemp>
            <ns3:hr>107</ns3:hr>
          </ns3:TrackPointExtension>
        </extensions>
      </trkpt>
      <trkpt lat="48.2964695803821086883544921875" lon="-1.13832724280655384063720703125">
        <ele>100.40000152587890625</ele>
        <time>2026-06-08T13:09:26.000Z</time>
        <extensions>
          <ns3:TrackPointExtension>
            <ns3:atemp>21.0</ns3:atemp>
            <ns3:hr>107</ns3:hr>
          </ns3:TrackPointExtension>
        </extensions>
      </trkpt>
      <trkpt lat="48.29665356315672397613525390625" lon="-1.13836982287466526031494140625">
        <ele>100</ele>
        <time>2026-06-08T13:09:33.000Z</time>
        <extensions>
          <ns3:TrackPointExtension>
            <ns3:atemp>21.0</ns3:atemp>
            <ns3:hr>110</ns3:hr>
          </ns3:TrackPointExtension>
        </extensions>
      </trkpt>
      <trkpt lat="48.2966854982078075408935546875" lon="-1.13837803713977336883544921875">
        <ele>100</ele>
        <time>2026-06-08T13:09:34.000Z</time>
        <extensions>
          <ns3:TrackPointExtension>
            <ns3:atemp>21.0</ns3:atemp>
            <ns3:hr>110</ns3:hr>
          </ns3:TrackPointExtension>
        </extensions>
      </trkpt>
      <trkpt lat="48.296716846525669097900390625" lon="-1.13838239572942256927490234375">
        <ele>99.8000030517578125</ele>
        <time>2026-06-08T13:09:35.000Z</time>
        <extensions>
          <ns3:TrackPointExtension>
            <ns3:atemp>21.0</ns3:atemp>
            <ns3:hr>110</ns3:hr>
          </ns3:TrackPointExtension>
        </extensions>
      </trkpt>
      <trkpt lat="48.29685020260512828826904296875" lon="-1.138411648571491241455078125">
        <ele>99.8000030517578125</ele>
        <time>2026-06-08T13:09:39.000Z</time>
        <extensions>
          <ns3:TrackPointExtension>
            <ns3:atemp>21.0</ns3:atemp>
            <ns3:hr>113</ns3:hr>
          </ns3:TrackPointExtension>
        </extensions>
      </trkpt>
      <trkpt lat="48.2969560660421848297119140625" lon="-1.13843134604394435882568359375">
        <ele>99.59999847412109375</ele>
        <time>2026-06-08T13:09:42.000Z</time>
        <extensions>
          <ns3:TrackPointExtension>
            <ns3:atemp>21.0</ns3:atemp>
            <ns3:hr>113</ns3:hr>
          </ns3:TrackPointExtension>
        </extensions>
      </trkpt>
      <trkpt lat="48.2971119694411754608154296875" lon="-1.13845515064895153045654296875">
        <ele>99.59999847412109375</ele>
        <time>2026-06-08T13:09:46.000Z</time>
        <extensions>
          <ns3:TrackPointExtension>
            <ns3:atemp>21.0</ns3:atemp>
            <ns3:hr>114</ns3:hr>
          </ns3:TrackPointExtension>
        </extensions>
      </trkpt>
      <trkpt lat="48.2971884123980998992919921875" lon="-1.1384637840092182159423828125">
        <ele>99.59999847412109375</ele>
        <time>2026-06-08T13:09:48.000Z</time>
        <extensions>
          <ns3:TrackPointExtension>
            <ns3:atemp>21.0</ns3:atemp>
            <ns3:hr>114</ns3:hr>
          </ns3:TrackPointExtension>
        </extensions>
      </trkpt>
      <trkpt lat="48.29737289808690547943115234375" lon="-1.1385030113160610198974609375">
        <ele>99.1999969482421875</ele>
        <time>2026-06-08T13:09:53.000Z</time>
        <extensions>
          <ns3:TrackPointExtension>
            <ns3:atemp>21.0</ns3:atemp>
            <ns3:hr>117</ns3:hr>
          </ns3:TrackPointExtension>
        </extensions>
      </trkpt>
      <trkpt lat="48.29741380177438259124755859375" lon="-1.1385147459805011749267578125">
        <ele>99.1999969482421875</ele>
        <time>2026-06-08T13:09:54.000Z</time>
        <extensions>
          <ns3:TrackPointExtension>
            <ns3:atemp>21.0</ns3:atemp>
            <ns3:hr>118</ns3:hr>
          </ns3:TrackPointExtension>
        </extensions>
      </trkpt>
      <trkpt lat="48.2976423762738704681396484375" lon="-1.13855841569602489471435546875">
        <ele>99</ele>
        <time>2026-06-08T13:09:59.000Z</time>
        <extensions>
          <ns3:TrackPointExtension>
            <ns3:atemp>21.0</ns3:atemp>
            <ns3:hr>121</ns3:hr>
          </ns3:TrackPointExtension>
        </extensions>
      </trkpt>
      <trkpt lat="48.29774438403546810150146484375" lon="-1.1385764367878437042236328125">
        <ele>99</ele>
        <time>2026-06-08T13:10:01.000Z</time>
        <extensions>
          <ns3:TrackPointExtension>
            <ns3:atemp>21.0</ns3:atemp>
            <ns3:hr>122</ns3:hr>
          </ns3:TrackPointExtension>
        </extensions>
      </trkpt>
      <trkpt lat="48.2979060709476470947265625" lon="-1.13860778510570526123046875">
        <ele>99</ele>
        <time>2026-06-08T13:10:04.000Z</time>
        <extensions>
          <ns3:TrackPointExtension>
            <ns3:atemp>21.0</ns3:atemp>
            <ns3:hr>122</ns3:hr>
          </ns3:TrackPointExtension>
        </extensions>
      </trkpt>
      <trkpt lat="48.2981503196060657501220703125" lon="-1.1386525444686412811279296875">
        <ele>98.8000030517578125</ele>
        <time>2026-06-08T13:10:09.000Z</time>
        <extensions>
          <ns3:TrackPointExtension>
            <ns3:atemp>21.0</ns3:atemp>
            <ns3:hr>122</ns3:hr>
          </ns3:TrackPointExtension>
        </extensions>
      </trkpt>
      <trkpt lat="48.29823791049420833587646484375" lon="-1.13866486586630344390869140625">
        <ele>98.8000030517578125</ele>
        <time>2026-06-08T13:10:11.000Z</time>
        <extensions>
          <ns3:TrackPointExtension>
            <ns3:atemp>21.0</ns3:atemp>
            <ns3:hr>119</ns3:hr>
          </ns3:TrackPointExtension>
        </extensions>
      </trkpt>
      <trkpt lat="48.298281244933605194091796875" lon="-1.13866939209401607513427734375">
        <ele>98.8000030517578125</ele>
        <time>2026-06-08T13:10:12.000Z</time>
        <extensions>
          <ns3:TrackPointExtension>
            <ns3:atemp>21.0</ns3:atemp>
            <ns3:hr>116</ns3:hr>
          </ns3:TrackPointExtension>
        </extensions>
      </trkpt>
      <trkpt lat="48.29832575283944606781005859375" lon="-1.13867810927331447601318359375">
        <ele>98.8000030517578125</ele>
        <time>2026-06-08T13:10:13.000Z</time>
        <extensions>
          <ns3:TrackPointExtension>
            <ns3:atemp>21.0</ns3:atemp>
            <ns3:hr>116</ns3:hr>
          </ns3:TrackPointExtension>
        </extensions>
      </trkpt>
      <trkpt lat="48.29845718108117580413818359375" lon="-1.13870426081120967864990234375">
        <ele>98.8000030517578125</ele>
        <time>2026-06-08T13:10:16.000Z</time>
        <extensions>
          <ns3:TrackPointExtension>
            <ns3:atemp>21.0</ns3:atemp>
            <ns3:hr>116</ns3:hr>
          </ns3:TrackPointExtension>
        </extensions>
      </trkpt>
      <trkpt lat="48.29885062761604785919189453125" lon="-1.1387695558369159698486328125">
        <ele>98.8000030517578125</ele>
        <time>2026-06-08T13:10:25.000Z</time>
        <extensions>
          <ns3:TrackPointExtension>
            <ns3:atemp>21.0</ns3:atemp>
            <ns3:hr>117</ns3:hr>
          </ns3:TrackPointExtension>
        </extensions>
      </trkpt>
      <trkpt lat="48.29920761287212371826171875" lon="-1.1388399638235569000244140625">
        <ele>98.8000030517578125</ele>
        <time>2026-06-08T13:10:33.000Z</time>
        <extensions>
          <ns3:TrackPointExtension>
            <ns3:atemp>21.0</ns3:atemp>
            <ns3:hr>115</ns3:hr>
          </ns3:TrackPointExtension>
        </extensions>
      </trkpt>
      <trkpt lat="48.29956158064305782318115234375" lon="-1.13890777342021465301513671875">
        <ele>98.40000152587890625</ele>
        <time>2026-06-08T13:10:41.000Z</time>
        <extensions>
          <ns3:TrackPointExtension>
            <ns3:atemp>21.0</ns3:atemp>
            <ns3:hr>116</ns3:hr>
          </ns3:TrackPointExtension>
        </extensions>
      </trkpt>
      <trkpt lat="48.29990741796791553497314453125" lon="-1.13896208815276622772216796875">
        <ele>98.1999969482421875</ele>
        <time>2026-06-08T13:10:49.000Z</time>
        <extensions>
          <ns3:TrackPointExtension>
            <ns3:atemp>21.0</ns3:atemp>
            <ns3:hr>117</ns3:hr>
          </ns3:TrackPointExtension>
        </extensions>
      </trkpt>
      <trkpt lat="48.30019759945571422576904296875" lon="-1.13899226300418376922607421875">
        <ele>97.8000030517578125</ele>
        <time>2026-06-08T13:10:55.000Z</time>
        <extensions>
          <ns3:TrackPointExtension>
            <ns3:atemp>21.0</ns3:atemp>
            <ns3:hr>116</ns3:hr>
          </ns3:TrackPointExtension>
        </extensions>
      </trkpt>
      <trkpt lat="48.30038283951580524444580078125" lon="-1.1390149779617786407470703125">
        <ele>97.59999847412109375</ele>
        <time>2026-06-08T13:10:59.000Z</time>
        <extensions>
          <ns3:TrackPointExtension>
            <ns3:atemp>21.0</ns3:atemp>
            <ns3:hr>119</ns3:hr>
          </ns3:TrackPointExtension>
        </extensions>
      </trkpt>
      <trkpt lat="48.30055953003466129302978515625" lon="-1.13904791884124279022216796875">
        <ele>97.40000152587890625</ele>
        <time>2026-06-08T13:11:03.000Z</time>
        <extensions>
          <ns3:TrackPointExtension>
            <ns3:atemp>21.0</ns3:atemp>
            <ns3:hr>120</ns3:hr>
          </ns3:TrackPointExtension>
        </extensions>
      </trkpt>
      <trkpt lat="48.30070135183632373809814453125" lon="-1.13906518556177616119384765625">
        <ele>97.1999969482421875</ele>
        <time>2026-06-08T13:11:06.000Z</time>
        <extensions>
          <ns3:TrackPointExtension>
            <ns3:atemp>21.0</ns3:atemp>
            <ns3:hr>123</ns3:hr>
          </ns3:TrackPointExtension>
        </extensions>
      </trkpt>
      <trkpt lat="48.30095683224499225616455078125" lon="-1.139082200825214385986328125">
        <ele>96.8000030517578125</ele>
        <time>2026-06-08T13:11:11.000Z</time>
        <extensions>
          <ns3:TrackPointExtension>
            <ns3:atemp>21.0</ns3:atemp>
            <ns3:hr>123</ns3:hr>
          </ns3:TrackPointExtension>
        </extensions>
      </trkpt>
      <trkpt lat="48.3013693057000637054443359375" lon="-1.139098964631557464599609375">
        <ele>96</ele>
        <time>2026-06-08T13:11:19.000Z</time>
        <extensions>
          <ns3:TrackPointExtension>
            <ns3:atemp>21.0</ns3:atemp>
            <ns3:hr>124</ns3:hr>
          </ns3:TrackPointExtension>
        </extensions>
      </trkpt>
      <trkpt lat="48.3016613312065601348876953125" lon="-1.13910935819149017333984375">
        <ele>95.8000030517578125</ele>
        <time>2026-06-08T13:11:25.000Z</time>
        <extensions>
          <ns3:TrackPointExtension>
            <ns3:atemp>21.0</ns3:atemp>
            <ns3:hr>123</ns3:hr>
          </ns3:TrackPointExtension>
        </extensions>
      </trkpt>
      <trkpt lat="48.30170852132141590118408203125" lon="-1.13910592161118984222412109375">
        <ele>95.59999847412109375</ele>
        <time>2026-06-08T13:11:26.000Z</time>
        <extensions>
          <ns3:TrackPointExtension>
            <ns3:atemp>21.0</ns3:atemp>
            <ns3:hr>123</ns3:hr>
          </ns3:TrackPointExtension>
        </extensions>
      </trkpt>
      <trkpt lat="48.3020036481320858001708984375" lon="-1.13911178894340991973876953125">
        <ele>95.1999969482421875</ele>
        <time>2026-06-08T13:11:32.000Z</time>
        <extensions>
          <ns3:TrackPointExtension>
            <ns3:atemp>21.0</ns3:atemp>
            <ns3:hr>126</ns3:hr>
          </ns3:TrackPointExtension>
        </extensions>
      </trkpt>
      <trkpt lat="48.30228754319250583648681640625" lon="-1.1391192488372325897216796875">
        <ele>94.8000030517578125</ele>
        <time>2026-06-08T13:11:38.000Z</time>
        <extensions>
          <ns3:TrackPointExtension>
            <ns3:atemp>21.0</ns3:atemp>
            <ns3:hr>127</ns3:hr>
          </ns3:TrackPointExtension>
        </extensions>
      </trkpt>
      <trkpt lat="48.30238443799316883087158203125" lon="-1.1391115374863147735595703125">
        <ele>94.59999847412109375</ele>
        <time>2026-06-08T13:11:40.000Z</time>
        <extensions>
          <ns3:TrackPointExtension>
            <ns3:atemp>21.0</ns3:atemp>
            <ns3:hr>126</ns3:hr>
          </ns3:TrackPointExtension>
        </extensions>
      </trkpt>
      <trkpt lat="48.30270915292203426361083984375" lon="-1.13912067376077175140380859375">
        <ele>94</ele>
        <time>2026-06-08T13:11:46.000Z</time>
        <extensions>
          <ns3:TrackPointExtension>
            <ns3:atemp>21.0</ns3:atemp>
            <ns3:hr>127</ns3:hr>
          </ns3:TrackPointExtension>
        </extensions>
      </trkpt>
      <trkpt lat="48.3029756136238574981689453125" lon="-1.1391219310462474822998046875">
        <ele>93.8000030517578125</ele>
        <time>2026-06-08T13:11:51.000Z</time>
        <extensions>
          <ns3:TrackPointExtension>
            <ns3:atemp>21.0</ns3:atemp>
            <ns3:hr>124</ns3:hr>
          </ns3:TrackPointExtension>
        </extensions>
      </trkpt>
      <trkpt lat="48.30302867107093334197998046875" lon="-1.13912235014140605926513671875">
        <ele>93.59999847412109375</ele>
        <time>2026-06-08T13:11:52.000Z</time>
        <extensions>
          <ns3:TrackPointExtension>
            <ns3:atemp>21.0</ns3:atemp>
            <ns3:hr>124</ns3:hr>
          </ns3:TrackPointExtension>
        </extensions>
      </trkpt>
      <trkpt lat="48.3031398989260196685791015625" lon="-1.1391276307404041290283203125">
        <ele>93.59999847412109375</ele>
        <time>2026-06-08T13:11:54.000Z</time>
        <extensions>
          <ns3:TrackPointExtension>
            <ns3:atemp>21.0</ns3:atemp>
            <ns3:hr>124</ns3:hr>
          </ns3:TrackPointExtension>
        </extensions>
      </trkpt>
      <trkpt lat="48.3035998977720737457275390625" lon="-1.1391259543597698211669921875">
        <ele>92.8000030517578125</ele>
        <time>2026-06-08T13:12:02.000Z</time>
        <extensions>
          <ns3:TrackPointExtension>
            <ns3:atemp>21.0</ns3:atemp>
            <ns3:hr>124</ns3:hr>
          </ns3:TrackPointExtension>
        </extensions>
      </trkpt>
      <trkpt lat="48.30365630798041820526123046875" lon="-1.139128468930721282958984375">
        <ele>92.8000030517578125</ele>
        <time>2026-06-08T13:12:03.000Z</time>
        <extensions>
          <ns3:TrackPointExtension>
            <ns3:atemp>21.0</ns3:atemp>
            <ns3:hr>124</ns3:hr>
          </ns3:TrackPointExtension>
        </extensions>
      </trkpt>
      <trkpt lat="48.30393307842314243316650390625" lon="-1.139134503901004791259765625">
        <ele>92.59999847412109375</ele>
        <time>2026-06-08T13:12:08.000Z</time>
        <extensions>
          <ns3:TrackPointExtension>
            <ns3:atemp>21.0</ns3:atemp>
            <ns3:hr>124</ns3:hr>
          </ns3:TrackPointExtension>
        </extensions>
      </trkpt>
      <trkpt lat="48.30415201373398303985595703125" lon="-1.13916174508631229400634765625">
        <ele>92.40000152587890625</ele>
        <time>2026-06-08T13:12:12.000Z</time>
        <extensions>
          <ns3:TrackPointExtension>
            <ns3:atemp>21.0</ns3:atemp>
            <ns3:hr>125</ns3:hr>
          </ns3:TrackPointExtension>
        </extensions>
      </trkpt>
      <trkpt lat="48.3045024611055850982666015625" lon="-1.1392486654222011566162109375">
        <ele>92.40000152587890625</ele>
        <time>2026-06-08T13:12:19.000Z</time>
        <extensions>
          <ns3:TrackPointExtension>
            <ns3:atemp>21.0</ns3:atemp>
            <ns3:hr>122</ns3:hr>
          </ns3:TrackPointExtension>
        </extensions>
      </trkpt>
      <trkpt lat="48.304730616509914398193359375" lon="-1.139360480010509490966796875">
        <ele>92.40000152587890625</ele>
        <time>2026-06-08T13:12:24.000Z</time>
        <extensions>
          <ns3:TrackPointExtension>
            <ns3:atemp>21.0</ns3:atemp>
            <ns3:hr>125</ns3:hr>
          </ns3:TrackPointExtension>
        </extensions>
      </trkpt>
      <trkpt lat="48.30477864481508731842041015625" lon="-1.1393837817013263702392578125">
        <ele>92.40000152587890625</ele>
        <time>2026-06-08T13:12:25.000Z</time>
        <extensions>
          <ns3:TrackPointExtension>
            <ns3:atemp>21.0</ns3:atemp>
            <ns3:hr>130</ns3:hr>
          </ns3:TrackPointExtension>
        </extensions>
      </trkpt>
      <trkpt lat="48.3048226498067378997802734375" lon="-1.1394085921347141265869140625">
        <ele>92.40000152587890625</ele>
        <time>2026-06-08T13:12:26.000Z</time>
        <extensions>
          <ns3:TrackPointExtension>
            <ns3:atemp>21.0</ns3:atemp>
            <ns3:hr>130</ns3:hr>
          </ns3:TrackPointExtension>
        </extensions>
      </trkpt>
      <trkpt lat="48.30486573278903961181640625" lon="-1.13943390548229217529296875">
        <ele>92.40000152587890625</ele>
        <time>2026-06-08T13:12:27.000Z</time>
        <extensions>
          <ns3:TrackPointExtension>
            <ns3:atemp>21.0</ns3:atemp>
            <ns3:hr>131</ns3:hr>
          </ns3:TrackPointExtension>
        </extensions>
      </trkpt>
      <trkpt lat="48.30503940582275390625" lon="-1.1395477317273616790771484375">
        <ele>92.40000152587890625</ele>
        <time>2026-06-08T13:12:31.000Z</time>
        <extensions>
          <ns3:TrackPointExtension>
            <ns3:atemp>21.0</ns3:atemp>
            <ns3:hr>134</ns3:hr>
          </ns3:TrackPointExtension>
        </extensions>
      </trkpt>
      <trkpt lat="48.3051917888224124908447265625" lon="-1.13967136479914188385009765625">
        <ele>92.59999847412109375</ele>
        <time>2026-06-08T13:12:35.000Z</time>
        <extensions>
          <ns3:TrackPointExtension>
            <ns3:atemp>21.0</ns3:atemp>
            <ns3:hr>131</ns3:hr>
          </ns3:TrackPointExtension>
        </extensions>
      </trkpt>
      <trkpt lat="48.30522607080638408660888671875" lon="-1.13969667814671993255615234375">
        <ele>92.59999847412109375</ele>
        <time>2026-06-08T13:12:36.000Z</time>
        <extensions>
          <ns3:TrackPointExtension>
            <ns3:atemp>21.0</ns3:atemp>
            <ns3:hr>129</ns3:hr>
          </ns3:TrackPointExtension>
        </extensions>
      </trkpt>
      <trkpt lat="48.30546378158032894134521484375" lon="-1.1399336345493793487548828125">
        <ele>92.8000030517578125</ele>
        <time>2026-06-08T13:12:43.000Z</time>
        <extensions>
          <ns3:TrackPointExtension>
            <ns3:atemp>21.0</ns3:atemp>
            <ns3:hr>129</ns3:hr>
          </ns3:TrackPointExtension>
        </extensions>
      </trkpt>
      <trkpt lat="48.3057232014834880828857421875" lon="-1.14025927148759365081787109375">
        <ele>92.8000030517578125</ele>
        <time>2026-06-08T13:12:51.000Z</time>
        <extensions>
          <ns3:TrackPointExtension>
            <ns3:atemp>21.0</ns3:atemp>
            <ns3:hr>128</ns3:hr>
          </ns3:TrackPointExtension>
        </extensions>
      </trkpt>
      <trkpt lat="48.3059079386293888092041015625" lon="-1.14054492674767971038818359375">
        <ele>92.8000030517578125</ele>
        <time>2026-06-08T13:12:57.000Z</time>
        <extensions>
          <ns3:TrackPointExtension>
            <ns3:atemp>21.0</ns3:atemp>
            <ns3:hr>128</ns3:hr>
          </ns3:TrackPointExtension>
        </extensions>
      </trkpt>
      <trkpt lat="48.30607046373188495635986328125" lon="-1.1408885009586811065673828125">
        <ele>93</ele>
        <time>2026-06-08T13:13:01.000Z</time>
        <extensions>
          <ns3:TrackPointExtension>
            <ns3:atemp>21.0</ns3:atemp>
            <ns3:hr>129</ns3:hr>
          </ns3:TrackPointExtension>
        </extensions>
      </trkpt>
      <trkpt lat="48.306248076260089874267578125" lon="-1.14132058806717395782470703125">
        <ele>93.40000152587890625</ele>
        <time>2026-06-08T13:13:05.000Z</time>
        <extensions>
          <ns3:TrackPointExtension>
            <ns3:atemp>21.0</ns3:atemp>
            <ns3:hr>132</ns3:hr>
          </ns3:TrackPointExtension>
        </extensions>
      </trkpt>
      <trkpt lat="48.30628302879631519317626953125" lon="-1.14143659360706806182861328125">
        <ele>93.40000152587890625</ele>
        <time>2026-06-08T13:13:06.000Z</time>
        <extensions>
          <ns3:TrackPointExtension>
            <ns3:atemp>21.0</ns3:atemp>
            <ns3:hr>133</ns3:hr>
          </ns3:TrackPointExtension>
        </extensions>
      </trkpt>
      <trkpt lat="48.30637707374989986419677734375" lon="-1.1417984403669834136962890625">
        <ele>93</ele>
        <time>2026-06-08T13:13:09.000Z</time>
        <extensions>
          <ns3:TrackPointExtension>
            <ns3:atemp>21.0</ns3:atemp>
            <ns3:hr>136</ns3:hr>
          </ns3:TrackPointExtension>
        </extensions>
      </trkpt>
      <trkpt lat="48.30645971931517124176025390625" lon="-1.14218023605644702911376953125">
        <ele>93.1999969482421875</ele>
        <time>2026-06-08T13:13:12.000Z</time>
        <extensions>
          <ns3:TrackPointExtension>
            <ns3:atemp>21.0</ns3:atemp>
            <ns3:hr>138</ns3:hr>
          </ns3:TrackPointExtension>
        </extensions>
      </trkpt>
      <trkpt lat="48.30654856748878955841064453125" lon="-1.142699830234050750732421875">
        <ele>93</ele>
        <time>2026-06-08T13:13:16.000Z</time>
        <extensions>
          <ns3:TrackPointExtension>
            <ns3:atemp>21.0</ns3:atemp>
            <ns3:hr>141</ns3:hr>
          </ns3:TrackPointExtension>
        </extensions>
      </trkpt>
      <trkpt lat="48.3066167123615741729736328125" lon="-1.1430939473211765289306640625">
        <ele>92.40000152587890625</ele>
        <time>2026-06-08T13:13:19.000Z</time>
        <extensions>
          <ns3:TrackPointExtension>
            <ns3:atemp>21.0</ns3:atemp>
            <ns3:hr>142</ns3:hr>
          </ns3:TrackPointExtension>
        </extensions>
      </trkpt>
      <trkpt lat="48.306774459779262542724609375" lon="-1.14399005658924579620361328125">
        <ele>91.59999847412109375</ele>
        <time>2026-06-08T13:13:26.000Z</time>
        <extensions>
          <ns3:TrackPointExtension>
            <ns3:atemp>21.0</ns3:atemp>
            <ns3:hr>143</ns3:hr>
          </ns3:TrackPointExtension>
        </extensions>
      </trkpt>
      <trkpt lat="48.306797258555889129638671875" lon="-1.1441101692616939544677734375">
        <ele>91.59999847412109375</ele>
        <time>2026-06-08T13:13:27.000Z</time>
        <extensions>
          <ns3:TrackPointExtension>
            <ns3:atemp>21.0</ns3:atemp>
            <ns3:hr>143</ns3:hr>
          </ns3:TrackPointExtension>
        </extensions>
      </trkpt>
      <trkpt lat="48.30692240037024021148681640625" lon="-1.1448256485164165496826171875">
        <ele>90.40000152587890625</ele>
        <time>2026-06-08T13:13:33.000Z</time>
        <extensions>
          <ns3:TrackPointExtension>
            <ns3:atemp>21.0</ns3:atemp>
            <ns3:hr>144</ns3:hr>
          </ns3:TrackPointExtension>
        </extensions>
      </trkpt>
      <trkpt lat="48.306966908276081085205078125" lon="-1.14506042562425136566162109375">
        <ele>90</ele>
        <time>2026-06-08T13:13:35.000Z</time>
        <extensions>
          <ns3:TrackPointExtension>
            <ns3:atemp>21.0</ns3:atemp>
            <ns3:hr>144</ns3:hr>
          </ns3:TrackPointExtension>
        </extensions>
      </trkpt>
      <trkpt lat="48.30707176588475704193115234375" lon="-1.1456232704222202301025390625">
        <ele>89.40000152587890625</ele>
        <time>2026-06-08T13:13:40.000Z</time>
        <extensions>
          <ns3:TrackPointExtension>
            <ns3:atemp>21.0</ns3:atemp>
            <ns3:hr>143</ns3:hr>
          </ns3:TrackPointExtension>
        </extensions>
      </trkpt>
      <trkpt lat="48.30716975033283233642578125" lon="-1.14617505110800266265869140625">
        <ele>89</ele>
        <time>2026-06-08T13:13:45.000Z</time>
        <extensions>
          <ns3:TrackPointExtension>
            <ns3:atemp>21.0</ns3:atemp>
            <ns3:hr>143</ns3:hr>
          </ns3:TrackPointExtension>
        </extensions>
      </trkpt>
      <trkpt lat="48.3072309382259845733642578125" lon="-1.14650161005556583404541015625">
        <ele>88.40000152587890625</ele>
        <time>2026-06-08T13:13:48.000Z</time>
        <extensions>
          <ns3:TrackPointExtension>
            <ns3:atemp>21.0</ns3:atemp>
            <ns3:hr>140</ns3:hr>
          </ns3:TrackPointExtension>
        </extensions>
      </trkpt>
      <trkpt lat="48.30729556269943714141845703125" lon="-1.1467839963734149932861328125">
        <ele>87.8000030517578125</ele>
        <time>2026-06-08T13:13:51.000Z</time>
        <extensions>
          <ns3:TrackPointExtension>
            <ns3:atemp>21.0</ns3:atemp>
            <ns3:hr>139</ns3:hr>
          </ns3:TrackPointExtension>
        </extensions>
      </trkpt>
      <trkpt lat="48.30743202008306980133056640625" lon="-1.14720015786588191986083984375">
        <ele>87.59999847412109375</ele>
        <time>2026-06-08T13:13:56.000Z</time>
        <extensions>
          <ns3:TrackPointExtension>
            <ns3:atemp>21.0</ns3:atemp>
            <ns3:hr>138</ns3:hr>
          </ns3:TrackPointExtension>
        </extensions>
      </trkpt>
      <trkpt lat="48.307624049484729766845703125" lon="-1.14766434766352176666259765625">
        <ele>88</ele>
        <time>2026-06-08T13:14:01.000Z</time>
        <extensions>
          <ns3:TrackPointExtension>
            <ns3:atemp>21.0</ns3:atemp>
            <ns3:hr>138</ns3:hr>
          </ns3:TrackPointExtension>
        </extensions>
      </trkpt>
      <trkpt lat="48.30781976692378520965576171875" lon="-1.14804069511592388153076171875">
        <ele>87.8000030517578125</ele>
        <time>2026-06-08T13:14:05.000Z</time>
        <extensions>
          <ns3:TrackPointExtension>
            <ns3:atemp>21.0</ns3:atemp>
            <ns3:hr>141</ns3:hr>
          </ns3:TrackPointExtension>
        </extensions>
      </trkpt>
      <trkpt lat="48.30786804668605327606201171875" lon="-1.148127280175685882568359375">
        <ele>87.8000030517578125</ele>
        <time>2026-06-08T13:14:06.000Z</time>
        <extensions>
          <ns3:TrackPointExtension>
            <ns3:atemp>21.0</ns3:atemp>
            <ns3:hr>141</ns3:hr>
          </ns3:TrackPointExtension>
        </extensions>
      </trkpt>
      <trkpt lat="48.30816350877285003662109375" lon="-1.1486149393022060394287109375">
        <ele>88</ele>
        <time>2026-06-08T13:14:12.000Z</time>
        <extensions>
          <ns3:TrackPointExtension>
            <ns3:atemp>21.0</ns3:atemp>
            <ns3:hr>139</ns3:hr>
          </ns3:TrackPointExtension>
        </extensions>
      </trkpt>
      <trkpt lat="48.308464586734771728515625" lon="-1.1489968188107013702392578125">
        <ele>88</ele>
        <time>2026-06-08T13:14:18.000Z</time>
        <extensions>
          <ns3:TrackPointExtension>
            <ns3:atemp>21.0</ns3:atemp>
            <ns3:hr>138</ns3:hr>
          </ns3:TrackPointExtension>
        </extensions>
      </trkpt>
      <trkpt lat="48.30874621868133544921875" lon="-1.14924802444875240325927734375">
        <ele>88</ele>
        <time>2026-06-08T13:14:23.000Z</time>
        <extensions>
          <ns3:TrackPointExtension>
            <ns3:atemp>21.0</ns3:atemp>
            <ns3:hr>138</ns3:hr>
          </ns3:TrackPointExtension>
        </extensions>
      </trkpt>
      <trkpt lat="48.3090762980282306671142578125" lon="-1.14951054565608501434326171875">
        <ele>88</ele>
        <time>2026-06-08T13:14:28.000Z</time>
        <extensions>
          <ns3:TrackPointExtension>
            <ns3:atemp>21.0</ns3:atemp>
            <ns3:hr>138</ns3:hr>
          </ns3:TrackPointExtension>
        </extensions>
      </trkpt>
      <trkpt lat="48.30955197103321552276611328125" lon="-1.14982880651950836181640625">
        <ele>88</ele>
        <time>2026-06-08T13:14:35.000Z</time>
        <extensions>
          <ns3:TrackPointExtension>
            <ns3:atemp>20.0</ns3:atemp>
            <ns3:hr>139</ns3:hr>
          </ns3:TrackPointExtension>
        </extensions>
      </trkpt>
      <trkpt lat="48.30990954302251338958740234375" lon="-1.15006090141832828521728515625">
        <ele>87.8000030517578125</ele>
        <time>2026-06-08T13:14:40.000Z</time>
        <extensions>
          <ns3:TrackPointExtension>
            <ns3:atemp>20.0</ns3:atemp>
            <ns3:hr>138</ns3:hr>
          </ns3:TrackPointExtension>
        </extensions>
      </trkpt>
      <trkpt lat="48.30998514778912067413330078125" lon="-1.1501075886189937591552734375">
        <ele>87.8000030517578125</ele>
        <time>2026-06-08T13:14:41.000Z</time>
        <extensions>
          <ns3:TrackPointExtension>
            <ns3:atemp>20.0</ns3:atemp>
            <ns3:hr>138</ns3:hr>
          </ns3:TrackPointExtension>
        </extensions>
      </trkpt>
      <trkpt lat="48.310351856052875518798828125" lon="-1.1503198184072971343994140625">
        <ele>87.1999969482421875</ele>
        <time>2026-06-08T13:14:46.000Z</time>
        <extensions>
          <ns3:TrackPointExtension>
            <ns3:atemp>20.0</ns3:atemp>
            <ns3:hr>137</ns3:hr>
          </ns3:TrackPointExtension>
        </extensions>
      </trkpt>
      <trkpt lat="48.31042486242949962615966796875" lon="-1.1503634043037891387939453125">
        <ele>87.1999969482421875</ele>
        <time>2026-06-08T13:14:47.000Z</time>
        <extensions>
          <ns3:TrackPointExtension>
            <ns3:atemp>20.0</ns3:atemp>
            <ns3:hr>137</ns3:hr>
          </ns3:TrackPointExtension>
        </extensions>
      </trkpt>
      <trkpt lat="48.31092090345919132232666015625" lon="-1.150645203888416290283203125">
        <ele>87</ele>
        <time>2026-06-08T13:14:54.000Z</time>
        <extensions>
          <ns3:TrackPointExtension>
            <ns3:atemp>20.0</ns3:atemp>
            <ns3:hr>139</ns3:hr>
          </ns3:TrackPointExtension>
        </extensions>
      </trkpt>
      <trkpt lat="48.31139582209289073944091796875" lon="-1.15090965293347835540771484375">
        <ele>87</ele>
        <time>2026-06-08T13:15:01.000Z</time>
        <extensions>
          <ns3:TrackPointExtension>
            <ns3:atemp>20.0</ns3:atemp>
            <ns3:hr>138</ns3:hr>
          </ns3:TrackPointExtension>
        </extensions>
      </trkpt>
      <trkpt lat="48.31178985536098480224609375" lon="-1.15112842060625553131103515625">
        <ele>87</ele>
        <time>2026-06-08T13:15:07.000Z</time>
        <extensions>
          <ns3:TrackPointExtension>
            <ns3:atemp>20.0</ns3:atemp>
            <ns3:hr>138</ns3:hr>
          </ns3:TrackPointExtension>
        </extensions>
      </trkpt>
      <trkpt lat="48.31185531802475452423095703125" lon="-1.151154153048992156982421875">
        <ele>87</ele>
        <time>2026-06-08T13:15:08.000Z</time>
        <extensions>
          <ns3:TrackPointExtension>
            <ns3:atemp>20.0</ns3:atemp>
            <ns3:hr>139</ns3:hr>
          </ns3:TrackPointExtension>
        </extensions>
      </trkpt>
      <trkpt lat="48.31194140017032623291015625" lon="-1.15118390880525112152099609375">
        <ele>86.8000030517578125</ele>
        <time>2026-06-08T13:15:10.000Z</time>
        <extensions>
          <ns3:TrackPointExtension>
            <ns3:atemp>20.0</ns3:atemp>
            <ns3:hr>139</ns3:hr>
          </ns3:TrackPointExtension>
        </extensions>
      </trkpt>
      <trkpt lat="48.3119687251746654510498046875" lon="-1.151227243244647979736328125">
        <ele>86.8000030517578125</ele>
        <time>2026-06-08T13:15:12.000Z</time>
        <extensions>
          <ns3:TrackPointExtension>
            <ns3:atemp>20.0</ns3:atemp>
            <ns3:hr>139</ns3:hr>
          </ns3:TrackPointExtension>
        </extensions>
      </trkpt>
      <trkpt lat="48.31197249703109264373779296875" lon="-1.1512498743832111358642578125">
        <ele>86.8000030517578125</ele>
        <time>2026-06-08T13:15:13.000Z</time>
        <extensions>
          <ns3:TrackPointExtension>
            <ns3:atemp>20.0</ns3:atemp>
            <ns3:hr>139</ns3:hr>
          </ns3:TrackPointExtension>
        </extensions>
      </trkpt>
      <trkpt lat="48.31200309097766876220703125" lon="-1.15124844945967197418212890625">
        <ele>86.8000030517578125</ele>
        <time>2026-06-08T13:15:16.000Z</time>
        <extensions>
          <ns3:TrackPointExtension>
            <ns3:atemp>20.0</ns3:atemp>
            <ns3:hr>138</ns3:hr>
          </ns3:TrackPointExtension>
        </extensions>
      </trkpt>
      <trkpt lat="48.31200652755796909332275390625" lon="-1.1512488685548305511474609375">
        <ele>86.8000030517578125</ele>
        <time>2026-06-08T13:15:17.000Z</time>
        <extensions>
          <ns3:TrackPointExtension>
            <ns3:atemp>21.0</ns3:atemp>
            <ns3:hr>138</ns3:hr>
          </ns3:TrackPointExtension>
        </extensions>
      </trkpt>
      <trkpt lat="48.31200652755796909332275390625" lon="-1.1512488685548305511474609375">
        <ele>86.8000030517578125</ele>
        <time>2026-06-08T13:15:18.000Z</time>
        <extensions>
          <ns3:TrackPointExtension>
            <ns3:atemp>20.0</ns3:atemp>
            <ns3:hr>138</ns3:hr>
          </ns3:TrackPointExtension>
        </extensions>
      </trkpt>
      <trkpt lat="48.31204340793192386627197265625" lon="-1.151306368410587310791015625">
        <ele>87</ele>
        <time>2026-06-08T13:18:59.000Z</time>
        <extensions>
          <ns3:TrackPointExtension>
            <ns3:atemp>21.0</ns3:atemp>
            <ns3:hr>93</ns3:hr>
          </ns3:TrackPointExtension>
        </extensions>
      </trkpt>
      <trkpt lat="48.3120627701282501220703125" lon="-1.15132187493145465850830078125">
        <ele>87</ele>
        <time>2026-06-08T13:19:00.000Z</time>
        <extensions>
          <ns3:TrackPointExtension>
            <ns3:atemp>21.0</ns3:atemp>
            <ns3:hr>94</ns3:hr>
          </ns3:TrackPointExtension>
        </extensions>
      </trkpt>
      <trkpt lat="48.31208355724811553955078125" lon="-1.15133712999522686004638671875">
        <ele>87</ele>
        <time>2026-06-08T13:19:01.000Z</time>
        <extensions>
          <ns3:TrackPointExtension>
            <ns3:atemp>21.0</ns3:atemp>
            <ns3:hr>95</ns3:hr>
          </ns3:TrackPointExtension>
        </extensions>
      </trkpt>
      <trkpt lat="48.31218305043876171112060546875" lon="-1.1514017544686794281005859375">
        <ele>87</ele>
        <time>2026-06-08T13:19:08.000Z</time>
        <extensions>
          <ns3:TrackPointExtension>
            <ns3:atemp>21.0</ns3:atemp>
            <ns3:hr>95</ns3:hr>
          </ns3:TrackPointExtension>
        </extensions>
      </trkpt>
      <trkpt lat="48.31220425665378570556640625" lon="-1.15141273476183414459228515625">
        <ele>87</ele>
        <time>2026-06-08T13:19:11.000Z</time>
        <extensions>
          <ns3:TrackPointExtension>
            <ns3:atemp>21.0</ns3:atemp>
            <ns3:hr>98</ns3:hr>
          </ns3:TrackPointExtension>
        </extensions>
      </trkpt>
      <trkpt lat="48.3122372813522815704345703125" lon="-1.15141374059021472930908203125">
        <ele>87</ele>
        <time>2026-06-08T13:19:15.000Z</time>
        <extensions>
          <ns3:TrackPointExtension>
            <ns3:atemp>21.0</ns3:atemp>
            <ns3:hr>98</ns3:hr>
          </ns3:TrackPointExtension>
        </extensions>
      </trkpt>
      <trkpt lat="48.3122620917856693267822265625" lon="-1.15143586881458759307861328125">
        <ele>87</ele>
        <time>2026-06-08T13:19:18.000Z</time>
        <extensions>
          <ns3:TrackPointExtension>
            <ns3:atemp>21.0</ns3:atemp>
            <ns3:hr>97</ns3:hr>
          </ns3:TrackPointExtension>
        </extensions>
      </trkpt>
      <trkpt lat="48.31226955167949199676513671875" lon="-1.1514480225741863250732421875">
        <ele>87</ele>
        <time>2026-06-08T13:19:19.000Z</time>
        <extensions>
          <ns3:TrackPointExtension>
            <ns3:atemp>21.0</ns3:atemp>
            <ns3:hr>100</ns3:hr>
          </ns3:TrackPointExtension>
        </extensions>
      </trkpt>
      <trkpt lat="48.31228547729551792144775390625" lon="-1.1514637805521488189697265625">
        <ele>87</ele>
        <time>2026-06-08T13:19:20.000Z</time>
        <extensions>
          <ns3:TrackPointExtension>
            <ns3:atemp>21.0</ns3:atemp>
            <ns3:hr>102</ns3:hr>
          </ns3:TrackPointExtension>
        </extensions>
      </trkpt>
      <trkpt lat="48.3123100362718105316162109375" lon="-1.151483058929443359375">
        <ele>87</ele>
        <time>2026-06-08T13:19:21.000Z</time>
        <extensions>
          <ns3:TrackPointExtension>
            <ns3:atemp>21.0</ns3:atemp>
            <ns3:hr>105</ns3:hr>
          </ns3:TrackPointExtension>
        </extensions>
      </trkpt>
      <trkpt lat="48.312368877232074737548828125" lon="-1.1515375413000583648681640625">
        <ele>87</ele>
        <time>2026-06-08T13:19:23.000Z</time>
        <extensions>
          <ns3:TrackPointExtension>
            <ns3:atemp>21.0</ns3:atemp>
            <ns3:hr>108</ns3:hr>
          </ns3:TrackPointExtension>
        </extensions>
      </trkpt>
      <trkpt lat="48.3124060928821563720703125" lon="-1.151561848819255828857421875">
        <ele>87</ele>
        <time>2026-06-08T13:19:24.000Z</time>
        <extensions>
          <ns3:TrackPointExtension>
            <ns3:atemp>21.0</ns3:atemp>
            <ns3:hr>109</ns3:hr>
          </ns3:TrackPointExtension>
        </extensions>
      </trkpt>
      <trkpt lat="48.31262326799333095550537109375" lon="-1.1517246253788471221923828125">
        <ele>87</ele>
        <time>2026-06-08T13:19:30.000Z</time>
        <extensions>
          <ns3:TrackPointExtension>
            <ns3:atemp>21.0</ns3:atemp>
            <ns3:hr>112</ns3:hr>
          </ns3:TrackPointExtension>
        </extensions>
      </trkpt>
      <trkpt lat="48.3128079213201999664306640625" lon="-1.15183065645396709442138671875">
        <ele>86.8000030517578125</ele>
        <time>2026-06-08T13:19:34.000Z</time>
        <extensions>
          <ns3:TrackPointExtension>
            <ns3:atemp>21.0</ns3:atemp>
            <ns3:hr>110</ns3:hr>
          </ns3:TrackPointExtension>
        </extensions>
      </trkpt>
      <trkpt lat="48.31316574476659297943115234375" lon="-1.1520525254309177398681640625">
        <ele>87</ele>
        <time>2026-06-08T13:19:42.000Z</time>
        <extensions>
          <ns3:TrackPointExtension>
            <ns3:atemp>21.0</ns3:atemp>
            <ns3:hr>110</ns3:hr>
          </ns3:TrackPointExtension>
        </extensions>
      </trkpt>
      <trkpt lat="48.31343061290681362152099609375" lon="-1.15221136249601840972900390625">
        <ele>87</ele>
        <time>2026-06-08T13:19:49.000Z</time>
        <extensions>
          <ns3:TrackPointExtension>
            <ns3:atemp>21.0</ns3:atemp>
            <ns3:hr>111</ns3:hr>
          </ns3:TrackPointExtension>
        </extensions>
      </trkpt>
      <trkpt lat="48.3137114904820919036865234375" lon="-1.15240884013473987579345703125">
        <ele>87</ele>
        <time>2026-06-08T13:19:56.000Z</time>
        <extensions>
          <ns3:TrackPointExtension>
            <ns3:atemp>21.0</ns3:atemp>
            <ns3:hr>114</ns3:hr>
          </ns3:TrackPointExtension>
        </extensions>
      </trkpt>
      <trkpt lat="48.313962779939174652099609375" lon="-1.15261268801987171173095703125">
        <ele>86.8000030517578125</ele>
        <time>2026-06-08T13:20:02.000Z</time>
        <extensions>
          <ns3:TrackPointExtension>
            <ns3:atemp>21.0</ns3:atemp>
            <ns3:hr>114</ns3:hr>
          </ns3:TrackPointExtension>
        </extensions>
      </trkpt>
      <trkpt lat="48.31426679156720638275146484375" lon="-1.1528684198856353759765625">
        <ele>86.8000030517578125</ele>
        <time>2026-06-08T13:20:09.000Z</time>
        <extensions>
          <ns3:TrackPointExtension>
            <ns3:atemp>21.0</ns3:atemp>
            <ns3:hr>114</ns3:hr>
          </ns3:TrackPointExtension>
        </extensions>
      </trkpt>
      <trkpt lat="48.314522020518779754638671875" lon="-1.15303295664489269256591796875">
        <ele>86.59999847412109375</ele>
        <time>2026-06-08T13:20:15.000Z</time>
        <extensions>
          <ns3:TrackPointExtension>
            <ns3:atemp>21.0</ns3:atemp>
            <ns3:hr>114</ns3:hr>
          </ns3:TrackPointExtension>
        </extensions>
      </trkpt>
      <trkpt lat="48.3148683607578277587890625" lon="-1.153260357677936553955078125">
        <ele>86.40000152587890625</ele>
        <time>2026-06-08T13:20:23.000Z</time>
        <extensions>
          <ns3:TrackPointExtension>
            <ns3:atemp>21.0</ns3:atemp>
            <ns3:hr>112</ns3:hr>
          </ns3:TrackPointExtension>
        </extensions>
      </trkpt>
      <trkpt lat="48.314955197274684906005859375" lon="-1.1533185280859470367431640625">
        <ele>86.1999969482421875</ele>
        <time>2026-06-08T13:20:25.000Z</time>
        <extensions>
          <ns3:TrackPointExtension>
            <ns3:atemp>21.0</ns3:atemp>
            <ns3:hr>111</ns3:hr>
          </ns3:TrackPointExtension>
        </extensions>
      </trkpt>
      <trkpt lat="48.31512224860489368438720703125" lon="-1.15343528799712657928466796875">
        <ele>86.1999969482421875</ele>
        <time>2026-06-08T13:20:29.000Z</time>
        <extensions>
          <ns3:TrackPointExtension>
            <ns3:atemp>21.0</ns3:atemp>
            <ns3:hr>111</ns3:hr>
          </ns3:TrackPointExtension>
        </extensions>
      </trkpt>
      <trkpt lat="48.31529005430638790130615234375" lon="-1.1535471864044666290283203125">
        <ele>86.40000152587890625</ele>
        <time>2026-06-08T13:20:33.000Z</time>
        <extensions>
          <ns3:TrackPointExtension>
            <ns3:atemp>21.0</ns3:atemp>
            <ns3:hr>115</ns3:hr>
          </ns3:TrackPointExtension>
        </extensions>
      </trkpt>
      <trkpt lat="48.315460123121738433837890625" lon="-1.15366478450596332550048828125">
        <ele>86.1999969482421875</ele>
        <time>2026-06-08T13:20:37.000Z</time>
        <extensions>
          <ns3:TrackPointExtension>
            <ns3:atemp>21.0</ns3:atemp>
            <ns3:hr>115</ns3:hr>
          </ns3:TrackPointExtension>
        </extensions>
      </trkpt>
      <trkpt lat="48.31567880697548389434814453125" lon="-1.1537848971784114837646484375">
        <ele>86.40000152587890625</ele>
        <time>2026-06-08T13:20:42.000Z</time>
        <extensions>
          <ns3:TrackPointExtension>
            <ns3:atemp>21.0</ns3:atemp>
            <ns3:hr>115</ns3:hr>
          </ns3:TrackPointExtension>
        </extensions>
      </trkpt>
      <trkpt lat="48.315988518297672271728515625" lon="-1.15390241146087646484375">
        <ele>86.40000152587890625</ele>
        <time>2026-06-08T13:20:48.000Z</time>
        <extensions>
          <ns3:TrackPointExtension>
            <ns3:atemp>21.0</ns3:atemp>
            <ns3:hr>114</ns3:hr>
          </ns3:TrackPointExtension>
        </extensions>
      </trkpt>
      <trkpt lat="48.31634433008730411529541015625" lon="-1.15399469621479511260986328125">
        <ele>86.59999847412109375</ele>
        <time>2026-06-08T13:20:55.000Z</time>
        <extensions>
          <ns3:TrackPointExtension>
            <ns3:atemp>21.0</ns3:atemp>
            <ns3:hr>113</ns3:hr>
          </ns3:TrackPointExtension>
        </extensions>
      </trkpt>
      <trkpt lat="48.31685814075171947479248046875" lon="-1.15403610281646251678466796875">
        <ele>86.8000030517578125</ele>
        <time>2026-06-08T13:21:04.000Z</time>
        <extensions>
          <ns3:TrackPointExtension>
            <ns3:atemp>21.0</ns3:atemp>
            <ns3:hr>115</ns3:hr>
          </ns3:TrackPointExtension>
        </extensions>
      </trkpt>
      <trkpt lat="48.31728863529860973358154296875" lon="-1.1540190875530242919921875">
        <ele>86.8000030517578125</ele>
        <time>2026-06-08T13:21:12.000Z</time>
        <extensions>
          <ns3:TrackPointExtension>
            <ns3:atemp>21.0</ns3:atemp>
            <ns3:hr>116</ns3:hr>
          </ns3:TrackPointExtension>
        </extensions>
      </trkpt>
      <trkpt lat="48.3177230693399906158447265625" lon="-1.1539377830922603607177734375">
        <ele>86.8000030517578125</ele>
        <time>2026-06-08T13:21:20.000Z</time>
        <extensions>
          <ns3:TrackPointExtension>
            <ns3:atemp>21.0</ns3:atemp>
            <ns3:hr>115</ns3:hr>
          </ns3:TrackPointExtension>
        </extensions>
      </trkpt>
      <trkpt lat="48.3181495405733585357666015625" lon="-1.1537788622081279754638671875">
        <ele>86.8000030517578125</ele>
        <time>2026-06-08T13:21:28.000Z</time>
        <extensions>
          <ns3:TrackPointExtension>
            <ns3:atemp>21.0</ns3:atemp>
            <ns3:hr>116</ns3:hr>
          </ns3:TrackPointExtension>
        </extensions>
      </trkpt>
      <trkpt lat="48.31840376369655132293701171875" lon="-1.15366176702082157135009765625">
        <ele>86.8000030517578125</ele>
        <time>2026-06-08T13:21:34.000Z</time>
        <extensions>
          <ns3:TrackPointExtension>
            <ns3:atemp>21.0</ns3:atemp>
            <ns3:hr>116</ns3:hr>
          </ns3:TrackPointExtension>
        </extensions>
      </trkpt>
      <trkpt lat="48.318545334041118621826171875" lon="-1.15362304262816905975341796875">
        <ele>86.59999847412109375</ele>
        <time>2026-06-08T13:21:38.000Z</time>
        <extensions>
          <ns3:TrackPointExtension>
            <ns3:atemp>21.0</ns3:atemp>
            <ns3:hr>117</ns3:hr>
          </ns3:TrackPointExtension>
        </extensions>
      </trkpt>
      <trkpt lat="48.3185639418661594390869140625" lon="-1.15361876785755157470703125">
        <ele>86.59999847412109375</ele>
        <time>2026-06-08T13:21:39.000Z</time>
        <extensions>
          <ns3:TrackPointExtension>
            <ns3:atemp>21.0</ns3:atemp>
            <ns3:hr>115</ns3:hr>
          </ns3:TrackPointExtension>
        </extensions>
      </trkpt>
      <trkpt lat="48.31857609562575817108154296875" lon="-1.15360477007925510406494140625">
        <ele>86.59999847412109375</ele>
        <time>2026-06-08T13:21:40.000Z</time>
        <extensions>
          <ns3:TrackPointExtension>
            <ns3:atemp>21.0</ns3:atemp>
            <ns3:hr>115</ns3:hr>
          </ns3:TrackPointExtension>
        </extensions>
      </trkpt>
      <trkpt lat="48.318605683743953704833984375" lon="-1.15358398295938968658447265625">
        <ele>86.59999847412109375</ele>
        <time>2026-06-08T13:21:43.000Z</time>
        <extensions>
          <ns3:TrackPointExtension>
            <ns3:atemp>21.0</ns3:atemp>
            <ns3:hr>116</ns3:hr>
          </ns3:TrackPointExtension>
        </extensions>
      </trkpt>
      <trkpt lat="48.31860509701073169708251953125" lon="-1.1535870842635631561279296875">
        <ele>86.59999847412109375</ele>
        <time>2026-06-08T13:21:45.000Z</time>
        <extensions>
          <ns3:TrackPointExtension>
            <ns3:atemp>21.0</ns3:atemp>
            <ns3:hr>117</ns3:hr>
          </ns3:TrackPointExtension>
        </extensions>
      </trkpt>
      <trkpt lat="48.31868824549019336700439453125" lon="-1.15355581976473331451416015625">
        <ele>86.1999969482421875</ele>
        <time>2026-06-08T13:27:23.000Z</time>
        <extensions>
          <ns3:TrackPointExtension>
            <ns3:atemp>21.0</ns3:atemp>
            <ns3:hr>112</ns3:hr>
          </ns3:TrackPointExtension>
        </extensions>
      </trkpt>
      <trkpt lat="48.31870953552424907684326171875" lon="-1.153549365699291229248046875">
        <ele>86.1999969482421875</ele>
        <time>2026-06-08T13:27:25.000Z</time>
        <extensions>
          <ns3:TrackPointExtension>
            <ns3:atemp>21.0</ns3:atemp>
            <ns3:hr>111</ns3:hr>
          </ns3:TrackPointExtension>
        </extensions>
      </trkpt>
      <trkpt lat="48.318742811679840087890625" lon="-1.15352631546556949615478515625">
        <ele>86.40000152587890625</ele>
        <time>2026-06-08T13:27:30.000Z</time>
        <extensions>
          <ns3:TrackPointExtension>
            <ns3:atemp>21.0</ns3:atemp>
            <ns3:hr>114</ns3:hr>
          </ns3:TrackPointExtension>
        </extensions>
      </trkpt>
      <trkpt lat="48.31874608062207698822021484375" lon="-1.15352463908493518829345703125">
        <ele>86.1999969482421875</ele>
        <time>2026-06-08T13:27:31.000Z</time>
        <extensions>
          <ns3:TrackPointExtension>
            <ns3:atemp>21.0</ns3:atemp>
            <ns3:hr>115</ns3:hr>
          </ns3:TrackPointExtension>
        </extensions>
      </trkpt>
      <trkpt lat="48.31878446973860263824462890625" lon="-1.15350603125989437103271484375">
        <ele>86.1999969482421875</ele>
        <time>2026-06-08T13:27:38.000Z</time>
        <extensions>
          <ns3:TrackPointExtension>
            <ns3:atemp>21.0</ns3:atemp>
            <ns3:hr>117</ns3:hr>
          </ns3:TrackPointExtension>
        </extensions>
      </trkpt>
      <trkpt lat="48.318789415061473846435546875" lon="-1.153503768146038055419921875">
        <ele>86.1999969482421875</ele>
        <time>2026-06-08T13:27:40.000Z</time>
        <extensions>
          <ns3:TrackPointExtension>
            <ns3:atemp>21.0</ns3:atemp>
            <ns3:hr>116</ns3:hr>
          </ns3:TrackPointExtension>
        </extensions>
      </trkpt>
      <trkpt lat="48.318828307092189788818359375" lon="-1.15349580533802509307861328125">
        <ele>86.1999969482421875</ele>
        <time>2026-06-08T13:27:50.000Z</time>
        <extensions>
          <ns3:TrackPointExtension>
            <ns3:atemp>21.0</ns3:atemp>
            <ns3:hr>115</ns3:hr>
          </ns3:TrackPointExtension>
        </extensions>
      </trkpt>
      <trkpt lat="48.31885253079235553741455078125" lon="-1.15346898324787616729736328125">
        <ele>86.1999969482421875</ele>
        <time>2026-06-08T13:27:52.000Z</time>
        <extensions>
          <ns3:TrackPointExtension>
            <ns3:atemp>21.0</ns3:atemp>
            <ns3:hr>114</ns3:hr>
          </ns3:TrackPointExtension>
        </extensions>
      </trkpt>
      <trkpt lat="48.31888832151889801025390625" lon="-1.15343914367258548736572265625">
        <ele>86</ele>
        <time>2026-06-08T13:27:54.000Z</time>
        <extensions>
          <ns3:TrackPointExtension>
            <ns3:atemp>21.0</ns3:atemp>
            <ns3:hr>115</ns3:hr>
          </ns3:TrackPointExtension>
        </extensions>
      </trkpt>
      <trkpt lat="48.318946994841098785400390625" lon="-1.15340419113636016845703125">
        <ele>86</ele>
        <time>2026-06-08T13:27:57.000Z</time>
        <extensions>
          <ns3:TrackPointExtension>
            <ns3:atemp>21.0</ns3:atemp>
            <ns3:hr>115</ns3:hr>
          </ns3:TrackPointExtension>
        </extensions>
      </trkpt>
      <trkpt lat="48.31903257407248020172119140625" lon="-1.15336127579212188720703125">
        <ele>86</ele>
        <time>2026-06-08T13:28:02.000Z</time>
        <extensions>
          <ns3:TrackPointExtension>
            <ns3:atemp>21.0</ns3:atemp>
            <ns3:hr>113</ns3:hr>
          </ns3:TrackPointExtension>
        </extensions>
      </trkpt>
      <trkpt lat="48.3190738968551158905029296875" lon="-1.15333990193903446197509765625">
        <ele>86</ele>
        <time>2026-06-08T13:28:04.000Z</time>
        <extensions>
          <ns3:TrackPointExtension>
            <ns3:atemp>21.0</ns3:atemp>
            <ns3:hr>110</ns3:hr>
          </ns3:TrackPointExtension>
        </extensions>
      </trkpt>
      <trkpt lat="48.31915427930653095245361328125" lon="-1.1533007584512233734130859375">
        <ele>86.1999969482421875</ele>
        <time>2026-06-08T13:28:07.000Z</time>
        <extensions>
          <ns3:TrackPointExtension>
            <ns3:atemp>21.0</ns3:atemp>
            <ns3:hr>113</ns3:hr>
          </ns3:TrackPointExtension>
        </extensions>
      </trkpt>
      <trkpt lat="48.31921513192355632781982421875" lon="-1.1532653868198394775390625">
        <ele>86.1999969482421875</ele>
        <time>2026-06-08T13:28:09.000Z</time>
        <extensions>
          <ns3:TrackPointExtension>
            <ns3:atemp>21.0</ns3:atemp>
            <ns3:hr>117</ns3:hr>
          </ns3:TrackPointExtension>
        </extensions>
      </trkpt>
      <trkpt lat="48.31928101368248462677001953125" lon="-1.15323278121650218963623046875">
        <ele>86.1999969482421875</ele>
        <time>2026-06-08T13:28:11.000Z</time>
        <extensions>
          <ns3:TrackPointExtension>
            <ns3:atemp>21.0</ns3:atemp>
            <ns3:hr>121</ns3:hr>
          </ns3:TrackPointExtension>
        </extensions>
      </trkpt>
      <trkpt lat="48.31935343332588672637939453125" lon="-1.153202019631862640380859375">
        <ele>86.1999969482421875</ele>
        <time>2026-06-08T13:28:13.000Z</time>
        <extensions>
          <ns3:TrackPointExtension>
            <ns3:atemp>21.0</ns3:atemp>
            <ns3:hr>124</ns3:hr>
          </ns3:TrackPointExtension>
        </extensions>
      </trkpt>
      <trkpt lat="48.31947279162704944610595703125" lon="-1.15313756279647350311279296875">
        <ele>86.1999969482421875</ele>
        <time>2026-06-08T13:28:16.000Z</time>
        <extensions>
          <ns3:TrackPointExtension>
            <ns3:atemp>21.0</ns3:atemp>
            <ns3:hr>125</ns3:hr>
          </ns3:TrackPointExtension>
        </extensions>
      </trkpt>
      <trkpt lat="48.3197514899075031280517578125" lon="-1.15299607627093791961669921875">
        <ele>86.1999969482421875</ele>
        <time>2026-06-08T13:28:22.000Z</time>
        <extensions>
          <ns3:TrackPointExtension>
            <ns3:atemp>21.0</ns3:atemp>
            <ns3:hr>127</ns3:hr>
          </ns3:TrackPointExtension>
        </extensions>
      </trkpt>
      <trkpt lat="48.32003622315824031829833984375" lon="-1.152858026325702667236328125">
        <ele>86.1999969482421875</ele>
        <time>2026-06-08T13:28:27.000Z</time>
        <extensions>
          <ns3:TrackPointExtension>
            <ns3:atemp>21.0</ns3:atemp>
            <ns3:hr>130</ns3:hr>
          </ns3:TrackPointExtension>
        </extensions>
      </trkpt>
      <trkpt lat="48.320094645023345947265625" lon="-1.1528313718736171722412109375">
        <ele>86.1999969482421875</ele>
        <time>2026-06-08T13:28:28.000Z</time>
        <extensions>
          <ns3:TrackPointExtension>
            <ns3:atemp>21.0</ns3:atemp>
            <ns3:hr>130</ns3:hr>
          </ns3:TrackPointExtension>
        </extensions>
      </trkpt>
      <trkpt lat="48.32050544209778308868408203125" lon="-1.1526888795197010040283203125">
        <ele>86.40000152587890625</ele>
        <time>2026-06-08T13:28:35.000Z</time>
        <extensions>
          <ns3:TrackPointExtension>
            <ns3:atemp>21.0</ns3:atemp>
            <ns3:hr>130</ns3:hr>
          </ns3:TrackPointExtension>
        </extensions>
      </trkpt>
      <trkpt lat="48.320625387132167816162109375" lon="-1.1526538431644439697265625">
        <ele>86.1999969482421875</ele>
        <time>2026-06-08T13:28:37.000Z</time>
        <extensions>
          <ns3:TrackPointExtension>
            <ns3:atemp>21.0</ns3:atemp>
            <ns3:hr>131</ns3:hr>
          </ns3:TrackPointExtension>
        </extensions>
      </trkpt>
      <trkpt lat="48.3209219388663768768310546875" lon="-1.1525986902415752410888671875">
        <ele>86.1999969482421875</ele>
        <time>2026-06-08T13:28:42.000Z</time>
        <extensions>
          <ns3:TrackPointExtension>
            <ns3:atemp>21.0</ns3:atemp>
            <ns3:hr>130</ns3:hr>
          </ns3:TrackPointExtension>
        </extensions>
      </trkpt>
      <trkpt lat="48.3213510923087596893310546875" lon="-1.1525587923824787139892578125">
        <ele>86.40000152587890625</ele>
        <time>2026-06-08T13:28:50.000Z</time>
        <extensions>
          <ns3:TrackPointExtension>
            <ns3:atemp>21.0</ns3:atemp>
            <ns3:hr>129</ns3:hr>
          </ns3:TrackPointExtension>
        </extensions>
      </trkpt>
      <trkpt lat="48.3217118494212627410888671875" lon="-1.15255787037312984466552734375">
        <ele>86.40000152587890625</ele>
        <time>2026-06-08T13:28:57.000Z</time>
        <extensions>
          <ns3:TrackPointExtension>
            <ns3:atemp>21.0</ns3:atemp>
            <ns3:hr>130</ns3:hr>
          </ns3:TrackPointExtension>
        </extensions>
      </trkpt>
      <trkpt lat="48.32201066426932811737060546875" lon="-1.152596175670623779296875">
        <ele>86.1999969482421875</ele>
        <time>2026-06-08T13:29:03.000Z</time>
        <extensions>
          <ns3:TrackPointExtension>
            <ns3:atemp>21.0</ns3:atemp>
            <ns3:hr>129</ns3:hr>
          </ns3:TrackPointExtension>
        </extensions>
      </trkpt>
      <trkpt lat="48.32229598425328731536865234375" lon="-1.15265979431569576263427734375">
        <ele>86.1999969482421875</ele>
        <time>2026-06-08T13:29:09.000Z</time>
        <extensions>
          <ns3:TrackPointExtension>
            <ns3:atemp>21.0</ns3:atemp>
            <ns3:hr>129</ns3:hr>
          </ns3:TrackPointExtension>
        </extensions>
      </trkpt>
      <trkpt lat="48.32264215685427188873291015625" lon="-1.152756772935390472412109375">
        <ele>86.1999969482421875</ele>
        <time>2026-06-08T13:29:16.000Z</time>
        <extensions>
          <ns3:TrackPointExtension>
            <ns3:atemp>21.0</ns3:atemp>
            <ns3:hr>128</ns3:hr>
          </ns3:TrackPointExtension>
        </extensions>
      </trkpt>
      <trkpt lat="48.32291574217379093170166015625" lon="-1.15283933468163013458251953125">
        <ele>86</ele>
        <time>2026-06-08T13:29:21.000Z</time>
        <extensions>
          <ns3:TrackPointExtension>
            <ns3:atemp>21.0</ns3:atemp>
            <ns3:hr>125</ns3:hr>
          </ns3:TrackPointExtension>
        </extensions>
      </trkpt>
      <trkpt lat="48.32301615737378597259521484375" lon="-1.15288895554840564727783203125">
        <ele>86</ele>
        <time>2026-06-08T13:29:23.000Z</time>
        <extensions>
          <ns3:TrackPointExtension>
            <ns3:atemp>21.0</ns3:atemp>
            <ns3:hr>124</ns3:hr>
          </ns3:TrackPointExtension>
        </extensions>
      </trkpt>
      <trkpt lat="48.3233372680842876434326171875" lon="-1.15303312428295612335205078125">
        <ele>86</ele>
        <time>2026-06-08T13:29:29.000Z</time>
        <extensions>
          <ns3:TrackPointExtension>
            <ns3:atemp>21.0</ns3:atemp>
            <ns3:hr>122</ns3:hr>
          </ns3:TrackPointExtension>
        </extensions>
      </trkpt>
      <trkpt lat="48.323776312172412872314453125" lon="-1.15330335684120655059814453125">
        <ele>86</ele>
        <time>2026-06-08T13:29:37.000Z</time>
        <extensions>
          <ns3:TrackPointExtension>
            <ns3:atemp>21.0</ns3:atemp>
            <ns3:hr>123</ns3:hr>
          </ns3:TrackPointExtension>
        </extensions>
      </trkpt>
      <trkpt lat="48.32416799850761890411376953125" lon="-1.153594963252544403076171875">
        <ele>85.8000030517578125</ele>
        <time>2026-06-08T13:29:44.000Z</time>
        <extensions>
          <ns3:TrackPointExtension>
            <ns3:atemp>21.0</ns3:atemp>
            <ns3:hr>122</ns3:hr>
          </ns3:TrackPointExtension>
        </extensions>
      </trkpt>
      <trkpt lat="48.3244383148849010467529296875" lon="-1.15385346114635467529296875">
        <ele>85.8000030517578125</ele>
        <time>2026-06-08T13:29:50.000Z</time>
        <extensions>
          <ns3:TrackPointExtension>
            <ns3:atemp>21.0</ns3:atemp>
            <ns3:hr>118</ns3:hr>
          </ns3:TrackPointExtension>
        </extensions>
      </trkpt>
      <trkpt lat="48.32469773478806018829345703125" lon="-1.1541282199323177337646484375">
        <ele>85.59999847412109375</ele>
        <time>2026-06-08T13:29:57.000Z</time>
        <extensions>
          <ns3:TrackPointExtension>
            <ns3:atemp>21.0</ns3:atemp>
            <ns3:hr>116</ns3:hr>
          </ns3:TrackPointExtension>
        </extensions>
      </trkpt>
      <trkpt lat="48.32499034702777862548828125" lon="-1.15442343056201934814453125">
        <ele>85.1999969482421875</ele>
        <time>2026-06-08T13:30:03.000Z</time>
        <extensions>
          <ns3:TrackPointExtension>
            <ns3:atemp>21.0</ns3:atemp>
            <ns3:hr>116</ns3:hr>
          </ns3:TrackPointExtension>
        </extensions>
      </trkpt>
      <trkpt lat="48.32504021935164928436279296875" lon="-1.15447229705750942230224609375">
        <ele>85.40000152587890625</ele>
        <time>2026-06-08T13:30:04.000Z</time>
        <extensions>
          <ns3:TrackPointExtension>
            <ns3:atemp>21.0</ns3:atemp>
            <ns3:hr>115</ns3:hr>
          </ns3:TrackPointExtension>
        </extensions>
      </trkpt>
      <trkpt lat="48.32547859288752079010009765625" lon="-1.15492500364780426025390625">
        <ele>85.1999969482421875</ele>
        <time>2026-06-08T13:30:13.000Z</time>
        <extensions>
          <ns3:TrackPointExtension>
            <ns3:atemp>21.0</ns3:atemp>
            <ns3:hr>118</ns3:hr>
          </ns3:TrackPointExtension>
        </extensions>
      </trkpt>
      <trkpt lat="48.325622342526912689208984375" lon="-1.155076213181018829345703125">
        <ele>85.1999969482421875</ele>
        <time>2026-06-08T13:30:16.000Z</time>
        <extensions>
          <ns3:TrackPointExtension>
            <ns3:atemp>21.0</ns3:atemp>
            <ns3:hr>124</ns3:hr>
          </ns3:TrackPointExtension>
        </extensions>
      </trkpt>
      <trkpt lat="48.32567028701305389404296875" lon="-1.15512625314295291900634765625">
        <ele>85.1999969482421875</ele>
        <time>2026-06-08T13:30:17.000Z</time>
        <extensions>
          <ns3:TrackPointExtension>
            <ns3:atemp>21.0</ns3:atemp>
            <ns3:hr>133</ns3:hr>
          </ns3:TrackPointExtension>
        </extensions>
      </trkpt>
      <trkpt lat="48.32586633972823619842529296875" lon="-1.15532255731523036956787109375">
        <ele>85</ele>
        <time>2026-06-08T13:30:21.000Z</time>
        <extensions>
          <ns3:TrackPointExtension>
            <ns3:atemp>21.0</ns3:atemp>
            <ns3:hr>135</ns3:hr>
          </ns3:TrackPointExtension>
        </extensions>
      </trkpt>
      <trkpt lat="48.32629079930484294891357421875" lon="-1.15577819757163524627685546875">
        <ele>85</ele>
        <time>2026-06-08T13:30:30.000Z</time>
        <extensions>
          <ns3:TrackPointExtension>
            <ns3:atemp>21.0</ns3:atemp>
            <ns3:hr>137</ns3:hr>
          </ns3:TrackPointExtension>
        </extensions>
      </trkpt>
      <trkpt lat="48.3267103135585784912109375" lon="-1.15621288307011127471923828125">
        <ele>85</ele>
        <time>2026-06-08T13:30:39.000Z</time>
        <extensions>
          <ns3:TrackPointExtension>
            <ns3:atemp>21.0</ns3:atemp>
            <ns3:hr>138</ns3:hr>
          </ns3:TrackPointExtension>
        </extensions>
      </trkpt>
      <trkpt lat="48.3270196057856082916259765625" lon="-1.15657347254455089569091796875">
        <ele>85</ele>
        <time>2026-06-08T13:30:46.000Z</time>
        <extensions>
          <ns3:TrackPointExtension>
            <ns3:atemp>21.0</ns3:atemp>
            <ns3:hr>137</ns3:hr>
          </ns3:TrackPointExtension>
        </extensions>
      </trkpt>
      <trkpt lat="48.32732764072716236114501953125" lon="-1.15690321661531925201416015625">
        <ele>85</ele>
        <time>2026-06-08T13:30:53.000Z</time>
        <extensions>
          <ns3:TrackPointExtension>
            <ns3:atemp>21.0</ns3:atemp>
            <ns3:hr>137</ns3:hr>
          </ns3:TrackPointExtension>
        </extensions>
      </trkpt>
      <trkpt lat="48.3277179859578609466552734375" lon="-1.15728727541863918304443359375">
        <ele>84.8000030517578125</ele>
        <time>2026-06-08T13:31:01.000Z</time>
        <extensions>
          <ns3:TrackPointExtension>
            <ns3:atemp>21.0</ns3:atemp>
            <ns3:hr>136</ns3:hr>
          </ns3:TrackPointExtension>
        </extensions>
      </trkpt>
      <trkpt lat="48.32786005921661853790283203125" lon="-1.15743010304868221282958984375">
        <ele>84</ele>
        <time>2026-06-08T13:31:04.000Z</time>
        <extensions>
          <ns3:TrackPointExtension>
            <ns3:atemp>21.0</ns3:atemp>
            <ns3:hr>134</ns3:hr>
          </ns3:TrackPointExtension>
        </extensions>
      </trkpt>
      <trkpt lat="48.32799182273447513580322265625" lon="-1.157584749162197113037109375">
        <ele>84</ele>
        <time>2026-06-08T13:31:07.000Z</time>
        <extensions>
          <ns3:TrackPointExtension>
            <ns3:atemp>21.0</ns3:atemp>
            <ns3:hr>135</ns3:hr>
          </ns3:TrackPointExtension>
        </extensions>
      </trkpt>
      <trkpt lat="48.32820103503763675689697265625" lon="-1.15783788263797760009765625">
        <ele>84.40000152587890625</ele>
        <time>2026-06-08T13:31:12.000Z</time>
        <extensions>
          <ns3:TrackPointExtension>
            <ns3:atemp>21.0</ns3:atemp>
            <ns3:hr>135</ns3:hr>
          </ns3:TrackPointExtension>
        </extensions>
      </trkpt>
      <trkpt lat="48.32831226289272308349609375" lon="-1.15798515267670154571533203125">
        <ele>84.59999847412109375</ele>
        <time>2026-06-08T13:31:15.000Z</time>
        <extensions>
          <ns3:TrackPointExtension>
            <ns3:atemp>21.0</ns3:atemp>
            <ns3:hr>135</ns3:hr>
          </ns3:TrackPointExtension>
        </extensions>
      </trkpt>
      <trkpt lat="48.32852306775748729705810546875" lon="-1.15824314765632152557373046875">
        <ele>84.1999969482421875</ele>
        <time>2026-06-08T13:31:21.000Z</time>
        <extensions>
          <ns3:TrackPointExtension>
            <ns3:atemp>21.0</ns3:atemp>
            <ns3:hr>133</ns3:hr>
          </ns3:TrackPointExtension>
        </extensions>
      </trkpt>
      <trkpt lat="48.3286047913134098052978515625" lon="-1.15836351178586483001708984375">
        <ele>84</ele>
        <time>2026-06-08T13:31:25.000Z</time>
        <extensions>
          <ns3:TrackPointExtension>
            <ns3:atemp>21.0</ns3:atemp>
            <ns3:hr>132</ns3:hr>
          </ns3:TrackPointExtension>
        </extensions>
      </trkpt>
      <trkpt lat="48.3286483772099018096923828125" lon="-1.15842302329838275909423828125">
        <ele>83.8000030517578125</ele>
        <time>2026-06-08T13:31:30.000Z</time>
        <extensions>
          <ns3:TrackPointExtension>
            <ns3:atemp>21.0</ns3:atemp>
            <ns3:hr>132</ns3:hr>
          </ns3:TrackPointExtension>
        </extensions>
      </trkpt>
      <trkpt lat="48.3286493830382823944091796875" lon="-1.15843023173511028289794921875">
        <ele>84</ele>
        <time>2026-06-08T13:31:32.000Z</time>
        <extensions>
          <ns3:TrackPointExtension>
            <ns3:atemp>20.0</ns3:atemp>
            <ns3:hr>132</ns3:hr>
          </ns3:TrackPointExtension>
        </extensions>
      </trkpt>
      <trkpt lat="48.3286929689347743988037109375" lon="-1.15845269523561000823974609375">
        <ele>83.8000030517578125</ele>
        <time>2026-06-08T13:32:23.000Z</time>
        <extensions>
          <ns3:TrackPointExtension>
            <ns3:atemp>20.0</ns3:atemp>
            <ns3:hr>127</ns3:hr>
          </ns3:TrackPointExtension>
        </extensions>
      </trkpt>
      <trkpt lat="48.3287124149501323699951171875" lon="-1.1584697104990482330322265625">
        <ele>83.8000030517578125</ele>
        <time>2026-06-08T13:32:24.000Z</time>
        <extensions>
          <ns3:TrackPointExtension>
            <ns3:atemp>21.0</ns3:atemp>
            <ns3:hr>127</ns3:hr>
          </ns3:TrackPointExtension>
        </extensions>
      </trkpt>
      <trkpt lat="48.3288024365901947021484375" lon="-1.15858211182057857513427734375">
        <ele>83.40000152587890625</ele>
        <time>2026-06-08T13:32:30.000Z</time>
        <extensions>
          <ns3:TrackPointExtension>
            <ns3:atemp>20.0</ns3:atemp>
            <ns3:hr>122</ns3:hr>
          </ns3:TrackPointExtension>
        </extensions>
      </trkpt>
      <trkpt lat="48.32881844602525234222412109375" lon="-1.15859820507466793060302734375">
        <ele>83.40000152587890625</ele>
        <time>2026-06-08T13:32:32.000Z</time>
        <extensions>
          <ns3:TrackPointExtension>
            <ns3:atemp>21.0</ns3:atemp>
            <ns3:hr>118</ns3:hr>
          </ns3:TrackPointExtension>
        </extensions>
      </trkpt>
      <trkpt lat="48.32883319817483425140380859375" lon="-1.15861211903393268585205078125">
        <ele>83.40000152587890625</ele>
        <time>2026-06-08T13:32:33.000Z</time>
        <extensions>
          <ns3:TrackPointExtension>
            <ns3:atemp>20.0</ns3:atemp>
            <ns3:hr>115</ns3:hr>
          </ns3:TrackPointExtension>
        </extensions>
      </trkpt>
      <trkpt lat="48.328846357762813568115234375" lon="-1.1586303077638149261474609375">
        <ele>83.40000152587890625</ele>
        <time>2026-06-08T13:32:34.000Z</time>
        <extensions>
          <ns3:TrackPointExtension>
            <ns3:atemp>20.0</ns3:atemp>
            <ns3:hr>115</ns3:hr>
          </ns3:TrackPointExtension>
        </extensions>
      </trkpt>
      <trkpt lat="48.32886152900755405426025390625" lon="-1.15866132080554962158203125">
        <ele>83.40000152587890625</ele>
        <time>2026-06-08T13:32:35.000Z</time>
        <extensions>
          <ns3:TrackPointExtension>
            <ns3:atemp>20.0</ns3:atemp>
            <ns3:hr>115</ns3:hr>
          </ns3:TrackPointExtension>
        </extensions>
      </trkpt>
      <trkpt lat="48.3289769478142261505126953125" lon="-1.15883206017315387725830078125">
        <ele>83</ele>
        <time>2026-06-08T13:32:39.000Z</time>
        <extensions>
          <ns3:TrackPointExtension>
            <ns3:atemp>20.0</ns3:atemp>
            <ns3:hr>115</ns3:hr>
          </ns3:TrackPointExtension>
        </extensions>
      </trkpt>
      <trkpt lat="48.32920384593307971954345703125" lon="-1.15913808345794677734375">
        <ele>82.1999969482421875</ele>
        <time>2026-06-08T13:32:44.000Z</time>
        <extensions>
          <ns3:TrackPointExtension>
            <ns3:atemp>21.0</ns3:atemp>
            <ns3:hr>116</ns3:hr>
          </ns3:TrackPointExtension>
        </extensions>
      </trkpt>
      <trkpt lat="48.32930258475244045257568359375" lon="-1.15926213562488555908203125">
        <ele>82</ele>
        <time>2026-06-08T13:32:46.000Z</time>
        <extensions>
          <ns3:TrackPointExtension>
            <ns3:atemp>20.0</ns3:atemp>
            <ns3:hr>121</ns3:hr>
          </ns3:TrackPointExtension>
        </extensions>
      </trkpt>
      <trkpt lat="48.32934868521988391876220703125" lon="-1.15932516753673553466796875">
        <ele>82</ele>
        <time>2026-06-08T13:32:47.000Z</time>
        <extensions>
          <ns3:TrackPointExtension>
            <ns3:atemp>20.0</ns3:atemp>
            <ns3:hr>125</ns3:hr>
          </ns3:TrackPointExtension>
        </extensions>
      </trkpt>
      <trkpt lat="48.3293978869915008544921875" lon="-1.1593915522098541259765625">
        <ele>82.1999969482421875</ele>
        <time>2026-06-08T13:32:48.000Z</time>
        <extensions>
          <ns3:TrackPointExtension>
            <ns3:atemp>20.0</ns3:atemp>
            <ns3:hr>130</ns3:hr>
          </ns3:TrackPointExtension>
        </extensions>
      </trkpt>
      <trkpt lat="48.32954867742955684661865234375" lon="-1.15959531627595424652099609375">
        <ele>82.40000152587890625</ele>
        <time>2026-06-08T13:32:51.000Z</time>
        <extensions>
          <ns3:TrackPointExtension>
            <ns3:atemp>21.0</ns3:atemp>
            <ns3:hr>132</ns3:hr>
          </ns3:TrackPointExtension>
        </extensions>
      </trkpt>
      <trkpt lat="48.3299531042575836181640625" lon="-1.1601323448121547698974609375">
        <ele>81.59999847412109375</ele>
        <time>2026-06-08T13:32:59.000Z</time>
        <extensions>
          <ns3:TrackPointExtension>
            <ns3:atemp>20.0</ns3:atemp>
            <ns3:hr>133</ns3:hr>
          </ns3:TrackPointExtension>
        </extensions>
      </trkpt>
      <trkpt lat="48.33019106648862361907958984375" lon="-1.1604263819754123687744140625">
        <ele>80.8000030517578125</ele>
        <time>2026-06-08T13:33:03.000Z</time>
        <extensions>
          <ns3:TrackPointExtension>
            <ns3:atemp>21.0</ns3:atemp>
            <ns3:hr>133</ns3:hr>
          </ns3:TrackPointExtension>
        </extensions>
      </trkpt>
      <trkpt lat="48.33035350777208805084228515625" lon="-1.16064188070595264434814453125">
        <ele>80.40000152587890625</ele>
        <time>2026-06-08T13:33:06.000Z</time>
        <extensions>
          <ns3:TrackPointExtension>
            <ns3:atemp>21.0</ns3:atemp>
            <ns3:hr>133</ns3:hr>
          </ns3:TrackPointExtension>
        </extensions>
      </trkpt>
      <trkpt lat="48.33071024157106876373291015625" lon="-1.16108964197337627410888671875">
        <ele>79.59999847412109375</ele>
        <time>2026-06-08T13:33:13.000Z</time>
        <extensions>
          <ns3:TrackPointExtension>
            <ns3:atemp>20.0</ns3:atemp>
            <ns3:hr>131</ns3:hr>
          </ns3:TrackPointExtension>
        </extensions>
      </trkpt>
      <trkpt lat="48.3311505429446697235107421875" lon="-1.16153036244213581085205078125">
        <ele>79.40000152587890625</ele>
        <time>2026-06-08T13:33:21.000Z</time>
        <extensions>
          <ns3:TrackPointExtension>
            <ns3:atemp>20.0</ns3:atemp>
            <ns3:hr>129</ns3:hr>
          </ns3:TrackPointExtension>
        </extensions>
      </trkpt>
      <trkpt lat="48.3315168321132659912109375" lon="-1.161935627460479736328125">
        <ele>79.1999969482421875</ele>
        <time>2026-06-08T13:33:29.000Z</time>
        <extensions>
          <ns3:TrackPointExtension>
            <ns3:atemp>21.0</ns3:atemp>
            <ns3:hr>126</ns3:hr>
          </ns3:TrackPointExtension>
        </extensions>
      </trkpt>
      <trkpt lat="48.331560753285884857177734375" lon="-1.1619820632040500640869140625">
        <ele>79.1999969482421875</ele>
        <time>2026-06-08T13:33:30.000Z</time>
        <extensions>
          <ns3:TrackPointExtension>
            <ns3:atemp>20.0</ns3:atemp>
            <ns3:hr>125</ns3:hr>
          </ns3:TrackPointExtension>
        </extensions>
      </trkpt>
      <trkpt lat="48.33164566196501255035400390625" lon="-1.16206747479736804962158203125">
        <ele>79</ele>
        <time>2026-06-08T13:33:32.000Z</time>
        <extensions>
          <ns3:TrackPointExtension>
            <ns3:atemp>21.0</ns3:atemp>
            <ns3:hr>121</ns3:hr>
          </ns3:TrackPointExtension>
        </extensions>
      </trkpt>
      <trkpt lat="48.331762254238128662109375" lon="-1.1621741764247417449951171875">
        <ele>79</ele>
        <time>2026-06-08T13:33:35.000Z</time>
        <extensions>
          <ns3:TrackPointExtension>
            <ns3:atemp>21.0</ns3:atemp>
            <ns3:hr>118</ns3:hr>
          </ns3:TrackPointExtension>
        </extensions>
      </trkpt>
      <trkpt lat="48.3317996375262737274169921875" lon="-1.16221147589385509490966796875">
        <ele>79</ele>
        <time>2026-06-08T13:33:36.000Z</time>
        <extensions>
          <ns3:TrackPointExtension>
            <ns3:atemp>20.0</ns3:atemp>
            <ns3:hr>118</ns3:hr>
          </ns3:TrackPointExtension>
        </extensions>
      </trkpt>
      <trkpt lat="48.3320655114948749542236328125" lon="-1.16250132210552692413330078125">
        <ele>79</ele>
        <time>2026-06-08T13:33:43.000Z</time>
        <extensions>
          <ns3:TrackPointExtension>
            <ns3:atemp>20.0</ns3:atemp>
            <ns3:hr>119</ns3:hr>
          </ns3:TrackPointExtension>
        </extensions>
      </trkpt>
      <trkpt lat="48.33233381621539592742919921875" lon="-1.1628118716180324554443359375">
        <ele>79.1999969482421875</ele>
        <time>2026-06-08T13:33:50.000Z</time>
        <extensions>
          <ns3:TrackPointExtension>
            <ns3:atemp>20.0</ns3:atemp>
            <ns3:hr>122</ns3:hr>
          </ns3:TrackPointExtension>
        </extensions>
      </trkpt>
      <trkpt lat="48.3326053060591220855712890625" lon="-1.163095347583293914794921875">
        <ele>79</ele>
        <time>2026-06-08T13:33:56.000Z</time>
        <extensions>
          <ns3:TrackPointExtension>
            <ns3:atemp>20.0</ns3:atemp>
            <ns3:hr>124</ns3:hr>
          </ns3:TrackPointExtension>
        </extensions>
      </trkpt>
      <trkpt lat="48.3330874331295490264892578125" lon="-1.16360597312450408935546875">
        <ele>79</ele>
        <time>2026-06-08T13:34:06.000Z</time>
        <extensions>
          <ns3:TrackPointExtension>
            <ns3:atemp>21.0</ns3:atemp>
            <ns3:hr>127</ns3:hr>
          </ns3:TrackPointExtension>
        </extensions>
      </trkpt>
      <trkpt lat="48.33323352970182895660400390625" lon="-1.163764558732509613037109375">
        <ele>79</ele>
        <time>2026-06-08T13:34:09.000Z</time>
        <extensions>
          <ns3:TrackPointExtension>
            <ns3:atemp>21.0</ns3:atemp>
            <ns3:hr>131</ns3:hr>
          </ns3:TrackPointExtension>
        </extensions>
      </trkpt>
      <trkpt lat="48.33343100734055042266845703125" lon="-1.1639779619872570037841796875">
        <ele>79</ele>
        <time>2026-06-08T13:34:13.000Z</time>
        <extensions>
          <ns3:TrackPointExtension>
            <ns3:atemp>20.0</ns3:atemp>
            <ns3:hr>134</ns3:hr>
          </ns3:TrackPointExtension>
        </extensions>
      </trkpt>
      <trkpt lat="48.3335336856544017791748046875" lon="-1.16408734582364559173583984375">
        <ele>79</ele>
        <time>2026-06-08T13:34:15.000Z</time>
        <extensions>
          <ns3:TrackPointExtension>
            <ns3:atemp>21.0</ns3:atemp>
            <ns3:hr>134</ns3:hr>
          </ns3:TrackPointExtension>
        </extensions>
      </trkpt>
      <trkpt lat="48.333942554891109466552734375" lon="-1.1645335145294666290283203125">
        <ele>78.8000030517578125</ele>
        <time>2026-06-08T13:34:23.000Z</time>
        <extensions>
          <ns3:TrackPointExtension>
            <ns3:atemp>20.0</ns3:atemp>
            <ns3:hr>135</ns3:hr>
          </ns3:TrackPointExtension>
        </extensions>
      </trkpt>
      <trkpt lat="48.33440800197422504425048828125" lon="-1.16502913646399974822998046875">
        <ele>79</ele>
        <time>2026-06-08T13:34:32.000Z</time>
        <extensions>
          <ns3:TrackPointExtension>
            <ns3:atemp>20.0</ns3:atemp>
            <ns3:hr>137</ns3:hr>
          </ns3:TrackPointExtension>
        </extensions>
      </trkpt>
      <trkpt lat="48.3348208107054233551025390625" lon="-1.165541522204875946044921875">
        <ele>79</ele>
        <time>2026-06-08T13:34:41.000Z</time>
        <extensions>
          <ns3:TrackPointExtension>
            <ns3:atemp>20.0</ns3:atemp>
            <ns3:hr>137</ns3:hr>
          </ns3:TrackPointExtension>
        </extensions>
      </trkpt>
      <trkpt lat="48.3350400812923908233642578125" lon="-1.16591393016278743743896484375">
        <ele>79</ele>
        <time>2026-06-08T13:34:47.000Z</time>
        <extensions>
          <ns3:TrackPointExtension>
            <ns3:atemp>20.0</ns3:atemp>
            <ns3:hr>136</ns3:hr>
          </ns3:TrackPointExtension>
        </extensions>
      </trkpt>
      <trkpt lat="48.33521115593612194061279296875" lon="-1.16619338281452655792236328125">
        <ele>79</ele>
        <time>2026-06-08T13:34:53.000Z</time>
        <extensions>
          <ns3:TrackPointExtension>
            <ns3:atemp>20.0</ns3:atemp>
            <ns3:hr>135</ns3:hr>
          </ns3:TrackPointExtension>
        </extensions>
      </trkpt>
      <trkpt lat="48.33531710319221019744873046875" lon="-1.16638348437845706939697265625">
        <ele>79</ele>
        <time>2026-06-08T13:34:58.000Z</time>
        <extensions>
          <ns3:TrackPointExtension>
            <ns3:atemp>20.0</ns3:atemp>
            <ns3:hr>133</ns3:hr>
          </ns3:TrackPointExtension>
        </extensions>
      </trkpt>
      <trkpt lat="48.335337974131107330322265625" lon="-1.16642254404723644256591796875">
        <ele>79</ele>
        <time>2026-06-08T13:35:02.000Z</time>
        <extensions>
          <ns3:TrackPointExtension>
            <ns3:atemp>20.0</ns3:atemp>
            <ns3:hr>136</ns3:hr>
          </ns3:TrackPointExtension>
        </extensions>
      </trkpt>
      <trkpt lat="48.3353803865611553192138671875" lon="-1.1664791218936443328857421875">
        <ele>78.59999847412109375</ele>
        <time>2026-06-08T13:37:02.000Z</time>
        <extensions>
          <ns3:TrackPointExtension>
            <ns3:atemp>21.0</ns3:atemp>
            <ns3:hr>111</ns3:hr>
          </ns3:TrackPointExtension>
        </extensions>
      </trkpt>
      <trkpt lat="48.33539589308202266693115234375" lon="-1.1665141582489013671875">
        <ele>78.59999847412109375</ele>
        <time>2026-06-08T13:37:03.000Z</time>
        <extensions>
          <ns3:TrackPointExtension>
            <ns3:atemp>21.0</ns3:atemp>
            <ns3:hr>112</ns3:hr>
          </ns3:TrackPointExtension>
        </extensions>
      </trkpt>
      <trkpt lat="48.33541248925030231475830078125" lon="-1.16654726676642894744873046875">
        <ele>78.59999847412109375</ele>
        <time>2026-06-08T13:37:04.000Z</time>
        <extensions>
          <ns3:TrackPointExtension>
            <ns3:atemp>21.0</ns3:atemp>
            <ns3:hr>112</ns3:hr>
          </ns3:TrackPointExtension>
        </extensions>
      </trkpt>
      <trkpt lat="48.3355185203254222869873046875" lon="-1.16674927063286304473876953125">
        <ele>78.40000152587890625</ele>
        <time>2026-06-08T13:37:11.000Z</time>
        <extensions>
          <ns3:TrackPointExtension>
            <ns3:atemp>21.0</ns3:atemp>
            <ns3:hr>111</ns3:hr>
          </ns3:TrackPointExtension>
        </extensions>
      </trkpt>
      <trkpt lat="48.33555690944194793701171875" lon="-1.16685521788895130157470703125">
        <ele>78.59999847412109375</ele>
        <time>2026-06-08T13:37:15.000Z</time>
        <extensions>
          <ns3:TrackPointExtension>
            <ns3:atemp>21.0</ns3:atemp>
            <ns3:hr>113</ns3:hr>
          </ns3:TrackPointExtension>
        </extensions>
      </trkpt>
      <trkpt lat="48.33566688001155853271484375" lon="-1.1670926772058010101318359375">
        <ele>78.59999847412109375</ele>
        <time>2026-06-08T13:37:21.000Z</time>
        <extensions>
          <ns3:TrackPointExtension>
            <ns3:atemp>21.0</ns3:atemp>
            <ns3:hr>113</ns3:hr>
          </ns3:TrackPointExtension>
        </extensions>
      </trkpt>
      <trkpt lat="48.3358135633170604705810546875" lon="-1.16743960417807102203369140625">
        <ele>78.40000152587890625</ele>
        <time>2026-06-08T13:37:27.000Z</time>
        <extensions>
          <ns3:TrackPointExtension>
            <ns3:atemp>21.0</ns3:atemp>
            <ns3:hr>114</ns3:hr>
          </ns3:TrackPointExtension>
        </extensions>
      </trkpt>
      <trkpt lat="48.3359751664102077484130859375" lon="-1.167938075959682464599609375">
        <ele>78.1999969482421875</ele>
        <time>2026-06-08T13:37:34.000Z</time>
        <extensions>
          <ns3:TrackPointExtension>
            <ns3:atemp>21.0</ns3:atemp>
            <ns3:hr>117</ns3:hr>
          </ns3:TrackPointExtension>
        </extensions>
      </trkpt>
      <trkpt lat="48.3360982127487659454345703125" lon="-1.168419532477855682373046875">
        <ele>78</ele>
        <time>2026-06-08T13:37:40.000Z</time>
        <extensions>
          <ns3:TrackPointExtension>
            <ns3:atemp>21.0</ns3:atemp>
            <ns3:hr>120</ns3:hr>
          </ns3:TrackPointExtension>
        </extensions>
      </trkpt>
      <trkpt lat="48.33611707203090190887451171875" lon="-1.16850092075765132904052734375">
        <ele>78</ele>
        <time>2026-06-08T13:37:41.000Z</time>
        <extensions>
          <ns3:TrackPointExtension>
            <ns3:atemp>21.0</ns3:atemp>
            <ns3:hr>120</ns3:hr>
          </ns3:TrackPointExtension>
        </extensions>
      </trkpt>
      <trkpt lat="48.33627481944859027862548828125" lon="-1.16922042332589626312255859375">
        <ele>77.8000030517578125</ele>
        <time>2026-06-08T13:37:50.000Z</time>
        <extensions>
          <ns3:TrackPointExtension>
            <ns3:atemp>21.0</ns3:atemp>
            <ns3:hr>118</ns3:hr>
          </ns3:TrackPointExtension>
        </extensions>
      </trkpt>
      <trkpt lat="48.33639602176845073699951171875" lon="-1.16979919373989105224609375">
        <ele>77.59999847412109375</ele>
        <time>2026-06-08T13:37:58.000Z</time>
        <extensions>
          <ns3:TrackPointExtension>
            <ns3:atemp>21.0</ns3:atemp>
            <ns3:hr>118</ns3:hr>
          </ns3:TrackPointExtension>
        </extensions>
      </trkpt>
      <trkpt lat="48.33649626933038234710693359375" lon="-1.17028911598026752471923828125">
        <ele>77.8000030517578125</ele>
        <time>2026-06-08T13:38:04.000Z</time>
        <extensions>
          <ns3:TrackPointExtension>
            <ns3:atemp>21.0</ns3:atemp>
            <ns3:hr>121</ns3:hr>
          </ns3:TrackPointExtension>
        </extensions>
      </trkpt>
      <trkpt lat="48.33651504479348659515380859375" lon="-1.17037452757358551025390625">
        <ele>77.8000030517578125</ele>
        <time>2026-06-08T13:38:05.000Z</time>
        <extensions>
          <ns3:TrackPointExtension>
            <ns3:atemp>21.0</ns3:atemp>
            <ns3:hr>121</ns3:hr>
          </ns3:TrackPointExtension>
        </extensions>
      </trkpt>
      <trkpt lat="48.33658746443688869476318359375" lon="-1.170695722103118896484375">
        <ele>77.59999847412109375</ele>
        <time>2026-06-08T13:38:09.000Z</time>
        <extensions>
          <ns3:TrackPointExtension>
            <ns3:atemp>21.0</ns3:atemp>
            <ns3:hr>123</ns3:hr>
          </ns3:TrackPointExtension>
        </extensions>
      </trkpt>
      <trkpt lat="48.33661973476409912109375" lon="-1.1708621867001056671142578125">
        <ele>77.59999847412109375</ele>
        <time>2026-06-08T13:38:11.000Z</time>
        <extensions>
          <ns3:TrackPointExtension>
            <ns3:atemp>21.0</ns3:atemp>
            <ns3:hr>119</ns3:hr>
          </ns3:TrackPointExtension>
        </extensions>
      </trkpt>
      <trkpt lat="48.336636163294315338134765625" lon="-1.17094676010310649871826171875">
        <ele>77.59999847412109375</ele>
        <time>2026-06-08T13:38:12.000Z</time>
        <extensions>
          <ns3:TrackPointExtension>
            <ns3:atemp>21.0</ns3:atemp>
            <ns3:hr>114</ns3:hr>
          </ns3:TrackPointExtension>
        </extensions>
      </trkpt>
      <trkpt lat="48.33665552549064159393310546875" lon="-1.17102873511612415313720703125">
        <ele>77.59999847412109375</ele>
        <time>2026-06-08T13:38:13.000Z</time>
        <extensions>
          <ns3:TrackPointExtension>
            <ns3:atemp>21.0</ns3:atemp>
            <ns3:hr>111</ns3:hr>
          </ns3:TrackPointExtension>
        </extensions>
      </trkpt>
      <trkpt lat="48.33672408945858478546142578125" lon="-1.17135747335851192474365234375">
        <ele>77.59999847412109375</ele>
        <time>2026-06-08T13:38:17.000Z</time>
        <extensions>
          <ns3:TrackPointExtension>
            <ns3:atemp>21.0</ns3:atemp>
            <ns3:hr>108</ns3:hr>
          </ns3:TrackPointExtension>
        </extensions>
      </trkpt>
      <trkpt lat="48.33674504421651363372802734375" lon="-1.17143944837152957916259765625">
        <ele>77.8000030517578125</ele>
        <time>2026-06-08T13:38:18.000Z</time>
        <extensions>
          <ns3:TrackPointExtension>
            <ns3:atemp>21.0</ns3:atemp>
            <ns3:hr>109</ns3:hr>
          </ns3:TrackPointExtension>
        </extensions>
      </trkpt>
      <trkpt lat="48.33689667284488677978515625" lon="-1.17210245691239833831787109375">
        <ele>77.59999847412109375</ele>
        <time>2026-06-08T13:38:26.000Z</time>
        <extensions>
          <ns3:TrackPointExtension>
            <ns3:atemp>21.0</ns3:atemp>
            <ns3:hr>108</ns3:hr>
          </ns3:TrackPointExtension>
        </extensions>
      </trkpt>
      <trkpt lat="48.33702550269663333892822265625" lon="-1.17274132557213306427001953125">
        <ele>77.8000030517578125</ele>
        <time>2026-06-08T13:38:34.000Z</time>
        <extensions>
          <ns3:TrackPointExtension>
            <ns3:atemp>21.0</ns3:atemp>
            <ns3:hr>106</ns3:hr>
          </ns3:TrackPointExtension>
        </extensions>
      </trkpt>
      <trkpt lat="48.33714477717876434326171875" lon="-1.1733685433864593505859375">
        <ele>77.59999847412109375</ele>
        <time>2026-06-08T13:38:42.000Z</time>
        <extensions>
          <ns3:TrackPointExtension>
            <ns3:atemp>21.0</ns3:atemp>
            <ns3:hr>107</ns3:hr>
          </ns3:TrackPointExtension>
        </extensions>
      </trkpt>
      <trkpt lat="48.33728651516139507293701171875" lon="-1.1739678494632244110107421875">
        <ele>77.59999847412109375</ele>
        <time>2026-06-08T13:38:51.000Z</time>
        <extensions>
          <ns3:TrackPointExtension>
            <ns3:atemp>21.0</ns3:atemp>
            <ns3:hr>108</ns3:hr>
          </ns3:TrackPointExtension>
        </extensions>
      </trkpt>
      <trkpt lat="48.33742766641080379486083984375" lon="-1.17453773505985736846923828125">
        <ele>77.40000152587890625</ele>
        <time>2026-06-08T13:39:00.000Z</time>
        <extensions>
          <ns3:TrackPointExtension>
            <ns3:atemp>21.0</ns3:atemp>
            <ns3:hr>108</ns3:hr>
          </ns3:TrackPointExtension>
        </extensions>
      </trkpt>
      <trkpt lat="48.33753126673400402069091796875" lon="-1.17498247884213924407958984375">
        <ele>77.1999969482421875</ele>
        <time>2026-06-08T13:39:07.000Z</time>
        <extensions>
          <ns3:TrackPointExtension>
            <ns3:atemp>21.0</ns3:atemp>
            <ns3:hr>107</ns3:hr>
          </ns3:TrackPointExtension>
        </extensions>
      </trkpt>
      <trkpt lat="48.33754283376038074493408203125" lon="-1.1750471033155918121337890625">
        <ele>77.1999969482421875</ele>
        <time>2026-06-08T13:39:08.000Z</time>
        <extensions>
          <ns3:TrackPointExtension>
            <ns3:atemp>21.0</ns3:atemp>
            <ns3:hr>107</ns3:hr>
          </ns3:TrackPointExtension>
        </extensions>
      </trkpt>
      <trkpt lat="48.33760871551930904388427734375" lon="-1.175456978380680084228515625">
        <ele>76.59999847412109375</ele>
        <time>2026-06-08T13:39:14.000Z</time>
        <extensions>
          <ns3:TrackPointExtension>
            <ns3:atemp>21.0</ns3:atemp>
            <ns3:hr>106</ns3:hr>
          </ns3:TrackPointExtension>
        </extensions>
      </trkpt>
      <trkpt lat="48.33763855509459972381591796875" lon="-1.17560483515262603759765625">
        <ele>76.1999969482421875</ele>
        <time>2026-06-08T13:39:16.000Z</time>
        <extensions>
          <ns3:TrackPointExtension>
            <ns3:atemp>21.0</ns3:atemp>
            <ns3:hr>107</ns3:hr>
          </ns3:TrackPointExtension>
        </extensions>
      </trkpt>
      <trkpt lat="48.33766487427055835723876953125" lon="-1.17576383985579013824462890625">
        <ele>76</ele>
        <time>2026-06-08T13:39:18.000Z</time>
        <extensions>
          <ns3:TrackPointExtension>
            <ns3:atemp>21.0</ns3:atemp>
            <ns3:hr>109</ns3:hr>
          </ns3:TrackPointExtension>
        </extensions>
      </trkpt>
      <trkpt lat="48.33764500916004180908203125" lon="-1.17592108435928821563720703125">
        <ele>75.40000152587890625</ele>
        <time>2026-06-08T13:39:20.000Z</time>
        <extensions>
          <ns3:TrackPointExtension>
            <ns3:atemp>21.0</ns3:atemp>
            <ns3:hr>109</ns3:hr>
          </ns3:TrackPointExtension>
        </extensions>
      </trkpt>
      <trkpt lat="48.3375747688114643096923828125" lon="-1.17602451704442501068115234375">
        <ele>75</ele>
        <time>2026-06-08T13:39:22.000Z</time>
        <extensions>
          <ns3:TrackPointExtension>
            <ns3:atemp>21.0</ns3:atemp>
            <ns3:hr>108</ns3:hr>
          </ns3:TrackPointExtension>
        </extensions>
      </trkpt>
      <trkpt lat="48.337538726627826690673828125" lon="-1.1760727129876613616943359375">
        <ele>75</ele>
        <time>2026-06-08T13:39:23.000Z</time>
        <extensions>
          <ns3:TrackPointExtension>
            <ns3:atemp>21.0</ns3:atemp>
            <ns3:hr>108</ns3:hr>
          </ns3:TrackPointExtension>
        </extensions>
      </trkpt>
      <trkpt lat="48.33739883266389369964599609375" lon="-1.1762706935405731201171875">
        <ele>74.8000030517578125</ele>
        <time>2026-06-08T13:39:27.000Z</time>
        <extensions>
          <ns3:TrackPointExtension>
            <ns3:atemp>21.0</ns3:atemp>
            <ns3:hr>105</ns3:hr>
          </ns3:TrackPointExtension>
        </extensions>
      </trkpt>
      <trkpt lat="48.33727260120213031768798828125" lon="-1.1764683388173580169677734375">
        <ele>75</ele>
        <time>2026-06-08T13:39:31.000Z</time>
        <extensions>
          <ns3:TrackPointExtension>
            <ns3:atemp>21.0</ns3:atemp>
            <ns3:hr>104</ns3:hr>
          </ns3:TrackPointExtension>
        </extensions>
      </trkpt>
      <trkpt lat="48.337112925946712493896484375" lon="-1.1767402477562427520751953125">
        <ele>75.40000152587890625</ele>
        <time>2026-06-08T13:39:37.000Z</time>
        <extensions>
          <ns3:TrackPointExtension>
            <ns3:atemp>21.0</ns3:atemp>
            <ns3:hr>106</ns3:hr>
          </ns3:TrackPointExtension>
        </extensions>
      </trkpt>
      <trkpt lat="48.3370306156575679779052734375" lon="-1.1769119091331958770751953125">
        <ele>75.8000030517578125</ele>
        <time>2026-06-08T13:39:41.000Z</time>
        <extensions>
          <ns3:TrackPointExtension>
            <ns3:atemp>21.0</ns3:atemp>
            <ns3:hr>109</ns3:hr>
          </ns3:TrackPointExtension>
        </extensions>
      </trkpt>
      <trkpt lat="48.33697537891566753387451171875" lon="-1.1770248971879482269287109375">
        <ele>76</ele>
        <time>2026-06-08T13:39:44.000Z</time>
        <extensions>
          <ns3:TrackPointExtension>
            <ns3:atemp>21.0</ns3:atemp>
            <ns3:hr>109</ns3:hr>
          </ns3:TrackPointExtension>
        </extensions>
      </trkpt>
      <trkpt lat="48.33690580911934375762939453125" lon="-1.1771063692867755889892578125">
        <ele>75.8000030517578125</ele>
        <time>2026-06-08T13:39:49.000Z</time>
        <extensions>
          <ns3:TrackPointExtension>
            <ns3:atemp>21.0</ns3:atemp>
            <ns3:hr>111</ns3:hr>
          </ns3:TrackPointExtension>
        </extensions>
      </trkpt>
      <trkpt lat="48.336905725300312042236328125" lon="-1.17710628546774387359619140625">
        <ele>75.8000030517578125</ele>
        <time>2026-06-08T13:39:50.000Z</time>
        <extensions>
          <ns3:TrackPointExtension>
            <ns3:atemp>21.0</ns3:atemp>
            <ns3:hr>112</ns3:hr>
          </ns3:TrackPointExtension>
        </extensions>
      </trkpt>
      <trkpt lat="48.33686322905123233795166015625" lon="-1.17712120525538921356201171875">
        <ele>75.59999847412109375</ele>
        <time>2026-06-08T13:40:17.000Z</time>
        <extensions>
          <ns3:TrackPointExtension>
            <ns3:atemp>20.0</ns3:atemp>
            <ns3:hr>97</ns3:hr>
          </ns3:TrackPointExtension>
        </extensions>
      </trkpt>
      <trkpt lat="48.33684797398746013641357421875" lon="-1.17712388746440410614013671875">
        <ele>75.59999847412109375</ele>
        <time>2026-06-08T13:40:18.000Z</time>
        <extensions>
          <ns3:TrackPointExtension>
            <ns3:atemp>21.0</ns3:atemp>
            <ns3:hr>97</ns3:hr>
          </ns3:TrackPointExtension>
        </extensions>
      </trkpt>
      <trkpt lat="48.3368324674665927886962890625" lon="-1.1771254800260066986083984375">
        <ele>75.59999847412109375</ele>
        <time>2026-06-08T13:40:19.000Z</time>
        <extensions>
          <ns3:TrackPointExtension>
            <ns3:atemp>21.0</ns3:atemp>
            <ns3:hr>97</ns3:hr>
          </ns3:TrackPointExtension>
        </extensions>
      </trkpt>
      <trkpt lat="48.3368190564215183258056640625" lon="-1.17711232043802738189697265625">
        <ele>75.59999847412109375</ele>
        <time>2026-06-08T13:40:20.000Z</time>
        <extensions>
          <ns3:TrackPointExtension>
            <ns3:atemp>20.0</ns3:atemp>
            <ns3:hr>97</ns3:hr>
          </ns3:TrackPointExtension>
        </extensions>
      </trkpt>
      <trkpt lat="48.33676013164222240447998046875" lon="-1.1770704947412014007568359375">
        <ele>75.40000152587890625</ele>
        <time>2026-06-08T13:40:23.000Z</time>
        <extensions>
          <ns3:TrackPointExtension>
            <ns3:atemp>21.0</ns3:atemp>
            <ns3:hr>98</ns3:hr>
          </ns3:TrackPointExtension>
        </extensions>
      </trkpt>
      <trkpt lat="48.33663557656109333038330078125" lon="-1.17686874233186244964599609375">
        <ele>75.1999969482421875</ele>
        <time>2026-06-08T13:40:27.000Z</time>
        <extensions>
          <ns3:TrackPointExtension>
            <ns3:atemp>21.0</ns3:atemp>
            <ns3:hr>99</ns3:hr>
          </ns3:TrackPointExtension>
        </extensions>
      </trkpt>
      <trkpt lat="48.336598612368106842041015625" lon="-1.176704876124858856201171875">
        <ele>75.1999969482421875</ele>
        <time>2026-06-08T13:40:29.000Z</time>
        <extensions>
          <ns3:TrackPointExtension>
            <ns3:atemp>20.0</ns3:atemp>
            <ns3:hr>99</ns3:hr>
          </ns3:TrackPointExtension>
        </extensions>
      </trkpt>
      <trkpt lat="48.33659048192203044891357421875" lon="-1.1766443587839603424072265625">
        <ele>75</ele>
        <time>2026-06-08T13:40:30.000Z</time>
        <extensions>
          <ns3:TrackPointExtension>
            <ns3:atemp>20.0</ns3:atemp>
            <ns3:hr>100</ns3:hr>
          </ns3:TrackPointExtension>
        </extensions>
      </trkpt>
      <trkpt lat="48.3365404419600963592529296875" lon="-1.17654352448880672454833984375">
        <ele>75</ele>
        <time>2026-06-08T13:40:33.000Z</time>
        <extensions>
          <ns3:TrackPointExtension>
            <ns3:atemp>20.0</ns3:atemp>
            <ns3:hr>101</ns3:hr>
          </ns3:TrackPointExtension>
        </extensions>
      </trkpt>
      <trkpt lat="48.336536586284637451171875" lon="-1.17649273015558719635009765625">
        <ele>75.1999969482421875</ele>
        <time>2026-06-08T13:40:34.000Z</time>
        <extensions>
          <ns3:TrackPointExtension>
            <ns3:atemp>20.0</ns3:atemp>
            <ns3:hr>102</ns3:hr>
          </ns3:TrackPointExtension>
        </extensions>
      </trkpt>
      <trkpt lat="48.3365451358258724212646484375" lon="-1.1763412691652774810791015625">
        <ele>75.59999847412109375</ele>
        <time>2026-06-08T13:40:36.000Z</time>
        <extensions>
          <ns3:TrackPointExtension>
            <ns3:atemp>21.0</ns3:atemp>
            <ns3:hr>103</ns3:hr>
          </ns3:TrackPointExtension>
        </extensions>
      </trkpt>
      <trkpt lat="48.33655041642487049102783203125" lon="-1.175744645297527313232421875">
        <ele>75.8000030517578125</ele>
        <time>2026-06-08T13:40:42.000Z</time>
        <extensions>
          <ns3:TrackPointExtension>
            <ns3:atemp>20.0</ns3:atemp>
            <ns3:hr>101</ns3:hr>
          </ns3:TrackPointExtension>
        </extensions>
      </trkpt>
      <trkpt lat="48.336541615426540374755859375" lon="-1.17546343244612216949462890625">
        <ele>76.1999969482421875</ele>
        <time>2026-06-08T13:40:45.000Z</time>
        <extensions>
          <ns3:TrackPointExtension>
            <ns3:atemp>20.0</ns3:atemp>
            <ns3:hr>104</ns3:hr>
          </ns3:TrackPointExtension>
        </extensions>
      </trkpt>
      <trkpt lat="48.33651906810700893402099609375" lon="-1.17521666921675205230712890625">
        <ele>76.59999847412109375</ele>
        <time>2026-06-08T13:40:48.000Z</time>
        <extensions>
          <ns3:TrackPointExtension>
            <ns3:atemp>20.0</ns3:atemp>
            <ns3:hr>108</ns3:hr>
          </ns3:TrackPointExtension>
        </extensions>
      </trkpt>
      <trkpt lat="48.33650565706193447113037109375" lon="-1.17506780661642551422119140625">
        <ele>76.8000030517578125</ele>
        <time>2026-06-08T13:40:50.000Z</time>
        <extensions>
          <ns3:TrackPointExtension>
            <ns3:atemp>21.0</ns3:atemp>
            <ns3:hr>111</ns3:hr>
          </ns3:TrackPointExtension>
        </extensions>
      </trkpt>
      <trkpt lat="48.3364867977797985076904296875" lon="-1.1748999170958995819091796875">
        <ele>76.8000030517578125</ele>
        <time>2026-06-08T13:40:53.000Z</time>
        <extensions>
          <ns3:TrackPointExtension>
            <ns3:atemp>21.0</ns3:atemp>
            <ns3:hr>111</ns3:hr>
          </ns3:TrackPointExtension>
        </extensions>
      </trkpt>
      <trkpt lat="48.336481265723705291748046875" lon="-1.174613423645496368408203125">
        <ele>77</ele>
        <time>2026-06-08T13:40:59.000Z</time>
        <extensions>
          <ns3:TrackPointExtension>
            <ns3:atemp>20.0</ns3:atemp>
            <ns3:hr>109</ns3:hr>
          </ns3:TrackPointExtension>
        </extensions>
      </trkpt>
      <trkpt lat="48.33644631318747997283935546875" lon="-1.1742035485804080963134765625">
        <ele>77.1999969482421875</ele>
        <time>2026-06-08T13:41:07.000Z</time>
        <extensions>
          <ns3:TrackPointExtension>
            <ns3:atemp>20.0</ns3:atemp>
            <ns3:hr>113</ns3:hr>
          </ns3:TrackPointExtension>
        </extensions>
      </trkpt>
      <trkpt lat="48.33648621104657649993896484375" lon="-1.1740359105169773101806640625">
        <ele>77</ele>
        <time>2026-06-08T13:41:12.000Z</time>
        <extensions>
          <ns3:TrackPointExtension>
            <ns3:atemp>21.0</ns3:atemp>
            <ns3:hr>112</ns3:hr>
          </ns3:TrackPointExtension>
        </extensions>
      </trkpt>
      <trkpt lat="48.336553014814853668212890625" lon="-1.17386768572032451629638671875">
        <ele>76.40000152587890625</ele>
        <time>2026-06-08T13:41:18.000Z</time>
        <extensions>
          <ns3:TrackPointExtension>
            <ns3:atemp>20.0</ns3:atemp>
            <ns3:hr>113</ns3:hr>
          </ns3:TrackPointExtension>
        </extensions>
      </trkpt>
      <trkpt lat="48.3365541882812976837158203125" lon="-1.17386408150196075439453125">
        <ele>76.40000152587890625</ele>
        <time>2026-06-08T13:41:19.000Z</time>
        <extensions>
          <ns3:TrackPointExtension>
            <ns3:atemp>20.0</ns3:atemp>
            <ns3:hr>112</ns3:hr>
          </ns3:TrackPointExtension>
        </extensions>
      </trkpt>
      <trkpt lat="48.3366199024021625518798828125" lon="-1.1734354309737682342529296875">
        <ele>76.1999969482421875</ele>
        <time>2026-06-08T14:09:40.000Z</time>
        <extensions>
          <ns3:TrackPointExtension>
            <ns3:atemp>21.0</ns3:atemp>
            <ns3:hr>120</ns3:hr>
          </ns3:TrackPointExtension>
        </extensions>
      </trkpt>
      <trkpt lat="48.33661998622119426727294921875" lon="-1.17341883480548858642578125">
        <ele>76.1999969482421875</ele>
        <time>2026-06-08T14:09:41.000Z</time>
        <extensions>
          <ns3:TrackPointExtension>
            <ns3:atemp>21.0</ns3:atemp>
            <ns3:hr>120</ns3:hr>
          </ns3:TrackPointExtension>
        </extensions>
      </trkpt>
      <trkpt lat="48.33662333898246288299560546875" lon="-1.1734248697757720947265625">
        <ele>76.1999969482421875</ele>
        <time>2026-06-08T14:09:42.000Z</time>
        <extensions>
          <ns3:TrackPointExtension>
            <ns3:atemp>21.0</ns3:atemp>
            <ns3:hr>120</ns3:hr>
          </ns3:TrackPointExtension>
        </extensions>
      </trkpt>
      <trkpt lat="48.336589224636554718017578125" lon="-1.1734625883400440216064453125">
        <ele>76.8000030517578125</ele>
        <time>2026-06-08T14:27:06.000Z</time>
        <extensions>
          <ns3:TrackPointExtension>
            <ns3:atemp>22.0</ns3:atemp>
            <ns3:hr>97</ns3:hr>
          </ns3:TrackPointExtension>
        </extensions>
      </trkpt>
      <trkpt lat="48.33658746443688869476318359375" lon="-1.17345747537910938262939453125">
        <ele>76.8000030517578125</ele>
        <time>2026-06-08T14:27:07.000Z</time>
        <extensions>
          <ns3:TrackPointExtension>
            <ns3:atemp>22.0</ns3:atemp>
            <ns3:hr>97</ns3:hr>
          </ns3:TrackPointExtension>
        </extensions>
      </trkpt>
      <trkpt lat="48.3365853689610958099365234375" lon="-1.17344171740114688873291015625">
        <ele>76.8000030517578125</ele>
        <time>2026-06-08T14:27:08.000Z</time>
        <extensions>
          <ns3:TrackPointExtension>
            <ns3:atemp>22.0</ns3:atemp>
            <ns3:hr>96</ns3:hr>
          </ns3:TrackPointExtension>
        </extensions>
      </trkpt>
      <trkpt lat="48.3365561999380588531494140625" lon="-1.173380948603153228759765625">
        <ele>76.8000030517578125</ele>
        <time>2026-06-08T14:27:19.000Z</time>
        <extensions>
          <ns3:TrackPointExtension>
            <ns3:atemp>22.0</ns3:atemp>
            <ns3:hr>95</ns3:hr>
          </ns3:TrackPointExtension>
        </extensions>
      </trkpt>
      <trkpt lat="48.33652527071535587310791015625" lon="-1.1732827126979827880859375">
        <ele>76.8000030517578125</ele>
        <time>2026-06-08T14:27:22.000Z</time>
        <extensions>
          <ns3:TrackPointExtension>
            <ns3:atemp>22.0</ns3:atemp>
            <ns3:hr>96</ns3:hr>
          </ns3:TrackPointExtension>
        </extensions>
      </trkpt>
      <trkpt lat="48.33650465123355388641357421875" lon="-1.17327575571835041046142578125">
        <ele>76.8000030517578125</ele>
        <time>2026-06-08T14:27:23.000Z</time>
        <extensions>
          <ns3:TrackPointExtension>
            <ns3:atemp>22.0</ns3:atemp>
            <ns3:hr>95</ns3:hr>
          </ns3:TrackPointExtension>
        </extensions>
      </trkpt>
      <trkpt lat="48.33649274893105030059814453125" lon="-1.17328095249831676483154296875">
        <ele>76.8000030517578125</ele>
        <time>2026-06-08T14:27:25.000Z</time>
        <extensions>
          <ns3:TrackPointExtension>
            <ns3:atemp>22.0</ns3:atemp>
            <ns3:hr>95</ns3:hr>
          </ns3:TrackPointExtension>
        </extensions>
      </trkpt>
      <trkpt lat="48.3364896476268768310546875" lon="-1.17330894805490970611572265625">
        <ele>77</ele>
        <time>2026-06-08T14:27:27.000Z</time>
        <extensions>
          <ns3:TrackPointExtension>
            <ns3:atemp>22.0</ns3:atemp>
            <ns3:hr>96</ns3:hr>
          </ns3:TrackPointExtension>
        </extensions>
      </trkpt>
      <trkpt lat="48.33648755215108394622802734375" lon="-1.1733361892402172088623046875">
        <ele>76.8000030517578125</ele>
        <time>2026-06-08T14:27:31.000Z</time>
        <extensions>
          <ns3:TrackPointExtension>
            <ns3:atemp>22.0</ns3:atemp>
            <ns3:hr>96</ns3:hr>
          </ns3:TrackPointExtension>
        </extensions>
      </trkpt>
      <trkpt lat="48.33655527792870998382568359375" lon="-1.1734293960034847259521484375">
        <ele>77</ele>
        <time>2026-06-08T14:27:45.000Z</time>
        <extensions>
          <ns3:TrackPointExtension>
            <ns3:atemp>21.0</ns3:atemp>
            <ns3:hr>110</ns3:hr>
          </ns3:TrackPointExtension>
        </extensions>
      </trkpt>
      <trkpt lat="48.33656449802219867706298828125" lon="-1.1734461598098278045654296875">
        <ele>77</ele>
        <time>2026-06-08T14:27:46.000Z</time>
        <extensions>
          <ns3:TrackPointExtension>
            <ns3:atemp>22.0</ns3:atemp>
            <ns3:hr>114</ns3:hr>
          </ns3:TrackPointExtension>
        </extensions>
      </trkpt>
      <trkpt lat="48.336568437516689300537109375" lon="-1.173445992171764373779296875">
        <ele>77</ele>
        <time>2026-06-08T14:27:47.000Z</time>
        <extensions>
          <ns3:TrackPointExtension>
            <ns3:atemp>22.0</ns3:atemp>
            <ns3:hr>118</ns3:hr>
          </ns3:TrackPointExtension>
        </extensions>
      </trkpt>
      <trkpt lat="48.3365622349083423614501953125" lon="-1.17345772683620452880859375">
        <ele>77</ele>
        <time>2026-06-08T14:27:48.000Z</time>
        <extensions>
          <ns3:TrackPointExtension>
            <ns3:atemp>22.0</ns3:atemp>
            <ns3:hr>118</ns3:hr>
          </ns3:TrackPointExtension>
        </extensions>
      </trkpt>
      <trkpt lat="48.33655024878680706024169921875" lon="-1.173406429588794708251953125">
        <ele>77.1999969482421875</ele>
        <time>2026-06-08T14:28:06.000Z</time>
        <extensions>
          <ns3:TrackPointExtension>
            <ns3:atemp>22.0</ns3:atemp>
            <ns3:hr>115</ns3:hr>
          </ns3:TrackPointExtension>
        </extensions>
      </trkpt>
      <trkpt lat="48.336546979844570159912109375" lon="-1.1733911745250225067138671875">
        <ele>77.1999969482421875</ele>
        <time>2026-06-08T14:28:07.000Z</time>
        <extensions>
          <ns3:TrackPointExtension>
            <ns3:atemp>22.0</ns3:atemp>
            <ns3:hr>118</ns3:hr>
          </ns3:TrackPointExtension>
        </extensions>
      </trkpt>
      <trkpt lat="48.336547315120697021484375" lon="-1.17337835021317005157470703125">
        <ele>77.1999969482421875</ele>
        <time>2026-06-08T14:28:08.000Z</time>
        <extensions>
          <ns3:TrackPointExtension>
            <ns3:atemp>22.0</ns3:atemp>
            <ns3:hr>121</ns3:hr>
          </ns3:TrackPointExtension>
        </extensions>
      </trkpt>
      <trkpt lat="48.33654840476810932159423828125" lon="-1.17336058057844638824462890625">
        <ele>77.1999969482421875</ele>
        <time>2026-06-08T14:28:09.000Z</time>
        <extensions>
          <ns3:TrackPointExtension>
            <ns3:atemp>22.0</ns3:atemp>
            <ns3:hr>124</ns3:hr>
          </ns3:TrackPointExtension>
        </extensions>
      </trkpt>
      <trkpt lat="48.33652116358280181884765625" lon="-1.17331179790198802947998046875">
        <ele>77</ele>
        <time>2026-06-08T14:28:11.000Z</time>
        <extensions>
          <ns3:TrackPointExtension>
            <ns3:atemp>22.0</ns3:atemp>
            <ns3:hr>126</ns3:hr>
          </ns3:TrackPointExtension>
        </extensions>
      </trkpt>
      <trkpt lat="48.336511440575122833251953125" lon="-1.1732067726552486419677734375">
        <ele>77.1999969482421875</ele>
        <time>2026-06-08T14:28:14.000Z</time>
        <extensions>
          <ns3:TrackPointExtension>
            <ns3:atemp>22.0</ns3:atemp>
            <ns3:hr>130</ns3:hr>
          </ns3:TrackPointExtension>
        </extensions>
      </trkpt>
      <trkpt lat="48.336524851620197296142578125" lon="-1.173184476792812347412109375">
        <ele>77.1999969482421875</ele>
        <time>2026-06-08T14:28:15.000Z</time>
        <extensions>
          <ns3:TrackPointExtension>
            <ns3:atemp>22.0</ns3:atemp>
            <ns3:hr>132</ns3:hr>
          </ns3:TrackPointExtension>
        </extensions>
      </trkpt>
      <trkpt lat="48.3365578763186931610107421875" lon="-1.17314483039081096649169921875">
        <ele>77.40000152587890625</ele>
        <time>2026-06-08T14:28:17.000Z</time>
        <extensions>
          <ns3:TrackPointExtension>
            <ns3:atemp>22.0</ns3:atemp>
            <ns3:hr>133</ns3:hr>
          </ns3:TrackPointExtension>
        </extensions>
      </trkpt>
      <trkpt lat="48.33660355769097805023193359375" lon="-1.17311038076877593994140625">
        <ele>77.40000152587890625</ele>
        <time>2026-06-08T14:28:19.000Z</time>
        <extensions>
          <ns3:TrackPointExtension>
            <ns3:atemp>22.0</ns3:atemp>
            <ns3:hr>133</ns3:hr>
          </ns3:TrackPointExtension>
        </extensions>
      </trkpt>
      <trkpt lat="48.33673934452235698699951171875" lon="-1.17304508574306964874267578125">
        <ele>77.59999847412109375</ele>
        <time>2026-06-08T14:28:23.000Z</time>
        <extensions>
          <ns3:TrackPointExtension>
            <ns3:atemp>22.0</ns3:atemp>
            <ns3:hr>133</ns3:hr>
          </ns3:TrackPointExtension>
        </extensions>
      </trkpt>
      <trkpt lat="48.33680472336709499359130859375" lon="-1.17300904355943202972412109375">
        <ele>77.8000030517578125</ele>
        <time>2026-06-08T14:28:25.000Z</time>
        <extensions>
          <ns3:TrackPointExtension>
            <ns3:atemp>22.0</ns3:atemp>
            <ns3:hr>132</ns3:hr>
          </ns3:TrackPointExtension>
        </extensions>
      </trkpt>
      <trkpt lat="48.336885273456573486328125" lon="-1.17296897806227207183837890625">
        <ele>77.8000030517578125</ele>
        <time>2026-06-08T14:28:28.000Z</time>
        <extensions>
          <ns3:TrackPointExtension>
            <ns3:atemp>22.0</ns3:atemp>
            <ns3:hr>127</ns3:hr>
          </ns3:TrackPointExtension>
        </extensions>
      </trkpt>
      <trkpt lat="48.33690530620515346527099609375" lon="-1.1729928664863109588623046875">
        <ele>77.8000030517578125</ele>
        <time>2026-06-08T14:28:29.000Z</time>
        <extensions>
          <ns3:TrackPointExtension>
            <ns3:atemp>21.0</ns3:atemp>
            <ns3:hr>126</ns3:hr>
          </ns3:TrackPointExtension>
        </extensions>
      </trkpt>
      <trkpt lat="48.3369053900241851806640625" lon="-1.173018850386142730712890625">
        <ele>77.8000030517578125</ele>
        <time>2026-06-08T14:28:30.000Z</time>
        <extensions>
          <ns3:TrackPointExtension>
            <ns3:atemp>21.0</ns3:atemp>
            <ns3:hr>125</ns3:hr>
          </ns3:TrackPointExtension>
        </extensions>
      </trkpt>
      <trkpt lat="48.336890637874603271484375" lon="-1.173036284744739532470703125">
        <ele>77.59999847412109375</ele>
        <time>2026-06-08T14:28:31.000Z</time>
        <extensions>
          <ns3:TrackPointExtension>
            <ns3:atemp>22.0</ns3:atemp>
            <ns3:hr>122</ns3:hr>
          </ns3:TrackPointExtension>
        </extensions>
      </trkpt>
      <trkpt lat="48.33687043748795986175537109375" lon="-1.173039972782135009765625">
        <ele>77.59999847412109375</ele>
        <time>2026-06-08T14:28:32.000Z</time>
        <extensions>
          <ns3:TrackPointExtension>
            <ns3:atemp>21.0</ns3:atemp>
            <ns3:hr>118</ns3:hr>
          </ns3:TrackPointExtension>
        </extensions>
      </trkpt>
      <trkpt lat="48.33684780634939670562744140625" lon="-1.1730501987040042877197265625">
        <ele>77.59999847412109375</ele>
        <time>2026-06-08T14:28:33.000Z</time>
        <extensions>
          <ns3:TrackPointExtension>
            <ns3:atemp>22.0</ns3:atemp>
            <ns3:hr>115</ns3:hr>
          </ns3:TrackPointExtension>
        </extensions>
      </trkpt>
      <trkpt lat="48.33674370311200618743896484375" lon="-1.17311063222587108612060546875">
        <ele>77.40000152587890625</ele>
        <time>2026-06-08T14:28:37.000Z</time>
        <extensions>
          <ns3:TrackPointExtension>
            <ns3:atemp>22.0</ns3:atemp>
            <ns3:hr>114</ns3:hr>
          </ns3:TrackPointExtension>
        </extensions>
      </trkpt>
      <trkpt lat="48.33657606504857540130615234375" lon="-1.17317383177578449249267578125">
        <ele>77.59999847412109375</ele>
        <time>2026-06-08T14:28:43.000Z</time>
        <extensions>
          <ns3:TrackPointExtension>
            <ns3:atemp>22.0</ns3:atemp>
            <ns3:hr>113</ns3:hr>
          </ns3:TrackPointExtension>
        </extensions>
      </trkpt>
      <trkpt lat="48.3365233428776264190673828125" lon="-1.17318087257444858551025390625">
        <ele>77.59999847412109375</ele>
        <time>2026-06-08T14:28:45.000Z</time>
        <extensions>
          <ns3:TrackPointExtension>
            <ns3:atemp>21.0</ns3:atemp>
            <ns3:hr>112</ns3:hr>
          </ns3:TrackPointExtension>
        </extensions>
      </trkpt>
      <trkpt lat="48.336530886590480804443359375" lon="-1.1732439883053302764892578125">
        <ele>77.40000152587890625</ele>
        <time>2026-06-08T14:28:47.000Z</time>
        <extensions>
          <ns3:TrackPointExtension>
            <ns3:atemp>21.0</ns3:atemp>
            <ns3:hr>111</ns3:hr>
          </ns3:TrackPointExtension>
        </extensions>
      </trkpt>
      <trkpt lat="48.33655997179448604583740234375" lon="-1.173376925289630889892578125">
        <ele>77.40000152587890625</ele>
        <time>2026-06-08T14:28:52.000Z</time>
        <extensions>
          <ns3:TrackPointExtension>
            <ns3:atemp>22.0</ns3:atemp>
            <ns3:hr>109</ns3:hr>
          </ns3:TrackPointExtension>
        </extensions>
      </trkpt>
      <trkpt lat="48.33655930124223232269287109375" lon="-1.17338086478412151336669921875">
        <ele>77.1999969482421875</ele>
        <time>2026-06-08T14:28:54.000Z</time>
        <extensions>
          <ns3:TrackPointExtension>
            <ns3:atemp>21.0</ns3:atemp>
            <ns3:hr>108</ns3:hr>
          </ns3:TrackPointExtension>
        </extensions>
      </trkpt>
      <trkpt lat="48.3365796692669391632080078125" lon="-1.1735267937183380126953125">
        <ele>77.1999969482421875</ele>
        <time>2026-06-08T14:31:32.000Z</time>
        <extensions>
          <ns3:TrackPointExtension>
            <ns3:atemp>22.0</ns3:atemp>
            <ns3:hr>94</ns3:hr>
          </ns3:TrackPointExtension>
        </extensions>
      </trkpt>
      <trkpt lat="48.3365726284682750701904296875" lon="-1.1735433898866176605224609375">
        <ele>77.1999969482421875</ele>
        <time>2026-06-08T14:31:33.000Z</time>
        <extensions>
          <ns3:TrackPointExtension>
            <ns3:atemp>22.0</ns3:atemp>
            <ns3:hr>94</ns3:hr>
          </ns3:TrackPointExtension>
        </extensions>
      </trkpt>
      <trkpt lat="48.33657422102987766265869140625" lon="-1.17355822585523128509521484375">
        <ele>77.1999969482421875</ele>
        <time>2026-06-08T14:31:34.000Z</time>
        <extensions>
          <ns3:TrackPointExtension>
            <ns3:atemp>22.0</ns3:atemp>
            <ns3:hr>93</ns3:hr>
          </ns3:TrackPointExtension>
        </extensions>
      </trkpt>
      <trkpt lat="48.3365940861403942108154296875" lon="-1.17368713952600955963134765625">
        <ele>77</ele>
        <time>2026-06-08T14:31:39.000Z</time>
        <extensions>
          <ns3:TrackPointExtension>
            <ns3:atemp>22.0</ns3:atemp>
            <ns3:hr>92</ns3:hr>
          </ns3:TrackPointExtension>
        </extensions>
      </trkpt>
      <trkpt lat="48.33659626543521881103515625" lon="-1.17381437681615352630615234375">
        <ele>77</ele>
        <time>2026-06-08T14:31:44.000Z</time>
        <extensions>
          <ns3:TrackPointExtension>
            <ns3:atemp>22.0</ns3:atemp>
            <ns3:hr>92</ns3:hr>
          </ns3:TrackPointExtension>
        </extensions>
      </trkpt>
      <trkpt lat="48.336573801934719085693359375" lon="-1.1738722957670688629150390625">
        <ele>77</ele>
        <time>2026-06-08T14:31:45.000Z</time>
        <extensions>
          <ns3:TrackPointExtension>
            <ns3:atemp>22.0</ns3:atemp>
            <ns3:hr>93</ns3:hr>
          </ns3:TrackPointExtension>
        </extensions>
      </trkpt>
      <trkpt lat="48.336489982903003692626953125" lon="-1.173995174467563629150390625">
        <ele>77.1999969482421875</ele>
        <time>2026-06-08T14:31:49.000Z</time>
        <extensions>
          <ns3:TrackPointExtension>
            <ns3:atemp>22.0</ns3:atemp>
            <ns3:hr>96</ns3:hr>
          </ns3:TrackPointExtension>
        </extensions>
      </trkpt>
      <trkpt lat="48.33647129125893115997314453125" lon="-1.17408527992665767669677734375">
        <ele>77.40000152587890625</ele>
        <time>2026-06-08T14:31:52.000Z</time>
        <extensions>
          <ns3:TrackPointExtension>
            <ns3:atemp>22.0</ns3:atemp>
            <ns3:hr>99</ns3:hr>
          </ns3:TrackPointExtension>
        </extensions>
      </trkpt>
      <trkpt lat="48.3364780806005001068115234375" lon="-1.1741115152835845947265625">
        <ele>77.59999847412109375</ele>
        <time>2026-06-08T14:31:53.000Z</time>
        <extensions>
          <ns3:TrackPointExtension>
            <ns3:atemp>22.0</ns3:atemp>
            <ns3:hr>100</ns3:hr>
          </ns3:TrackPointExtension>
        </extensions>
      </trkpt>
      <trkpt lat="48.3365072496235370635986328125" lon="-1.17428007535636425018310546875">
        <ele>77.40000152587890625</ele>
        <time>2026-06-08T14:31:59.000Z</time>
        <extensions>
          <ns3:TrackPointExtension>
            <ns3:atemp>22.0</ns3:atemp>
            <ns3:hr>102</ns3:hr>
          </ns3:TrackPointExtension>
        </extensions>
      </trkpt>
      <trkpt lat="48.33652560599148273468017578125" lon="-1.17446397431194782257080078125">
        <ele>77.40000152587890625</ele>
        <time>2026-06-08T14:32:05.000Z</time>
        <extensions>
          <ns3:TrackPointExtension>
            <ns3:atemp>22.0</ns3:atemp>
            <ns3:hr>101</ns3:hr>
          </ns3:TrackPointExtension>
        </extensions>
      </trkpt>
      <trkpt lat="48.33655678667128086090087890625" lon="-1.1747510544955730438232421875">
        <ele>77.40000152587890625</ele>
        <time>2026-06-08T14:32:11.000Z</time>
        <extensions>
          <ns3:TrackPointExtension>
            <ns3:atemp>22.0</ns3:atemp>
            <ns3:hr>98</ns3:hr>
          </ns3:TrackPointExtension>
        </extensions>
      </trkpt>
      <trkpt lat="48.33657656796276569366455078125" lon="-1.174952052533626556396484375">
        <ele>77</ele>
        <time>2026-06-08T14:32:15.000Z</time>
        <extensions>
          <ns3:TrackPointExtension>
            <ns3:atemp>22.0</ns3:atemp>
            <ns3:hr>95</ns3:hr>
          </ns3:TrackPointExtension>
        </extensions>
      </trkpt>
      <trkpt lat="48.3366131968796253204345703125" lon="-1.17522371001541614532470703125">
        <ele>77</ele>
        <time>2026-06-08T14:32:20.000Z</time>
        <extensions>
          <ns3:TrackPointExtension>
            <ns3:atemp>22.0</ns3:atemp>
            <ns3:hr>93</ns3:hr>
          </ns3:TrackPointExtension>
        </extensions>
      </trkpt>
      <trkpt lat="48.33662367425858974456787109375" lon="-1.17543476633727550506591796875">
        <ele>76.59999847412109375</ele>
        <time>2026-06-08T14:32:24.000Z</time>
        <extensions>
          <ns3:TrackPointExtension>
            <ns3:atemp>22.0</ns3:atemp>
            <ns3:hr>98</ns3:hr>
          </ns3:TrackPointExtension>
        </extensions>
      </trkpt>
      <trkpt lat="48.3366259373724460601806640625" lon="-1.17559947073459625244140625">
        <ele>76.40000152587890625</ele>
        <time>2026-06-08T14:32:27.000Z</time>
        <extensions>
          <ns3:TrackPointExtension>
            <ns3:atemp>22.0</ns3:atemp>
            <ns3:hr>101</ns3:hr>
          </ns3:TrackPointExtension>
        </extensions>
      </trkpt>
      <trkpt lat="48.3366306312382221221923828125" lon="-1.1756532825529575347900390625">
        <ele>76.40000152587890625</ele>
        <time>2026-06-08T14:32:28.000Z</time>
        <extensions>
          <ns3:TrackPointExtension>
            <ns3:atemp>22.0</ns3:atemp>
            <ns3:hr>101</ns3:hr>
          </ns3:TrackPointExtension>
        </extensions>
      </trkpt>
      <trkpt lat="48.33662149496376514434814453125" lon="-1.1760143749415874481201171875">
        <ele>76.40000152587890625</ele>
        <time>2026-06-08T14:32:35.000Z</time>
        <extensions>
          <ns3:TrackPointExtension>
            <ns3:atemp>22.0</ns3:atemp>
            <ns3:hr>103</ns3:hr>
          </ns3:TrackPointExtension>
        </extensions>
      </trkpt>
      <trkpt lat="48.33660204894840717315673828125" lon="-1.176281087100505828857421875">
        <ele>76.1999969482421875</ele>
        <time>2026-06-08T14:32:41.000Z</time>
        <extensions>
          <ns3:TrackPointExtension>
            <ns3:atemp>22.0</ns3:atemp>
            <ns3:hr>103</ns3:hr>
          </ns3:TrackPointExtension>
        </extensions>
      </trkpt>
      <trkpt lat="48.33657606504857540130615234375" lon="-1.17653229273855686187744140625">
        <ele>76.1999969482421875</ele>
        <time>2026-06-08T14:32:47.000Z</time>
        <extensions>
          <ns3:TrackPointExtension>
            <ns3:atemp>22.0</ns3:atemp>
            <ns3:hr>106</ns3:hr>
          </ns3:TrackPointExtension>
        </extensions>
      </trkpt>
      <trkpt lat="48.336614705622196197509765625" lon="-1.17671350948512554168701171875">
        <ele>76</ele>
        <time>2026-06-08T14:32:51.000Z</time>
        <extensions>
          <ns3:TrackPointExtension>
            <ns3:atemp>22.0</ns3:atemp>
            <ns3:hr>109</ns3:hr>
          </ns3:TrackPointExtension>
        </extensions>
      </trkpt>
      <trkpt lat="48.33663121797144412994384765625" lon="-1.17676229216158390045166015625">
        <ele>76</ele>
        <time>2026-06-08T14:32:52.000Z</time>
        <extensions>
          <ns3:TrackPointExtension>
            <ns3:atemp>22.0</ns3:atemp>
            <ns3:hr>112</ns3:hr>
          </ns3:TrackPointExtension>
        </extensions>
      </trkpt>
      <trkpt lat="48.33667798899114131927490234375" lon="-1.17692238651216030120849609375">
        <ele>75.8000030517578125</ele>
        <time>2026-06-08T14:32:55.000Z</time>
        <extensions>
          <ns3:TrackPointExtension>
            <ns3:atemp>22.0</ns3:atemp>
            <ns3:hr>115</ns3:hr>
          </ns3:TrackPointExtension>
        </extensions>
      </trkpt>
      <trkpt lat="48.33674806170165538787841796875" lon="-1.1770305968821048736572265625">
        <ele>75.8000030517578125</ele>
        <time>2026-06-08T14:32:58.000Z</time>
        <extensions>
          <ns3:TrackPointExtension>
            <ns3:atemp>22.0</ns3:atemp>
            <ns3:hr>114</ns3:hr>
          </ns3:TrackPointExtension>
        </extensions>
      </trkpt>
      <trkpt lat="48.33681461401283740997314453125" lon="-1.17709270678460597991943359375">
        <ele>75.8000030517578125</ele>
        <time>2026-06-08T14:33:03.000Z</time>
        <extensions>
          <ns3:TrackPointExtension>
            <ns3:atemp>22.0</ns3:atemp>
            <ns3:hr>113</ns3:hr>
          </ns3:TrackPointExtension>
        </extensions>
      </trkpt>
      <trkpt lat="48.33682718686759471893310546875" lon="-1.1771107278764247894287109375">
        <ele>76</ele>
        <time>2026-06-08T14:33:04.000Z</time>
        <extensions>
          <ns3:TrackPointExtension>
            <ns3:atemp>22.0</ns3:atemp>
            <ns3:hr>110</ns3:hr>
          </ns3:TrackPointExtension>
        </extensions>
      </trkpt>
      <trkpt lat="48.33684344775974750518798828125" lon="-1.177128665149211883544921875">
        <ele>76</ele>
        <time>2026-06-08T14:33:07.000Z</time>
        <extensions>
          <ns3:TrackPointExtension>
            <ns3:atemp>22.0</ns3:atemp>
            <ns3:hr>109</ns3:hr>
          </ns3:TrackPointExtension>
        </extensions>
      </trkpt>
      <trkpt lat="48.33690446801483631134033203125" lon="-1.1772793717682361602783203125">
        <ele>76.59999847412109375</ele>
        <time>2026-06-08T14:33:50.000Z</time>
        <extensions>
          <ns3:TrackPointExtension>
            <ns3:atemp>22.0</ns3:atemp>
            <ns3:hr>111</ns3:hr>
          </ns3:TrackPointExtension>
        </extensions>
      </trkpt>
      <trkpt lat="48.3369367383420467376708984375" lon="-1.17736302316188812255859375">
        <ele>76.8000030517578125</ele>
        <time>2026-06-08T14:33:55.000Z</time>
        <extensions>
          <ns3:TrackPointExtension>
            <ns3:atemp>22.0</ns3:atemp>
            <ns3:hr>111</ns3:hr>
          </ns3:TrackPointExtension>
        </extensions>
      </trkpt>
      <trkpt lat="48.33693799562752246856689453125" lon="-1.17738984525203704833984375">
        <ele>77</ele>
        <time>2026-06-08T14:33:57.000Z</time>
        <extensions>
          <ns3:TrackPointExtension>
            <ns3:atemp>22.0</ns3:atemp>
            <ns3:hr>111</ns3:hr>
          </ns3:TrackPointExtension>
        </extensions>
      </trkpt>
      <trkpt lat="48.3369685895740985870361328125" lon="-1.17742194794118404388427734375">
        <ele>76.8000030517578125</ele>
        <time>2026-06-08T14:34:00.000Z</time>
        <extensions>
          <ns3:TrackPointExtension>
            <ns3:atemp>22.0</ns3:atemp>
            <ns3:hr>111</ns3:hr>
          </ns3:TrackPointExtension>
        </extensions>
      </trkpt>
      <trkpt lat="48.33699482493102550506591796875" lon="-1.1774426512420177459716796875">
        <ele>76.8000030517578125</ele>
        <time>2026-06-08T14:34:03.000Z</time>
        <extensions>
          <ns3:TrackPointExtension>
            <ns3:atemp>22.0</ns3:atemp>
            <ns3:hr>106</ns3:hr>
          </ns3:TrackPointExtension>
        </extensions>
      </trkpt>
      <trkpt lat="48.33700991235673427581787109375" lon="-1.177429743111133575439453125">
        <ele>76.8000030517578125</ele>
        <time>2026-06-08T14:34:04.000Z</time>
        <extensions>
          <ns3:TrackPointExtension>
            <ns3:atemp>22.0</ns3:atemp>
            <ns3:hr>101</ns3:hr>
          </ns3:TrackPointExtension>
        </extensions>
      </trkpt>
      <trkpt lat="48.3370287716388702392578125" lon="-1.17739529348909854888916015625">
        <ele>76.8000030517578125</ele>
        <time>2026-06-08T14:34:05.000Z</time>
        <extensions>
          <ns3:TrackPointExtension>
            <ns3:atemp>22.0</ns3:atemp>
            <ns3:hr>94</ns3:hr>
          </ns3:TrackPointExtension>
        </extensions>
      </trkpt>
      <trkpt lat="48.33705366589128971099853515625" lon="-1.17735472507774829864501953125">
        <ele>76.8000030517578125</ele>
        <time>2026-06-08T14:34:06.000Z</time>
        <extensions>
          <ns3:TrackPointExtension>
            <ns3:atemp>22.0</ns3:atemp>
            <ns3:hr>90</ns3:hr>
          </ns3:TrackPointExtension>
        </extensions>
      </trkpt>
      <trkpt lat="48.33708099089562892913818359375" lon="-1.17731533013284206390380859375">
        <ele>76.8000030517578125</ele>
        <time>2026-06-08T14:34:07.000Z</time>
        <extensions>
          <ns3:TrackPointExtension>
            <ns3:atemp>22.0</ns3:atemp>
            <ns3:hr>90</ns3:hr>
          </ns3:TrackPointExtension>
        </extensions>
      </trkpt>
      <trkpt lat="48.33718098700046539306640625" lon="-1.17712405510246753692626953125">
        <ele>76.8000030517578125</ele>
        <time>2026-06-08T14:34:11.000Z</time>
        <extensions>
          <ns3:TrackPointExtension>
            <ns3:atemp>22.0</ns3:atemp>
            <ns3:hr>90</ns3:hr>
          </ns3:TrackPointExtension>
        </extensions>
      </trkpt>
      <trkpt lat="48.33722951821982860565185546875" lon="-1.17701433598995208740234375">
        <ele>77</ele>
        <time>2026-06-08T14:34:15.000Z</time>
        <extensions>
          <ns3:TrackPointExtension>
            <ns3:atemp>22.0</ns3:atemp>
            <ns3:hr>90</ns3:hr>
          </ns3:TrackPointExtension>
        </extensions>
      </trkpt>
      <trkpt lat="48.337229602038860321044921875" lon="-1.1770136654376983642578125">
        <ele>77</ele>
        <time>2026-06-08T14:34:17.000Z</time>
        <extensions>
          <ns3:TrackPointExtension>
            <ns3:atemp>22.0</ns3:atemp>
            <ns3:hr>90</ns3:hr>
          </ns3:TrackPointExtension>
        </extensions>
      </trkpt>
      <trkpt lat="48.33728366531431674957275390625" lon="-1.176948286592960357666015625">
        <ele>77.40000152587890625</ele>
        <time>2026-06-08T14:34:38.000Z</time>
        <extensions>
          <ns3:TrackPointExtension>
            <ns3:atemp>22.0</ns3:atemp>
            <ns3:hr>94</ns3:hr>
          </ns3:TrackPointExtension>
        </extensions>
      </trkpt>
      <trkpt lat="48.33729757927358150482177734375" lon="-1.17692372761666774749755859375">
        <ele>77.1999969482421875</ele>
        <time>2026-06-08T14:34:39.000Z</time>
        <extensions>
          <ns3:TrackPointExtension>
            <ns3:atemp>22.0</ns3:atemp>
            <ns3:hr>94</ns3:hr>
          </ns3:TrackPointExtension>
        </extensions>
      </trkpt>
      <trkpt lat="48.33738005720078945159912109375" lon="-1.176760531961917877197265625">
        <ele>77.59999847412109375</ele>
        <time>2026-06-08T14:34:44.000Z</time>
        <extensions>
          <ns3:TrackPointExtension>
            <ns3:atemp>22.0</ns3:atemp>
            <ns3:hr>94</ns3:hr>
          </ns3:TrackPointExtension>
        </extensions>
      </trkpt>
      <trkpt lat="48.337442837655544281005859375" lon="-1.17663237266242504119873046875">
        <ele>77.8000030517578125</ele>
        <time>2026-06-08T14:34:47.000Z</time>
        <extensions>
          <ns3:TrackPointExtension>
            <ns3:atemp>22.0</ns3:atemp>
            <ns3:hr>94</ns3:hr>
          </ns3:TrackPointExtension>
        </extensions>
      </trkpt>
      <trkpt lat="48.33761273883283138275146484375" lon="-1.17635157890617847442626953125">
        <ele>77.8000030517578125</ele>
        <time>2026-06-08T14:34:53.000Z</time>
        <extensions>
          <ns3:TrackPointExtension>
            <ns3:atemp>23.0</ns3:atemp>
            <ns3:hr>95</ns3:hr>
          </ns3:TrackPointExtension>
        </extensions>
      </trkpt>
      <trkpt lat="48.33775003440678119659423828125" lon="-1.176176480948925018310546875">
        <ele>78.1999969482421875</ele>
        <time>2026-06-08T14:34:59.000Z</time>
        <extensions>
          <ns3:TrackPointExtension>
            <ns3:atemp>22.0</ns3:atemp>
            <ns3:hr>98</ns3:hr>
          </ns3:TrackPointExtension>
        </extensions>
      </trkpt>
      <trkpt lat="48.33778942935168743133544921875" lon="-1.17611202411353588104248046875">
        <ele>78</ele>
        <time>2026-06-08T14:35:01.000Z</time>
        <extensions>
          <ns3:TrackPointExtension>
            <ns3:atemp>23.0</ns3:atemp>
            <ns3:hr>103</ns3:hr>
          </ns3:TrackPointExtension>
        </extensions>
      </trkpt>
      <trkpt lat="48.3378067798912525177001953125" lon="-1.1760804243385791778564453125">
        <ele>78</ele>
        <time>2026-06-08T14:35:02.000Z</time>
        <extensions>
          <ns3:TrackPointExtension>
            <ns3:atemp>23.0</ns3:atemp>
            <ns3:hr>108</ns3:hr>
          </ns3:TrackPointExtension>
        </extensions>
      </trkpt>
      <trkpt lat="48.33784910850226879119873046875" lon="-1.1760318093001842498779296875">
        <ele>78</ele>
        <time>2026-06-08T14:35:04.000Z</time>
        <extensions>
          <ns3:TrackPointExtension>
            <ns3:atemp>23.0</ns3:atemp>
            <ns3:hr>111</ns3:hr>
          </ns3:TrackPointExtension>
        </extensions>
      </trkpt>
      <trkpt lat="48.33787299692630767822265625" lon="-1.17602217011153697967529296875">
        <ele>78</ele>
        <time>2026-06-08T14:35:05.000Z</time>
        <extensions>
          <ns3:TrackPointExtension>
            <ns3:atemp>22.0</ns3:atemp>
            <ns3:hr>111</ns3:hr>
          </ns3:TrackPointExtension>
        </extensions>
      </trkpt>
      <trkpt lat="48.33789353258907794952392578125" lon="-1.1760261096060276031494140625">
        <ele>78</ele>
        <time>2026-06-08T14:35:06.000Z</time>
        <extensions>
          <ns3:TrackPointExtension>
            <ns3:atemp>23.0</ns3:atemp>
            <ns3:hr>110</ns3:hr>
          </ns3:TrackPointExtension>
        </extensions>
      </trkpt>
      <trkpt lat="48.33792756311595439910888671875" lon="-1.1760532669723033905029296875">
        <ele>77.8000030517578125</ele>
        <time>2026-06-08T14:35:09.000Z</time>
        <extensions>
          <ns3:TrackPointExtension>
            <ns3:atemp>22.0</ns3:atemp>
            <ns3:hr>109</ns3:hr>
          </ns3:TrackPointExtension>
        </extensions>
      </trkpt>
      <trkpt lat="48.3379345200955867767333984375" lon="-1.17607891559600830078125">
        <ele>77.8000030517578125</ele>
        <time>2026-06-08T14:35:10.000Z</time>
        <extensions>
          <ns3:TrackPointExtension>
            <ns3:atemp>23.0</ns3:atemp>
            <ns3:hr>109</ns3:hr>
          </ns3:TrackPointExtension>
        </extensions>
      </trkpt>
      <trkpt lat="48.33797492086887359619140625" lon="-1.176175810396671295166015625">
        <ele>77.8000030517578125</ele>
        <time>2026-06-08T14:35:13.000Z</time>
        <extensions>
          <ns3:TrackPointExtension>
            <ns3:atemp>23.0</ns3:atemp>
            <ns3:hr>110</ns3:hr>
          </ns3:TrackPointExtension>
        </extensions>
      </trkpt>
      <trkpt lat="48.338094614446163177490234375" lon="-1.17644260637462139129638671875">
        <ele>78</ele>
        <time>2026-06-08T14:35:20.000Z</time>
        <extensions>
          <ns3:TrackPointExtension>
            <ns3:atemp>23.0</ns3:atemp>
            <ns3:hr>112</ns3:hr>
          </ns3:TrackPointExtension>
        </extensions>
      </trkpt>
      <trkpt lat="48.33819779567420482635498046875" lon="-1.17667612619698047637939453125">
        <ele>78</ele>
        <time>2026-06-08T14:35:25.000Z</time>
        <extensions>
          <ns3:TrackPointExtension>
            <ns3:atemp>23.0</ns3:atemp>
            <ns3:hr>114</ns3:hr>
          </ns3:TrackPointExtension>
        </extensions>
      </trkpt>
      <trkpt lat="48.3382171578705310821533203125" lon="-1.17672407068312168121337890625">
        <ele>78</ele>
        <time>2026-06-08T14:35:26.000Z</time>
        <extensions>
          <ns3:TrackPointExtension>
            <ns3:atemp>23.0</ns3:atemp>
            <ns3:hr>114</ns3:hr>
          </ns3:TrackPointExtension>
        </extensions>
      </trkpt>
      <trkpt lat="48.338323943316936492919921875" lon="-1.1769316904246807098388671875">
        <ele>78</ele>
        <time>2026-06-08T14:35:30.000Z</time>
        <extensions>
          <ns3:TrackPointExtension>
            <ns3:atemp>23.0</ns3:atemp>
            <ns3:hr>115</ns3:hr>
          </ns3:TrackPointExtension>
        </extensions>
      </trkpt>
      <trkpt lat="48.3383841253817081451416015625" lon="-1.17704006843268871307373046875">
        <ele>78.1999969482421875</ele>
        <time>2026-06-08T14:35:32.000Z</time>
        <extensions>
          <ns3:TrackPointExtension>
            <ns3:atemp>23.0</ns3:atemp>
            <ns3:hr>115</ns3:hr>
          </ns3:TrackPointExtension>
        </extensions>
      </trkpt>
      <trkpt lat="48.33846434019505977630615234375" lon="-1.17719538509845733642578125">
        <ele>78.40000152587890625</ele>
        <time>2026-06-08T14:35:35.000Z</time>
        <extensions>
          <ns3:TrackPointExtension>
            <ns3:atemp>23.0</ns3:atemp>
            <ns3:hr>116</ns3:hr>
          </ns3:TrackPointExtension>
        </extensions>
      </trkpt>
      <trkpt lat="48.33859987556934356689453125" lon="-1.1774463392794132232666015625">
        <ele>78.59999847412109375</ele>
        <time>2026-06-08T14:35:41.000Z</time>
        <extensions>
          <ns3:TrackPointExtension>
            <ns3:atemp>23.0</ns3:atemp>
            <ns3:hr>117</ns3:hr>
          </ns3:TrackPointExtension>
        </extensions>
      </trkpt>
      <trkpt lat="48.33868009038269519805908203125" lon="-1.1776037514209747314453125">
        <ele>78.59999847412109375</ele>
        <time>2026-06-08T14:35:45.000Z</time>
        <extensions>
          <ns3:TrackPointExtension>
            <ns3:atemp>23.0</ns3:atemp>
            <ns3:hr>116</ns3:hr>
          </ns3:TrackPointExtension>
        </extensions>
      </trkpt>
      <trkpt lat="48.338743038475513458251953125" lon="-1.1777172423899173736572265625">
        <ele>78.8000030517578125</ele>
        <time>2026-06-08T14:35:48.000Z</time>
        <extensions>
          <ns3:TrackPointExtension>
            <ns3:atemp>23.0</ns3:atemp>
            <ns3:hr>115</ns3:hr>
          </ns3:TrackPointExtension>
        </extensions>
      </trkpt>
      <trkpt lat="48.33886616863310337066650390625" lon="-1.1779787577688694000244140625">
        <ele>79</ele>
        <time>2026-06-08T14:35:55.000Z</time>
        <extensions>
          <ns3:TrackPointExtension>
            <ns3:atemp>23.0</ns3:atemp>
            <ns3:hr>115</ns3:hr>
          </ns3:TrackPointExtension>
        </extensions>
      </trkpt>
      <trkpt lat="48.338998854160308837890625" lon="-1.17822778411209583282470703125">
        <ele>79.59999847412109375</ele>
        <time>2026-06-08T14:36:02.000Z</time>
        <extensions>
          <ns3:TrackPointExtension>
            <ns3:atemp>23.0</ns3:atemp>
            <ns3:hr>112</ns3:hr>
          </ns3:TrackPointExtension>
        </extensions>
      </trkpt>
      <trkpt lat="48.33905023522675037384033203125" lon="-1.1783294565975666046142578125">
        <ele>79.59999847412109375</ele>
        <time>2026-06-08T14:36:05.000Z</time>
        <extensions>
          <ns3:TrackPointExtension>
            <ns3:atemp>23.0</ns3:atemp>
            <ns3:hr>111</ns3:hr>
          </ns3:TrackPointExtension>
        </extensions>
      </trkpt>
      <trkpt lat="48.33907102234661579132080078125" lon="-1.178398691117763519287109375">
        <ele>79.8000030517578125</ele>
        <time>2026-06-08T14:36:07.000Z</time>
        <extensions>
          <ns3:TrackPointExtension>
            <ns3:atemp>23.0</ns3:atemp>
            <ns3:hr>111</ns3:hr>
          </ns3:TrackPointExtension>
        </extensions>
      </trkpt>
      <trkpt lat="48.339176885783672332763671875" lon="-1.178613938391208648681640625">
        <ele>79.8000030517578125</ele>
        <time>2026-06-08T14:36:13.000Z</time>
        <extensions>
          <ns3:TrackPointExtension>
            <ns3:atemp>23.0</ns3:atemp>
            <ns3:hr>112</ns3:hr>
          </ns3:TrackPointExtension>
        </extensions>
      </trkpt>
      <trkpt lat="48.33927872590720653533935546875" lon="-1.178819797933101654052734375">
        <ele>80.1999969482421875</ele>
        <time>2026-06-08T14:36:19.000Z</time>
        <extensions>
          <ns3:TrackPointExtension>
            <ns3:atemp>23.0</ns3:atemp>
            <ns3:hr>112</ns3:hr>
          </ns3:TrackPointExtension>
        </extensions>
      </trkpt>
      <trkpt lat="48.33938433788716793060302734375" lon="-1.1790268309414386749267578125">
        <ele>80.59999847412109375</ele>
        <time>2026-06-08T14:36:24.000Z</time>
        <extensions>
          <ns3:TrackPointExtension>
            <ns3:atemp>23.0</ns3:atemp>
            <ns3:hr>111</ns3:hr>
          </ns3:TrackPointExtension>
        </extensions>
      </trkpt>
      <trkpt lat="48.3394549973309040069580078125" lon="-1.17917460389435291290283203125">
        <ele>80.8000030517578125</ele>
        <time>2026-06-08T14:36:27.000Z</time>
        <extensions>
          <ns3:TrackPointExtension>
            <ns3:atemp>23.0</ns3:atemp>
            <ns3:hr>112</ns3:hr>
          </ns3:TrackPointExtension>
        </extensions>
      </trkpt>
      <trkpt lat="48.33949397318065166473388671875" lon="-1.17927468381822109222412109375">
        <ele>80.8000030517578125</ele>
        <time>2026-06-08T14:36:29.000Z</time>
        <extensions>
          <ns3:TrackPointExtension>
            <ns3:atemp>22.0</ns3:atemp>
            <ns3:hr>112</ns3:hr>
          </ns3:TrackPointExtension>
        </extensions>
      </trkpt>
      <trkpt lat="48.33959187380969524383544921875" lon="-1.179470904171466827392578125">
        <ele>80.8000030517578125</ele>
        <time>2026-06-08T14:36:34.000Z</time>
        <extensions>
          <ns3:TrackPointExtension>
            <ns3:atemp>23.0</ns3:atemp>
            <ns3:hr>112</ns3:hr>
          </ns3:TrackPointExtension>
        </extensions>
      </trkpt>
      <trkpt lat="48.339709304273128509521484375" lon="-1.1797148175537586212158203125">
        <ele>81.1999969482421875</ele>
        <time>2026-06-08T14:36:40.000Z</time>
        <extensions>
          <ns3:TrackPointExtension>
            <ns3:atemp>23.0</ns3:atemp>
            <ns3:hr>114</ns3:hr>
          </ns3:TrackPointExtension>
        </extensions>
      </trkpt>
      <trkpt lat="48.3398268185555934906005859375" lon="-1.17993702180683612823486328125">
        <ele>81.59999847412109375</ele>
        <time>2026-06-08T14:36:46.000Z</time>
        <extensions>
          <ns3:TrackPointExtension>
            <ns3:atemp>23.0</ns3:atemp>
            <ns3:hr>117</ns3:hr>
          </ns3:TrackPointExtension>
        </extensions>
      </trkpt>
      <trkpt lat="48.33987233228981494903564453125" lon="-1.1800598166882991790771484375">
        <ele>81.8000030517578125</ele>
        <time>2026-06-08T14:36:49.000Z</time>
        <extensions>
          <ns3:TrackPointExtension>
            <ns3:atemp>22.0</ns3:atemp>
            <ns3:hr>119</ns3:hr>
          </ns3:TrackPointExtension>
        </extensions>
      </trkpt>
      <trkpt lat="48.3399103023111820220947265625" lon="-1.1801466532051563262939453125">
        <ele>82</ele>
        <time>2026-06-08T14:36:51.000Z</time>
        <extensions>
          <ns3:TrackPointExtension>
            <ns3:atemp>22.0</ns3:atemp>
            <ns3:hr>124</ns3:hr>
          </ns3:TrackPointExtension>
        </extensions>
      </trkpt>
      <trkpt lat="48.33995849825441837310791015625" lon="-1.18021043948829174041748046875">
        <ele>82</ele>
        <time>2026-06-08T14:36:53.000Z</time>
        <extensions>
          <ns3:TrackPointExtension>
            <ns3:atemp>22.0</ns3:atemp>
            <ns3:hr>130</ns3:hr>
          </ns3:TrackPointExtension>
        </extensions>
      </trkpt>
      <trkpt lat="48.340019769966602325439453125" lon="-1.18031169287860393524169921875">
        <ele>82.1999969482421875</ele>
        <time>2026-06-08T14:36:55.000Z</time>
        <extensions>
          <ns3:TrackPointExtension>
            <ns3:atemp>22.0</ns3:atemp>
            <ns3:hr>132</ns3:hr>
          </ns3:TrackPointExtension>
        </extensions>
      </trkpt>
      <trkpt lat="48.3401964604854583740234375" lon="-1.18064336478710174560546875">
        <ele>82.40000152587890625</ele>
        <time>2026-06-08T14:37:01.000Z</time>
        <extensions>
          <ns3:TrackPointExtension>
            <ns3:atemp>22.0</ns3:atemp>
            <ns3:hr>130</ns3:hr>
          </ns3:TrackPointExtension>
        </extensions>
      </trkpt>
      <trkpt lat="48.34021992981433868408203125" lon="-1.1806985177099704742431640625">
        <ele>82.59999847412109375</ele>
        <time>2026-06-08T14:37:02.000Z</time>
        <extensions>
          <ns3:TrackPointExtension>
            <ns3:atemp>22.0</ns3:atemp>
            <ns3:hr>131</ns3:hr>
          </ns3:TrackPointExtension>
        </extensions>
      </trkpt>
      <trkpt lat="48.3402878232300281524658203125" lon="-1.18084092624485492706298828125">
        <ele>82.8000030517578125</ele>
        <time>2026-06-08T14:37:05.000Z</time>
        <extensions>
          <ns3:TrackPointExtension>
            <ns3:atemp>22.0</ns3:atemp>
            <ns3:hr>131</ns3:hr>
          </ns3:TrackPointExtension>
        </extensions>
      </trkpt>
      <trkpt lat="48.34034238941967487335205078125" lon="-1.18094922043383121490478515625">
        <ele>83.1999969482421875</ele>
        <time>2026-06-08T14:37:08.000Z</time>
        <extensions>
          <ns3:TrackPointExtension>
            <ns3:atemp>22.0</ns3:atemp>
            <ns3:hr>134</ns3:hr>
          </ns3:TrackPointExtension>
        </extensions>
      </trkpt>
      <trkpt lat="48.34045319817960262298583984375" lon="-1.18116564117372035980224609375">
        <ele>83.1999969482421875</ele>
        <time>2026-06-08T14:37:13.000Z</time>
        <extensions>
          <ns3:TrackPointExtension>
            <ns3:atemp>23.0</ns3:atemp>
            <ns3:hr>136</ns3:hr>
          </ns3:TrackPointExtension>
        </extensions>
      </trkpt>
      <trkpt lat="48.34057792089879512786865234375" lon="-1.1814123205840587615966796875">
        <ele>83.59999847412109375</ele>
        <time>2026-06-08T14:37:17.000Z</time>
        <extensions>
          <ns3:TrackPointExtension>
            <ns3:atemp>22.0</ns3:atemp>
            <ns3:hr>133</ns3:hr>
          </ns3:TrackPointExtension>
        </extensions>
      </trkpt>
      <trkpt lat="48.34061664529144763946533203125" lon="-1.18148264475166797637939453125">
        <ele>83.40000152587890625</ele>
        <time>2026-06-08T14:37:18.000Z</time>
        <extensions>
          <ns3:TrackPointExtension>
            <ns3:atemp>22.0</ns3:atemp>
            <ns3:hr>125</ns3:hr>
          </ns3:TrackPointExtension>
        </extensions>
      </trkpt>
      <trkpt lat="48.340654112398624420166015625" lon="-1.18155104108154773712158203125">
        <ele>83.59999847412109375</ele>
        <time>2026-06-08T14:37:19.000Z</time>
        <extensions>
          <ns3:TrackPointExtension>
            <ns3:atemp>22.0</ns3:atemp>
            <ns3:hr>110</ns3:hr>
          </ns3:TrackPointExtension>
        </extensions>
      </trkpt>
      <trkpt lat="48.340690322220325469970703125" lon="-1.18161876685917377471923828125">
        <ele>83.59999847412109375</ele>
        <time>2026-06-08T14:37:20.000Z</time>
        <extensions>
          <ns3:TrackPointExtension>
            <ns3:atemp>22.0</ns3:atemp>
            <ns3:hr>92</ns3:hr>
          </ns3:TrackPointExtension>
        </extensions>
      </trkpt>
      <trkpt lat="48.3407283760607242584228515625" lon="-1.18168397806584835052490234375">
        <ele>83.8000030517578125</ele>
        <time>2026-06-08T14:37:21.000Z</time>
        <extensions>
          <ns3:TrackPointExtension>
            <ns3:atemp>22.0</ns3:atemp>
            <ns3:hr>89</ns3:hr>
          </ns3:TrackPointExtension>
        </extensions>
      </trkpt>
      <trkpt lat="48.3407605625689029693603515625" lon="-1.1817543022334575653076171875">
        <ele>84</ele>
        <time>2026-06-08T14:37:22.000Z</time>
        <extensions>
          <ns3:TrackPointExtension>
            <ns3:atemp>22.0</ns3:atemp>
            <ns3:hr>90</ns3:hr>
          </ns3:TrackPointExtension>
        </extensions>
      </trkpt>
      <trkpt lat="48.3408326469361782073974609375" lon="-1.18188648484647274017333984375">
        <ele>84.1999969482421875</ele>
        <time>2026-06-08T14:37:24.000Z</time>
        <extensions>
          <ns3:TrackPointExtension>
            <ns3:atemp>22.0</ns3:atemp>
            <ns3:hr>91</ns3:hr>
          </ns3:TrackPointExtension>
        </extensions>
      </trkpt>
      <trkpt lat="48.3408628217875957489013671875" lon="-1.18195286951959133148193359375">
        <ele>84.1999969482421875</ele>
        <time>2026-06-08T14:37:25.000Z</time>
        <extensions>
          <ns3:TrackPointExtension>
            <ns3:atemp>22.0</ns3:atemp>
            <ns3:hr>91</ns3:hr>
          </ns3:TrackPointExtension>
        </extensions>
      </trkpt>
      <trkpt lat="48.34102937020361423492431640625" lon="-1.18227272294461727142333984375">
        <ele>84.59999847412109375</ele>
        <time>2026-06-08T14:37:30.000Z</time>
        <extensions>
          <ns3:TrackPointExtension>
            <ns3:atemp>22.0</ns3:atemp>
            <ns3:hr>94</ns3:hr>
          </ns3:TrackPointExtension>
        </extensions>
      </trkpt>
      <trkpt lat="48.34118477068841457366943359375" lon="-1.18258972652256488800048828125">
        <ele>85</ele>
        <time>2026-06-08T14:37:35.000Z</time>
        <extensions>
          <ns3:TrackPointExtension>
            <ns3:atemp>22.0</ns3:atemp>
            <ns3:hr>96</ns3:hr>
          </ns3:TrackPointExtension>
        </extensions>
      </trkpt>
      <trkpt lat="48.34121142514050006866455078125" lon="-1.1826511658728122711181640625">
        <ele>85.1999969482421875</ele>
        <time>2026-06-08T14:37:36.000Z</time>
        <extensions>
          <ns3:TrackPointExtension>
            <ns3:atemp>22.0</ns3:atemp>
            <ns3:hr>98</ns3:hr>
          </ns3:TrackPointExtension>
        </extensions>
      </trkpt>
      <trkpt lat="48.34126532077789306640625" lon="-1.18277731351554393768310546875">
        <ele>85.59999847412109375</ele>
        <time>2026-06-08T14:37:38.000Z</time>
        <extensions>
          <ns3:TrackPointExtension>
            <ns3:atemp>22.0</ns3:atemp>
            <ns3:hr>101</ns3:hr>
          </ns3:TrackPointExtension>
        </extensions>
      </trkpt>
      <trkpt lat="48.3413218148052692413330078125" lon="-1.18290304206311702728271484375">
        <ele>85.59999847412109375</ele>
        <time>2026-06-08T14:37:40.000Z</time>
        <extensions>
          <ns3:TrackPointExtension>
            <ns3:atemp>22.0</ns3:atemp>
            <ns3:hr>105</ns3:hr>
          </ns3:TrackPointExtension>
        </extensions>
      </trkpt>
      <trkpt lat="48.3413519896566867828369140625" lon="-1.1829628050327301025390625">
        <ele>85.59999847412109375</ele>
        <time>2026-06-08T14:37:41.000Z</time>
        <extensions>
          <ns3:TrackPointExtension>
            <ns3:atemp>22.0</ns3:atemp>
            <ns3:hr>108</ns3:hr>
          </ns3:TrackPointExtension>
        </extensions>
      </trkpt>
      <trkpt lat="48.341409154236316680908203125" lon="-1.1830682493746280670166015625">
        <ele>85.59999847412109375</ele>
        <time>2026-06-08T14:37:43.000Z</time>
        <extensions>
          <ns3:TrackPointExtension>
            <ns3:atemp>22.0</ns3:atemp>
            <ns3:hr>111</ns3:hr>
          </ns3:TrackPointExtension>
        </extensions>
      </trkpt>
      <trkpt lat="48.341461457312107086181640625" lon="-1.183170340955257415771484375">
        <ele>85.59999847412109375</ele>
        <time>2026-06-08T14:37:45.000Z</time>
        <extensions>
          <ns3:TrackPointExtension>
            <ns3:atemp>22.0</ns3:atemp>
            <ns3:hr>114</ns3:hr>
          </ns3:TrackPointExtension>
        </extensions>
      </trkpt>
      <trkpt lat="48.341489620506763458251953125" lon="-1.1832208000123500823974609375">
        <ele>85.8000030517578125</ele>
        <time>2026-06-08T14:37:46.000Z</time>
        <extensions>
          <ns3:TrackPointExtension>
            <ns3:atemp>22.0</ns3:atemp>
            <ns3:hr>114</ns3:hr>
          </ns3:TrackPointExtension>
        </extensions>
      </trkpt>
      <trkpt lat="48.34154452197253704071044921875" lon="-1.18332532234489917755126953125">
        <ele>86</ele>
        <time>2026-06-08T14:37:48.000Z</time>
        <extensions>
          <ns3:TrackPointExtension>
            <ns3:atemp>22.0</ns3:atemp>
            <ns3:hr>115</ns3:hr>
          </ns3:TrackPointExtension>
        </extensions>
      </trkpt>
      <trkpt lat="48.34173948504030704498291015625" lon="-1.18367786519229412078857421875">
        <ele>86.59999847412109375</ele>
        <time>2026-06-08T14:37:55.000Z</time>
        <extensions>
          <ns3:TrackPointExtension>
            <ns3:atemp>22.0</ns3:atemp>
            <ns3:hr>116</ns3:hr>
          </ns3:TrackPointExtension>
        </extensions>
      </trkpt>
      <trkpt lat="48.34187812171876430511474609375" lon="-1.18392412550747394561767578125">
        <ele>87.1999969482421875</ele>
        <time>2026-06-08T14:38:00.000Z</time>
        <extensions>
          <ns3:TrackPointExtension>
            <ns3:atemp>22.0</ns3:atemp>
            <ns3:hr>116</ns3:hr>
          </ns3:TrackPointExtension>
        </extensions>
      </trkpt>
      <trkpt lat="48.3419631980359554290771484375" lon="-1.184074245393276214599609375">
        <ele>87.1999969482421875</ele>
        <time>2026-06-08T14:38:03.000Z</time>
        <extensions>
          <ns3:TrackPointExtension>
            <ns3:atemp>22.0</ns3:atemp>
            <ns3:hr>116</ns3:hr>
          </ns3:TrackPointExtension>
        </extensions>
      </trkpt>
      <trkpt lat="48.34214366041123867034912109375" lon="-1.1843764968216419219970703125">
        <ele>87.59999847412109375</ele>
        <time>2026-06-08T14:38:10.000Z</time>
        <extensions>
          <ns3:TrackPointExtension>
            <ns3:atemp>22.0</ns3:atemp>
            <ns3:hr>118</ns3:hr>
          </ns3:TrackPointExtension>
        </extensions>
      </trkpt>
      <trkpt lat="48.3422585763037204742431640625" lon="-1.18455142714083194732666015625">
        <ele>88</ele>
        <time>2026-06-08T14:38:14.000Z</time>
        <extensions>
          <ns3:TrackPointExtension>
            <ns3:atemp>22.0</ns3:atemp>
            <ns3:hr>120</ns3:hr>
          </ns3:TrackPointExtension>
        </extensions>
      </trkpt>
      <trkpt lat="48.342284224927425384521484375" lon="-1.18459417484700679779052734375">
        <ele>88.1999969482421875</ele>
        <time>2026-06-08T14:38:15.000Z</time>
        <extensions>
          <ns3:TrackPointExtension>
            <ns3:atemp>22.0</ns3:atemp>
            <ns3:hr>123</ns3:hr>
          </ns3:TrackPointExtension>
        </extensions>
      </trkpt>
      <trkpt lat="48.3423105441033840179443359375" lon="-1.18463449180126190185546875">
        <ele>88.1999969482421875</ele>
        <time>2026-06-08T14:38:16.000Z</time>
        <extensions>
          <ns3:TrackPointExtension>
            <ns3:atemp>22.0</ns3:atemp>
            <ns3:hr>125</ns3:hr>
          </ns3:TrackPointExtension>
        </extensions>
      </trkpt>
      <trkpt lat="48.3424949459731578826904296875" lon="-1.18494973517954349517822265625">
        <ele>88.40000152587890625</ele>
        <time>2026-06-08T14:38:24.000Z</time>
        <extensions>
          <ns3:TrackPointExtension>
            <ns3:atemp>22.0</ns3:atemp>
            <ns3:hr>128</ns3:hr>
          </ns3:TrackPointExtension>
        </extensions>
      </trkpt>
      <trkpt lat="48.34259829483926296234130859375" lon="-1.18512659333646297454833984375">
        <ele>88.40000152587890625</ele>
        <time>2026-06-08T14:38:29.000Z</time>
        <extensions>
          <ns3:TrackPointExtension>
            <ns3:atemp>22.0</ns3:atemp>
            <ns3:hr>130</ns3:hr>
          </ns3:TrackPointExtension>
        </extensions>
      </trkpt>
      <trkpt lat="48.34268630482256412506103515625" lon="-1.18529557250440120697021484375">
        <ele>89</ele>
        <time>2026-06-08T14:38:33.000Z</time>
        <extensions>
          <ns3:TrackPointExtension>
            <ns3:atemp>22.0</ns3:atemp>
            <ns3:hr>133</ns3:hr>
          </ns3:TrackPointExtension>
        </extensions>
      </trkpt>
      <trkpt lat="48.34274497814476490020751953125" lon="-1.1853551678359508514404296875">
        <ele>89.1999969482421875</ele>
        <time>2026-06-08T14:38:35.000Z</time>
        <extensions>
          <ns3:TrackPointExtension>
            <ns3:atemp>22.0</ns3:atemp>
            <ns3:hr>134</ns3:hr>
          </ns3:TrackPointExtension>
        </extensions>
      </trkpt>
      <trkpt lat="48.34286685101687908172607421875" lon="-1.18553713895380496978759765625">
        <ele>89.40000152587890625</ele>
        <time>2026-06-08T14:38:40.000Z</time>
        <extensions>
          <ns3:TrackPointExtension>
            <ns3:atemp>22.0</ns3:atemp>
            <ns3:hr>134</ns3:hr>
          </ns3:TrackPointExtension>
        </extensions>
      </trkpt>
      <trkpt lat="48.34292569197714328765869140625" lon="-1.1856384761631488800048828125">
        <ele>89.59999847412109375</ele>
        <time>2026-06-08T14:38:43.000Z</time>
        <extensions>
          <ns3:TrackPointExtension>
            <ns3:atemp>22.0</ns3:atemp>
            <ns3:hr>131</ns3:hr>
          </ns3:TrackPointExtension>
        </extensions>
      </trkpt>
      <trkpt lat="48.34296114742755889892578125" lon="-1.18570175953209400177001953125">
        <ele>89.8000030517578125</ele>
        <time>2026-06-08T14:38:45.000Z</time>
        <extensions>
          <ns3:TrackPointExtension>
            <ns3:atemp>22.0</ns3:atemp>
            <ns3:hr>130</ns3:hr>
          </ns3:TrackPointExtension>
        </extensions>
      </trkpt>
      <trkpt lat="48.343128450214862823486328125" lon="-1.18599839508533477783203125">
        <ele>90.1999969482421875</ele>
        <time>2026-06-08T14:38:52.000Z</time>
        <extensions>
          <ns3:TrackPointExtension>
            <ns3:atemp>22.0</ns3:atemp>
            <ns3:hr>128</ns3:hr>
          </ns3:TrackPointExtension>
        </extensions>
      </trkpt>
      <trkpt lat="48.34333606995642185211181640625" lon="-1.1863663606345653533935546875">
        <ele>91</ele>
        <time>2026-06-08T14:39:00.000Z</time>
        <extensions>
          <ns3:TrackPointExtension>
            <ns3:atemp>22.0</ns3:atemp>
            <ns3:hr>131</ns3:hr>
          </ns3:TrackPointExtension>
        </extensions>
      </trkpt>
      <trkpt lat="48.3434441126883029937744140625" lon="-1.1865407042205333709716796875">
        <ele>91.1999969482421875</ele>
        <time>2026-06-08T14:39:04.000Z</time>
        <extensions>
          <ns3:TrackPointExtension>
            <ns3:atemp>22.0</ns3:atemp>
            <ns3:hr>130</ns3:hr>
          </ns3:TrackPointExtension>
        </extensions>
      </trkpt>
      <trkpt lat="48.34351661615073680877685546875" lon="-1.18663885630667209625244140625">
        <ele>91.59999847412109375</ele>
        <time>2026-06-08T14:39:07.000Z</time>
        <extensions>
          <ns3:TrackPointExtension>
            <ns3:atemp>22.0</ns3:atemp>
            <ns3:hr>130</ns3:hr>
          </ns3:TrackPointExtension>
        </extensions>
      </trkpt>
      <trkpt lat="48.34362507797777652740478515625" lon="-1.1868183128535747528076171875">
        <ele>91.8000030517578125</ele>
        <time>2026-06-08T14:39:11.000Z</time>
        <extensions>
          <ns3:TrackPointExtension>
            <ns3:atemp>22.0</ns3:atemp>
            <ns3:hr>136</ns3:hr>
          </ns3:TrackPointExtension>
        </extensions>
      </trkpt>
      <trkpt lat="48.3436533249914646148681640625" lon="-1.186874806880950927734375">
        <ele>91.8000030517578125</ele>
        <time>2026-06-08T14:39:12.000Z</time>
        <extensions>
          <ns3:TrackPointExtension>
            <ns3:atemp>22.0</ns3:atemp>
            <ns3:hr>136</ns3:hr>
          </ns3:TrackPointExtension>
        </extensions>
      </trkpt>
      <trkpt lat="48.3438806422054767608642578125" lon="-1.18725769221782684326171875">
        <ele>92.1999969482421875</ele>
        <time>2026-06-08T14:39:20.000Z</time>
        <extensions>
          <ns3:TrackPointExtension>
            <ns3:atemp>22.0</ns3:atemp>
            <ns3:hr>138</ns3:hr>
          </ns3:TrackPointExtension>
        </extensions>
      </trkpt>
      <trkpt lat="48.34394761361181735992431640625" lon="-1.18737160228192806243896484375">
        <ele>92.40000152587890625</ele>
        <time>2026-06-08T14:39:23.000Z</time>
        <extensions>
          <ns3:TrackPointExtension>
            <ns3:atemp>22.0</ns3:atemp>
            <ns3:hr>137</ns3:hr>
          </ns3:TrackPointExtension>
        </extensions>
      </trkpt>
      <trkpt lat="48.3440174348652362823486328125" lon="-1.1874930560588836669921875">
        <ele>92.40000152587890625</ele>
        <time>2026-06-08T14:39:27.000Z</time>
        <extensions>
          <ns3:TrackPointExtension>
            <ns3:atemp>22.0</ns3:atemp>
            <ns3:hr>136</ns3:hr>
          </ns3:TrackPointExtension>
        </extensions>
      </trkpt>
      <trkpt lat="48.34411692805588245391845703125" lon="-1.18765742518007755279541015625">
        <ele>92.8000030517578125</ele>
        <time>2026-06-08T14:39:33.000Z</time>
        <extensions>
          <ns3:TrackPointExtension>
            <ns3:atemp>22.0</ns3:atemp>
            <ns3:hr>134</ns3:hr>
          </ns3:TrackPointExtension>
        </extensions>
      </trkpt>
      <trkpt lat="48.34429395385086536407470703125" lon="-1.18794676847755908966064453125">
        <ele>93.1999969482421875</ele>
        <time>2026-06-08T14:39:40.000Z</time>
        <extensions>
          <ns3:TrackPointExtension>
            <ns3:atemp>22.0</ns3:atemp>
            <ns3:hr>133</ns3:hr>
          </ns3:TrackPointExtension>
        </extensions>
      </trkpt>
      <trkpt lat="48.34438498131930828094482421875" lon="-1.18810954503715038299560546875">
        <ele>93.40000152587890625</ele>
        <time>2026-06-08T14:39:44.000Z</time>
        <extensions>
          <ns3:TrackPointExtension>
            <ns3:atemp>22.0</ns3:atemp>
            <ns3:hr>133</ns3:hr>
          </ns3:TrackPointExtension>
        </extensions>
      </trkpt>
      <trkpt lat="48.3444236218929290771484375" lon="-1.18817366659641265869140625">
        <ele>93.40000152587890625</ele>
        <time>2026-06-08T14:39:46.000Z</time>
        <extensions>
          <ns3:TrackPointExtension>
            <ns3:atemp>22.0</ns3:atemp>
            <ns3:hr>133</ns3:hr>
          </ns3:TrackPointExtension>
        </extensions>
      </trkpt>
      <trkpt lat="48.34456636570394039154052734375" lon="-1.188398301601409912109375">
        <ele>93.59999847412109375</ele>
        <time>2026-06-08T14:39:52.000Z</time>
        <extensions>
          <ns3:TrackPointExtension>
            <ns3:atemp>22.0</ns3:atemp>
            <ns3:hr>132</ns3:hr>
          </ns3:TrackPointExtension>
        </extensions>
      </trkpt>
      <trkpt lat="48.3446435630321502685546875" lon="-1.18852646090090274810791015625">
        <ele>94</ele>
        <time>2026-06-08T14:39:55.000Z</time>
        <extensions>
          <ns3:TrackPointExtension>
            <ns3:atemp>22.0</ns3:atemp>
            <ns3:hr>129</ns3:hr>
          </ns3:TrackPointExtension>
        </extensions>
      </trkpt>
      <trkpt lat="48.344735763967037200927734375" lon="-1.188690662384033203125">
        <ele>94.40000152587890625</ele>
        <time>2026-06-08T14:39:59.000Z</time>
        <extensions>
          <ns3:TrackPointExtension>
            <ns3:atemp>22.0</ns3:atemp>
            <ns3:hr>129</ns3:hr>
          </ns3:TrackPointExtension>
        </extensions>
      </trkpt>
      <trkpt lat="48.34476216696202754974365234375" lon="-1.1887367628514766693115234375">
        <ele>94.40000152587890625</ele>
        <time>2026-06-08T14:40:00.000Z</time>
        <extensions>
          <ns3:TrackPointExtension>
            <ns3:atemp>22.0</ns3:atemp>
            <ns3:hr>128</ns3:hr>
          </ns3:TrackPointExtension>
        </extensions>
      </trkpt>
      <trkpt lat="48.3448117040097713470458984375" lon="-1.18883575312793254852294921875">
        <ele>94.59999847412109375</ele>
        <time>2026-06-08T14:40:02.000Z</time>
        <extensions>
          <ns3:TrackPointExtension>
            <ns3:atemp>22.0</ns3:atemp>
            <ns3:hr>125</ns3:hr>
          </ns3:TrackPointExtension>
        </extensions>
      </trkpt>
      <trkpt lat="48.344869203865528106689453125" lon="-1.18893398903310298919677734375">
        <ele>94.59999847412109375</ele>
        <time>2026-06-08T14:40:04.000Z</time>
        <extensions>
          <ns3:TrackPointExtension>
            <ns3:atemp>22.0</ns3:atemp>
            <ns3:hr>119</ns3:hr>
          </ns3:TrackPointExtension>
        </extensions>
      </trkpt>
      <trkpt lat="48.34490080364048480987548828125" lon="-1.1889789998531341552734375">
        <ele>94.59999847412109375</ele>
        <time>2026-06-08T14:40:05.000Z</time>
        <extensions>
          <ns3:TrackPointExtension>
            <ns3:atemp>22.0</ns3:atemp>
            <ns3:hr>119</ns3:hr>
          </ns3:TrackPointExtension>
        </extensions>
      </trkpt>
      <trkpt lat="48.34493081085383892059326171875" lon="-1.18902568705379962921142578125">
        <ele>94.8000030517578125</ele>
        <time>2026-06-08T14:40:06.000Z</time>
        <extensions>
          <ns3:TrackPointExtension>
            <ns3:atemp>22.0</ns3:atemp>
            <ns3:hr>120</ns3:hr>
          </ns3:TrackPointExtension>
        </extensions>
      </trkpt>
      <trkpt lat="48.34517623297870159149169921875" lon="-1.18943472392857074737548828125">
        <ele>95.40000152587890625</ele>
        <time>2026-06-08T14:40:15.000Z</time>
        <extensions>
          <ns3:TrackPointExtension>
            <ns3:atemp>22.0</ns3:atemp>
            <ns3:hr>121</ns3:hr>
          </ns3:TrackPointExtension>
        </extensions>
      </trkpt>
      <trkpt lat="48.3453451283276081085205078125" lon="-1.18968316353857517242431640625">
        <ele>96</ele>
        <time>2026-06-08T14:40:20.000Z</time>
        <extensions>
          <ns3:TrackPointExtension>
            <ns3:atemp>22.0</ns3:atemp>
            <ns3:hr>119</ns3:hr>
          </ns3:TrackPointExtension>
        </extensions>
      </trkpt>
      <trkpt lat="48.345382511615753173828125" lon="-1.18973814882338047027587890625">
        <ele>96.1999969482421875</ele>
        <time>2026-06-08T14:40:21.000Z</time>
        <extensions>
          <ns3:TrackPointExtension>
            <ns3:atemp>22.0</ns3:atemp>
            <ns3:hr>119</ns3:hr>
          </ns3:TrackPointExtension>
        </extensions>
      </trkpt>
      <trkpt lat="48.34567596204578876495361328125" lon="-1.1901130713522434234619140625">
        <ele>96.40000152587890625</ele>
        <time>2026-06-08T14:40:28.000Z</time>
        <extensions>
          <ns3:TrackPointExtension>
            <ns3:atemp>22.0</ns3:atemp>
            <ns3:hr>120</ns3:hr>
          </ns3:TrackPointExtension>
        </extensions>
      </trkpt>
      <trkpt lat="48.34603630006313323974609375" lon="-1.19050391949713230133056640625">
        <ele>97</ele>
        <time>2026-06-08T14:40:36.000Z</time>
        <extensions>
          <ns3:TrackPointExtension>
            <ns3:atemp>22.0</ns3:atemp>
            <ns3:hr>121</ns3:hr>
          </ns3:TrackPointExtension>
        </extensions>
      </trkpt>
      <trkpt lat="48.34613394923508167266845703125" lon="-1.19060416705906391143798828125">
        <ele>97</ele>
        <time>2026-06-08T14:40:40.000Z</time>
        <extensions>
          <ns3:TrackPointExtension>
            <ns3:atemp>22.0</ns3:atemp>
            <ns3:hr>119</ns3:hr>
          </ns3:TrackPointExtension>
        </extensions>
      </trkpt>
      <trkpt lat="48.34612774662673473358154296875" lon="-1.1906082741916179656982421875">
        <ele>97</ele>
        <time>2026-06-08T14:40:42.000Z</time>
        <extensions>
          <ns3:TrackPointExtension>
            <ns3:atemp>22.0</ns3:atemp>
            <ns3:hr>121</ns3:hr>
          </ns3:TrackPointExtension>
        </extensions>
      </trkpt>
      <trkpt lat="48.34615574218332767486572265625" lon="-1.1906354315578937530517578125">
        <ele>97.1999969482421875</ele>
        <time>2026-06-08T14:40:49.000Z</time>
        <extensions>
          <ns3:TrackPointExtension>
            <ns3:atemp>22.0</ns3:atemp>
            <ns3:hr>109</ns3:hr>
          </ns3:TrackPointExtension>
        </extensions>
      </trkpt>
      <trkpt lat="48.346166051924228668212890625" lon="-1.19064372964203357696533203125">
        <ele>97.1999969482421875</ele>
        <time>2026-06-08T14:40:50.000Z</time>
        <extensions>
          <ns3:TrackPointExtension>
            <ns3:atemp>22.0</ns3:atemp>
            <ns3:hr>107</ns3:hr>
          </ns3:TrackPointExtension>
        </extensions>
      </trkpt>
      <trkpt lat="48.34625230170786380767822265625" lon="-1.1906951107084751129150390625">
        <ele>97.40000152587890625</ele>
        <time>2026-06-08T14:40:54.000Z</time>
        <extensions>
          <ns3:TrackPointExtension>
            <ns3:atemp>22.0</ns3:atemp>
            <ns3:hr>105</ns3:hr>
          </ns3:TrackPointExtension>
        </extensions>
      </trkpt>
      <trkpt lat="48.34630376659333705902099609375" lon="-1.190722770988941192626953125">
        <ele>97.59999847412109375</ele>
        <time>2026-06-08T14:40:56.000Z</time>
        <extensions>
          <ns3:TrackPointExtension>
            <ns3:atemp>22.0</ns3:atemp>
            <ns3:hr>105</ns3:hr>
          </ns3:TrackPointExtension>
        </extensions>
      </trkpt>
      <trkpt lat="48.34638657979667186737060546875" lon="-1.190726459026336669921875">
        <ele>98</ele>
        <time>2026-06-08T14:40:59.000Z</time>
        <extensions>
          <ns3:TrackPointExtension>
            <ns3:atemp>22.0</ns3:atemp>
            <ns3:hr>105</ns3:hr>
          </ns3:TrackPointExtension>
        </extensions>
      </trkpt>
      <trkpt lat="48.34653896279633045196533203125" lon="-1.19073727168142795562744140625">
        <ele>98.40000152587890625</ele>
        <time>2026-06-08T14:41:04.000Z</time>
        <extensions>
          <ns3:TrackPointExtension>
            <ns3:atemp>22.0</ns3:atemp>
            <ns3:hr>102</ns3:hr>
          </ns3:TrackPointExtension>
        </extensions>
      </trkpt>
      <trkpt lat="48.3465735800564289093017578125" lon="-1.19075135327875614166259765625">
        <ele>98.59999847412109375</ele>
        <time>2026-06-08T14:41:05.000Z</time>
        <extensions>
          <ns3:TrackPointExtension>
            <ns3:atemp>22.0</ns3:atemp>
            <ns3:hr>102</ns3:hr>
          </ns3:TrackPointExtension>
        </extensions>
      </trkpt>
      <trkpt lat="48.34660484455525875091552734375" lon="-1.190775074064731597900390625">
        <ele>98.59999847412109375</ele>
        <time>2026-06-08T14:41:06.000Z</time>
        <extensions>
          <ns3:TrackPointExtension>
            <ns3:atemp>22.0</ns3:atemp>
            <ns3:hr>102</ns3:hr>
          </ns3:TrackPointExtension>
        </extensions>
      </trkpt>
      <trkpt lat="48.34672856144607067108154296875" lon="-1.1908939294517040252685546875">
        <ele>98.59999847412109375</ele>
        <time>2026-06-08T14:41:10.000Z</time>
        <extensions>
          <ns3:TrackPointExtension>
            <ns3:atemp>22.0</ns3:atemp>
            <ns3:hr>103</ns3:hr>
          </ns3:TrackPointExtension>
        </extensions>
      </trkpt>
      <trkpt lat="48.3469745703041553497314453125" lon="-1.19111143983900547027587890625">
        <ele>98.40000152587890625</ele>
        <time>2026-06-08T14:41:18.000Z</time>
        <extensions>
          <ns3:TrackPointExtension>
            <ns3:atemp>22.0</ns3:atemp>
            <ns3:hr>102</ns3:hr>
          </ns3:TrackPointExtension>
        </extensions>
      </trkpt>
      <trkpt lat="48.34718185476958751678466796875" lon="-1.19129517115652561187744140625">
        <ele>98.40000152587890625</ele>
        <time>2026-06-08T14:41:24.000Z</time>
        <extensions>
          <ns3:TrackPointExtension>
            <ns3:atemp>23.0</ns3:atemp>
            <ns3:hr>105</ns3:hr>
          </ns3:TrackPointExtension>
        </extensions>
      </trkpt>
      <trkpt lat="48.3472619019448757171630859375" lon="-1.19135744869709014892578125">
        <ele>98.8000030517578125</ele>
        <time>2026-06-08T14:41:26.000Z</time>
        <extensions>
          <ns3:TrackPointExtension>
            <ns3:atemp>22.0</ns3:atemp>
            <ns3:hr>108</ns3:hr>
          </ns3:TrackPointExtension>
        </extensions>
      </trkpt>
      <trkpt lat="48.34738972596824169158935546875" lon="-1.1914793215692043304443359375">
        <ele>99</ele>
        <time>2026-06-08T14:41:30.000Z</time>
        <extensions>
          <ns3:TrackPointExtension>
            <ns3:atemp>22.0</ns3:atemp>
            <ns3:hr>108</ns3:hr>
          </ns3:TrackPointExtension>
        </extensions>
      </trkpt>
      <trkpt lat="48.34747203625738620758056640625" lon="-1.19155769236385822296142578125">
        <ele>99.1999969482421875</ele>
        <time>2026-06-08T14:41:33.000Z</time>
        <extensions>
          <ns3:TrackPointExtension>
            <ns3:atemp>23.0</ns3:atemp>
            <ns3:hr>105</ns3:hr>
          </ns3:TrackPointExtension>
        </extensions>
      </trkpt>
      <trkpt lat="48.3475807495415210723876953125" lon="-1.19166011922061443328857421875">
        <ele>99.59999847412109375</ele>
        <time>2026-06-08T14:41:37.000Z</time>
        <extensions>
          <ns3:TrackPointExtension>
            <ns3:atemp>23.0</ns3:atemp>
            <ns3:hr>105</ns3:hr>
          </ns3:TrackPointExtension>
        </extensions>
      </trkpt>
      <trkpt lat="48.34763766266405582427978515625" lon="-1.191712506115436553955078125">
        <ele>99.59999847412109375</ele>
        <time>2026-06-08T14:41:39.000Z</time>
        <extensions>
          <ns3:TrackPointExtension>
            <ns3:atemp>23.0</ns3:atemp>
            <ns3:hr>108</ns3:hr>
          </ns3:TrackPointExtension>
        </extensions>
      </trkpt>
      <trkpt lat="48.3477587811648845672607421875" lon="-1.19182071648538112640380859375">
        <ele>99.1999969482421875</ele>
        <time>2026-06-08T14:41:43.000Z</time>
        <extensions>
          <ns3:TrackPointExtension>
            <ns3:atemp>23.0</ns3:atemp>
            <ns3:hr>109</ns3:hr>
          </ns3:TrackPointExtension>
        </extensions>
      </trkpt>
      <trkpt lat="48.34785609506070613861083984375" lon="-1.191894896328449249267578125">
        <ele>99</ele>
        <time>2026-06-08T14:41:48.000Z</time>
        <extensions>
          <ns3:TrackPointExtension>
            <ns3:atemp>23.0</ns3:atemp>
            <ns3:hr>110</ns3:hr>
          </ns3:TrackPointExtension>
        </extensions>
      </trkpt>
      <trkpt lat="48.3479207195341587066650390625" lon="-1.191942505538463592529296875">
        <ele>99</ele>
        <time>2026-06-08T14:41:54.000Z</time>
        <extensions>
          <ns3:TrackPointExtension>
            <ns3:atemp>23.0</ns3:atemp>
            <ns3:hr>107</ns3:hr>
          </ns3:TrackPointExtension>
        </extensions>
      </trkpt>
      <trkpt lat="48.347923569381237030029296875" lon="-1.191943176090717315673828125">
        <ele>98.8000030517578125</ele>
        <time>2026-06-08T14:41:56.000Z</time>
        <extensions>
          <ns3:TrackPointExtension>
            <ns3:atemp>23.0</ns3:atemp>
            <ns3:hr>108</ns3:hr>
          </ns3:TrackPointExtension>
        </extensions>
      </trkpt>
      <trkpt lat="48.34798584692180156707763671875" lon="-1.1919661425054073333740234375">
        <ele>99</ele>
        <time>2026-06-08T14:42:15.000Z</time>
        <extensions>
          <ns3:TrackPointExtension>
            <ns3:atemp>23.0</ns3:atemp>
            <ns3:hr>99</ns3:hr>
          </ns3:TrackPointExtension>
        </extensions>
      </trkpt>
      <trkpt lat="48.3479991741478443145751953125" lon="-1.19196957908570766448974609375">
        <ele>99</ele>
        <time>2026-06-08T14:42:16.000Z</time>
        <extensions>
          <ns3:TrackPointExtension>
            <ns3:atemp>23.0</ns3:atemp>
            <ns3:hr>99</ns3:hr>
          </ns3:TrackPointExtension>
        </extensions>
      </trkpt>
      <trkpt lat="48.34800965152680873870849609375" lon="-1.1919735185801982879638671875">
        <ele>99</ele>
        <time>2026-06-08T14:42:17.000Z</time>
        <extensions>
          <ns3:TrackPointExtension>
            <ns3:atemp>23.0</ns3:atemp>
            <ns3:hr>100</ns3:hr>
          </ns3:TrackPointExtension>
        </extensions>
      </trkpt>
      <trkpt lat="48.34801451303064823150634765625" lon="-1.19197812862694263458251953125">
        <ele>99</ele>
        <time>2026-06-08T14:42:19.000Z</time>
        <extensions>
          <ns3:TrackPointExtension>
            <ns3:atemp>23.0</ns3:atemp>
            <ns3:hr>101</ns3:hr>
          </ns3:TrackPointExtension>
        </extensions>
      </trkpt>
      <trkpt lat="48.348061703145503997802734375" lon="-1.1920489557087421417236328125">
        <ele>99</ele>
        <time>2026-06-08T14:43:28.000Z</time>
        <extensions>
          <ns3:TrackPointExtension>
            <ns3:atemp>23.0</ns3:atemp>
            <ns3:hr>96</ns3:hr>
          </ns3:TrackPointExtension>
        </extensions>
      </trkpt>
      <trkpt lat="48.34808056242763996124267578125" lon="-1.192065887153148651123046875">
        <ele>99</ele>
        <time>2026-06-08T14:43:29.000Z</time>
        <extensions>
          <ns3:TrackPointExtension>
            <ns3:atemp>23.0</ns3:atemp>
            <ns3:hr>97</ns3:hr>
          </ns3:TrackPointExtension>
        </extensions>
      </trkpt>
      <trkpt lat="48.3481067977845668792724609375" lon="-1.192053817212581634521484375">
        <ele>99</ele>
        <time>2026-06-08T14:43:30.000Z</time>
        <extensions>
          <ns3:TrackPointExtension>
            <ns3:atemp>23.0</ns3:atemp>
            <ns3:hr>97</ns3:hr>
          </ns3:TrackPointExtension>
        </extensions>
      </trkpt>
      <trkpt lat="48.34817276336252689361572265625" lon="-1.1920144222676753997802734375">
        <ele>99</ele>
        <time>2026-06-08T14:43:32.000Z</time>
        <extensions>
          <ns3:TrackPointExtension>
            <ns3:atemp>23.0</ns3:atemp>
            <ns3:hr>100</ns3:hr>
          </ns3:TrackPointExtension>
        </extensions>
      </trkpt>
      <trkpt lat="48.34820486605167388916015625" lon="-1.19202305562794208526611328125">
        <ele>99.1999969482421875</ele>
        <time>2026-06-08T14:43:33.000Z</time>
        <extensions>
          <ns3:TrackPointExtension>
            <ns3:atemp>23.0</ns3:atemp>
            <ns3:hr>100</ns3:hr>
          </ns3:TrackPointExtension>
        </extensions>
      </trkpt>
      <trkpt lat="48.3482918702065944671630859375" lon="-1.19208022020757198333740234375">
        <ele>99.59999847412109375</ele>
        <time>2026-06-08T14:43:36.000Z</time>
        <extensions>
          <ns3:TrackPointExtension>
            <ns3:atemp>23.0</ns3:atemp>
            <ns3:hr>106</ns3:hr>
          </ns3:TrackPointExtension>
        </extensions>
      </trkpt>
      <trkpt lat="48.3483408205211162567138671875" lon="-1.192120872437953948974609375">
        <ele>99.59999847412109375</ele>
        <time>2026-06-08T14:43:38.000Z</time>
        <extensions>
          <ns3:TrackPointExtension>
            <ns3:atemp>23.0</ns3:atemp>
            <ns3:hr>113</ns3:hr>
          </ns3:TrackPointExtension>
        </extensions>
      </trkpt>
      <trkpt lat="48.34840066730976104736328125" lon="-1.19218281470239162445068359375">
        <ele>99.8000030517578125</ele>
        <time>2026-06-08T14:43:42.000Z</time>
        <extensions>
          <ns3:TrackPointExtension>
            <ns3:atemp>23.0</ns3:atemp>
            <ns3:hr>115</ns3:hr>
          </ns3:TrackPointExtension>
        </extensions>
      </trkpt>
      <trkpt lat="48.34846193902194499969482421875" lon="-1.19222757406532764434814453125">
        <ele>99.8000030517578125</ele>
        <time>2026-06-08T14:43:48.000Z</time>
        <extensions>
          <ns3:TrackPointExtension>
            <ns3:atemp>23.0</ns3:atemp>
            <ns3:hr>116</ns3:hr>
          </ns3:TrackPointExtension>
        </extensions>
      </trkpt>
      <trkpt lat="48.3484621904790401458740234375" lon="-1.1922298371791839599609375">
        <ele>100</ele>
        <time>2026-06-08T14:43:50.000Z</time>
        <extensions>
          <ns3:TrackPointExtension>
            <ns3:atemp>23.0</ns3:atemp>
            <ns3:hr>116</ns3:hr>
          </ns3:TrackPointExtension>
        </extensions>
      </trkpt>
      <trkpt lat="48.34848247468471527099609375" lon="-1.19227065704762935638427734375">
        <ele>99.59999847412109375</ele>
        <time>2026-06-08T14:44:29.000Z</time>
        <extensions>
          <ns3:TrackPointExtension>
            <ns3:atemp>23.0</ns3:atemp>
            <ns3:hr>107</ns3:hr>
          </ns3:TrackPointExtension>
        </extensions>
      </trkpt>
      <trkpt lat="48.34849764592945575714111328125" lon="-1.19229228235781192779541015625">
        <ele>99.59999847412109375</ele>
        <time>2026-06-08T14:44:30.000Z</time>
        <extensions>
          <ns3:TrackPointExtension>
            <ns3:atemp>23.0</ns3:atemp>
            <ns3:hr>107</ns3:hr>
          </ns3:TrackPointExtension>
        </extensions>
      </trkpt>
      <trkpt lat="48.3486351929605007171630859375" lon="-1.19247685186564922332763671875">
        <ele>99.8000030517578125</ele>
        <time>2026-06-08T14:44:36.000Z</time>
        <extensions>
          <ns3:TrackPointExtension>
            <ns3:atemp>23.0</ns3:atemp>
            <ns3:hr>106</ns3:hr>
          </ns3:TrackPointExtension>
        </extensions>
      </trkpt>
      <trkpt lat="48.34880190901458263397216796875" lon="-1.1926494352519512176513671875">
        <ele>100.1999969482421875</ele>
        <time>2026-06-08T14:44:42.000Z</time>
        <extensions>
          <ns3:TrackPointExtension>
            <ns3:atemp>23.0</ns3:atemp>
            <ns3:hr>109</ns3:hr>
          </ns3:TrackPointExtension>
        </extensions>
      </trkpt>
      <trkpt lat="48.34883308969438076019287109375" lon="-1.1926718987524509429931640625">
        <ele>100.1999969482421875</ele>
        <time>2026-06-08T14:44:43.000Z</time>
        <extensions>
          <ns3:TrackPointExtension>
            <ns3:atemp>23.0</ns3:atemp>
            <ns3:hr>110</ns3:hr>
          </ns3:TrackPointExtension>
        </extensions>
      </trkpt>
      <trkpt lat="48.3489262126386165618896484375" lon="-1.19273182936012744903564453125">
        <ele>100.8000030517578125</ele>
        <time>2026-06-08T14:44:46.000Z</time>
        <extensions>
          <ns3:TrackPointExtension>
            <ns3:atemp>23.0</ns3:atemp>
            <ns3:hr>112</ns3:hr>
          </ns3:TrackPointExtension>
        </extensions>
      </trkpt>
      <trkpt lat="48.349073566496372222900390625" lon="-1.19280274026095867156982421875">
        <ele>101</ele>
        <time>2026-06-08T14:44:51.000Z</time>
        <extensions>
          <ns3:TrackPointExtension>
            <ns3:atemp>23.0</ns3:atemp>
            <ns3:hr>112</ns3:hr>
          </ns3:TrackPointExtension>
        </extensions>
      </trkpt>
      <trkpt lat="48.34910198114812374114990234375" lon="-1.19282218627631664276123046875">
        <ele>101</ele>
        <time>2026-06-08T14:44:52.000Z</time>
        <extensions>
          <ns3:TrackPointExtension>
            <ns3:atemp>23.0</ns3:atemp>
            <ns3:hr>108</ns3:hr>
          </ns3:TrackPointExtension>
        </extensions>
      </trkpt>
      <trkpt lat="48.34922636859118938446044921875" lon="-1.192896701395511627197265625">
        <ele>101</ele>
        <time>2026-06-08T14:44:57.000Z</time>
        <extensions>
          <ns3:TrackPointExtension>
            <ns3:atemp>23.0</ns3:atemp>
            <ns3:hr>105</ns3:hr>
          </ns3:TrackPointExtension>
        </extensions>
      </trkpt>
      <trkpt lat="48.349249921739101409912109375" lon="-1.19290801696479320526123046875">
        <ele>100.8000030517578125</ele>
        <time>2026-06-08T14:44:58.000Z</time>
        <extensions>
          <ns3:TrackPointExtension>
            <ns3:atemp>23.0</ns3:atemp>
            <ns3:hr>106</ns3:hr>
          </ns3:TrackPointExtension>
        </extensions>
      </trkpt>
      <trkpt lat="48.349443376064300537109375" lon="-1.1929733119904994964599609375">
        <ele>100.8000030517578125</ele>
        <time>2026-06-08T14:45:06.000Z</time>
        <extensions>
          <ns3:TrackPointExtension>
            <ns3:atemp>23.0</ns3:atemp>
            <ns3:hr>104</ns3:hr>
          </ns3:TrackPointExtension>
        </extensions>
      </trkpt>
      <trkpt lat="48.34950112737715244293212890625" lon="-1.192949675023555755615234375">
        <ele>100.8000030517578125</ele>
        <time>2026-06-08T14:45:09.000Z</time>
        <extensions>
          <ns3:TrackPointExtension>
            <ns3:atemp>23.0</ns3:atemp>
            <ns3:hr>101</ns3:hr>
          </ns3:TrackPointExtension>
        </extensions>
      </trkpt>
      <trkpt lat="48.34958226419985294342041015625" lon="-1.1929240263998508453369140625">
        <ele>101</ele>
        <time>2026-06-08T14:45:13.000Z</time>
        <extensions>
          <ns3:TrackPointExtension>
            <ns3:atemp>23.0</ns3:atemp>
            <ns3:hr>100</ns3:hr>
          </ns3:TrackPointExtension>
        </extensions>
      </trkpt>
      <trkpt lat="48.34975442849099636077880859375" lon="-1.19295545853674411773681640625">
        <ele>101.59999847412109375</ele>
        <time>2026-06-08T14:45:20.000Z</time>
        <extensions>
          <ns3:TrackPointExtension>
            <ns3:atemp>23.0</ns3:atemp>
            <ns3:hr>98</ns3:hr>
          </ns3:TrackPointExtension>
        </extensions>
      </trkpt>
      <trkpt lat="48.34984109736979007720947265625" lon="-1.1930023133754730224609375">
        <ele>101.8000030517578125</ele>
        <time>2026-06-08T14:45:24.000Z</time>
        <extensions>
          <ns3:TrackPointExtension>
            <ns3:atemp>23.0</ns3:atemp>
            <ns3:hr>96</ns3:hr>
          </ns3:TrackPointExtension>
        </extensions>
      </trkpt>
      <trkpt lat="48.34987931884825229644775390625" lon="-1.1930420435965061187744140625">
        <ele>101.8000030517578125</ele>
        <time>2026-06-08T14:45:26.000Z</time>
        <extensions>
          <ns3:TrackPointExtension>
            <ns3:atemp>23.0</ns3:atemp>
            <ns3:hr>96</ns3:hr>
          </ns3:TrackPointExtension>
        </extensions>
      </trkpt>
      <trkpt lat="48.349992223083972930908203125" lon="-1.193222589790821075439453125">
        <ele>101.40000152587890625</ele>
        <time>2026-06-08T14:45:33.000Z</time>
        <extensions>
          <ns3:TrackPointExtension>
            <ns3:atemp>24.0</ns3:atemp>
            <ns3:hr>96</ns3:hr>
          </ns3:TrackPointExtension>
        </extensions>
      </trkpt>
      <trkpt lat="48.35003681480884552001953125" lon="-1.19349055923521518707275390625">
        <ele>100.8000030517578125</ele>
        <time>2026-06-08T14:45:39.000Z</time>
        <extensions>
          <ns3:TrackPointExtension>
            <ns3:atemp>24.0</ns3:atemp>
            <ns3:hr>96</ns3:hr>
          </ns3:TrackPointExtension>
        </extensions>
      </trkpt>
      <trkpt lat="48.35009942762553691864013671875" lon="-1.1936438642442226409912109375">
        <ele>100.1999969482421875</ele>
        <time>2026-06-08T14:45:44.000Z</time>
        <extensions>
          <ns3:TrackPointExtension>
            <ns3:atemp>23.0</ns3:atemp>
            <ns3:hr>95</ns3:hr>
          </ns3:TrackPointExtension>
        </extensions>
      </trkpt>
      <trkpt lat="48.35023923777043819427490234375" lon="-1.19375542737543582916259765625">
        <ele>99.59999847412109375</ele>
        <time>2026-06-08T14:45:49.000Z</time>
        <extensions>
          <ns3:TrackPointExtension>
            <ns3:atemp>24.0</ns3:atemp>
            <ns3:hr>98</ns3:hr>
          </ns3:TrackPointExtension>
        </extensions>
      </trkpt>
      <trkpt lat="48.35034191608428955078125" lon="-1.19382851757109165191650390625">
        <ele>99.59999847412109375</ele>
        <time>2026-06-08T14:45:53.000Z</time>
        <extensions>
          <ns3:TrackPointExtension>
            <ns3:atemp>24.0</ns3:atemp>
            <ns3:hr>102</ns3:hr>
          </ns3:TrackPointExtension>
        </extensions>
      </trkpt>
      <trkpt lat="48.35039354860782623291015625" lon="-1.1938681639730930328369140625">
        <ele>99.40000152587890625</ele>
        <time>2026-06-08T14:45:55.000Z</time>
        <extensions>
          <ns3:TrackPointExtension>
            <ns3:atemp>24.0</ns3:atemp>
            <ns3:hr>101</ns3:hr>
          </ns3:TrackPointExtension>
        </extensions>
      </trkpt>
      <trkpt lat="48.35046253167092800140380859375" lon="-1.1939238198101520538330078125">
        <ele>99.40000152587890625</ele>
        <time>2026-06-08T14:46:00.000Z</time>
        <extensions>
          <ns3:TrackPointExtension>
            <ns3:atemp>23.0</ns3:atemp>
            <ns3:hr>101</ns3:hr>
          </ns3:TrackPointExtension>
        </extensions>
      </trkpt>
      <trkpt lat="48.35048331879079341888427734375" lon="-1.19395994581282138824462890625">
        <ele>99.40000152587890625</ele>
        <time>2026-06-08T14:46:03.000Z</time>
        <extensions>
          <ns3:TrackPointExtension>
            <ns3:atemp>23.0</ns3:atemp>
            <ns3:hr>103</ns3:hr>
          </ns3:TrackPointExtension>
        </extensions>
      </trkpt>
      <trkpt lat="48.3504949696362018585205078125" lon="-1.19401845149695873260498046875">
        <ele>99.40000152587890625</ele>
        <time>2026-06-08T14:46:06.000Z</time>
        <extensions>
          <ns3:TrackPointExtension>
            <ns3:atemp>24.0</ns3:atemp>
            <ns3:hr>103</ns3:hr>
          </ns3:TrackPointExtension>
        </extensions>
      </trkpt>
      <trkpt lat="48.35047443397343158721923828125" lon="-1.1941301822662353515625">
        <ele>99.40000152587890625</ele>
        <time>2026-06-08T14:46:10.000Z</time>
        <extensions>
          <ns3:TrackPointExtension>
            <ns3:atemp>24.0</ns3:atemp>
            <ns3:hr>104</ns3:hr>
          </ns3:TrackPointExtension>
        </extensions>
      </trkpt>
      <trkpt lat="48.35046772845089435577392578125" lon="-1.19416731409728527069091796875">
        <ele>99.40000152587890625</ele>
        <time>2026-06-08T14:46:11.000Z</time>
        <extensions>
          <ns3:TrackPointExtension>
            <ns3:atemp>24.0</ns3:atemp>
            <ns3:hr>104</ns3:hr>
          </ns3:TrackPointExtension>
        </extensions>
      </trkpt>
      <trkpt lat="48.35041902959346771240234375" lon="-1.19446218945086002349853515625">
        <ele>99.1999969482421875</ele>
        <time>2026-06-08T14:46:19.000Z</time>
        <extensions>
          <ns3:TrackPointExtension>
            <ns3:atemp>23.0</ns3:atemp>
            <ns3:hr>106</ns3:hr>
          </ns3:TrackPointExtension>
        </extensions>
      </trkpt>
      <trkpt lat="48.3503896929323673248291015625" lon="-1.1947207711637020111083984375">
        <ele>99.1999969482421875</ele>
        <time>2026-06-08T14:46:26.000Z</time>
        <extensions>
          <ns3:TrackPointExtension>
            <ns3:atemp>23.0</ns3:atemp>
            <ns3:hr>105</ns3:hr>
          </ns3:TrackPointExtension>
        </extensions>
      </trkpt>
      <trkpt lat="48.35034468211233615875244140625" lon="-1.19498438201844692230224609375">
        <ele>99</ele>
        <time>2026-06-08T14:46:33.000Z</time>
        <extensions>
          <ns3:TrackPointExtension>
            <ns3:atemp>23.0</ns3:atemp>
            <ns3:hr>102</ns3:hr>
          </ns3:TrackPointExtension>
        </extensions>
      </trkpt>
      <trkpt lat="48.35031132213771343231201171875" lon="-1.1950657702982425689697265625">
        <ele>98.8000030517578125</ele>
        <time>2026-06-08T14:46:38.000Z</time>
        <extensions>
          <ns3:TrackPointExtension>
            <ns3:atemp>24.0</ns3:atemp>
            <ns3:hr>103</ns3:hr>
          </ns3:TrackPointExtension>
        </extensions>
      </trkpt>
      <trkpt lat="48.35029304958879947662353515625" lon="-1.195110194385051727294921875">
        <ele>99</ele>
        <time>2026-06-08T14:46:42.000Z</time>
        <extensions>
          <ns3:TrackPointExtension>
            <ns3:atemp>24.0</ns3:atemp>
            <ns3:hr>102</ns3:hr>
          </ns3:TrackPointExtension>
        </extensions>
      </trkpt>
      <trkpt lat="48.35029539652168750762939453125" lon="-1.195195354521274566650390625">
        <ele>98.8000030517578125</ele>
        <time>2026-06-08T14:47:45.000Z</time>
        <extensions>
          <ns3:TrackPointExtension>
            <ns3:atemp>23.0</ns3:atemp>
            <ns3:hr>110</ns3:hr>
          </ns3:TrackPointExtension>
        </extensions>
      </trkpt>
      <trkpt lat="48.3503209613263607025146484375" lon="-1.19526852853596210479736328125">
        <ele>98.59999847412109375</ele>
        <time>2026-06-08T14:47:48.000Z</time>
        <extensions>
          <ns3:TrackPointExtension>
            <ns3:atemp>24.0</ns3:atemp>
            <ns3:hr>110</ns3:hr>
          </ns3:TrackPointExtension>
        </extensions>
      </trkpt>
      <trkpt lat="48.35035138763487339019775390625" lon="-1.1953031457960605621337890625">
        <ele>98.59999847412109375</ele>
        <time>2026-06-08T14:47:50.000Z</time>
        <extensions>
          <ns3:TrackPointExtension>
            <ns3:atemp>23.0</ns3:atemp>
            <ns3:hr>109</ns3:hr>
          </ns3:TrackPointExtension>
        </extensions>
      </trkpt>
      <trkpt lat="48.3503890223801136016845703125" lon="-1.19536735117435455322265625">
        <ele>98.8000030517578125</ele>
        <time>2026-06-08T14:47:53.000Z</time>
        <extensions>
          <ns3:TrackPointExtension>
            <ns3:atemp>23.0</ns3:atemp>
            <ns3:hr>106</ns3:hr>
          </ns3:TrackPointExtension>
        </extensions>
      </trkpt>
      <trkpt lat="48.35042883642017841339111328125" lon="-1.1954228393733501434326171875">
        <ele>98.8000030517578125</ele>
        <time>2026-06-08T14:47:56.000Z</time>
        <extensions>
          <ns3:TrackPointExtension>
            <ns3:atemp>24.0</ns3:atemp>
            <ns3:hr>108</ns3:hr>
          </ns3:TrackPointExtension>
        </extensions>
      </trkpt>
      <trkpt lat="48.3505295030772686004638671875" lon="-1.19549810886383056640625">
        <ele>98.8000030517578125</ele>
        <time>2026-06-08T14:48:02.000Z</time>
        <extensions>
          <ns3:TrackPointExtension>
            <ns3:atemp>23.0</ns3:atemp>
            <ns3:hr>107</ns3:hr>
          </ns3:TrackPointExtension>
        </extensions>
      </trkpt>
      <trkpt lat="48.3505469374358654022216796875" lon="-1.1955177225172519683837890625">
        <ele>98.8000030517578125</ele>
        <time>2026-06-08T14:48:03.000Z</time>
        <extensions>
          <ns3:TrackPointExtension>
            <ns3:atemp>24.0</ns3:atemp>
            <ns3:hr>102</ns3:hr>
          </ns3:TrackPointExtension>
        </extensions>
      </trkpt>
      <trkpt lat="48.3505657128989696502685546875" lon="-1.19554261676967144012451171875">
        <ele>98.8000030517578125</ele>
        <time>2026-06-08T14:48:04.000Z</time>
        <extensions>
          <ns3:TrackPointExtension>
            <ns3:atemp>24.0</ns3:atemp>
            <ns3:hr>103</ns3:hr>
          </ns3:TrackPointExtension>
        </extensions>
      </trkpt>
      <trkpt lat="48.35059680975973606109619140625" lon="-1.19558637030422687530517578125">
        <ele>99</ele>
        <time>2026-06-08T14:48:06.000Z</time>
        <extensions>
          <ns3:TrackPointExtension>
            <ns3:atemp>24.0</ns3:atemp>
            <ns3:hr>99</ns3:hr>
          </ns3:TrackPointExtension>
        </extensions>
      </trkpt>
      <trkpt lat="48.35060837678611278533935546875" lon="-1.195605732500553131103515625">
        <ele>99.1999969482421875</ele>
        <time>2026-06-08T14:48:07.000Z</time>
        <extensions>
          <ns3:TrackPointExtension>
            <ns3:atemp>23.0</ns3:atemp>
            <ns3:hr>96</ns3:hr>
          </ns3:TrackPointExtension>
        </extensions>
      </trkpt>
      <trkpt lat="48.35064609535038471221923828125" lon="-1.19568577967584133148193359375">
        <ele>99.40000152587890625</ele>
        <time>2026-06-08T14:48:10.000Z</time>
        <extensions>
          <ns3:TrackPointExtension>
            <ns3:atemp>23.0</ns3:atemp>
            <ns3:hr>93</ns3:hr>
          </ns3:TrackPointExtension>
        </extensions>
      </trkpt>
      <trkpt lat="48.35066386498510837554931640625" lon="-1.19577077217400074005126953125">
        <ele>99.59999847412109375</ele>
        <time>2026-06-08T14:48:12.000Z</time>
        <extensions>
          <ns3:TrackPointExtension>
            <ns3:atemp>24.0</ns3:atemp>
            <ns3:hr>94</ns3:hr>
          </ns3:TrackPointExtension>
        </extensions>
      </trkpt>
      <trkpt lat="48.35066604427993297576904296875" lon="-1.19597026146948337554931640625">
        <ele>99.8000030517578125</ele>
        <time>2026-06-08T14:48:16.000Z</time>
        <extensions>
          <ns3:TrackPointExtension>
            <ns3:atemp>24.0</ns3:atemp>
            <ns3:hr>94</ns3:hr>
          </ns3:TrackPointExtension>
        </extensions>
      </trkpt>
      <trkpt lat="48.350655399262905120849609375" lon="-1.19601242244243621826171875">
        <ele>99.8000030517578125</ele>
        <time>2026-06-08T14:48:17.000Z</time>
        <extensions>
          <ns3:TrackPointExtension>
            <ns3:atemp>23.0</ns3:atemp>
            <ns3:hr>94</ns3:hr>
          </ns3:TrackPointExtension>
        </extensions>
      </trkpt>
      <trkpt lat="48.3505553193390369415283203125" lon="-1.19620176963508129119873046875">
        <ele>100.1999969482421875</ele>
        <time>2026-06-08T14:48:23.000Z</time>
        <extensions>
          <ns3:TrackPointExtension>
            <ns3:atemp>23.0</ns3:atemp>
            <ns3:hr>96</ns3:hr>
          </ns3:TrackPointExtension>
        </extensions>
      </trkpt>
      <trkpt lat="48.35045616142451763153076171875" lon="-1.19629941880702972412109375">
        <ele>100.40000152587890625</ele>
        <time>2026-06-08T14:48:29.000Z</time>
        <extensions>
          <ns3:TrackPointExtension>
            <ns3:atemp>24.0</ns3:atemp>
            <ns3:hr>98</ns3:hr>
          </ns3:TrackPointExtension>
        </extensions>
      </trkpt>
      <trkpt lat="48.350425399839878082275390625" lon="-1.196417771279811859130859375">
        <ele>100.40000152587890625</ele>
        <time>2026-06-08T14:48:35.000Z</time>
        <extensions>
          <ns3:TrackPointExtension>
            <ns3:atemp>24.0</ns3:atemp>
            <ns3:hr>97</ns3:hr>
          </ns3:TrackPointExtension>
        </extensions>
      </trkpt>
      <trkpt lat="48.35041944868862628936767578125" lon="-1.19649597443640232086181640625">
        <ele>100.40000152587890625</ele>
        <time>2026-06-08T14:48:39.000Z</time>
        <extensions>
          <ns3:TrackPointExtension>
            <ns3:atemp>24.0</ns3:atemp>
            <ns3:hr>94</ns3:hr>
          </ns3:TrackPointExtension>
        </extensions>
      </trkpt>
      <trkpt lat="48.3504104800522327423095703125" lon="-1.1965560726821422576904296875">
        <ele>100.59999847412109375</ele>
        <time>2026-06-08T14:48:42.000Z</time>
        <extensions>
          <ns3:TrackPointExtension>
            <ns3:atemp>24.0</ns3:atemp>
            <ns3:hr>91</ns3:hr>
          </ns3:TrackPointExtension>
        </extensions>
      </trkpt>
      <trkpt lat="48.3504076302051544189453125" lon="-1.1965735070407390594482421875">
        <ele>100.59999847412109375</ele>
        <time>2026-06-08T14:48:43.000Z</time>
        <extensions>
          <ns3:TrackPointExtension>
            <ns3:atemp>24.0</ns3:atemp>
            <ns3:hr>91</ns3:hr>
          </ns3:TrackPointExtension>
        </extensions>
      </trkpt>
      <trkpt lat="48.3504017628729343414306640625" lon="-1.19662807323038578033447265625">
        <ele>100.8000030517578125</ele>
        <time>2026-06-08T14:48:45.000Z</time>
        <extensions>
          <ns3:TrackPointExtension>
            <ns3:atemp>24.0</ns3:atemp>
            <ns3:hr>92</ns3:hr>
          </ns3:TrackPointExtension>
        </extensions>
      </trkpt>
      <trkpt lat="48.35038860328495502471923828125" lon="-1.19673737324774265289306640625">
        <ele>101</ele>
        <time>2026-06-08T14:48:48.000Z</time>
        <extensions>
          <ns3:TrackPointExtension>
            <ns3:atemp>24.0</ns3:atemp>
            <ns3:hr>96</ns3:hr>
          </ns3:TrackPointExtension>
        </extensions>
      </trkpt>
      <trkpt lat="48.35038550198078155517578125" lon="-1.19677542708814144134521484375">
        <ele>101</ele>
        <time>2026-06-08T14:48:49.000Z</time>
        <extensions>
          <ns3:TrackPointExtension>
            <ns3:atemp>24.0</ns3:atemp>
            <ns3:hr>99</ns3:hr>
          </ns3:TrackPointExtension>
        </extensions>
      </trkpt>
      <trkpt lat="48.35036798380315303802490234375" lon="-1.19693568907678127288818359375">
        <ele>101.59999847412109375</ele>
        <time>2026-06-08T14:48:53.000Z</time>
        <extensions>
          <ns3:TrackPointExtension>
            <ns3:atemp>24.0</ns3:atemp>
            <ns3:hr>102</ns3:hr>
          </ns3:TrackPointExtension>
        </extensions>
      </trkpt>
      <trkpt lat="48.35036211647093296051025390625" lon="-1.1970268003642559051513671875">
        <ele>101.8000030517578125</ele>
        <time>2026-06-08T14:48:56.000Z</time>
        <extensions>
          <ns3:TrackPointExtension>
            <ns3:atemp>24.0</ns3:atemp>
            <ns3:hr>103</ns3:hr>
          </ns3:TrackPointExtension>
        </extensions>
      </trkpt>
      <trkpt lat="48.35035792551934719085693359375" lon="-1.19705856777727603912353515625">
        <ele>101.8000030517578125</ele>
        <time>2026-06-08T14:48:57.000Z</time>
        <extensions>
          <ns3:TrackPointExtension>
            <ns3:atemp>24.0</ns3:atemp>
            <ns3:hr>103</ns3:hr>
          </ns3:TrackPointExtension>
        </extensions>
      </trkpt>
      <trkpt lat="48.35034065879881381988525390625" lon="-1.197257973253726959228515625">
        <ele>102.40000152587890625</ele>
        <time>2026-06-08T14:49:03.000Z</time>
        <extensions>
          <ns3:TrackPointExtension>
            <ns3:atemp>24.0</ns3:atemp>
            <ns3:hr>106</ns3:hr>
          </ns3:TrackPointExtension>
        </extensions>
      </trkpt>
      <trkpt lat="48.35033764131367206573486328125" lon="-1.19728739373385906219482421875">
        <ele>102.40000152587890625</ele>
        <time>2026-06-08T14:49:04.000Z</time>
        <extensions>
          <ns3:TrackPointExtension>
            <ns3:atemp>23.0</ns3:atemp>
            <ns3:hr>105</ns3:hr>
          </ns3:TrackPointExtension>
        </extensions>
      </trkpt>
      <trkpt lat="48.35031836293637752532958984375" lon="-1.19748839177191257476806640625">
        <ele>102.8000030517578125</ele>
        <time>2026-06-08T14:49:10.000Z</time>
        <extensions>
          <ns3:TrackPointExtension>
            <ns3:atemp>24.0</ns3:atemp>
            <ns3:hr>105</ns3:hr>
          </ns3:TrackPointExtension>
        </extensions>
      </trkpt>
      <trkpt lat="48.35030377842485904693603515625" lon="-1.1975608952343463897705078125">
        <ele>103</ele>
        <time>2026-06-08T14:49:12.000Z</time>
        <extensions>
          <ns3:TrackPointExtension>
            <ns3:atemp>23.0</ns3:atemp>
            <ns3:hr>105</ns3:hr>
          </ns3:TrackPointExtension>
        </extensions>
      </trkpt>
      <trkpt lat="48.3502760343253612518310546875" lon="-1.19783766567707061767578125">
        <ele>104</ele>
        <time>2026-06-08T14:49:19.000Z</time>
        <extensions>
          <ns3:TrackPointExtension>
            <ns3:atemp>24.0</ns3:atemp>
            <ns3:hr>105</ns3:hr>
          </ns3:TrackPointExtension>
        </extensions>
      </trkpt>
      <trkpt lat="48.350245691835880279541015625" lon="-1.1981037072837352752685546875">
        <ele>104.59999847412109375</ele>
        <time>2026-06-08T14:49:26.000Z</time>
        <extensions>
          <ns3:TrackPointExtension>
            <ns3:atemp>24.0</ns3:atemp>
            <ns3:hr>105</ns3:hr>
          </ns3:TrackPointExtension>
        </extensions>
      </trkpt>
      <trkpt lat="48.35023554973304271697998046875" lon="-1.198289953172206878662109375">
        <ele>105</ele>
        <time>2026-06-08T14:49:31.000Z</time>
        <extensions>
          <ns3:TrackPointExtension>
            <ns3:atemp>24.0</ns3:atemp>
            <ns3:hr>104</ns3:hr>
          </ns3:TrackPointExtension>
        </extensions>
      </trkpt>
      <trkpt lat="48.35022280924022197723388671875" lon="-1.1983756162226200103759765625">
        <ele>105.1999969482421875</ele>
        <time>2026-06-08T14:49:34.000Z</time>
        <extensions>
          <ns3:TrackPointExtension>
            <ns3:atemp>23.0</ns3:atemp>
            <ns3:hr>105</ns3:hr>
          </ns3:TrackPointExtension>
        </extensions>
      </trkpt>
      <trkpt lat="48.35020369850099086761474609375" lon="-1.19849237613379955291748046875">
        <ele>105.59999847412109375</ele>
        <time>2026-06-08T14:49:40.000Z</time>
        <extensions>
          <ns3:TrackPointExtension>
            <ns3:atemp>23.0</ns3:atemp>
            <ns3:hr>105</ns3:hr>
          </ns3:TrackPointExtension>
        </extensions>
      </trkpt>
      <trkpt lat="48.35020319558680057525634765625" lon="-1.19849137030541896820068359375">
        <ele>105.59999847412109375</ele>
        <time>2026-06-08T14:49:41.000Z</time>
        <extensions>
          <ns3:TrackPointExtension>
            <ns3:atemp>23.0</ns3:atemp>
            <ns3:hr>105</ns3:hr>
          </ns3:TrackPointExtension>
        </extensions>
      </trkpt>
      <trkpt lat="48.35019682534039020538330078125" lon="-1.19853160344064235687255859375">
        <ele>105.59999847412109375</ele>
        <time>2026-06-08T14:50:17.000Z</time>
        <extensions>
          <ns3:TrackPointExtension>
            <ns3:atemp>23.0</ns3:atemp>
            <ns3:hr>88</ns3:hr>
          </ns3:TrackPointExtension>
        </extensions>
      </trkpt>
      <trkpt lat="48.3501902036368846893310546875" lon="-1.19856311939656734466552734375">
        <ele>105.59999847412109375</ele>
        <time>2026-06-08T14:50:18.000Z</time>
        <extensions>
          <ns3:TrackPointExtension>
            <ns3:atemp>23.0</ns3:atemp>
            <ns3:hr>88</ns3:hr>
          </ns3:TrackPointExtension>
        </extensions>
      </trkpt>
      <trkpt lat="48.350185342133045196533203125" lon="-1.198595724999904632568359375">
        <ele>105.59999847412109375</ele>
        <time>2026-06-08T14:50:19.000Z</time>
        <extensions>
          <ns3:TrackPointExtension>
            <ns3:atemp>23.0</ns3:atemp>
            <ns3:hr>89</ns3:hr>
          </ns3:TrackPointExtension>
        </extensions>
      </trkpt>
      <trkpt lat="48.35014737211167812347412109375" lon="-1.198760010302066802978515625">
        <ele>106</ele>
        <time>2026-06-08T14:50:23.000Z</time>
        <extensions>
          <ns3:TrackPointExtension>
            <ns3:atemp>23.0</ns3:atemp>
            <ns3:hr>90</ns3:hr>
          </ns3:TrackPointExtension>
        </extensions>
      </trkpt>
      <trkpt lat="48.35009272210299968719482421875" lon="-1.19881055317819118499755859375">
        <ele>106.40000152587890625</ele>
        <time>2026-06-08T14:50:25.000Z</time>
        <extensions>
          <ns3:TrackPointExtension>
            <ns3:atemp>23.0</ns3:atemp>
            <ns3:hr>91</ns3:hr>
          </ns3:TrackPointExtension>
        </extensions>
      </trkpt>
      <trkpt lat="48.349936902523040771484375" lon="-1.1987759359180927276611328125">
        <ele>106.59999847412109375</ele>
        <time>2026-06-08T14:50:29.000Z</time>
        <extensions>
          <ns3:TrackPointExtension>
            <ns3:atemp>23.0</ns3:atemp>
            <ns3:hr>92</ns3:hr>
          </ns3:TrackPointExtension>
        </extensions>
      </trkpt>
      <trkpt lat="48.34962886758148670196533203125" lon="-1.19868926703929901123046875">
        <ele>105.8000030517578125</ele>
        <time>2026-06-08T14:50:36.000Z</time>
        <extensions>
          <ns3:TrackPointExtension>
            <ns3:atemp>24.0</ns3:atemp>
            <ns3:hr>93</ns3:hr>
          </ns3:TrackPointExtension>
        </extensions>
      </trkpt>
      <trkpt lat="48.34945854730904102325439453125" lon="-1.1986456811428070068359375">
        <ele>105.1999969482421875</ele>
        <time>2026-06-08T14:50:40.000Z</time>
        <extensions>
          <ns3:TrackPointExtension>
            <ns3:atemp>24.0</ns3:atemp>
            <ns3:hr>96</ns3:hr>
          </ns3:TrackPointExtension>
        </extensions>
      </trkpt>
      <trkpt lat="48.349407501518726348876953125" lon="-1.19863000698387622833251953125">
        <ele>105</ele>
        <time>2026-06-08T14:50:42.000Z</time>
        <extensions>
          <ns3:TrackPointExtension>
            <ns3:atemp>23.0</ns3:atemp>
            <ns3:hr>97</ns3:hr>
          </ns3:TrackPointExtension>
        </extensions>
      </trkpt>
      <trkpt lat="48.34938612766563892364501953125" lon="-1.1986217088997364044189453125">
        <ele>104.8000030517578125</ele>
        <time>2026-06-08T14:50:43.000Z</time>
        <extensions>
          <ns3:TrackPointExtension>
            <ns3:atemp>24.0</ns3:atemp>
            <ns3:hr>96</ns3:hr>
          </ns3:TrackPointExtension>
        </extensions>
      </trkpt>
      <trkpt lat="48.3492936752736568450927734375" lon="-1.1985935457050800323486328125">
        <ele>104.59999847412109375</ele>
        <time>2026-06-08T14:50:49.000Z</time>
        <extensions>
          <ns3:TrackPointExtension>
            <ns3:atemp>24.0</ns3:atemp>
            <ns3:hr>95</ns3:hr>
          </ns3:TrackPointExtension>
        </extensions>
      </trkpt>
      <trkpt lat="48.34928018040955066680908203125" lon="-1.1985875107347965240478515625">
        <ele>104.59999847412109375</ele>
        <time>2026-06-08T14:50:50.000Z</time>
        <extensions>
          <ns3:TrackPointExtension>
            <ns3:atemp>23.0</ns3:atemp>
            <ns3:hr>91</ns3:hr>
          </ns3:TrackPointExtension>
        </extensions>
      </trkpt>
      <trkpt lat="48.34924296475946903228759765625" lon="-1.19855909608304500579833984375">
        <ele>104.59999847412109375</ele>
        <time>2026-06-08T14:50:55.000Z</time>
        <extensions>
          <ns3:TrackPointExtension>
            <ns3:atemp>24.0</ns3:atemp>
            <ns3:hr>89</ns3:hr>
          </ns3:TrackPointExtension>
        </extensions>
      </trkpt>
      <trkpt lat="48.34912125952541828155517578125" lon="-1.1985224671661853790283203125">
        <ele>104.40000152587890625</ele>
        <time>2026-06-08T14:51:01.000Z</time>
        <extensions>
          <ns3:TrackPointExtension>
            <ns3:atemp>23.0</ns3:atemp>
            <ns3:hr>93</ns3:hr>
          </ns3:TrackPointExtension>
        </extensions>
      </trkpt>
      <trkpt lat="48.3489892445504665374755859375" lon="-1.198494471609592437744140625">
        <ele>103.8000030517578125</ele>
        <time>2026-06-08T14:51:05.000Z</time>
        <extensions>
          <ns3:TrackPointExtension>
            <ns3:atemp>23.0</ns3:atemp>
            <ns3:hr>95</ns3:hr>
          </ns3:TrackPointExtension>
        </extensions>
      </trkpt>
      <trkpt lat="48.34887935779988765716552734375" lon="-1.19845457375049591064453125">
        <ele>103.40000152587890625</ele>
        <time>2026-06-08T14:51:08.000Z</time>
        <extensions>
          <ns3:TrackPointExtension>
            <ns3:atemp>24.0</ns3:atemp>
            <ns3:hr>97</ns3:hr>
          </ns3:TrackPointExtension>
        </extensions>
      </trkpt>
      <trkpt lat="48.34869730286300182342529296875" lon="-1.198371089994907379150390625">
        <ele>103</ele>
        <time>2026-06-08T14:51:13.000Z</time>
        <extensions>
          <ns3:TrackPointExtension>
            <ns3:atemp>23.0</ns3:atemp>
            <ns3:hr>92</ns3:hr>
          </ns3:TrackPointExtension>
        </extensions>
      </trkpt>
      <trkpt lat="48.348658494651317596435546875" lon="-1.1983749456703662872314453125">
        <ele>103</ele>
        <time>2026-06-08T14:51:14.000Z</time>
        <extensions>
          <ns3:TrackPointExtension>
            <ns3:atemp>24.0</ns3:atemp>
            <ns3:hr>89</ns3:hr>
          </ns3:TrackPointExtension>
        </extensions>
      </trkpt>
      <trkpt lat="48.3486160822212696075439453125" lon="-1.19837972335517406463623046875">
        <ele>102.8000030517578125</ele>
        <time>2026-06-08T14:51:15.000Z</time>
        <extensions>
          <ns3:TrackPointExtension>
            <ns3:atemp>23.0</ns3:atemp>
            <ns3:hr>86</ns3:hr>
          </ns3:TrackPointExtension>
        </extensions>
      </trkpt>
      <trkpt lat="48.348574005067348480224609375" lon="-1.19837972335517406463623046875">
        <ele>102.59999847412109375</ele>
        <time>2026-06-08T14:51:16.000Z</time>
        <extensions>
          <ns3:TrackPointExtension>
            <ns3:atemp>24.0</ns3:atemp>
            <ns3:hr>86</ns3:hr>
          </ns3:TrackPointExtension>
        </extensions>
      </trkpt>
      <trkpt lat="48.348297066986560821533203125" lon="-1.1983917094767093658447265625">
        <ele>102</ele>
        <time>2026-06-08T14:51:23.000Z</time>
        <extensions>
          <ns3:TrackPointExtension>
            <ns3:atemp>23.0</ns3:atemp>
            <ns3:hr>88</ns3:hr>
          </ns3:TrackPointExtension>
        </extensions>
      </trkpt>
      <trkpt lat="48.34818902425467967987060546875" lon="-1.1984128318727016448974609375">
        <ele>101.59999847412109375</ele>
        <time>2026-06-08T14:51:26.000Z</time>
        <extensions>
          <ns3:TrackPointExtension>
            <ns3:atemp>23.0</ns3:atemp>
            <ns3:hr>90</ns3:hr>
          </ns3:TrackPointExtension>
        </extensions>
      </trkpt>
      <trkpt lat="48.3481051214039325714111328125" lon="-1.198425404727458953857421875">
        <ele>101.40000152587890625</ele>
        <time>2026-06-08T14:51:28.000Z</time>
        <extensions>
          <ns3:TrackPointExtension>
            <ns3:atemp>23.0</ns3:atemp>
            <ns3:hr>95</ns3:hr>
          </ns3:TrackPointExtension>
        </extensions>
      </trkpt>
      <trkpt lat="48.3480129204690456390380859375" lon="-1.19844057597219944000244140625">
        <ele>101</ele>
        <time>2026-06-08T14:51:30.000Z</time>
        <extensions>
          <ns3:TrackPointExtension>
            <ns3:atemp>23.0</ns3:atemp>
            <ns3:hr>98</ns3:hr>
          </ns3:TrackPointExtension>
        </extensions>
      </trkpt>
      <trkpt lat="48.34796489216387271881103515625" lon="-1.1984554119408130645751953125">
        <ele>100.8000030517578125</ele>
        <time>2026-06-08T14:51:31.000Z</time>
        <extensions>
          <ns3:TrackPointExtension>
            <ns3:atemp>23.0</ns3:atemp>
            <ns3:hr>99</ns3:hr>
          </ns3:TrackPointExtension>
        </extensions>
      </trkpt>
      <trkpt lat="48.3478721044957637786865234375" lon="-1.19847997091710567474365234375">
        <ele>100.40000152587890625</ele>
        <time>2026-06-08T14:51:33.000Z</time>
        <extensions>
          <ns3:TrackPointExtension>
            <ns3:atemp>23.0</ns3:atemp>
            <ns3:hr>98</ns3:hr>
          </ns3:TrackPointExtension>
        </extensions>
      </trkpt>
      <trkpt lat="48.3477326296269893646240234375" lon="-1.19852573610842227935791015625">
        <ele>100.1999969482421875</ele>
        <time>2026-06-08T14:51:36.000Z</time>
        <extensions>
          <ns3:TrackPointExtension>
            <ns3:atemp>23.0</ns3:atemp>
            <ns3:hr>99</ns3:hr>
          </ns3:TrackPointExtension>
        </extensions>
      </trkpt>
      <trkpt lat="48.347592651844024658203125" lon="-1.1985717527568340301513671875">
        <ele>100</ele>
        <time>2026-06-08T14:51:39.000Z</time>
        <extensions>
          <ns3:TrackPointExtension>
            <ns3:atemp>23.0</ns3:atemp>
            <ns3:hr>102</ns3:hr>
          </ns3:TrackPointExtension>
        </extensions>
      </trkpt>
      <trkpt lat="48.34754797630012035369873046875" lon="-1.198584325611591339111328125">
        <ele>100</ele>
        <time>2026-06-08T14:51:40.000Z</time>
        <extensions>
          <ns3:TrackPointExtension>
            <ns3:atemp>23.0</ns3:atemp>
            <ns3:hr>105</ns3:hr>
          </ns3:TrackPointExtension>
        </extensions>
      </trkpt>
      <trkpt lat="48.34750891663134098052978515625" lon="-1.1986027657985687255859375">
        <ele>99.8000030517578125</ele>
        <time>2026-06-08T14:51:41.000Z</time>
        <extensions>
          <ns3:TrackPointExtension>
            <ns3:atemp>23.0</ns3:atemp>
            <ns3:hr>106</ns3:hr>
          </ns3:TrackPointExtension>
        </extensions>
      </trkpt>
      <trkpt lat="48.347426354885101318359375" lon="-1.19863017462193965911865234375">
        <ele>99.40000152587890625</ele>
        <time>2026-06-08T14:51:43.000Z</time>
        <extensions>
          <ns3:TrackPointExtension>
            <ns3:atemp>23.0</ns3:atemp>
            <ns3:hr>107</ns3:hr>
          </ns3:TrackPointExtension>
        </extensions>
      </trkpt>
      <trkpt lat="48.34738570265471935272216796875" lon="-1.19864542968571186065673828125">
        <ele>99.40000152587890625</ele>
        <time>2026-06-08T14:51:44.000Z</time>
        <extensions>
          <ns3:TrackPointExtension>
            <ns3:atemp>23.0</ns3:atemp>
            <ns3:hr>107</ns3:hr>
          </ns3:TrackPointExtension>
        </extensions>
      </trkpt>
      <trkpt lat="48.34709015674889087677001953125" lon="-1.19873679243028163909912109375">
        <ele>98.59999847412109375</ele>
        <time>2026-06-08T14:51:50.000Z</time>
        <extensions>
          <ns3:TrackPointExtension>
            <ns3:atemp>23.0</ns3:atemp>
            <ns3:hr>106</ns3:hr>
          </ns3:TrackPointExtension>
        </extensions>
      </trkpt>
      <trkpt lat="48.34704338572919368743896484375" lon="-1.1987517960369586944580078125">
        <ele>98.40000152587890625</ele>
        <time>2026-06-08T14:51:51.000Z</time>
        <extensions>
          <ns3:TrackPointExtension>
            <ns3:atemp>23.0</ns3:atemp>
            <ns3:hr>105</ns3:hr>
          </ns3:TrackPointExtension>
        </extensions>
      </trkpt>
      <trkpt lat="48.346868790686130523681640625" lon="-1.19881130754947662353515625">
        <ele>97.40000152587890625</ele>
        <time>2026-06-08T14:51:55.000Z</time>
        <extensions>
          <ns3:TrackPointExtension>
            <ns3:atemp>23.0</ns3:atemp>
            <ns3:hr>103</ns3:hr>
          </ns3:TrackPointExtension>
        </extensions>
      </trkpt>
      <trkpt lat="48.346823193132877349853515625" lon="-1.1988258920609951019287109375">
        <ele>97.1999969482421875</ele>
        <time>2026-06-08T14:51:56.000Z</time>
        <extensions>
          <ns3:TrackPointExtension>
            <ns3:atemp>23.0</ns3:atemp>
            <ns3:hr>103</ns3:hr>
          </ns3:TrackPointExtension>
        </extensions>
      </trkpt>
      <trkpt lat="48.346746750175952911376953125" lon="-1.19887165725231170654296875">
        <ele>96.59999847412109375</ele>
        <time>2026-06-08T14:51:58.000Z</time>
        <extensions>
          <ns3:TrackPointExtension>
            <ns3:atemp>23.0</ns3:atemp>
            <ns3:hr>100</ns3:hr>
          </ns3:TrackPointExtension>
        </extensions>
      </trkpt>
      <trkpt lat="48.346695117652416229248046875" lon="-1.198945753276348114013671875">
        <ele>96.1999969482421875</ele>
        <time>2026-06-08T14:52:00.000Z</time>
        <extensions>
          <ns3:TrackPointExtension>
            <ns3:atemp>23.0</ns3:atemp>
            <ns3:hr>98</ns3:hr>
          </ns3:TrackPointExtension>
        </extensions>
      </trkpt>
      <trkpt lat="48.3466874063014984130859375" lon="-1.1989935301244258880615234375">
        <ele>96.1999969482421875</ele>
        <time>2026-06-08T14:52:01.000Z</time>
        <extensions>
          <ns3:TrackPointExtension>
            <ns3:atemp>23.0</ns3:atemp>
            <ns3:hr>98</ns3:hr>
          </ns3:TrackPointExtension>
        </extensions>
      </trkpt>
      <trkpt lat="48.34667089395225048065185546875" lon="-1.1991065181791782379150390625">
        <ele>96.59999847412109375</ele>
        <time>2026-06-08T14:52:04.000Z</time>
        <extensions>
          <ns3:TrackPointExtension>
            <ns3:atemp>23.0</ns3:atemp>
            <ns3:hr>97</ns3:hr>
          </ns3:TrackPointExtension>
        </extensions>
      </trkpt>
      <trkpt lat="48.3466728217899799346923828125" lon="-1.1991390399634838104248046875">
        <ele>96.8000030517578125</ele>
        <time>2026-06-08T14:52:05.000Z</time>
        <extensions>
          <ns3:TrackPointExtension>
            <ns3:atemp>23.0</ns3:atemp>
            <ns3:hr>96</ns3:hr>
          </ns3:TrackPointExtension>
        </extensions>
      </trkpt>
      <trkpt lat="48.34667894057929515838623046875" lon="-1.199225373566150665283203125">
        <ele>97.1999969482421875</ele>
        <time>2026-06-08T14:52:08.000Z</time>
        <extensions>
          <ns3:TrackPointExtension>
            <ns3:atemp>23.0</ns3:atemp>
            <ns3:hr>97</ns3:hr>
          </ns3:TrackPointExtension>
        </extensions>
      </trkpt>
      <trkpt lat="48.34667877294123172760009765625" lon="-1.19922009296715259552001953125">
        <ele>97.40000152587890625</ele>
        <time>2026-06-08T14:52:09.000Z</time>
        <extensions>
          <ns3:TrackPointExtension>
            <ns3:atemp>23.0</ns3:atemp>
            <ns3:hr>97</ns3:hr>
          </ns3:TrackPointExtension>
        </extensions>
      </trkpt>
      <trkpt lat="48.34667877294123172760009765625" lon="-1.19922009296715259552001953125">
        <ele>97.40000152587890625</ele>
        <time>2026-06-08T14:52:10.000Z</time>
        <extensions>
          <ns3:TrackPointExtension>
            <ns3:atemp>23.0</ns3:atemp>
            <ns3:hr>98</ns3:hr>
          </ns3:TrackPointExtension>
        </extensions>
      </trkpt>
    </trkseg>
  </trk>
</gpx>
